symbol,period_end,column,value
AEE,2022-12-31,capex,-3.38
AEE,2023-12-31,capex,-3.771
AEE,2024-12-31,capex,-4.41
AEE,2025-12-31,capex,-4.174
AEE,2022-12-31,cash,0.25
AEE,2023-12-31,cash,0.025
AEE,2024-12-31,cash,0.007
AEE,2025-12-31,cash,0.013
AEE,2022-12-31,ebitda,3.136
AEE,2023-12-31,ebitda,3.352
AEE,2024-12-31,ebitda,3.446
AEE,2025-12-31,ebitda,3.945
AEE,2022-12-31,eps,4.14
AEE,2023-12-31,eps,4.38
AEE,2024-12-31,eps,4.42
AEE,2025-12-31,eps,5.35
AEE,2022-12-31,fcff_before_growth,1.20894
AEE,2023-12-31,fcff_before_growth,1.5111400000000001
AEE,2024-12-31,fcff_before_growth,1.68177
AEE,2025-12-31,fcff_before_growth,2.2980400000000003
AEE,2022-12-31,free_cf,-1.117
AEE,2023-12-31,free_cf,-1.2069999999999999
AEE,2024-12-31,free_cf,-1.6470000000000002
AEE,2025-12-31,free_cf,-0.8210000000000002
AEE,2022-12-31,long_term_debt,13.685
AEE,2023-12-31,long_term_debt,15.121
AEE,2024-12-31,long_term_debt,17.262
AEE,2025-12-31,long_term_debt,18.214
AEE,2022-12-31,market_cap,23.29703952026367
AEE,2023-12-31,market_cap,19.264141024780272
AEE,2024-12-31,market_cap,24.058885835266114
AEE,2025-12-31,market_cap,27.601304168701173
AEE,2022-12-31,net_debt,15.085
AEE,2023-12-31,net_debt,16.481
AEE,2024-12-31,net_debt,18.715
AEE,2025-12-31,net_debt,19.816999999999997
AEE,2022-12-31,net_income,1.074
AEE,2023-12-31,net_income,1.152
AEE,2024-12-31,net_income,1.182
AEE,2025-12-31,net_income,1.456
AEE,2022-12-31,operating_cf,2.263
AEE,2023-12-31,operating_cf,2.564
AEE,2024-12-31,operating_cf,2.763
AEE,2025-12-31,operating_cf,3.353
AEE,2022-12-31,price,88.91999816894531
AEE,2023-12-31,price,72.33999633789062
AEE,2024-12-31,price,89.13999938964844
AEE,2025-12-31,price,99.86000061035156
AEE,2022-12-31,revenue,7.957
AEE,2023-12-31,revenue,7.5
AEE,2024-12-31,revenue,7.623
AEE,2025-12-31,revenue,8.799
AEE,2022-12-31,short_term_debt,1.41
AEE,2023-12-31,short_term_debt,1.385
AEE,2024-12-31,short_term_debt,1.46
AEE,2025-12-31,short_term_debt,1.616
AEE,2022-12-31,total_debt,15.095
AEE,2023-12-31,total_debt,16.506
AEE,2024-12-31,total_debt,18.722
AEE,2025-12-31,total_debt,19.83
AEP,2022-12-31,capex,-6.7724
AEP,2023-12-31,capex,-7.506
AEP,2024-12-31,capex,-7.771
AEP,2025-12-31,capex,-8.583
AEP,2022-12-31,cash,0.697
AEP,2023-12-31,cash,0.5444
AEP,2024-12-31,cash,0.418
AEP,2025-12-31,cash,0.417
AEP,2022-12-31,ebitda,7.1022
AEP,2023-12-31,ebitda,7.203
AEP,2024-12-31,ebitda,8.099
AEP,2025-12-31,ebitda,9.239
AEP,2022-12-31,eps,4.49
AEP,2023-12-31,eps,4.24
AEP,2024-12-31,eps,5.58
AEP,2025-12-31,eps,6.66
AEP,2022-12-31,fcff_before_growth,3.1052190000000004
AEP,2023-12-31,fcff_before_growth,3.2525299999999997
AEP,2024-12-31,fcff_before_growth,4.882770000000001
AEP,2025-12-31,fcff_before_growth,5.05554
AEP,2022-12-31,free_cf,-1.4844
AEP,2023-12-31,free_cf,-2.4940000000000007
AEP,2024-12-31,free_cf,-0.9669999999999996
AEP,2025-12-31,free_cf,-1.6390000000000002
AEP,2022-12-31,long_term_debt,34.8671
AEP,2023-12-31,long_term_debt,38.1721
AEP,2024-12-31,long_term_debt,39.812
AEP,2025-12-31,long_term_debt,44.706
AEP,2022-12-31,market_cap,48.791582822755174
AEP,2023-12-31,market_cap,42.73671263601517
AEP,2024-12-31,market_cap,49.15008034338581
AEP,2025-12-31,market_cap,62.36673513116742
AEP,2022-12-31,net_debt,41.069900000000004
AEP,2023-12-31,net_debt,43.2784
AEP,2024-12-31,net_debt,45.559999999999995
AEP,2025-12-31,net_debt,49.311
AEP,2022-12-31,net_income,2.3072
AEP,2023-12-31,net_income,2.208
AEP,2024-12-31,net_income,2.967
AEP,2025-12-31,net_income,3.58
AEP,2022-12-31,operating_cf,5.288
AEP,2023-12-31,operating_cf,5.012
AEP,2024-12-31,operating_cf,6.804
AEP,2025-12-31,operating_cf,6.944
AEP,2022-12-31,price,94.94999694824219
AEP,2023-12-31,price,81.22000122070312
AEP,2024-12-31,price,92.2300033569336
AEP,2025-12-31,price,115.30999755859375
AEP,2022-12-31,revenue,19.6395
AEP,2023-12-31,revenue,18.982
AEP,2024-12-31,revenue,19.721
AEP,2025-12-31,revenue,21.876
AEP,2022-12-31,short_term_debt,6.7122
AEP,2023-12-31,short_term_debt,5.4364
AEP,2024-12-31,short_term_debt,5.951
AEP,2025-12-31,short_term_debt,4.802
AEP,2022-12-31,total_debt,41.5793
AEP,2023-12-31,total_debt,43.6085
AEP,2024-12-31,total_debt,45.763
AEP,2025-12-31,total_debt,49.508
AES,2022-12-31,capex,-4.551
AES,2023-12-31,capex,-7.724
AES,2024-12-31,capex,-7.392
AES,2025-12-31,capex,-5.929
AES,2022-12-31,cash,2.104
AES,2023-12-31,cash,1.821
AES,2024-12-31,cash,1.603
AES,2025-12-31,cash,1.556
AES,2022-12-31,ebitda,2.02
AES,2023-12-31,ebitda,2.57
AES,2024-12-31,ebitda,3.643
AES,2025-12-31,ebitda,2.939
AES,2022-12-31,eps,-0.82
AES,2023-12-31,eps,0.35
AES,2024-12-31,eps,2.36
AES,2025-12-31,eps,1.26
AES,2022-12-31,fcff_before_growth,2.52543
AES,2023-12-31,fcff_before_growth,2.92901
AES,2024-12-31,fcff_before_growth,2.66115
AES,2025-12-31,fcff_before_growth,3.9605300000000003
AES,2022-12-31,free_cf,-1.8360000000000003
AES,2023-12-31,free_cf,-4.69
AES,2024-12-31,free_cf,-4.640000000000001
AES,2025-12-31,free_cf,-1.6230000000000002
AES,2022-12-31,long_term_debt,21.74
AES,2023-12-31,long_term_debt,22.746
AES,2024-12-31,long_term_debt,25.431
AES,2025-12-31,long_term_debt,26.786
AES,2022-12-31,market_cap,19.233062177703232
AES,2023-12-31,market_cap,12.8915947545
AES,2024-12-31,market_cap,9.151525760654007
AES,2025-12-31,market_cap,10.212973590853366
AES,2022-12-31,net_debt,22.124000000000002
AES,2023-12-31,net_debt,25.452
AES,2024-12-31,net_debt,27.494
AES,2025-12-31,net_debt,28.514999999999997
AES,2022-12-31,net_income,-0.546
AES,2023-12-31,net_income,0.249
AES,2024-12-31,net_income,1.679
AES,2025-12-31,net_income,0.91
AES,2022-12-31,operating_cf,2.715
AES,2023-12-31,operating_cf,3.034
AES,2024-12-31,operating_cf,2.752
AES,2025-12-31,operating_cf,4.306
AES,2022-12-31,price,28.760000228881836
AES,2023-12-31,price,19.25
AES,2024-12-31,price,12.869999885559082
AES,2025-12-31,price,14.34000015258789
AES,2022-12-31,revenue,12.617
AES,2023-12-31,revenue,12.668
AES,2024-12-31,revenue,12.278
AES,2025-12-31,revenue,12.233
AES,2022-12-31,short_term_debt,1.758
AES,2023-12-31,short_term_debt,4.132
AES,2024-12-31,short_term_debt,3.587
AES,2025-12-31,short_term_debt,3.111
AES,2022-12-31,total_debt,23.498
AES,2023-12-31,total_debt,26.878
AES,2024-12-31,total_debt,29.018
AES,2025-12-31,total_debt,29.897
AGIG,2023-12-31,capex,-0.000594162
AGIG,2024-12-31,capex,-0.000318538
AGIG,2025-12-31,capex,-0.010046859
AGIG,2023-12-31,cash,0.000390324
AGIG,2024-12-31,cash,0.000525809
AGIG,2025-12-31,cash,0.004618621
AGIG,2023-12-31,ebitda,-0.002652438
AGIG,2024-12-31,ebitda,-0.003205345
AGIG,2025-12-31,ebitda,-0.02861532
AGIG,2023-12-31,eps,-0.158804
AGIG,2024-12-31,eps,-0.11
AGIG,2025-12-31,eps,-0.9
AGIG,2023-12-31,fcff_before_growth,-0.0005663712999999999
AGIG,2024-12-31,fcff_before_growth,-0.0016233411599999997
AGIG,2025-12-31,fcff_before_growth,-0.00776689979
AGIG,2023-12-31,free_cf,-0.003050783
AGIG,2024-12-31,free_cf,-0.002243238
AGIG,2025-12-31,free_cf,-0.018098917
AGIG,2025-12-31,long_term_debt,0.006407216
AGIG,2023-12-31,market_cap,0.6608372158167934
AGIG,2024-12-31,market_cap,0.47624581081679346
AGIG,2025-12-31,market_cap,0.07309819708416032
AGIG,2023-12-31,net_debt,0.005068854
AGIG,2024-12-31,net_debt,0.005334465
AGIG,2025-12-31,net_debt,0.005771353999999999
AGIG,2023-12-31,net_income,-0.005046486
AGIG,2024-12-31,net_income,-0.003608349
AGIG,2025-12-31,net_income,-0.029452289
AGIG,2023-12-31,operating_cf,-0.002456621
AGIG,2024-12-31,operating_cf,-0.0019247
AGIG,2025-12-31,operating_cf,-0.008052058
AGIG,2023-12-31,price,17.899999618530273
AGIG,2024-12-31,price,12.899999618530273
AGIG,2025-12-31,price,1.9800000190734863
AGIG,2023-12-31,revenue,0.0
AGIG,2024-12-31,revenue,0.0
AGIG,2025-12-31,revenue,0.000410632
AGIG,2023-12-31,short_term_debt,0.005459178
AGIG,2024-12-31,short_term_debt,0.005860274
AGIG,2025-12-31,short_term_debt,0.003982759
AGIG,2023-12-31,total_debt,0.005459178
AGIG,2024-12-31,total_debt,0.005860274
AGIG,2025-12-31,total_debt,0.010389975
AQN,2022-12-31,capex,-1.089024
AQN,2023-12-31,capex,-1.026171
AQN,2024-12-31,capex,-0.8724
AQN,2025-12-31,capex,-0.7719
AQN,2022-12-31,cash,0.057623
AQN,2023-12-31,cash,0.025051
AQN,2024-12-31,cash,0.0348
AQN,2025-12-31,cash,0.0327
AQN,2022-12-31,ebitda,0.3796
AQN,2023-12-31,ebitda,0.732981
AQN,2024-12-31,ebitda,1.0432
AQN,2025-12-31,ebitda,0.927
AQN,2022-12-31,eps,-0.33
AQN,2023-12-31,eps,0.03
AQN,2024-12-31,eps,-1.9
AQN,2025-12-31,eps,0.27
AQN,2022-12-31,fcff_before_growth,0.39563692
AQN,2023-12-31,fcff_before_growth,0.42023699999999997
AQN,2024-12-31,fcff_before_growth,0.312547
AQN,2025-12-31,fcff_before_growth,0.442703
AQN,2022-12-31,free_cf,-0.469928
AQN,2023-12-31,free_cf,-0.39813699999999996
AQN,2024-12-31,free_cf,-0.39069999999999994
AQN,2025-12-31,free_cf,-0.17830000000000001
AQN,2022-12-31,long_term_debt,7.088743
AQN,2023-12-31,long_term_debt,6.878299
AQN,2024-12-31,long_term_debt,6.207
AQN,2025-12-31,long_term_debt,6.1689
AQN,2022-12-31,market_cap,4.457168502521082
AQN,2023-12-31,market_cap,4.356193084801216
AQN,2024-12-31,market_cap,3.4146800439907734
AQN,2025-12-31,market_cap,4.7253613001257015
AQN,2023-12-31,net_debt,7.475104
AQN,2024-12-31,net_debt,6.6639
AQN,2022-12-31,net_income,-0.211989
AQN,2023-12-31,net_income,0.028674
AQN,2024-12-31,net_income,-1.3805
AQN,2025-12-31,net_income,0.1808
AQN,2022-12-31,operating_cf,0.619096
AQN,2023-12-31,operating_cf,0.628034
AQN,2024-12-31,operating_cf,0.4817
AQN,2025-12-31,operating_cf,0.5936
AQN,2022-12-31,price,6.519999980926514
AQN,2023-12-31,price,6.320000171661377
AQN,2024-12-31,price,4.449999809265137
AQN,2025-12-31,price,6.150000095367432
AQN,2022-12-31,revenue,2.765013
AQN,2023-12-31,revenue,2.403924
AQN,2024-12-31,revenue,2.3195
AQN,2025-12-31,revenue,2.4336
AQN,2022-12-31,short_term_debt,0.423274
AQN,2023-12-31,short_term_debt,0.621856
AQN,2024-12-31,short_term_debt,0.4917
AQN,2025-12-31,short_term_debt,0.364
AQN,2022-12-31,total_debt,7.512017
AQN,2023-12-31,total_debt,7.500155
AQN,2024-12-31,total_debt,6.6987
AQN,2025-12-31,total_debt,6.5329
ARTNA,2022-12-31,capex,-0.048483
ARTNA,2023-12-31,capex,-0.062177
ARTNA,2024-12-31,capex,-0.045942
ARTNA,2025-12-31,capex,-0.058845
ARTNA,2022-12-31,cash,0.001309
ARTNA,2023-12-31,cash,0.002505
ARTNA,2024-12-31,cash,0.001147
ARTNA,2025-12-31,cash,5.2e-05
ARTNA,2022-12-31,ebitda,0.044998
ARTNA,2023-12-31,ebitda,0.045538
ARTNA,2024-12-31,ebitda,0.050117
ARTNA,2025-12-31,ebitda,0.053145
ARTNA,2022-12-31,eps,1.9
ARTNA,2023-12-31,eps,1.67
ARTNA,2024-12-31,eps,1.98
ARTNA,2025-12-31,eps,2.21
ARTNA,2022-12-31,fcff_before_growth,0.01836158
ARTNA,2023-12-31,fcff_before_growth,0.025749239999999996
ARTNA,2024-12-31,fcff_before_growth,0.03012941
ARTNA,2025-12-31,fcff_before_growth,0.03340194
ARTNA,2022-12-31,free_cf,-0.024218
ARTNA,2023-12-31,free_cf,-0.030326000000000006
ARTNA,2024-12-31,free_cf,-0.009118999999999995
ARTNA,2025-12-31,free_cf,-0.018499
ARTNA,2022-12-31,long_term_debt,0.176085
ARTNA,2023-12-31,long_term_debt,0.17881
ARTNA,2024-12-31,long_term_debt,0.176913
ARTNA,2025-12-31,long_term_debt,0.174683
ARTNA,2022-12-31,market_cap,0.5566779662602692
ARTNA,2023-12-31,market_cap,0.4263448841974144
ARTNA,2024-12-31,market_cap,0.3256962219043751
ARTNA,2025-12-31,market_cap,0.3251673979985962
ARTNA,2022-12-31,net_debt,0.196996
ARTNA,2023-12-31,net_debt,0.17854899999999999
ARTNA,2024-12-31,net_debt,0.17796399999999998
ARTNA,2025-12-31,net_debt,0.182585
ARTNA,2022-12-31,net_income,0.017998
ARTNA,2023-12-31,net_income,0.016699
ARTNA,2024-12-31,net_income,0.020394
ARTNA,2025-12-31,net_income,0.022822
ARTNA,2022-12-31,operating_cf,0.024265
ARTNA,2023-12-31,operating_cf,0.031851
ARTNA,2024-12-31,operating_cf,0.036823
ARTNA,2025-12-31,operating_cf,0.040346
ARTNA,2022-12-31,price,58.58000183105469
ARTNA,2023-12-31,price,41.45000076293945
ARTNA,2024-12-31,price,31.6200008392334
ARTNA,2025-12-31,price,31.610000610351562
ARTNA,2022-12-31,revenue,0.098897
ARTNA,2023-12-31,revenue,0.098861
ARTNA,2024-12-31,revenue,0.107952
ARTNA,2025-12-31,revenue,0.112941
ARTNA,2022-12-31,short_term_debt,0.02222
ARTNA,2023-12-31,short_term_debt,0.002244
ARTNA,2024-12-31,short_term_debt,0.002198
ARTNA,2025-12-31,short_term_debt,0.007954
ARTNA,2022-12-31,total_debt,0.198305
ARTNA,2023-12-31,total_debt,0.181054
ARTNA,2024-12-31,total_debt,0.179111
ARTNA,2025-12-31,total_debt,0.182637
ATO,2022-09-30,capex,-2.44442
ATO,2023-09-30,capex,-2.805973
ATO,2024-09-30,capex,-2.937124
ATO,2025-09-30,capex,-3.561399
ATO,2022-09-30,cash,0.051554
ATO,2023-09-30,cash,0.015404
ATO,2024-09-30,cash,0.30734
ATO,2025-09-30,cash,0.202687
ATO,2022-09-30,ebitda,1.490374
ATO,2023-09-30,ebitda,1.741249
ATO,2024-09-30,ebitda,2.09638
ATO,2025-09-30,ebitda,2.384457
ATO,2022-09-30,eps,5.6
ATO,2023-09-30,eps,6.1
ATO,2024-09-30,eps,6.83
ATO,2025-09-30,eps,7.46
ATO,2022-09-30,fcff_before_growth,0.52314969
ATO,2023-09-30,fcff_before_growth,2.96386799
ATO,2024-09-30,fcff_before_growth,1.21437328
ATO,2025-09-30,fcff_before_growth,1.4503366200000003
ATO,2022-09-30,free_cf,-1.466836
ATO,2023-09-30,free_cf,0.6537700000000002
ATO,2024-09-30,free_cf,-1.2033779999999998
ATO,2025-09-30,free_cf,-1.511943
ATO,2022-09-30,long_term_debt,5.944948
ATO,2023-09-30,long_term_debt,6.833663
ATO,2024-09-30,long_term_debt,8.085015
ATO,2025-09-30,long_term_debt,9.237954
ATO,2022-09-30,market_cap,14.350318291308852
ATO,2023-09-30,market_cap,15.7298405485064
ATO,2024-09-30,market_cap,21.535955432337264
ATO,2025-09-30,market_cap,27.587801568
ATO,2022-09-30,net_debt,8.318462
ATO,2023-09-30,net_debt,7.107502
ATO,2024-09-30,net_debt,7.821873
ATO,2025-09-30,net_debt,9.100819000000001
ATO,2022-09-30,net_income,0.774398
ATO,2023-09-30,net_income,0.885862
ATO,2024-09-30,net_income,1.042895
ATO,2025-09-30,net_income,1.198754
ATO,2022-09-30,operating_cf,0.977584
ATO,2023-09-30,operating_cf,3.459743
ATO,2024-09-30,operating_cf,1.733746
ATO,2025-09-30,operating_cf,2.049456
ATO,2022-09-30,price,101.8499984741211
ATO,2023-09-30,price,105.93000030517578
ATO,2024-09-30,price,138.7100067138672
ATO,2025-09-30,price,170.75
ATO,2022-09-30,revenue,4.201662
ATO,2023-09-30,revenue,4.275357
ATO,2024-09-30,revenue,4.165187
ATO,2025-09-30,revenue,4.702755
ATO,2022-09-30,short_term_debt,2.425068
ATO,2023-09-30,short_term_debt,0.289243
ATO,2024-09-30,short_term_debt,0.044198
ATO,2025-09-30,short_term_debt,0.065552
ATO,2022-09-30,total_debt,8.370016
ATO,2023-09-30,total_debt,7.122906
ATO,2024-09-30,total_debt,8.129213
ATO,2025-09-30,total_debt,9.303506
AVA,2022-12-31,capex,-0.452
AVA,2023-12-31,capex,-0.499
AVA,2024-12-31,capex,-0.533
AVA,2025-12-31,capex,-0.57
AVA,2022-12-31,cash,0.013428
AVA,2023-12-31,cash,0.035
AVA,2024-12-31,cash,0.03
AVA,2025-12-31,cash,0.019
AVA,2022-12-31,ebitda,0.506
AVA,2023-12-31,ebitda,0.542
AVA,2024-12-31,ebitda,0.602
AVA,2025-12-31,ebitda,0.654
AVA,2022-12-31,eps,2.12
AVA,2023-12-31,eps,2.24
AVA,2024-12-31,eps,2.29
AVA,2025-12-31,eps,2.38
AVA,2022-12-31,fcff_before_growth,-0.03814999999999999
AVA,2023-12-31,fcff_before_growth,0.2926
AVA,2024-12-31,fcff_before_growth,0.37455
AVA,2025-12-31,fcff_before_growth,0.29691999999999996
AVA,2022-12-31,free_cf,-0.328
AVA,2023-12-31,free_cf,-0.05199999999999999
AVA,2024-12-31,free_cf,0.0010000000000000009
AVA,2025-12-31,free_cf,-0.10099999999999998
AVA,2022-12-31,long_term_debt,2.439339
AVA,2023-12-31,long_term_debt,2.67
AVA,2024-12-31,long_term_debt,2.763
AVA,2025-12-31,long_term_debt,2.898
AVA,2022-12-31,market_cap,3.323103345755844
AVA,2023-12-31,market_cap,2.790385870425602
AVA,2024-12-31,market_cap,2.9318286554908752
AVA,2025-12-31,market_cap,3.167718295249939
AVA,2022-12-31,net_debt,2.902411
AVA,2023-12-31,net_debt,2.9989999999999997
AVA,2024-12-31,net_debt,3.087
AVA,2025-12-31,net_debt,3.267
AVA,2022-12-31,net_income,0.155
AVA,2023-12-31,net_income,0.171
AVA,2024-12-31,net_income,0.18
AVA,2025-12-31,net_income,0.193
AVA,2022-12-31,operating_cf,0.124
AVA,2023-12-31,operating_cf,0.447
AVA,2024-12-31,operating_cf,0.534
AVA,2025-12-31,operating_cf,0.469
AVA,2022-12-31,price,44.34000015258789
AVA,2023-12-31,price,35.7400016784668
AVA,2024-12-31,price,36.630001068115234
AVA,2025-12-31,price,38.540000915527344
AVA,2022-12-31,revenue,1.71
AVA,2023-12-31,revenue,1.752
AVA,2024-12-31,revenue,1.938
AVA,2025-12-31,revenue,1.964
AVA,2022-12-31,short_term_debt,0.4765
AVA,2023-12-31,short_term_debt,0.364
AVA,2024-12-31,short_term_debt,0.354
AVA,2025-12-31,short_term_debt,0.388
AVA,2022-12-31,total_debt,2.915839
AVA,2023-12-31,total_debt,3.034
AVA,2024-12-31,total_debt,3.117
AVA,2025-12-31,total_debt,3.286
AWK,2022-12-31,capex,-2.42
AWK,2023-12-31,capex,-2.734
AWK,2024-12-31,capex,-3.008
AWK,2025-12-31,capex,-3.301
AWK,2022-12-31,cash,0.085
AWK,2023-12-31,cash,0.33
AWK,2024-12-31,cash,0.096
AWK,2025-12-31,cash,0.098
AWK,2022-12-31,ebitda,2.09
AWK,2023-12-31,ebitda,2.36
AWK,2024-12-31,ebitda,2.67
AWK,2025-12-31,ebitda,2.931
AWK,2022-12-31,eps,4.51
AWK,2023-12-31,eps,4.9
AWK,2024-12-31,eps,5.39
AWK,2025-12-31,eps,5.69
AWK,2022-12-31,fcff_before_growth,0.8010700000000001
AWK,2023-12-31,fcff_before_growth,1.5334000000000003
AWK,2024-12-31,fcff_before_growth,1.67017
AWK,2025-12-31,fcff_before_growth,1.6508500000000002
AWK,2022-12-31,free_cf,-1.3119999999999998
AWK,2023-12-31,free_cf,-0.8599999999999999
AWK,2024-12-31,free_cf,-0.9630000000000001
AWK,2025-12-31,free_cf,-1.242
AWK,2022-12-31,long_term_debt,10.996
AWK,2023-12-31,long_term_debt,11.788
AWK,2024-12-31,long_term_debt,12.594
AWK,2025-12-31,long_term_debt,12.851
AWK,2022-12-31,market_cap,27.718805477047944
AWK,2023-12-31,market_cap,25.70242710067439
AWK,2024-12-31,market_cap,24.26565076125492
AWK,2025-12-31,market_cap,25.470619641
AWK,2022-12-31,net_debt,12.366999999999999
AWK,2023-12-31,net_debt,12.112
AWK,2024-12-31,net_debt,14.014
AWK,2025-12-31,net_debt,15.819999999999999
AWK,2022-12-31,net_income,0.82
AWK,2023-12-31,net_income,0.944
AWK,2024-12-31,net_income,1.051
AWK,2025-12-31,net_income,1.111
AWK,2022-12-31,operating_cf,1.108
AWK,2023-12-31,operating_cf,1.874
AWK,2024-12-31,operating_cf,2.045
AWK,2025-12-31,operating_cf,2.059
AWK,2022-12-31,price,152.4199981689453
AWK,2023-12-31,price,131.99000549316406
AWK,2024-12-31,price,124.48999786376953
AWK,2025-12-31,price,130.5
AWK,2022-12-31,revenue,3.792
AWK,2023-12-31,revenue,4.234
AWK,2024-12-31,revenue,4.684
AWK,2025-12-31,revenue,5.14
AWK,2022-12-31,short_term_debt,1.456
AWK,2023-12-31,short_term_debt,0.654
AWK,2024-12-31,short_term_debt,1.516
AWK,2025-12-31,short_term_debt,3.067
AWK,2022-12-31,total_debt,12.452
AWK,2023-12-31,total_debt,12.442
AWK,2024-12-31,total_debt,14.11
AWK,2025-12-31,total_debt,15.918
AWR,2022-12-31,capex,-0.16624
AWR,2023-12-31,capex,-0.18854
AWR,2024-12-31,capex,-0.23196
AWR,2025-12-31,capex,-0.236822
AWR,2022-12-31,cash,0.005997
AWR,2023-12-31,cash,0.014073
AWR,2024-12-31,cash,0.026661
AWR,2025-12-31,cash,0.018824
AWR,2022-12-31,ebitda,0.170784
AWR,2023-12-31,ebitda,0.252536
AWR,2024-12-31,ebitda,0.244049
AWR,2025-12-31,ebitda,0.265447
AWR,2022-12-31,eps,2.11
AWR,2023-12-31,eps,3.36
AWR,2024-12-31,eps,3.17
AWR,2025-12-31,eps,3.37
AWR,2022-12-31,fcff_before_growth,0.09745333
AWR,2023-12-31,fcff_before_growth,0.058210979999999996
AWR,2024-12-31,fcff_before_growth,0.19430777999999999
AWR,2025-12-31,fcff_before_growth,0.21781003999999998
AWR,2022-12-31,free_cf,-0.048441
AWR,2023-12-31,free_cf,-0.12085700000000002
AWR,2024-12-31,free_cf,-0.03322800000000001
AWR,2025-12-31,free_cf,-0.007092000000000015
AWR,2022-12-31,long_term_debt,0.476637
AWR,2023-12-31,long_term_debt,0.873674
AWR,2024-12-31,long_term_debt,0.811776
AWR,2025-12-31,long_term_debt,0.928106
AWR,2022-12-31,market_cap,3.420855517349808
AWR,2023-12-31,market_cap,2.973980749326477
AWR,2024-12-31,market_cap,2.965097865011078
AWR,2025-12-31,market_cap,2.8326975567972563
AWR,2022-12-31,net_debt,0.7284309999999999
AWR,2023-12-31,net_debt,0.90381
AWR,2024-12-31,net_debt,0.911574
AWR,2025-12-31,net_debt,0.9195530000000001
AWR,2022-12-31,net_income,0.078396
AWR,2023-12-31,net_income,0.124921
AWR,2024-12-31,net_income,0.119268
AWR,2025-12-31,net_income,0.130442
AWR,2022-12-31,operating_cf,0.117799
AWR,2023-12-31,operating_cf,0.067683
AWR,2024-12-31,operating_cf,0.198732
AWR,2025-12-31,operating_cf,0.22973
AWR,2022-12-31,price,92.55000305175781
AWR,2023-12-31,price,80.41999816894531
AWR,2024-12-31,price,77.72000122070312
AWR,2025-12-31,price,72.4800033569336
AWR,2022-12-31,revenue,0.491528
AWR,2023-12-31,revenue,0.595699
AWR,2024-12-31,revenue,0.595459
AWR,2025-12-31,revenue,0.658073
AWR,2022-12-31,short_term_debt,0.257791
AWR,2023-12-31,short_term_debt,0.044209
AWR,2024-12-31,short_term_debt,0.126459
AWR,2025-12-31,short_term_debt,0.010271
AWR,2022-12-31,total_debt,0.734428
AWR,2023-12-31,total_debt,0.917883
AWR,2024-12-31,total_debt,0.938235
AWR,2025-12-31,total_debt,0.938377
BEP,2022-12-31,capex,-2.19
BEP,2023-12-31,capex,-2.809
BEP,2024-12-31,capex,-3.733
BEP,2025-12-31,capex,-6.587
BEP,2022-12-31,cash,0.855
BEP,2023-12-31,cash,1.089
BEP,2024-12-31,cash,3.196
BEP,2025-12-31,cash,2.33
BEP,2022-12-31,ebitda,2.958
BEP,2023-12-31,ebitda,4.058
BEP,2024-12-31,ebitda,3.798
BEP,2025-12-31,ebitda,4.98
BEP,2022-12-31,eps,-0.6
BEP,2023-12-31,eps,-0.32
BEP,2024-12-31,eps,-0.89
BEP,2025-12-31,eps,-0.25
BEP,2022-12-31,fcff_before_growth,1.0949600000000002
BEP,2023-12-31,fcff_before_growth,1.29833
BEP,2024-12-31,fcff_before_growth,0.8345200000000004
BEP,2025-12-31,fcff_before_growth,0.6630300000000002
BEP,2022-12-31,free_cf,-0.47899999999999987
BEP,2023-12-31,free_cf,-0.9440000000000002
BEP,2024-12-31,free_cf,-2.459
BEP,2025-12-31,free_cf,-5.4399999999999995
BEP,2022-12-31,long_term_debt,23.1
BEP,2023-12-31,long_term_debt,25.494
BEP,2024-12-31,long_term_debt,29.785
BEP,2025-12-31,long_term_debt,28.166
BEP,2022-12-31,market_cap,6.977590767016411
BEP,2023-12-31,market_cap,7.546679052380104
BEP,2024-12-31,market_cap,6.499260916180427
BEP,2025-12-31,market_cap,8.25249512503474
BEP,2022-12-31,net_debt,24.679
BEP,2023-12-31,net_debt,29.58
BEP,2024-12-31,net_debt,32.72
BEP,2025-12-31,net_debt,33.824
BEP,2022-12-31,net_income,-0.122
BEP,2023-12-31,net_income,-0.05
BEP,2024-12-31,net_income,-0.218
BEP,2025-12-31,net_income,-0.037
BEP,2022-12-31,operating_cf,1.711
BEP,2023-12-31,operating_cf,1.865
BEP,2024-12-31,operating_cf,1.274
BEP,2025-12-31,operating_cf,1.147
BEP,2022-12-31,price,25.34000015258789
BEP,2023-12-31,price,26.280000686645508
BEP,2024-12-31,price,22.790000915527344
BEP,2025-12-31,price,26.969999313354492
BEP,2022-12-31,revenue,4.711
BEP,2023-12-31,revenue,5.038
BEP,2024-12-31,revenue,5.876
BEP,2025-12-31,revenue,6.407
BEP,2022-12-31,short_term_debt,2.309
BEP,2023-12-31,short_term_debt,4.976
BEP,2024-12-31,short_term_debt,5.763
BEP,2025-12-31,short_term_debt,7.631
BEP,2022-12-31,total_debt,25.409
BEP,2023-12-31,total_debt,30.47
BEP,2024-12-31,total_debt,35.548
BEP,2025-12-31,total_debt,35.797
BEPC,2022-12-31,capex,-0.847
BEPC,2023-12-31,capex,-1.028
BEPC,2024-12-31,capex,-0.949
BEPC,2025-12-31,capex,-1.138
BEPC,2022-12-31,cash,0.435
BEPC,2023-12-31,cash,0.441
BEPC,2024-12-31,cash,0.392
BEPC,2025-12-31,cash,0.637
BEPC,2022-12-31,ebitda,4.189
BEPC,2023-12-31,ebitda,2.992
BEPC,2024-12-31,ebitda,3.529
BEPC,2025-12-31,ebitda,0.556
BEPC,2022-12-31,eps,8.727306
BEPC,2023-12-31,eps,-1.007506
BEPC,2024-12-31,eps,1.313732
BEPC,2025-12-31,eps,-13.050877
BEPC,2022-12-31,fcff_before_growth,0.92028
BEPC,2023-12-31,fcff_before_growth,1.25482
BEPC,2024-12-31,fcff_before_growth,0.6039300000000002
BEPC,2025-12-31,fcff_before_growth,0.5828800000000001
BEPC,2022-12-31,free_cf,0.43700000000000006
BEPC,2023-12-31,free_cf,0.575
BEPC,2024-12-31,free_cf,-0.3999999999999999
BEPC,2025-12-31,free_cf,-0.6359999999999999
BEPC,2022-12-31,long_term_debt,12.754
BEPC,2023-12-31,long_term_debt,14.651
BEPC,2024-12-31,long_term_debt,12.786
BEPC,2025-12-31,long_term_debt,12.763
BEPC,2022-12-31,market_cap,4.742886576590378
BEPC,2023-12-31,market_cap,5.172167598015885
BEPC,2024-12-31,market_cap,4.968865911248981
BEPC,2025-12-31,market_cap,6.886047791025517
BEPC,2022-12-31,net_debt,13.644
BEPC,2023-12-31,net_debt,16.132
BEPC,2024-12-31,net_debt,13.701
BEPC,2025-12-31,net_debt,14.927
BEPC,2022-12-31,net_income,1.503
BEPC,2023-12-31,net_income,-0.181
BEPC,2024-12-31,net_income,0.236
BEPC,2025-12-31,net_income,-2.344
BEPC,2022-12-31,operating_cf,1.284
BEPC,2023-12-31,operating_cf,1.603
BEPC,2024-12-31,operating_cf,0.549
BEPC,2025-12-31,operating_cf,0.502
BEPC,2022-12-31,price,27.540000915527344
BEPC,2023-12-31,price,28.790000915527344
BEPC,2024-12-31,price,27.65999984741211
BEPC,2025-12-31,price,38.34000015258789
BEPC,2022-12-31,revenue,3.778
BEPC,2023-12-31,revenue,3.967
BEPC,2024-12-31,revenue,4.142
BEPC,2025-12-31,revenue,3.728
BEPC,2022-12-31,short_term_debt,1.325
BEPC,2023-12-31,short_term_debt,1.922
BEPC,2024-12-31,short_term_debt,1.307
BEPC,2025-12-31,short_term_debt,2.801
BEPC,2022-12-31,total_debt,14.079
BEPC,2023-12-31,total_debt,16.573
BEPC,2024-12-31,total_debt,14.093
BEPC,2025-12-31,total_debt,15.564
BESS,2021-12-31,capex,-2.5e-05
BESS,2025-12-31,capex,-0.00167832
BESS,2022-12-31,cash,0.000197723
BESS,2023-12-31,cash,0.000152417
BESS,2024-12-31,cash,0.000156087
BESS,2025-12-31,cash,0.000401203
BESS,2022-12-31,ebitda,-0.000811434
BESS,2023-12-31,ebitda,-0.000927726
BESS,2024-12-31,ebitda,-0.002757687
BESS,2025-12-31,ebitda,-0.004928561
BESS,2022-12-31,eps,-0.398965
BESS,2023-12-31,eps,-0.20006
BESS,2024-12-31,eps,-0.538465
BESS,2025-12-31,eps,-1.26521
BESS,2025-12-31,free_cf,-0.0007998780000000001
BESS,2022-12-31,market_cap,0.03608540390232086
BESS,2023-12-31,market_cap,0.029067845879940032
BESS,2024-12-31,market_cap,0.05018955437682629
BESS,2025-12-31,market_cap,0.041274513
BESS,2025-12-31,net_debt,0.00042449699999999997
BESS,2022-12-31,net_income,-0.000811635
BESS,2023-12-31,net_income,-0.000920418
BESS,2024-12-31,net_income,-0.002757687
BESS,2025-12-31,net_income,-0.004973422
BESS,2022-12-31,operating_cf,-0.000789344
BESS,2023-12-31,operating_cf,-0.000457806
BESS,2024-12-31,operating_cf,-0.000349833
BESS,2025-12-31,operating_cf,0.000878442
BESS,2021-12-31,price,14.0
BESS,2022-12-31,price,9.800000190734863
BESS,2023-12-31,price,8.399999618530273
BESS,2024-12-31,price,9.800000190734863
BESS,2025-12-31,price,10.5
BESS,2022-12-31,revenue,2.6197e-05
BESS,2023-12-31,revenue,0.0
BESS,2024-12-31,revenue,0.0
BESS,2025-12-31,revenue,0.0
BESS,2021-12-31,short_term_debt,0.000395
BESS,2025-12-31,short_term_debt,0.0008257
BESS,2021-12-31,total_debt,0.000395
BESS,2025-12-31,total_debt,0.0008257
BIP,2022-12-31,capex,-2.775
BIP,2023-12-31,capex,-2.487
BIP,2024-12-31,capex,-4.975
BIP,2025-12-31,capex,-6.024
BIP,2022-12-31,cash,2.266
BIP,2023-12-31,cash,2.442
BIP,2024-12-31,cash,2.433
BIP,2025-12-31,cash,2.332
BIP,2022-12-31,ebitda,5.692
BIP,2023-12-31,ebitda,7.022
BIP,2024-12-31,ebitda,8.636
BIP,2025-12-31,ebitda,10.633
BIP,2022-12-31,eps,0.14
BIP,2023-12-31,eps,0.14
BIP,2024-12-31,eps,0.04
BIP,2025-12-31,eps,0.9
BIP,2022-12-31,fcff_before_growth,2.23621
BIP,2023-12-31,fcff_before_growth,3.1196600000000005
BIP,2024-12-31,fcff_before_growth,3.40981
BIP,2025-12-31,fcff_before_growth,4.70252
BIP,2022-12-31,free_cf,0.35599999999999987
BIP,2023-12-31,free_cf,1.5910000000000002
BIP,2024-12-31,free_cf,-0.32200000000000006
BIP,2025-12-31,free_cf,-0.052999999999999936
BIP,2022-12-31,long_term_debt,30.266
BIP,2023-12-31,long_term_debt,43.09
BIP,2024-12-31,long_term_debt,51.947
BIP,2025-12-31,long_term_debt,61.758
BIP,2022-12-31,market_cap,14.205205856935072
BIP,2023-12-31,market_cap,14.527721572686744
BIP,2024-12-31,market_cap,14.758698061029046
BIP,2025-12-31,market_cap,16.08077919300452
BIP,2022-12-31,net_debt,32.690000000000005
BIP,2023-12-31,net_debt,47.933
BIP,2024-12-31,net_debt,54.372
BIP,2025-12-31,net_debt,67.059
BIP,2022-12-31,net_income,0.341
BIP,2023-12-31,net_income,0.367
BIP,2024-12-31,net_income,0.351
BIP,2025-12-31,net_income,0.771
BIP,2022-12-31,operating_cf,3.131
BIP,2023-12-31,operating_cf,4.078
BIP,2024-12-31,operating_cf,4.653
BIP,2025-12-31,operating_cf,5.971
BIP,2022-12-31,price,30.989999771118164
BIP,2023-12-31,price,31.489999771118164
BIP,2024-12-31,price,31.790000915527344
BIP,2025-12-31,price,34.7400016784668
BIP,2022-12-31,revenue,14.427
BIP,2023-12-31,revenue,17.931
BIP,2024-12-31,revenue,21.039
BIP,2025-12-31,revenue,23.1
BIP,2022-12-31,short_term_debt,3.562
BIP,2023-12-31,short_term_debt,6.484
BIP,2024-12-31,short_term_debt,4.407
BIP,2025-12-31,short_term_debt,7.359
BIP,2022-12-31,total_debt,33.828
BIP,2023-12-31,total_debt,49.574
BIP,2024-12-31,total_debt,56.354
BIP,2025-12-31,total_debt,69.117
BIPC,2021-12-31,capex,-0.417
BIPC,2022-12-31,capex,-0.525
BIPC,2023-12-31,capex,-0.594
BIPC,2022-12-31,cash,0.445
BIPC,2023-12-31,cash,0.577
BIPC,2024-12-31,cash,0.742
BIPC,2025-12-31,cash,0.444
BIPC,2022-12-31,ebitda,2.636
BIPC,2023-12-31,ebitda,2.036
BIPC,2024-12-31,ebitda,2.277
BIPC,2025-12-31,ebitda,2.908
BIPC,2022-12-31,eps,9.894393
BIPC,2023-12-31,eps,0.841725
BIPC,2024-12-31,eps,-5.107565
BIPC,2025-12-31,eps,-2.008632
BIPC,2022-12-31,fcff_before_growth,1.11176
BIPC,2023-12-31,fcff_before_growth,1.24463
BIPC,2024-12-31,fcff_before_growth,1.8093500000000002
BIPC,2025-12-31,fcff_before_growth,1.8524500000000002
BIPC,2022-12-31,free_cf,0.368
BIPC,2023-12-31,free_cf,0.46499999999999997
BIPC,2022-12-31,long_term_debt,4.249
BIPC,2023-12-31,long_term_debt,11.007
BIPC,2024-12-31,long_term_debt,11.511
BIPC,2025-12-31,long_term_debt,11.955
BIPC,2022-12-31,market_cap,4.301082570612877
BIPC,2023-12-31,market_cap,4.652446327503357
BIPC,2024-12-31,market_cap,4.76275499139679
BIPC,2025-12-31,market_cap,5.447190564878258
BIPC,2022-12-31,net_debt,4.1579999999999995
BIPC,2023-12-31,net_debt,11.515
BIPC,2024-12-31,net_debt,11.606
BIPC,2025-12-31,net_debt,12.838000000000001
BIPC,2022-12-31,net_income,1.094
BIPC,2023-12-31,net_income,0.111
BIPC,2024-12-31,net_income,-0.608
BIPC,2025-12-31,net_income,-0.241
BIPC,2022-12-31,operating_cf,0.893
BIPC,2023-12-31,operating_cf,1.059
BIPC,2024-12-31,operating_cf,1.743
BIPC,2025-12-31,operating_cf,1.608
BIPC,2021-12-31,price,45.50666809082031
BIPC,2022-12-31,price,38.900001525878906
BIPC,2023-12-31,price,35.279998779296875
BIPC,2024-12-31,price,40.0099983215332
BIPC,2025-12-31,price,45.400001525878906
BIPC,2022-12-31,revenue,1.886
BIPC,2023-12-31,revenue,2.503
BIPC,2024-12-31,revenue,3.666
BIPC,2025-12-31,revenue,3.668
BIPC,2022-12-31,short_term_debt,0.354
BIPC,2023-12-31,short_term_debt,1.047
BIPC,2024-12-31,short_term_debt,0.769
BIPC,2025-12-31,short_term_debt,1.314
BIPC,2022-12-31,total_debt,4.603
BIPC,2023-12-31,total_debt,12.054
BIPC,2024-12-31,total_debt,12.28
BIPC,2025-12-31,total_debt,13.269
BKH,2022-12-31,capex,-0.6044
BKH,2023-12-31,capex,-0.5556
BKH,2024-12-31,capex,-0.7442
BKH,2025-12-31,capex,-0.8198
BKH,2022-12-31,cash,0.0214
BKH,2023-12-31,cash,0.0866
BKH,2024-12-31,cash,0.0161
BKH,2025-12-31,cash,0.1828
BKH,2022-12-31,ebitda,0.7095
BKH,2023-12-31,ebitda,0.7384
BKH,2024-12-31,ebitda,0.7853
BKH,2025-12-31,ebitda,0.8342
BKH,2022-12-31,eps,3.97
BKH,2023-12-31,eps,3.91
BKH,2024-12-31,eps,3.91
BKH,2025-12-31,eps,3.98
BKH,2022-12-31,fcff_before_growth,0.462354
BKH,2023-12-31,fcff_before_growth,0.8298
BKH,2024-12-31,fcff_before_growth,0.603408
BKH,2025-12-31,fcff_before_growth,0.553051
BKH,2022-12-31,free_cf,-0.019600000000000062
BKH,2023-12-31,free_cf,0.38880000000000003
BKH,2024-12-31,free_cf,-0.024899999999999922
BKH,2025-12-31,free_cf,-0.14639999999999997
BKH,2022-12-31,long_term_debt,3.6073
BKH,2023-12-31,long_term_debt,3.8012
BKH,2024-12-31,long_term_debt,4.2502
BKH,2025-12-31,long_term_debt,4.7011
BKH,2022-12-31,market_cap,4.64973190572113
BKH,2023-12-31,market_cap,3.6792265295801583
BKH,2024-12-31,market_cap,4.191211093745102
BKH,2025-12-31,market_cap,5.2396178529373625
BKH,2022-12-31,net_debt,4.6465000000000005
BKH,2023-12-31,net_debt,4.3146
BKH,2024-12-31,net_debt,4.367900000000001
BKH,2025-12-31,net_debt,4.5183
BKH,2022-12-31,net_income,0.2584
BKH,2023-12-31,net_income,0.2622
BKH,2024-12-31,net_income,0.2731
BKH,2025-12-31,net_income,0.2916
BKH,2022-12-31,operating_cf,0.5848
BKH,2023-12-31,operating_cf,0.9444
BKH,2024-12-31,operating_cf,0.7193
BKH,2025-12-31,operating_cf,0.6734
BKH,2021-12-31,price,70.56999969482422
BKH,2022-12-31,price,70.33999633789062
BKH,2023-12-31,price,53.95000076293945
BKH,2024-12-31,price,58.52000045776367
BKH,2025-12-31,price,69.41999816894531
BKH,2022-12-31,revenue,2.5518
BKH,2023-12-31,revenue,2.3313
BKH,2024-12-31,revenue,2.1277
BKH,2025-12-31,revenue,2.31
BKH,2021-12-31,short_term_debt,0.42018
BKH,2022-12-31,short_term_debt,1.0606
BKH,2023-12-31,short_term_debt,0.6
BKH,2024-12-31,short_term_debt,0.1338
BKH,2022-12-31,total_debt,4.6679
BKH,2023-12-31,total_debt,4.4012
BKH,2024-12-31,total_debt,4.384
BKH,2025-12-31,total_debt,4.7011
BRNX,2022-12-31,capex,-0.001465
BRNX,2023-12-31,capex,-0.002654
BRNX,2024-12-31,capex,-0.000343
BRNX,2025-12-31,capex,-0.000217
BRNX,2022-12-31,cash,0.006508
BRNX,2023-12-31,cash,0.003183
BRNX,2024-12-31,cash,0.003737
BRNX,2025-12-31,cash,0.004499
BRNX,2022-12-31,ebitda,-0.010702
BRNX,2023-12-31,ebitda,-0.009378
BRNX,2024-12-31,ebitda,-0.0063
BRNX,2025-12-31,ebitda,-0.01297
BRNX,2021-12-31,eps,-323.05
BRNX,2022-12-31,eps,-266.0
BRNX,2023-12-31,eps,-244.482
BRNX,2024-12-31,eps,-63.378
BRNX,2022-12-31,fcff_before_growth,-0.011860319999999999
BRNX,2023-12-31,fcff_before_growth,-0.0069630000000000004
BRNX,2024-12-31,fcff_before_growth,-0.00954224
BRNX,2025-12-31,fcff_before_growth,-0.01066454
BRNX,2022-12-31,free_cf,-0.013158999999999999
BRNX,2023-12-31,free_cf,-0.009576000000000001
BRNX,2024-12-31,free_cf,-0.00985
BRNX,2025-12-31,free_cf,-0.010616
BRNX,2022-12-31,long_term_debt,0.005188
BRNX,2023-12-31,long_term_debt,0.004994
BRNX,2024-12-31,long_term_debt,0.004322
BRNX,2025-12-31,long_term_debt,0.003777
BRNX,2022-12-31,market_cap,0.626617782
BRNX,2023-12-31,market_cap,0.377628615
BRNX,2024-12-31,market_cap,0.315695835
BRNX,2025-12-31,market_cap,0.07396172510153962
BRNX,2022-12-31,net_debt,-0.0007140000000000002
BRNX,2023-12-31,net_debt,0.0024219999999999997
BRNX,2024-12-31,net_debt,0.0010860000000000002
BRNX,2025-12-31,net_debt,0.0013439999999999997
BRNX,2022-12-31,net_income,-0.011092
BRNX,2023-12-31,net_income,-0.009648
BRNX,2024-12-31,net_income,-0.006772
BRNX,2025-12-31,net_income,-0.013905
BRNX,2022-12-31,operating_cf,-0.011694
BRNX,2023-12-31,operating_cf,-0.006922
BRNX,2024-12-31,operating_cf,-0.009507
BRNX,2025-12-31,operating_cf,-0.010399
BRNX,2022-12-31,price,14406.0
BRNX,2023-12-31,price,6142.5
BRNX,2024-12-31,price,1365.0
BRNX,2025-12-31,price,103.31999969482422
BRNX,2022-12-31,revenue,0.00152
BRNX,2023-12-31,revenue,0.000621
BRNX,2024-12-31,revenue,0.0
BRNX,2025-12-31,revenue,0.000387
BRNX,2022-12-31,short_term_debt,0.000606
BRNX,2023-12-31,short_term_debt,0.000611
BRNX,2024-12-31,short_term_debt,0.000501
BRNX,2025-12-31,short_term_debt,0.002066
BRNX,2022-12-31,total_debt,0.005794
BRNX,2023-12-31,total_debt,0.005605
BRNX,2024-12-31,total_debt,0.004823
BRNX,2025-12-31,total_debt,0.005843
CEG,2022-12-31,capex,-1.689
CEG,2023-12-31,capex,-2.422
CEG,2024-12-31,capex,-2.565
CEG,2025-12-31,capex,-2.949
CEG,2022-12-31,cash,0.422
CEG,2023-12-31,cash,0.368
CEG,2024-12-31,cash,3.022
CEG,2025-12-31,cash,3.641
CEG,2022-12-31,ebitda,1.558
CEG,2023-12-31,ebitda,4.761
CEG,2024-12-31,ebitda,7.029
CEG,2025-12-31,ebitda,5.959
CEG,2022-12-31,eps,-0.489297
CEG,2023-12-31,eps,5.01
CEG,2024-12-31,eps,11.89
CEG,2025-12-31,eps,7.4
CEG,2022-12-31,fcff_before_growth,-4.00371
CEG,2023-12-31,fcff_before_growth,-6.84351
CEG,2024-12-31,fcff_before_growth,-4.07126
CEG,2025-12-31,fcff_before_growth,2.70369
CEG,2022-12-31,free_cf,-4.042
CEG,2023-12-31,free_cf,-7.723000000000001
CEG,2024-12-31,free_cf,-5.029
CEG,2025-12-31,free_cf,1.2880000000000003
CEG,2022-12-31,long_term_debt,4.466
CEG,2023-12-31,long_term_debt,7.496
CEG,2024-12-31,long_term_debt,7.384
CEG,2025-12-31,long_term_debt,7.25
CEG,2022-12-31,market_cap,28.190669700622557
CEG,2023-12-31,market_cap,37.05412980651855
CEG,2024-12-31,market_cap,69.98499108035278
CEG,2025-12-31,market_cap,110.32271313067871
CEG,2022-12-31,net_debt,5.346
CEG,2023-12-31,net_debt,8.892999999999999
CEG,2024-12-31,net_debt,5.390000000000001
CEG,2025-12-31,net_debt,5.351000000000001
CEG,2022-12-31,net_income,-0.16
CEG,2023-12-31,net_income,1.623
CEG,2024-12-31,net_income,3.749
CEG,2025-12-31,net_income,2.319
CEG,2022-12-31,operating_cf,-2.353
CEG,2023-12-31,operating_cf,-5.301
CEG,2024-12-31,operating_cf,-2.464
CEG,2025-12-31,operating_cf,4.237
CEG,2022-12-31,price,86.20999908447266
CEG,2023-12-31,price,116.88999938964844
CEG,2024-12-31,price,223.7100067138672
CEG,2025-12-31,price,353.2699890136719
CEG,2022-12-31,revenue,24.44
CEG,2023-12-31,revenue,24.918
CEG,2024-12-31,revenue,23.568
CEG,2025-12-31,revenue,25.533
CEG,2022-12-31,short_term_debt,1.302
CEG,2023-12-31,short_term_debt,1.765
CEG,2024-12-31,short_term_debt,1.028
CEG,2025-12-31,short_term_debt,1.742
CEG,2022-12-31,total_debt,5.768
CEG,2023-12-31,total_debt,9.261
CEG,2024-12-31,total_debt,8.412
CEG,2025-12-31,total_debt,8.992
CEPU,2022-12-31,capex,-0.014904767068627466
CEPU,2023-12-31,capex,-0.018480613638017385
CEPU,2024-12-31,capex,-0.12296564924109303
CEPU,2025-12-31,capex,-0.19377452682842053
CEPU,2022-12-31,cash,0.10415526714865503
CEPU,2023-12-31,cash,0.1475687110015871
CEPU,2024-12-31,cash,0.21056240314601304
CEPU,2025-12-31,cash,0.22162108224991955
CEPU,2022-12-31,ebitda,0.22934648809138716
CEPU,2023-12-31,ebitda,0.4878489327422201
CEPU,2024-12-31,ebitda,0.2701990240610388
CEPU,2025-12-31,ebitda,0.43747598663611514
CEPU,2022-12-31,eps,0.08297802702873014
CEPU,2023-12-31,eps,0.6462446816498414
CEPU,2024-12-31,eps,0.21653001361410135
CEPU,2025-12-31,eps,1.6185936464527444
CEPU,2022-12-31,fcff_before_growth,0.18314021029668734
CEPU,2023-12-31,fcff_before_growth,0.14195596969678598
CEPU,2024-12-31,fcff_before_growth,0.16324113364935652
CEPU,2025-12-31,fcff_before_growth,0.18920766665041266
CEPU,2022-12-31,free_cf,0.23258666263131092
CEPU,2023-12-31,free_cf,0.21755928158875187
CEPU,2024-12-31,free_cf,0.09985443204579973
CEPU,2025-12-31,free_cf,0.07595763267872666
CEPU,2022-12-31,long_term_debt,0.09241308262122248
CEPU,2023-12-31,long_term_debt,0.4090640989646819
CEPU,2024-12-31,long_term_debt,0.19847731930135307
CEPU,2025-12-31,long_term_debt,0.22888575538410946
CEPU,2022-12-31,market_cap,8.993292287273048
CEPU,2023-12-31,market_cap,13.674976733551585
CEPU,2024-12-31,market_cap,21.772939996767946
CEPU,2025-12-31,market_cap,26.2475916675
CEPU,2022-12-31,net_debt,0.11067930793146172
CEPU,2023-12-31,net_debt,0.4595448725570877
CEPU,2024-12-31,net_debt,0.3252675510951818
CEPU,2025-12-31,net_debt,0.2986844073060721
CEPU,2022-12-31,net_income,0.08469647573038383
CEPU,2023-12-31,net_income,0.27818585135671947
CEPU,2024-12-31,net_income,0.04279812209737068
CEPU,2025-12-31,net_income,0.22719178684031122
CEPU,2022-12-31,operating_cf,0.2474914296999384
CEPU,2023-12-31,operating_cf,0.23603989522676927
CEPU,2024-12-31,operating_cf,0.22282008128689276
CEPU,2025-12-31,operating_cf,0.2697321595071472
CEPU,2022-12-31,price,5.940000057220459
CEPU,2023-12-31,price,9.100000381469727
CEPU,2024-12-31,price,14.489999771118164
CEPU,2025-12-31,price,17.5
CEPU,2022-12-31,revenue,0.45101803016507913
CEPU,2023-12-31,revenue,0.5892188669462863
CEPU,2024-12-31,revenue,0.6369650081525472
CEPU,2025-12-31,revenue,0.7198571394762706
CEPU,2022-12-31,short_term_debt,0.03714835682996939
CEPU,2023-12-31,short_term_debt,0.06972238363594958
CEPU,2024-12-31,short_term_debt,0.130105833688298
CEPU,2025-12-31,short_term_debt,0.09451540079496673
CEPU,2022-12-31,total_debt,0.12956143945119186
CEPU,2023-12-31,total_debt,0.47878648260063145
CEPU,2024-12-31,total_debt,0.3285831529896511
CEPU,2025-12-31,total_debt,0.32340115617907617
CIG-C,2022-12-31,capex,-0.05629892283678055
CIG-C,2023-12-31,capex,-0.24370492625236512
CIG-C,2024-12-31,capex,-0.17718736331164836
CIG-C,2025-12-31,capex,-0.20784328362345694
CIG-C,2022-12-31,cash,0.8176840128451586
CIG-C,2023-12-31,cash,0.6025141570717096
CIG-C,2024-12-31,cash,0.6644044112861156
CIG-C,2025-12-31,cash,0.8361932477504015
CIG-C,2022-12-31,ebitda,1.2011722235381603
CIG-C,2023-12-31,ebitda,1.7618477975428104
CIG-C,2024-12-31,ebitda,2.2602475082725286
CIG-C,2025-12-31,ebitda,1.6785562404692171
CIG-C,2022-12-31,eps,0.3586164262890816
CIG-C,2023-12-31,eps,0.3875371058285236
CIG-C,2024-12-31,eps,0.4800832803547383
CIG-C,2025-12-31,eps,0.32969574674963953
CIG-C,2022-12-31,fcff_before_growth,1.175166748496294
CIG-C,2023-12-31,fcff_before_growth,1.1900416180060802
CIG-C,2024-12-31,fcff_before_growth,0.9449947722230853
CIG-C,2025-12-31,fcff_before_growth,0.7194250400872528
CIG-C,2022-12-31,free_cf,1.2054139232039451
CIG-C,2023-12-31,free_cf,1.037673981875181
CIG-C,2024-12-31,free_cf,0.8824663350135089
CIG-C,2025-12-31,free_cf,0.5782207862585783
CIG-C,2022-12-31,long_term_debt,1.9131993537992238
CIG-C,2023-12-31,long_term_debt,1.4566382261365651
CIG-C,2024-12-31,long_term_debt,1.8804225836545228
CIG-C,2025-12-31,long_term_debt,3.22793344566226
CIG-C,2022-12-31,market_cap,6.689592789681982
CIG-C,2023-12-31,market_cap,6.931649364562768
CIG-C,2024-12-31,market_cap,6.636781777588881
CIG-C,2025-12-31,market_cap,7.423469568229765
CIG-C,2022-12-31,net_debt,1.8304862103164194
CIG-C,2023-12-31,net_debt,1.6826051356047391
CIG-C,2024-12-31,net_debt,2.0844097766727208
CIG-C,2025-12-31,net_debt,3.4668182586580514
CIG-C,2022-12-31,net_income,0.7889561378359794
CIG-C,2023-12-31,net_income,1.111325312435627
CIG-C,2024-12-31,net_income,1.3721898418813943
CIG-C,2025-12-31,net_income,0.9441637846976518
CIG-C,2022-12-31,operating_cf,1.2617128460407256
CIG-C,2023-12-31,operating_cf,1.2813789081275462
CIG-C,2024-12-31,operating_cf,1.0596536983251572
CIG-C,2025-12-31,operating_cf,0.7860640698820353
CIG-C,2022-12-31,price,2.338460922241211
CIG-C,2023-12-31,price,2.4230759143829346
CIG-C,2024-12-31,price,2.319999933242798
CIG-C,2025-12-31,price,2.5950000286102295
CIG-C,2022-12-31,revenue,6.132148085013032
CIG-C,2023-12-31,revenue,7.1048469401896
CIG-C,2024-12-31,revenue,7.677476395070553
CIG-C,2025-12-31,revenue,8.24258647327125
CIG-C,2022-12-31,short_term_debt,0.19511818462610245
CIG-C,2023-12-31,short_term_debt,0.5223074724823237
CIG-C,2024-12-31,short_term_debt,0.5699301914572715
CIG-C,2025-12-31,short_term_debt,0.6055990295559168
CIG-C,2022-12-31,total_debt,2.108317538425326
CIG-C,2023-12-31,total_debt,1.9789456986188887
CIG-C,2024-12-31,total_debt,2.4503527751117944
CIG-C,2025-12-31,total_debt,3.8335324752181767
CMS,2022-12-31,capex,-2.481
CMS,2023-12-31,capex,-3.386
CMS,2024-12-31,capex,-3.178
CMS,2025-12-31,capex,-4.038
CMS,2022-12-31,cash,0.164
CMS,2023-12-31,cash,0.227
CMS,2024-12-31,cash,0.103
CMS,2025-12-31,cash,0.509
CMS,2022-12-31,ebitda,2.547
CMS,2023-12-31,ebitda,2.777
CMS,2024-12-31,ebitda,3.071
CMS,2025-12-31,ebitda,3.352
CMS,2022-12-31,eps,2.838998
CMS,2023-12-31,eps,2.97894
CMS,2024-12-31,eps,3.323462
CMS,2025-12-31,eps,3.462692
CMS,2022-12-31,fcff_before_growth,0.13901000000000013
CMS,2023-12-31,fcff_before_growth,1.6369700000000003
CMS,2024-12-31,fcff_before_growth,1.6893200000000002
CMS,2025-12-31,fcff_before_growth,1.5594199999999998
CMS,2022-12-31,free_cf,-1.626
CMS,2023-12-31,free_cf,-1.077
CMS,2024-12-31,free_cf,-0.8079999999999998
CMS,2025-12-31,free_cf,-1.8030000000000004
CMS,2022-12-31,long_term_debt,13.19
CMS,2023-12-31,long_term_debt,14.57
CMS,2024-12-31,long_term_debt,15.306
CMS,2025-12-31,long_term_debt,17.942
CMS,2022-12-31,market_cap,18.44802953338623
CMS,2023-12-31,market_cap,17.09580791015625
CMS,2024-12-31,market_cap,19.914011708159524
CMS,2025-12-31,market_cap,21.427181463508607
CMS,2022-12-31,net_debt,14.145
CMS,2023-12-31,net_debt,15.416
CMS,2024-12-31,net_debt,16.462999999999997
CMS,2025-12-31,net_debt,18.389
CMS,2022-12-31,net_income,0.837
CMS,2023-12-31,net_income,0.887
CMS,2024-12-31,net_income,1.003
CMS,2025-12-31,net_income,1.071
CMS,2022-12-31,operating_cf,0.855
CMS,2023-12-31,operating_cf,2.309
CMS,2024-12-31,operating_cf,2.37
CMS,2025-12-31,operating_cf,2.235
CMS,2022-12-31,price,63.33000183105469
CMS,2023-12-31,price,58.06999969482422
CMS,2024-12-31,price,66.6500015258789
CMS,2025-12-31,price,69.93000030517578
CMS,2022-12-31,revenue,8.596
CMS,2023-12-31,revenue,7.462
CMS,2024-12-31,revenue,7.515
CMS,2025-12-31,revenue,8.539
CMS,2022-12-31,short_term_debt,1.119
CMS,2023-12-31,short_term_debt,1.073
CMS,2024-12-31,short_term_debt,1.26
CMS,2025-12-31,short_term_debt,0.956
CMS,2022-12-31,total_debt,14.309
CMS,2023-12-31,total_debt,15.643
CMS,2024-12-31,total_debt,16.566
CMS,2025-12-31,total_debt,18.898
CNP,2022-12-31,capex,-4.419
CNP,2023-12-31,capex,-4.401
CNP,2024-12-31,capex,-4.513
CNP,2025-12-31,capex,-4.87
CNP,2022-12-31,cash,0.584
CNP,2023-12-31,cash,0.631
CNP,2024-12-31,cash,0.585
CNP,2025-12-31,cash,0.548
CNP,2022-12-31,ebitda,3.229
CNP,2023-12-31,ebitda,3.189
CNP,2024-12-31,ebitda,3.491
CNP,2025-12-31,ebitda,3.68
CNP,2022-12-31,eps,1.59
CNP,2023-12-31,eps,1.37
CNP,2024-12-31,eps,1.58
CNP,2025-12-31,eps,1.6
CNP,2022-12-31,fcff_before_growth,0.9359600000000001
CNP,2023-12-31,fcff_before_growth,3.02979
CNP,2024-12-31,fcff_before_growth,1.3620199999999998
CNP,2025-12-31,fcff_before_growth,1.6693700000000002
CNP,2022-12-31,free_cf,-2.6089999999999995
CNP,2023-12-31,free_cf,-0.524
CNP,2024-12-31,free_cf,-2.374
CNP,2025-12-31,free_cf,-2.384
CNP,2022-12-31,long_term_debt,14.836
CNP,2023-12-31,long_term_debt,17.559
CNP,2024-12-31,long_term_debt,20.397
CNP,2025-12-31,long_term_debt,20.566
CNP,2022-12-31,market_cap,18.879773429600732
CNP,2023-12-31,market_cap,18.034121741895163
CNP,2024-12-31,market_cap,20.67930616914293
CNP,2025-12-31,market_cap,25.03101960511999
CNP,2022-12-31,net_debt,16.782
CNP,2023-12-31,net_debt,18.528
CNP,2024-12-31,net_debt,20.939
CNP,2025-12-31,net_debt,22.942
CNP,2022-12-31,net_income,1.057
CNP,2023-12-31,net_income,0.917
CNP,2024-12-31,net_income,1.019
CNP,2025-12-31,net_income,1.052
CNP,2022-12-31,operating_cf,1.81
CNP,2023-12-31,operating_cf,3.877
CNP,2024-12-31,operating_cf,2.139
CNP,2025-12-31,operating_cf,2.486
CNP,2022-12-31,price,29.989999771118164
CNP,2023-12-31,price,28.56999969482422
CNP,2024-12-31,price,31.729999542236328
CNP,2025-12-31,price,38.34000015258789
CNP,2022-12-31,revenue,9.321
CNP,2023-12-31,revenue,8.696
CNP,2024-12-31,revenue,8.643
CNP,2025-12-31,revenue,9.357
CNP,2022-12-31,short_term_debt,2.02
CNP,2023-12-31,short_term_debt,1.059
CNP,2024-12-31,short_term_debt,0.566
CNP,2025-12-31,short_term_debt,2.414
CNP,2022-12-31,total_debt,16.856
CNP,2023-12-31,total_debt,18.618
CNP,2024-12-31,total_debt,20.963
CNP,2025-12-31,total_debt,22.98
CPK,2022-12-31,capex,-0.1283
CPK,2023-12-31,capex,-0.1886
CPK,2024-12-31,capex,-0.3553
CPK,2025-12-31,capex,-0.4486
CPK,2022-12-31,cash,0.006204
CPK,2023-12-31,cash,0.0049
CPK,2024-12-31,cash,0.0079
CPK,2025-12-31,cash,0.0018
CPK,2022-12-31,ebitda,0.228
CPK,2023-12-31,ebitda,0.2296
CPK,2024-12-31,ebitda,0.3117
CPK,2025-12-31,ebitda,0.3731
CPK,2022-12-31,eps,5.04
CPK,2023-12-31,eps,4.73
CPK,2024-12-31,eps,5.26
CPK,2025-12-31,eps,5.97
CPK,2022-12-31,fcff_before_growth,0.09817600000000001
CPK,2023-12-31,fcff_before_growth,0.155251
CPK,2024-12-31,fcff_before_growth,0.21193599999999999
CPK,2025-12-31,fcff_before_growth,0.18337499999999998
CPK,2022-12-31,free_cf,0.030600000000000016
CPK,2023-12-31,free_cf,0.014899999999999997
CPK,2024-12-31,free_cf,-0.1159
CPK,2025-12-31,free_cf,-0.2149
CPK,2022-12-31,long_term_debt,0.59078
CPK,2023-12-31,long_term_debt,1.1977
CPK,2024-12-31,long_term_debt,1.2704
CPK,2025-12-31,long_term_debt,1.335
CPK,2022-12-31,market_cap,2.096680784654251
CPK,2023-12-31,market_cap,2.3373503690444184
CPK,2024-12-31,market_cap,2.7650810652313234
CPK,2025-12-31,market_cap,2.9651709707717897
CPK,2022-12-31,net_debt,0.808216
CPK,2023-12-31,net_debt,1.3912
CPK,2024-12-31,net_debt,1.4845
CPK,2025-12-31,net_debt,1.6258
CPK,2022-12-31,net_income,0.0898
CPK,2023-12-31,net_income,0.0872
CPK,2024-12-31,net_income,0.1186
CPK,2025-12-31,net_income,0.1403
CPK,2022-12-31,operating_cf,0.1589
CPK,2023-12-31,operating_cf,0.2035
CPK,2024-12-31,operating_cf,0.2394
CPK,2025-12-31,operating_cf,0.2337
CPK,2022-12-31,price,118.18000030517578
CPK,2023-12-31,price,105.62999725341797
CPK,2024-12-31,price,121.3499984741211
CPK,2025-12-31,price,124.76000213623047
CPK,2022-12-31,revenue,0.6807
CPK,2023-12-31,revenue,0.6706
CPK,2024-12-31,revenue,0.7872
CPK,2025-12-31,revenue,0.93
CPK,2022-12-31,short_term_debt,0.22364
CPK,2023-12-31,short_term_debt,0.1984
CPK,2024-12-31,short_term_debt,0.222
CPK,2025-12-31,short_term_debt,0.2926
CPK,2022-12-31,total_debt,0.81442
CPK,2023-12-31,total_debt,1.3961
CPK,2024-12-31,total_debt,1.4924
CPK,2025-12-31,total_debt,1.6276
CTRI,2022-12-31,capex,-0.129587
CTRI,2023-12-31,capex,-0.10665
CTRI,2024-12-31,capex,-0.099333
CTRI,2025-12-31,capex,-0.086325
CTRI,2022-12-31,cash,0.063966
CTRI,2023-12-31,cash,0.033407
CTRI,2024-12-31,cash,0.049019
CTRI,2025-12-31,cash,0.12663
CTRI,2022-12-31,ebitda,0.067501
CTRI,2023-12-31,ebitda,0.085319
CTRI,2024-12-31,ebitda,0.243186
CTRI,2025-12-31,ebitda,0.254227
CTRI,2022-12-31,eps,-1.940351
CTRI,2023-12-31,eps,-2.148411
CTRI,2024-12-31,eps,-0.08
CTRI,2025-12-31,eps,0.25
CTRI,2022-12-31,fcff_before_growth,-0.02670890999999999
CTRI,2023-12-31,fcff_before_growth,0.08165204000000001
CTRI,2024-12-31,fcff_before_growth,0.07370985000000001
CTRI,2025-12-31,fcff_before_growth,-0.02113288
CTRI,2022-12-31,free_cf,-0.034961000000000006
CTRI,2023-12-31,free_cf,0.06081500000000001
CTRI,2024-12-31,free_cf,0.058897000000000005
CTRI,2025-12-31,free_cf,-0.008204000000000003
CTRI,2022-12-31,long_term_debt,1.26336
CTRI,2023-12-31,long_term_debt,1.237844
CTRI,2024-12-31,long_term_debt,0.950611
CTRI,2025-12-31,long_term_debt,0.870762
CTRI,2024-12-31,market_cap,1.7092732832365436
CTRI,2025-12-31,market_cap,2.5433027655
CTRI,2022-12-31,net_debt,1.2698420000000001
CTRI,2023-12-31,net_debt,1.277722
CTRI,2024-12-31,net_debt,0.959636
CTRI,2025-12-31,net_debt,0.811479
CTRI,2022-12-31,net_income,-0.168145
CTRI,2023-12-31,net_income,-0.186176
CTRI,2024-12-31,net_income,-0.006724
CTRI,2025-12-31,net_income,0.022395
CTRI,2022-12-31,operating_cf,0.094626
CTRI,2023-12-31,operating_cf,0.167465
CTRI,2024-12-31,operating_cf,0.15823
CTRI,2025-12-31,operating_cf,0.078121
CTRI,2024-12-31,price,19.309999465942383
CTRI,2025-12-31,price,25.25
CTRI,2022-12-31,revenue,2.760327
CTRI,2023-12-31,revenue,2.899276
CTRI,2024-12-31,revenue,2.637229
CTRI,2025-12-31,revenue,2.982781
CTRI,2022-12-31,short_term_debt,0.070448
CTRI,2023-12-31,short_term_debt,0.073285
CTRI,2024-12-31,short_term_debt,0.058044
CTRI,2025-12-31,short_term_debt,0.067347
CTRI,2022-12-31,total_debt,1.333808
CTRI,2023-12-31,total_debt,1.311129
CTRI,2024-12-31,total_debt,1.008655
CTRI,2025-12-31,total_debt,0.938109
CWCO,2022-12-31,capex,-0.007542761
CWCO,2023-12-31,capex,-0.005047884
CWCO,2024-12-31,capex,-0.00669658
CWCO,2025-12-31,capex,-0.008541364
CWCO,2022-12-31,cash,0.050711751
CWCO,2023-12-31,cash,0.042621898
CWCO,2024-12-31,cash,0.099350121
CWCO,2025-12-31,cash,0.12378839
CWCO,2022-12-31,ebitda,0.015970848
CWCO,2023-12-31,ebitda,0.045585735
CWCO,2024-12-31,ebitda,0.028089882
CWCO,2025-12-31,ebitda,0.029007646
CWCO,2022-12-31,eps,0.38
CWCO,2023-12-31,eps,1.86
CWCO,2024-12-31,eps,1.77
CWCO,2025-12-31,eps,1.14
CWCO,2022-12-31,fcff_before_growth,0.01518126755
CWCO,2023-12-31,fcff_before_growth,0.0006410253599999992
CWCO,2024-12-31,fcff_before_growth,0.029286430130000003
CWCO,2025-12-31,fcff_before_growth,0.034098971799999996
CWCO,2022-12-31,free_cf,0.013789043999999999
CWCO,2023-12-31,free_cf,0.0029228779999999994
CWCO,2024-12-31,free_cf,0.029818952000000003
CWCO,2025-12-31,free_cf,0.033172206999999995
CWCO,2022-12-31,long_term_debt,0.001806659
CWCO,2023-12-31,long_term_debt,0.002018492
CWCO,2024-12-31,long_term_debt,0.002701132
CWCO,2025-12-31,long_term_debt,0.002323115
CWCO,2022-12-31,market_cap,0.22677855292260646
CWCO,2023-12-31,market_cap,0.5614669779345322
CWCO,2024-12-31,market_cap,0.4102618623781586
CWCO,2025-12-31,market_cap,0.5627072871682968
CWCO,2022-12-31,net_debt,-0.048243277
CWCO,2023-12-31,net_debt,-0.039954507
CWCO,2024-12-31,net_debt,-0.095887724
CWCO,2025-12-31,net_debt,-0.12075667899999999
CWCO,2022-12-31,net_income,0.005856294
CWCO,2023-12-31,net_income,0.029585391
CWCO,2024-12-31,net_income,0.028237554
CWCO,2025-12-31,net_income,0.018336673
CWCO,2022-12-31,operating_cf,0.021331805
CWCO,2023-12-31,operating_cf,0.007970762
CWCO,2024-12-31,operating_cf,0.036515532
CWCO,2025-12-31,operating_cf,0.041713571
CWCO,2022-12-31,price,14.800000190734863
CWCO,2023-12-31,price,35.599998474121094
CWCO,2024-12-31,price,25.889999389648438
CWCO,2025-12-31,price,35.290000915527344
CWCO,2022-12-31,revenue,0.094104972
CWCO,2023-12-31,revenue,0.180211233
CWCO,2024-12-31,revenue,0.133966633
CWCO,2025-12-31,revenue,0.132073368
CWCO,2022-12-31,short_term_debt,0.000661815
CWCO,2023-12-31,short_term_debt,0.000648899
CWCO,2024-12-31,short_term_debt,0.000761265
CWCO,2025-12-31,short_term_debt,0.000708596
CWCO,2022-12-31,total_debt,0.002468474
CWCO,2023-12-31,total_debt,0.002667391
CWCO,2024-12-31,total_debt,0.003462397
CWCO,2025-12-31,total_debt,0.003031711
CWEN,2022-12-31,capex,-0.112
CWEN,2023-12-31,capex,-0.294
CWEN,2024-12-31,capex,-0.287
CWEN,2025-12-31,capex,-0.346
CWEN,2022-12-31,cash,0.657
CWEN,2023-12-31,cash,0.535
CWEN,2024-12-31,cash,0.332
CWEN,2025-12-31,cash,0.231
CWEN,2022-12-31,ebitda,2.198
CWEN,2023-12-31,ebitda,1.032
CWEN,2024-12-31,ebitda,1.083
CWEN,2025-12-31,ebitda,1.081
CWEN,2022-12-31,eps,4.99
CWEN,2023-12-31,eps,0.67
CWEN,2024-12-31,eps,0.745763
CWEN,2025-12-31,eps,1.43
CWEN,2022-12-31,fcff_before_growth,0.28628
CWEN,2023-12-31,fcff_before_growth,0.25723
CWEN,2024-12-31,fcff_before_growth,0.20352999999999996
CWEN,2025-12-31,fcff_before_growth,0.12472999999999995
CWEN,2022-12-31,free_cf,0.675
CWEN,2023-12-31,free_cf,0.408
CWEN,2024-12-31,free_cf,0.48300000000000004
CWEN,2025-12-31,free_cf,0.34199999999999997
CWEN,2022-12-31,long_term_debt,7.039
CWEN,2023-12-31,long_term_debt,8.106
CWEN,2024-12-31,long_term_debt,7.319
CWEN,2025-12-31,long_term_debt,8.694
CWEN,2022-12-31,market_cap,3.7255174634141293
CWEN,2023-12-31,market_cap,3.209455250127182
CWEN,2024-12-31,market_cap,3.053624054
CWEN,2025-12-31,market_cap,3.973198888812401
CWEN,2022-12-31,net_debt,6.704
CWEN,2023-12-31,net_debt,8.129
CWEN,2024-12-31,net_debt,7.417
CWEN,2025-12-31,net_debt,9.171
CWEN,2022-12-31,net_income,0.582
CWEN,2023-12-31,net_income,0.079
CWEN,2024-12-31,net_income,0.088
CWEN,2025-12-31,net_income,0.169
CWEN,2022-12-31,operating_cf,0.787
CWEN,2023-12-31,operating_cf,0.702
CWEN,2024-12-31,operating_cf,0.77
CWEN,2025-12-31,operating_cf,0.688
CWEN,2022-12-31,price,31.8700008392334
CWEN,2023-12-31,price,27.43000030517578
CWEN,2024-12-31,price,26.0
CWEN,2025-12-31,price,33.2599983215332
CWEN,2022-12-31,revenue,1.19
CWEN,2023-12-31,revenue,1.314
CWEN,2024-12-31,revenue,1.371
CWEN,2025-12-31,revenue,1.429
CWEN,2022-12-31,short_term_debt,0.322
CWEN,2023-12-31,short_term_debt,0.558
CWEN,2024-12-31,short_term_debt,0.43
CWEN,2025-12-31,short_term_debt,0.708
CWEN,2022-12-31,total_debt,7.361
CWEN,2023-12-31,total_debt,8.664
CWEN,2024-12-31,total_debt,7.749
CWEN,2025-12-31,total_debt,9.402
CWT,2022-12-31,capex,-0.327757
CWT,2023-12-31,capex,-0.383747
CWT,2024-12-31,capex,-0.4708
CWT,2025-12-31,capex,-0.516991
CWT,2022-12-31,cash,0.0621
CWT,2023-12-31,cash,0.039591
CWT,2024-12-31,cash,0.050121
CWT,2025-12-31,cash,0.05182
CWT,2022-12-31,ebitda,0.263344
CWT,2023-12-31,ebitda,0.217538
CWT,2024-12-31,ebitda,0.424263
CWT,2025-12-31,ebitda,0.360174
CWT,2022-12-31,eps,1.77
CWT,2023-12-31,eps,0.91
CWT,2024-12-31,eps,3.25
CWT,2025-12-31,eps,2.15
CWT,2022-12-31,fcff_before_growth,0.16143818
CWT,2023-12-31,fcff_before_growth,0.13405001000000002
CWT,2024-12-31,fcff_before_growth,0.20219249999999997
CWT,2025-12-31,fcff_before_growth,0.20872863000000005
CWT,2022-12-31,free_cf,-0.08398500000000003
CWT,2023-12-31,free_cf,-0.16593
CWT,2024-12-31,free_cf,-0.179933
CWT,2025-12-31,free_cf,-0.21442999999999995
CWT,2022-12-31,long_term_debt,1.052487
CWT,2023-12-31,long_term_debt,1.052768
CWT,2024-12-31,long_term_debt,1.104571
CWT,2025-12-31,long_term_debt,1.471968
CWT,2022-12-31,market_cap,3.371462686065674
CWT,2023-12-31,market_cap,2.994130228404396
CWT,2024-12-31,market_cap,2.696409828918457
CWT,2025-12-31,market_cap,2.5841146492004397
CWT,2022-12-31,net_debt,1.064762
CWT,2023-12-31,net_debt,1.194811
CWT,2024-12-31,net_debt,1.3330899999999999
CWT,2025-12-31,net_debt,1.553631
CWT,2022-12-31,net_income,0.096011
CWT,2023-12-31,net_income,0.051911
CWT,2024-12-31,net_income,0.190807
CWT,2025-12-31,net_income,0.128211
CWT,2022-12-31,operating_cf,0.243772
CWT,2023-12-31,operating_cf,0.217817
CWT,2024-12-31,operating_cf,0.290867
CWT,2025-12-31,operating_cf,0.302561
CWT,2022-12-31,price,60.63999938964844
CWT,2023-12-31,price,51.869998931884766
CWT,2024-12-31,price,45.33000183105469
CWT,2025-12-31,price,43.33000183105469
CWT,2022-12-31,revenue,0.846431
CWT,2023-12-31,revenue,0.794632
CWT,2024-12-31,revenue,1.036806
CWT,2025-12-31,revenue,1.00014
CWT,2022-12-31,short_term_debt,0.074375
CWT,2023-12-31,short_term_debt,0.181634
CWT,2024-12-31,short_term_debt,0.27864
CWT,2025-12-31,short_term_debt,0.133483
CWT,2022-12-31,total_debt,1.126862
CWT,2023-12-31,total_debt,1.234402
CWT,2024-12-31,total_debt,1.383211
CWT,2025-12-31,total_debt,1.605451
D,2022-12-31,capex,-7.591
D,2023-12-31,capex,-10.211
D,2024-12-31,capex,-12.198
D,2025-12-31,capex,-12.641
D,2022-12-31,cash,0.119
D,2023-12-31,cash,0.184
D,2024-12-31,cash,0.31
D,2025-12-31,cash,0.25
D,2022-12-31,ebitda,4.443
D,2023-12-31,ebitda,7.538
D,2024-12-31,ebitda,6.727
D,2025-12-31,ebitda,8.317
D,2022-12-31,eps,1.09
D,2023-12-31,eps,2.29
D,2024-12-31,eps,2.44
D,2025-12-31,eps,3.410694
D,2022-12-31,fcff_before_growth,1.3785800000000004
D,2023-12-31,fcff_before_growth,4.77041
D,2024-12-31,fcff_before_growth,3.87447
D,2025-12-31,fcff_before_growth,4.27438
D,2022-12-31,free_cf,-3.891
D,2023-12-31,free_cf,-3.6390000000000002
D,2024-12-31,free_cf,-7.180000000000001
D,2025-12-31,free_cf,-7.28
D,2022-12-31,long_term_debt,34.443
D,2023-12-31,long_term_debt,33.248
D,2024-12-31,long_term_debt,37.525
D,2025-12-31,long_term_debt,44.075
D,2022-12-31,market_cap,51.20219974517822
D,2023-12-31,market_cap,39.386
D,2024-12-31,market_cap,45.88872052001953
D,2025-12-31,market_cap,51.500610134124756
D,2022-12-31,net_debt,41.084
D,2023-12-31,net_debt,44.059000000000005
D,2024-12-31,net_debt,41.44
D,2025-12-31,net_debt,48.691
D,2022-12-31,net_income,1.191
D,2023-12-31,net_income,1.962
D,2024-12-31,net_income,2.034
D,2025-12-31,net_income,2.998
D,2022-12-31,operating_cf,3.7
D,2023-12-31,operating_cf,6.572
D,2024-12-31,operating_cf,5.018
D,2025-12-31,operating_cf,5.361
D,2022-12-31,price,61.31999969482422
D,2023-12-31,price,47.0
D,2024-12-31,price,53.86000061035156
D,2025-12-31,price,58.59000015258789
D,2022-12-31,revenue,13.938
D,2023-12-31,revenue,14.393
D,2024-12-31,revenue,14.459
D,2025-12-31,revenue,16.506
D,2022-12-31,short_term_debt,6.76
D,2023-12-31,short_term_debt,10.995
D,2024-12-31,short_term_debt,4.225
D,2025-12-31,short_term_debt,4.866
D,2022-12-31,total_debt,41.203
D,2023-12-31,total_debt,44.243
D,2024-12-31,total_debt,41.75
D,2025-12-31,total_debt,48.941
DGXX,2022-12-31,capex,-0.014685038
DGXX,2023-12-31,capex,-0.003007766
DGXX,2024-12-31,capex,-0.003790777
DGXX,2025-12-31,capex,-0.017297576
DGXX,2022-12-31,cash,0.001850622
DGXX,2023-12-31,cash,0.000341273
DGXX,2024-12-31,cash,0.001703896
DGXX,2025-12-31,cash,0.078478759
DGXX,2022-12-31,ebitda,0.013887561
DGXX,2023-12-31,ebitda,-0.006520388
DGXX,2024-12-31,ebitda,-0.002935636
DGXX,2025-12-31,ebitda,-0.012568569
DGXX,2022-12-31,eps,0.16
DGXX,2023-12-31,eps,-0.77
DGXX,2024-12-31,eps,-0.4
DGXX,2025-12-31,eps,-0.64
DGXX,2022-12-31,fcff_before_growth,-0.026060634779999998
DGXX,2023-12-31,fcff_before_growth,-0.02836297114
DGXX,2024-12-31,fcff_before_growth,-0.033170327199999995
DGXX,2025-12-31,fcff_before_growth,-0.032518254999999996
DGXX,2022-12-31,free_cf,-0.030180217
DGXX,2023-12-31,free_cf,-0.016580723999999998
DGXX,2024-12-31,free_cf,-0.021323120999999997
DGXX,2025-12-31,free_cf,-0.042832702
DGXX,2022-12-31,long_term_debt,0.000836579
DGXX,2023-12-31,long_term_debt,0.000693573
DGXX,2024-12-31,long_term_debt,7.5685e-05
DGXX,2025-12-31,long_term_debt,0.0
DGXX,2022-12-31,market_cap,0.010024393718333602
DGXX,2023-12-31,market_cap,0.06613994606823635
DGXX,2024-12-31,market_cap,0.0495223995
DGXX,2025-12-31,market_cap,0.17704935523926615
DGXX,2022-12-31,net_debt,-0.0004260239999999999
DGXX,2023-12-31,net_debt,0.001105645
DGXX,2024-12-31,net_debt,-0.0014995350000000002
DGXX,2025-12-31,net_debt,-0.078478759
DGXX,2022-12-31,net_income,0.004329342
DGXX,2023-12-31,net_income,-0.02188541
DGXX,2024-12-31,net_income,-0.012391298
DGXX,2025-12-31,net_income,-0.028356223
DGXX,2022-12-31,operating_cf,-0.015495179
DGXX,2023-12-31,operating_cf,-0.013572958
DGXX,2024-12-31,operating_cf,-0.017532344
DGXX,2025-12-31,operating_cf,-0.025535126
DGXX,2022-12-31,price,0.36000001430511475
DGXX,2023-12-31,price,2.2899999618530273
DGXX,2024-12-31,price,1.5
DGXX,2025-12-31,price,2.549999952316284
DGXX,2022-12-31,revenue,0.02419006
DGXX,2023-12-31,revenue,0.026112908
DGXX,2024-12-31,revenue,0.037002263
DGXX,2025-12-31,revenue,0.034188226
DGXX,2022-12-31,short_term_debt,0.000588019
DGXX,2023-12-31,short_term_debt,0.000753345
DGXX,2024-12-31,short_term_debt,0.000128676
DGXX,2022-12-31,total_debt,0.001424598
DGXX,2023-12-31,total_debt,0.001446918
DGXX,2024-12-31,total_debt,0.000204361
DGXX,2025-12-31,total_debt,0.0
DTE,2022-12-31,capex,-3.378
DTE,2023-12-31,capex,-3.934
DTE,2024-12-31,capex,-4.467
DTE,2025-12-31,capex,-4.429
DTE,2022-12-31,cash,0.033
DTE,2023-12-31,cash,0.026
DTE,2024-12-31,cash,0.024
DTE,2025-12-31,cash,0.208
DTE,2022-12-31,ebitda,3.255
DTE,2023-12-31,ebitda,3.963
DTE,2024-12-31,ebitda,4.053
DTE,2025-12-31,ebitda,4.447
DTE,2022-12-31,eps,5.52
DTE,2023-12-31,eps,6.76
DTE,2024-12-31,eps,6.77
DTE,2025-12-31,eps,7.03
DTE,2022-12-31,fcff_before_growth,1.3462500000000004
DTE,2023-12-31,fcff_before_growth,2.5908900000000004
DTE,2024-12-31,fcff_before_growth,3.06229
DTE,2025-12-31,fcff_before_growth,2.9602399999999998
DTE,2022-12-31,free_cf,-1.401
DTE,2023-12-31,free_cf,-0.714
DTE,2024-12-31,free_cf,-0.8239999999999998
DTE,2025-12-31,free_cf,-1.0200000000000005
DTE,2022-12-31,long_term_debt,16.941
DTE,2023-12-31,long_term_debt,17.528
DTE,2024-12-31,long_term_debt,20.857
DTE,2025-12-31,long_term_debt,24.02
DTE,2022-12-31,market_cap,24.167974898273894
DTE,2023-12-31,market_cap,22.75293097902626
DTE,2024-12-31,market_cap,25.0159685265
DTE,2025-12-31,market_cap,26.794969075336944
DTE,2022-12-31,net_debt,19.206999999999997
DTE,2023-12-31,net_debt,20.944
DTE,2024-12-31,net_debt,23.217
DTE,2025-12-31,net_debt,26.082
DTE,2022-12-31,net_income,1.083
DTE,2023-12-31,net_income,1.397
DTE,2024-12-31,net_income,1.404
DTE,2025-12-31,net_income,1.462
DTE,2022-12-31,operating_cf,1.977
DTE,2023-12-31,operating_cf,3.22
DTE,2024-12-31,operating_cf,3.643
DTE,2025-12-31,operating_cf,3.409
DTE,2022-12-31,price,117.52999877929688
DTE,2023-12-31,price,110.26000213623047
DTE,2024-12-31,price,120.75
DTE,2025-12-31,price,128.97999572753906
DTE,2022-12-31,revenue,19.228
DTE,2023-12-31,revenue,12.745
DTE,2024-12-31,revenue,12.457
DTE,2025-12-31,revenue,15.814
DTE,2022-12-31,short_term_debt,2.299
DTE,2023-12-31,short_term_debt,3.442
DTE,2024-12-31,short_term_debt,2.384
DTE,2025-12-31,short_term_debt,2.27
DTE,2022-12-31,total_debt,19.24
DTE,2023-12-31,total_debt,20.97
DTE,2024-12-31,total_debt,23.241
DTE,2025-12-31,total_debt,26.29
DUK,2022-12-31,capex,-11.367
DUK,2023-12-31,capex,-12.604
DUK,2024-12-31,capex,-12.28
DUK,2025-12-31,capex,-14.024
DUK,2022-12-31,cash,0.409
DUK,2023-12-31,cash,0.253
DUK,2024-12-31,cash,0.314
DUK,2025-12-31,cash,0.245
DUK,2022-12-31,ebitda,12.36
DUK,2023-12-31,ebitda,13.865
DUK,2024-12-31,ebitda,14.997
DUK,2025-12-31,ebitda,17.05
DUK,2022-12-31,eps,3.33
DUK,2023-12-31,eps,3.54
DUK,2024-12-31,eps,5.71
DUK,2025-12-31,eps,6.31
DUK,2022-12-31,fcff_before_growth,2.0108099999999998
DUK,2023-12-31,fcff_before_growth,6.17506
DUK,2024-12-31,fcff_before_growth,8.58236
DUK,2025-12-31,fcff_before_growth,7.49686
DUK,2022-12-31,free_cf,-5.440000000000001
DUK,2023-12-31,free_cf,-2.725999999999999
DUK,2024-12-31,free_cf,0.04800000000000004
DUK,2025-12-31,free_cf,-1.693999999999999
DUK,2022-12-31,long_term_debt,66.749
DUK,2023-12-31,long_term_debt,73.369
DUK,2024-12-31,long_term_debt,77.297
DUK,2025-12-31,long_term_debt,81.141
DUK,2022-12-31,market_cap,79.30229835510254
DUK,2023-12-31,market_cap,74.78986679072766
DUK,2024-12-31,market_cap,83.60623834228515
DUK,2025-12-31,market_cap,91.14967135306989
DUK,2022-12-31,net_debt,74.16999999999999
DUK,2023-12-31,net_debt,80.204
DUK,2024-12-31,net_debt,84.91600000000001
DUK,2025-12-31,net_debt,90.624
DUK,2022-12-31,net_income,2.55
DUK,2023-12-31,net_income,2.841
DUK,2024-12-31,net_income,4.524
DUK,2025-12-31,net_income,4.968
DUK,2022-12-31,operating_cf,5.927
DUK,2023-12-31,operating_cf,9.878
DUK,2024-12-31,operating_cf,12.328
DUK,2025-12-31,operating_cf,12.33
DUK,2022-12-31,price,102.98999786376953
DUK,2023-12-31,price,97.04000091552734
DUK,2024-12-31,price,107.73999786376953
DUK,2025-12-31,price,117.20999908447266
DUK,2022-12-31,revenue,28.768
DUK,2023-12-31,revenue,29.06
DUK,2024-12-31,revenue,30.357
DUK,2025-12-31,revenue,32.237
DUK,2022-12-31,short_term_debt,7.83
DUK,2023-12-31,short_term_debt,7.088
DUK,2024-12-31,short_term_debt,7.933
DUK,2025-12-31,short_term_debt,9.728
DUK,2022-12-31,total_debt,74.579
DUK,2023-12-31,total_debt,80.457
DUK,2024-12-31,total_debt,85.23
DUK,2025-12-31,total_debt,90.869
ED,2022-12-31,capex,-4.168
ED,2023-12-31,capex,-4.494
ED,2024-12-31,capex,-4.771
ED,2025-12-31,capex,-4.764
ED,2022-12-31,cash,1.282
ED,2023-12-31,cash,1.189
ED,2024-12-31,cash,1.324
ED,2025-12-31,cash,1.629
ED,2022-12-31,ebitda,5.105
ED,2023-12-31,ebitda,6.057
ED,2024-12-31,ebitda,5.48
ED,2025-12-31,ebitda,6.151
ED,2022-12-31,eps,4.66
ED,2023-12-31,eps,7.21
ED,2024-12-31,eps,5.24
ED,2025-12-31,eps,5.64
ED,2022-12-31,fcff_before_growth,2.63029
ED,2023-12-31,fcff_before_growth,0.9331699999999999
ED,2024-12-31,fcff_before_growth,2.3967300000000002
ED,2025-12-31,fcff_before_growth,3.45307
ED,2022-12-31,free_cf,-0.2330000000000001
ED,2023-12-31,free_cf,-2.3379999999999996
ED,2024-12-31,free_cf,-1.157
ED,2025-12-31,free_cf,0.03599999999999959
ED,2022-12-31,long_term_debt,20.623
ED,2023-12-31,long_term_debt,22.356
ED,2024-12-31,long_term_debt,25.037
ED,2025-12-31,long_term_debt,25.928
ED,2022-12-31,market_cap,33.831432881373416
ED,2023-12-31,market_cap,31.422473200490113
ED,2024-12-31,market_cap,30.92691330989544
ED,2025-12-31,market_cap,35.86658200583448
ED,2022-12-31,net_debt,23.133
ED,2023-12-31,net_debt,23.821
ED,2024-12-31,net_debt,26.500999999999998
ED,2025-12-31,net_debt,26.747
ED,2022-12-31,net_income,1.66
ED,2023-12-31,net_income,2.519
ED,2024-12-31,net_income,1.82
ED,2025-12-31,net_income,2.023
ED,2022-12-31,operating_cf,3.935
ED,2023-12-31,operating_cf,2.156
ED,2024-12-31,operating_cf,3.614
ED,2025-12-31,operating_cf,4.8
ED,2022-12-31,price,95.30999755859375
ED,2023-12-31,price,90.97000122070312
ED,2024-12-31,price,89.2300033569336
ED,2025-12-31,price,99.31999969482422
ED,2022-12-31,revenue,15.67
ED,2023-12-31,revenue,14.663
ED,2024-12-31,revenue,15.256
ED,2025-12-31,revenue,16.918
ED,2022-12-31,short_term_debt,3.792
ED,2023-12-31,short_term_debt,2.654
ED,2024-12-31,short_term_debt,2.788
ED,2025-12-31,short_term_debt,2.448
ED,2022-12-31,total_debt,24.415
ED,2023-12-31,total_debt,25.01
ED,2024-12-31,total_debt,27.825
ED,2025-12-31,total_debt,28.376
EIX,2022-12-31,capex,-5.778
EIX,2023-12-31,capex,-5.448
EIX,2024-12-31,capex,-5.707
EIX,2025-12-31,capex,-6.515
EIX,2022-12-31,cash,0.914
EIX,2023-12-31,cash,0.345
EIX,2024-12-31,cash,0.193
EIX,2025-12-31,cash,0.158
EIX,2022-12-31,ebitda,4.464
EIX,2023-12-31,ebitda,5.762
EIX,2024-12-31,ebitda,6.298
EIX,2025-12-31,ebitda,10.768
EIX,2022-12-31,eps,1.6
EIX,2023-12-31,eps,3.11
EIX,2024-12-31,eps,3.31
EIX,2025-12-31,eps,11.55
EIX,2022-12-31,fcff_before_growth,1.5065100000000002
EIX,2023-12-31,fcff_before_growth,2.03948
EIX,2024-12-31,fcff_before_growth,3.62451
EIX,2025-12-31,fcff_before_growth,3.77881
EIX,2022-12-31,free_cf,-2.5619999999999994
EIX,2023-12-31,free_cf,-2.0470000000000006
EIX,2024-12-31,free_cf,-0.6929999999999996
EIX,2025-12-31,free_cf,-0.7149999999999999
EIX,2022-12-31,long_term_debt,27.961
EIX,2023-12-31,long_term_debt,31.417
EIX,2024-12-31,long_term_debt,34.59
EIX,2025-12-31,long_term_debt,37.111
EIX,2022-12-31,market_cap,24.31610423451728
EIX,2023-12-31,market_cap,27.446791138727907
EIX,2024-12-31,market_cap,30.721210555836272
EIX,2025-12-31,market_cap,23.094919277261535
EIX,2022-12-31,net_debt,32.181999999999995
EIX,2023-12-31,net_debt,34.966
EIX,2024-12-31,net_debt,37.568000000000005
EIX,2025-12-31,net_debt,41.391
EIX,2022-12-31,net_income,0.824
EIX,2023-12-31,net_income,1.407
EIX,2024-12-31,net_income,1.546
EIX,2025-12-31,net_income,4.701
EIX,2022-12-31,operating_cf,3.216
EIX,2023-12-31,operating_cf,3.401
EIX,2024-12-31,operating_cf,5.014
EIX,2025-12-31,operating_cf,5.8
EIX,2022-12-31,price,63.619998931884766
EIX,2023-12-31,price,71.48999786376953
EIX,2024-12-31,price,79.83999633789062
EIX,2025-12-31,price,60.02000045776367
EIX,2022-12-31,revenue,17.22
EIX,2023-12-31,revenue,16.338
EIX,2024-12-31,revenue,17.599
EIX,2025-12-31,revenue,19.317
EIX,2022-12-31,short_term_debt,5.135
EIX,2023-12-31,short_term_debt,3.894
EIX,2024-12-31,short_term_debt,3.171
EIX,2025-12-31,short_term_debt,4.438
EIX,2022-12-31,total_debt,33.096
EIX,2023-12-31,total_debt,35.311
EIX,2024-12-31,total_debt,37.761
EIX,2025-12-31,total_debt,41.549
ELLO,2021-12-31,capex,-0.0921451346874237
ELLO,2022-12-31,cash,0.05615629930496215
ELLO,2023-12-31,cash,0.05938026828765869
ELLO,2024-12-31,cash,0.04686033220291137
ELLO,2025-12-31,cash,0.0998108899116516
ELLO,2022-12-31,ebitda,0.030735930442810058
ELLO,2023-12-31,ebitda,0.03361243987083435
ELLO,2024-12-31,ebitda,0.02327181568145752
ELLO,2025-12-31,ebitda,0.02820460214614868
ELLO,2022-12-31,eps,-0.03417634963989258
ELLO,2023-12-31,eps,0.19366598129272464
ELLO,2024-12-31,eps,-0.5809979438781738
ELLO,2025-12-31,eps,-0.15948963165283206
ELLO,2022-12-31,fcff_before_growth,0.0033897584547996507
ELLO,2023-12-31,fcff_before_growth,0.0018856686992645248
ELLO,2024-12-31,fcff_before_growth,0.004477557487487793
ELLO,2025-12-31,fcff_before_growth,-0.0005332194070816008
ELLO,2022-12-31,long_term_debt,0.4155468176364899
ELLO,2023-12-31,long_term_debt,0.450809975194931
ELLO,2024-12-31,long_term_debt,0.52114490275383
ELLO,2025-12-31,long_term_debt,0.6558555417060852
ELLO,2022-12-31,market_cap,0.19163204038885118
ELLO,2023-12-31,market_cap,0.19214614329856397
ELLO,2024-12-31,market_cap,0.20885450625
ELLO,2025-12-31,market_cap,0.3348838784857559
ELLO,2022-12-31,net_debt,0.41078035607337954
ELLO,2023-12-31,net_debt,0.45030530443191524
ELLO,2024-12-31,net_debt,0.5467407102108001
ELLO,2025-12-31,net_debt,0.6261608507156371
ELLO,2022-12-31,net_income,-0.00040669856071472166
ELLO,2023-12-31,net_income,0.0025279106616973874
ELLO,2024-12-31,net_income,-0.007432216835021973
ELLO,2025-12-31,net_income,-0.002429938459396362
ELLO,2022-12-31,operating_cf,0.012895875930786132
ELLO,2023-12-31,operating_cf,0.009801777076721191
ELLO,2024-12-31,operating_cf,0.009077238464355469
ELLO,2025-12-31,operating_cf,0.0027751195907592774
ELLO,2021-12-31,price,28.399999618530273
ELLO,2022-12-31,price,14.90999984741211
ELLO,2023-12-31,price,14.949999809265137
ELLO,2024-12-31,price,16.25
ELLO,2025-12-31,price,24.299999237060547
ELLO,2022-12-31,revenue,0.05951355605125427
ELLO,2023-12-31,revenue,0.0540316695690155
ELLO,2024-12-31,revenue,0.03921963963508606
ELLO,2025-12-31,revenue,0.03860902218818665
ELLO,2022-12-31,short_term_debt,0.048159033489227294
ELLO,2023-12-31,short_term_debt,0.05773980350494384
ELLO,2024-12-31,short_term_debt,0.07245613965988158
ELLO,2025-12-31,short_term_debt,0.0701161989212036
ELLO,2022-12-31,total_debt,0.46370585112571716
ELLO,2023-12-31,total_debt,0.5085497786998748
ELLO,2024-12-31,total_debt,0.5936010424137115
ELLO,2025-12-31,total_debt,0.7259717406272888
ELPC,2022-12-31,capex,-0.07524331756682694
ELPC,2023-12-31,capex,-0.04206859887166321
ELPC,2024-12-31,capex,-0.816704758635953
ELPC,2025-12-31,capex,-0.03969613912677765
ELPC,2022-12-31,cash,0.5532042056524307
ELPC,2023-12-31,cash,1.0902824331981986
ELPC,2024-12-31,cash,0.8025608111003935
ELPC,2025-12-31,cash,0.6809318084247857
ELPC,2022-12-31,ebitda,0.4646627740243077
ELPC,2023-12-31,ebitda,0.790854876850009
ELPC,2024-12-31,ebitda,0.8900645687466413
ELPC,2025-12-31,ebitda,0.9581415347281247
ELPC,2022-12-31,eps,0.3133653958408982
ELPC,2023-12-31,eps,0.5840247810330839
ELPC,2024-12-31,eps,0.7278322816293686
ELPC,2025-12-31,eps,0.6981579291811287
ELPC,2022-12-31,fcff_before_growth,0.550348895882181
ELPC,2023-12-31,fcff_before_growth,0.4469599170742553
ELPC,2024-12-31,fcff_before_growth,0.40885716664279387
ELPC,2025-12-31,fcff_before_growth,0.3348845176924383
ELPC,2022-12-31,free_cf,0.6772050896593332
ELPC,2023-12-31,free_cf,0.6363095135497897
ELPC,2024-12-31,free_cf,-0.16241564422555266
ELPC,2025-12-31,free_cf,0.5442019693299234
ELPC,2022-12-31,long_term_debt,2.1281607878754585
ELPC,2023-12-31,long_term_debt,2.5607129314071235
ELPC,2024-12-31,long_term_debt,2.7495560997912882
ELPC,2025-12-31,long_term_debt,3.5054175328121633
ELPC,2023-12-31,market_cap,23.47471900194442
ELPC,2024-12-31,market_cap,15.522663628710122
ELPC,2025-12-31,market_cap,28.24536946103515
ELPC,2022-12-31,net_debt,1.937592404554501
ELPC,2023-12-31,net_debt,1.8505652597070636
ELPC,2024-12-31,net_debt,2.5860343359756173
ELPC,2025-12-31,net_debt,3.3119850381941496
ELPC,2022-12-31,net_income,0.214399987284109
ELPC,2023-12-31,net_income,0.43550880100324746
ELPC,2024-12-31,net_income,0.5417095851672142
ELPC,2025-12-31,net_income,0.5183769593283832
ELPC,2022-12-31,operating_cf,0.7524484072261601
ELPC,2023-12-31,operating_cf,0.678378112421453
ELPC,2024-12-31,operating_cf,0.6542891144104004
ELPC,2025-12-31,operating_cf,0.583898108456701
ELPC,2023-12-31,price,7.869999885559082
ELPC,2024-12-31,price,5.214000225067139
ELPC,2025-12-31,price,9.510000228881836
ELPC,2022-12-31,revenue,3.9593067752944378
ELPC,2023-12-31,revenue,4.141338738038003
ELPC,2024-12-31,revenue,4.367222355949104
ELPC,2025-12-31,revenue,5.035448153025031
ELPC,2022-12-31,short_term_debt,0.32585026039354503
ELPC,2023-12-31,short_term_debt,0.3762331690237373
ELPC,2024-12-31,short_term_debt,0.6389189300623684
ELPC,2025-12-31,short_term_debt,0.4101156731494963
ELPC,2022-12-31,total_debt,2.4540110482690034
ELPC,2023-12-31,total_debt,2.9369461004308612
ELPC,2024-12-31,total_debt,3.388475029853657
ELPC,2025-12-31,total_debt,3.915533205961659
EMA,2022-12-31,capex,-1.8343308417797086
EMA,2023-12-31,capex,-2.075281079471111
EMA,2024-12-31,capex,-2.2264932520985603
EMA,2025-12-31,capex,-2.49570744729042
EMA,2022-12-31,cash,0.21904567062854766
EMA,2023-12-31,cash,0.40064159756898876
EMA,2024-12-31,cash,0.13849339175224304
EMA,2025-12-31,cash,0.24660302919149396
EMA,2022-12-31,ebitda,2.022286159157753
EMA,2023-12-31,ebitda,2.240625230848789
EMA,2024-12-31,ebitda,1.8053602853417394
EMA,2025-12-31,ebitda,2.4639104951024056
EMA,2022-12-31,eps,2.5084262281656264
EMA,2023-12-31,eps,2.522558206915855
EMA,2024-12-31,eps,1.2082841831445694
EMA,2025-12-31,eps,2.388304408788681
EMA,2022-12-31,fcff_before_growth,0.3632695797640086
EMA,2023-12-31,fcff_before_growth,1.3580972898757455
EMA,2024-12-31,fcff_before_growth,1.5940801370364426
EMA,2025-12-31,fcff_before_growth,0.9243868620312214
EMA,2022-12-31,free_cf,-1.1892060118317602
EMA,2023-12-31,free_cf,-0.4917928605079649
EMA,2024-12-31,free_cf,-0.35683246344327935
EMA,2025-12-31,free_cf,-1.222416161894798
EMA,2022-12-31,long_term_debt,11.124693672180175
EMA,2023-12-31,long_term_debt,12.499028605639934
EMA,2024-12-31,long_term_debt,12.841022491395472
EMA,2025-12-31,long_term_debt,13.038870193898676
EMA,2022-12-31,market_cap,10.395554847987443
EMA,2023-12-31,market_cap,10.73680100080735
EMA,2024-12-31,market_cap,11.062076258773414
EMA,2025-12-31,market_cap,14.858380170404503
EMA,2022-12-31,net_debt,13.237424495339393
EMA,2023-12-31,net_debt,13.58860416728258
EMA,2024-12-31,net_debt,13.85711176353693
EMA,2025-12-31,net_debt,14.917716768741606
EMA,2022-12-31,net_income,0.7122517290115356
EMA,2023-12-31,net_income,0.7376892907619476
EMA,2024-12-31,net_income,0.40064159756898876
EMA,2025-12-31,net_income,0.7694862429499626
EMA,2022-12-31,operating_cf,0.6451248299479484
EMA,2023-12-31,operating_cf,1.583488218963146
EMA,2024-12-31,operating_cf,1.869660788655281
EMA,2025-12-31,operating_cf,1.2732912853956222
EMA,2022-12-31,price,38.5099983215332
EMA,2023-12-31,price,37.790000915527344
EMA,2024-12-31,price,37.380001068115234
EMA,2025-12-31,price,49.2400016784668
EMA,2022-12-31,revenue,5.361672737836837
EMA,2023-12-31,revenue,5.344007764399051
EMA,2024-12-31,revenue,5.087512350082397
EMA,2025-12-31,revenue,6.201112275600432
EMA,2022-12-31,short_term_debt,2.3317764937877654
EMA,2023-12-31,short_term_debt,1.4902171592116356
EMA,2024-12-31,short_term_debt,1.1545826638936996
EMA,2025-12-31,short_term_debt,2.1254496040344235
EMA,2022-12-31,total_debt,13.456470165967941
EMA,2023-12-31,total_debt,13.98924576485157
EMA,2024-12-31,total_debt,13.995605155289173
EMA,2025-12-31,total_debt,15.1643197979331
ENIC,2022-12-31,capex,-1.09694672706893
ENIC,2023-12-31,capex,-0.788685
ENIC,2024-12-31,capex,-0.765417
ENIC,2025-12-31,capex,-0.499108
ENIC,2022-12-31,cash,1.0243330350691349
ENIC,2023-12-31,cash,0.653243
ENIC,2024-12-31,cash,0.395735
ENIC,2025-12-31,cash,0.4627
ENIC,2022-12-31,ebitda,2.421143962578907
ENIC,2023-12-31,ebitda,1.440087
ENIC,2024-12-31,ebitda,0.620681
ENIC,2025-12-31,ebitda,1.335611
ENIC,2022-12-31,eps,1.05885
ENIC,2023-12-31,eps,0.51754
ENIC,2024-12-31,eps,0.105
ENIC,2025-12-31,eps,0.3885
ENIC,2022-12-31,long_term_debt,2.755439348686276
ENIC,2023-12-31,long_term_debt,2.441499
ENIC,2024-12-31,long_term_debt,2.645832
ENIC,2025-12-31,long_term_debt,2.530045
ENIC,2022-12-31,market_cap,155.624753745
ENIC,2023-12-31,market_cap,224.0996460524237
ENIC,2024-12-31,market_cap,199.1996927090843
ENIC,2025-12-31,market_cap,278.04955870113264
ENIC,2022-12-31,net_debt,1.8191877167410362
ENIC,2023-12-31,net_debt,2.4449959999999997
ENIC,2024-12-31,net_debt,2.3495
ENIC,2025-12-31,net_debt,2.3691000000000004
ENIC,2022-12-31,net_income,1.464936232777395
ENIC,2023-12-31,net_income,0.754195
ENIC,2024-12-31,net_income,0.153763
ENIC,2025-12-31,net_income,0.537629
ENIC,2022-12-31,price,2.25
ENIC,2023-12-31,price,3.240000009536743
ENIC,2024-12-31,price,2.880000114440918
ENIC,2025-12-31,price,4.019999980926514
ENIC,2022-12-31,revenue,5.123430073534734
ENIC,2023-12-31,revenue,5.075058
ENIC,2024-12-31,revenue,4.137511
ENIC,2025-12-31,revenue,4.509547
ENIC,2022-12-31,short_term_debt,0.08774838953596001
ENIC,2023-12-31,short_term_debt,0.645703
ENIC,2024-12-31,short_term_debt,0.088429
ENIC,2025-12-31,short_term_debt,0.300979
ENIC,2022-12-31,total_debt,2.843187738222236
ENIC,2023-12-31,total_debt,3.087202
ENIC,2024-12-31,total_debt,2.734261
ENIC,2025-12-31,total_debt,2.831024
ENLT,2022-12-31,capex,-0.639074
ENLT,2023-12-31,capex,-0.730976
ENLT,2024-12-31,capex,-0.899257
ENLT,2025-12-31,capex,-1.81257
ENLT,2022-12-31,cash,0.231818
ENLT,2023-12-31,cash,0.409113
ENLT,2024-12-31,cash,0.387427
ENLT,2025-12-31,cash,0.528497
ENLT,2022-12-31,ebitda,0.149098
ENLT,2023-12-31,ebitda,0.253112
ENLT,2024-12-31,ebitda,0.291318
ENLT,2025-12-31,ebitda,0.480197
ENLT,2022-12-31,eps,0.25
ENLT,2023-12-31,eps,0.57
ENLT,2024-12-31,eps,0.36
ENLT,2025-12-31,eps,1.0
ENLT,2022-12-31,fcff_before_growth,0.09217125
ENLT,2023-12-31,fcff_before_growth,0.17387213
ENLT,2024-12-31,fcff_before_growth,0.22353270999999997
ENLT,2025-12-31,fcff_before_growth,0.23202742
ENLT,2022-12-31,free_cf,-0.548698
ENLT,2023-12-31,free_cf,-0.539377
ENLT,2024-12-31,free_cf,-0.6439779999999999
ENLT,2025-12-31,free_cf,-1.529922
ENLT,2022-12-31,long_term_debt,1.973643
ENLT,2023-12-31,long_term_debt,2.339476
ENLT,2024-12-31,long_term_debt,2.850726
ENLT,2025-12-31,long_term_debt,4.050983
ENLT,2023-12-31,market_cap,2.257817681400909
ENLT,2024-12-31,market_cap,2.044681375180063
ENLT,2025-12-31,market_cap,6.006806927567802
ENLT,2022-12-31,net_debt,1.967083
ENLT,2023-12-31,net_debt,2.295753
ENLT,2024-12-31,net_debt,2.7307469999999996
ENLT,2025-12-31,net_debt,4.592573
ENLT,2022-12-31,net_income,0.024749
ENLT,2023-12-31,net_income,0.070924
ENLT,2024-12-31,net_income,0.044209
ENLT,2025-12-31,net_income,0.132104
ENLT,2022-12-31,operating_cf,0.090376
ENLT,2023-12-31,operating_cf,0.191599
ENLT,2024-12-31,operating_cf,0.255279
ENLT,2025-12-31,operating_cf,0.282648
ENLT,2023-12-31,price,19.139999389648438
ENLT,2024-12-31,price,17.2450008392334
ENLT,2025-12-31,price,45.459999084472656
ENLT,2022-12-31,revenue,0.192172
ENLT,2023-12-31,revenue,0.261142
ENLT,2024-12-31,revenue,0.398795
ENLT,2025-12-31,revenue,0.582264
ENLT,2022-12-31,short_term_debt,0.187309
ENLT,2023-12-31,short_term_debt,0.360082
ENLT,2024-12-31,short_term_debt,0.267448
ENLT,2025-12-31,short_term_debt,1.070087
ENLT,2022-12-31,total_debt,2.160952
ENLT,2023-12-31,total_debt,2.699558
ENLT,2024-12-31,total_debt,3.118174
ENLT,2025-12-31,total_debt,5.12107
ES,2022-12-31,capex,-3.441852
ES,2023-12-31,capex,-4.336849
ES,2024-12-31,capex,-4.480529
ES,2025-12-31,capex,-4.158669
ES,2022-12-31,cash,0.374603
ES,2023-12-31,cash,0.053873
ES,2024-12-31,cash,0.026656
ES,2025-12-31,cash,0.135351
ES,2022-12-31,ebitda,4.18738
ES,2023-12-31,ebitda,1.396127
ES,2024-12-31,ebitda,4.131539
ES,2025-12-31,ebitda,5.48793
ES,2022-12-31,eps,4.05
ES,2023-12-31,eps,-1.27
ES,2024-12-31,eps,2.27
ES,2025-12-31,eps,4.56
ES,2022-12-31,fcff_before_growth,1.29399146
ES,2023-12-31,fcff_before_growth,1.5062363900000002
ES,2024-12-31,fcff_before_growth,1.2613254399999998
ES,2025-12-31,fcff_before_growth,2.6912651399999996
ES,2022-12-31,free_cf,-1.040559
ES,2023-12-31,free_cf,-2.6906879999999997
ES,2024-12-31,free_cf,-2.320792
ES,2025-12-31,free_cf,-0.045097000000000165
ES,2022-12-31,long_term_debt,20.134486
ES,2023-12-31,long_term_debt,23.955898
ES,2024-12-31,long_term_debt,26.025699
ES,2025-12-31,long_term_debt,27.153295
ES,2022-12-31,market_cap,29.21353152716049
ES,2023-12-31,market_cap,21.573625644204895
ES,2024-12-31,market_cap,21.0543005382399
ES,2025-12-31,market_cap,25.27681921780884
ES,2022-12-31,net_debt,22.565421999999998
ES,2023-12-31,net_debt,26.700504000000002
ES,2024-12-31,net_debt,29.088196
ES,2025-12-31,net_debt,29.979547
ES,2022-12-31,net_income,1.404875
ES,2023-12-31,net_income,-0.44224
ES,2024-12-31,net_income,0.811653
ES,2025-12-31,net_income,1.692372
ES,2022-12-31,operating_cf,2.401293
ES,2023-12-31,operating_cf,1.646161
ES,2024-12-31,operating_cf,2.159737
ES,2025-12-31,operating_cf,4.113572
ES,2022-12-31,price,83.83999633789062
ES,2023-12-31,price,61.720001220703125
ES,2024-12-31,price,57.43000030517578
ES,2025-12-31,price,67.33000183105469
ES,2022-12-31,revenue,12.289336
ES,2023-12-31,revenue,11.910705
ES,2024-12-31,revenue,11.900809
ES,2025-12-31,revenue,13.547244
ES,2022-12-31,short_term_debt,2.805539
ES,2023-12-31,short_term_debt,2.798479
ES,2024-12-31,short_term_debt,3.089153
ES,2025-12-31,short_term_debt,2.961603
ES,2022-12-31,total_debt,22.940025
ES,2023-12-31,total_debt,26.754377
ES,2024-12-31,total_debt,29.114852
ES,2025-12-31,total_debt,30.114898
ETR,2022-12-31,capex,-5.394932
ETR,2023-12-31,capex,-4.746719
ETR,2024-12-31,capex,-5.96971
ETR,2025-12-31,capex,-7.941351
ETR,2022-12-31,cash,0.224164
ETR,2023-12-31,cash,0.132548
ETR,2024-12-31,cash,0.859703
ETR,2025-12-31,cash,1.928916
ETR,2022-12-31,ebitda,4.236349
ETR,2023-12-31,ebitda,4.92266
ETR,2024-12-31,ebitda,5.036593
ETR,2025-12-31,ebitda,6.145069
ETR,2022-12-31,eps,2.685
ETR,2023-12-31,eps,5.55
ETR,2024-12-31,eps,2.45
ETR,2025-12-31,eps,3.91
ETR,2022-12-31,fcff_before_growth,1.1754952200000002
ETR,2023-12-31,fcff_before_growth,2.84490974
ETR,2024-12-31,fcff_before_growth,2.9540957999999997
ETR,2025-12-31,fcff_before_growth,3.66946729
ETR,2022-12-31,free_cf,-2.8094419999999998
ETR,2023-12-31,free_cf,-0.45239099999999954
ETR,2024-12-31,free_cf,-1.4812000000000003
ETR,2025-12-31,free_cf,-2.7907
ETR,2022-12-31,long_term_debt,23.623512
ETR,2023-12-31,long_term_debt,23.008839
ETR,2024-12-31,long_term_debt,26.613505
ETR,2025-12-31,long_term_debt,27.902021
ETR,2022-12-31,market_cap,23.75735625
ETR,2023-12-31,market_cap,21.53814731794983
ETR,2024-12-31,market_cap,32.570787010022464
ETR,2025-12-31,market_cap,41.80972764499302
ETR,2022-12-31,net_debt,26.536006
ETR,2023-12-31,net_debt,26.113519
ETR,2024-12-31,net_debt,28.059183
ETR,2025-12-31,net_debt,29.006019
ETR,2022-12-31,net_income,1.097138
ETR,2023-12-31,net_income,2.36231
ETR,2024-12-31,net_income,1.061184
ETR,2025-12-31,net_income,1.773328
ETR,2022-12-31,operating_cf,2.58549
ETR,2023-12-31,operating_cf,4.294328
ETR,2024-12-31,operating_cf,4.48851
ETR,2025-12-31,operating_cf,5.150651
ETR,2022-12-31,price,56.25
ETR,2023-12-31,price,50.595001220703125
ETR,2024-12-31,price,75.81999969482422
ETR,2025-12-31,price,92.43000030517578
ETR,2022-12-31,revenue,13.764237
ETR,2023-12-31,revenue,12.147412
ETR,2024-12-31,revenue,11.879653
ETR,2025-12-31,revenue,12.946686
ETR,2022-12-31,short_term_debt,3.136658
ETR,2023-12-31,short_term_debt,3.237228
ETR,2024-12-31,short_term_debt,2.305381
ETR,2025-12-31,short_term_debt,3.032914
ETR,2022-12-31,total_debt,26.76017
ETR,2023-12-31,total_debt,26.246067
ETR,2024-12-31,total_debt,28.918886
ETR,2025-12-31,total_debt,30.934935
EVRG,2022-12-31,capex,-2.1665
EVRG,2023-12-31,capex,-2.334
EVRG,2024-12-31,capex,-2.3366
EVRG,2025-12-31,capex,-2.7969
EVRG,2022-12-31,cash,0.0252
EVRG,2023-12-31,cash,0.0277
EVRG,2024-12-31,cash,0.022
EVRG,2025-12-31,cash,0.0198
EVRG,2022-12-31,ebitda,2.1941
EVRG,2023-12-31,ebitda,2.4165
EVRG,2024-12-31,ebitda,2.6416
EVRG,2025-12-31,ebitda,2.7254
EVRG,2022-12-31,eps,3.27
EVRG,2023-12-31,eps,3.17
EVRG,2024-12-31,eps,3.79
EVRG,2025-12-31,eps,3.66
EVRG,2022-12-31,fcff_before_growth,1.13616
EVRG,2023-12-31,fcff_before_growth,1.256682
EVRG,2024-12-31,fcff_before_growth,1.258049
EVRG,2025-12-31,fcff_before_growth,1.313977
EVRG,2022-12-31,free_cf,-0.36460000000000004
EVRG,2023-12-31,free_cf,-0.3538000000000001
EVRG,2024-12-31,free_cf,-0.35289999999999977
EVRG,2025-12-31,free_cf,-0.7517
EVRG,2022-12-31,long_term_debt,9.9057
EVRG,2023-12-31,long_term_debt,11.0533
EVRG,2024-12-31,long_term_debt,11.8092
EVRG,2025-12-31,long_term_debt,13.0392
EVRG,2022-12-31,market_cap,14.445336457701911
EVRG,2023-12-31,market_cap,11.991869426469544
EVRG,2024-12-31,market_cap,14.155491327786427
EVRG,2025-12-31,market_cap,16.69174074636586
EVRG,2022-12-31,net_debt,12.0109
EVRG,2023-12-31,net_debt,13.1194
EVRG,2024-12-31,net_debt,14.0475
EVRG,2025-12-31,net_debt,15.1824
EVRG,2022-12-31,net_income,0.7527
EVRG,2023-12-31,net_income,0.7313
EVRG,2024-12-31,net_income,0.8735
EVRG,2025-12-31,net_income,0.8556
EVRG,2022-12-31,operating_cf,1.8019
EVRG,2023-12-31,operating_cf,1.9802
EVRG,2024-12-31,operating_cf,1.9837
EVRG,2025-12-31,operating_cf,2.0452
EVRG,2022-12-31,price,62.93000030517578
EVRG,2023-12-31,price,52.20000076293945
EVRG,2024-12-31,price,61.54999923706055
EVRG,2025-12-31,price,72.48999786376953
EVRG,2022-12-31,revenue,5.8591
EVRG,2023-12-31,revenue,5.5082
EVRG,2024-12-31,revenue,5.8473
EVRG,2025-12-31,revenue,5.9616
EVRG,2022-12-31,short_term_debt,2.1304
EVRG,2023-12-31,short_term_debt,2.0938
EVRG,2024-12-31,short_term_debt,2.2603
EVRG,2025-12-31,short_term_debt,2.163
EVRG,2022-12-31,total_debt,12.0361
EVRG,2023-12-31,total_debt,13.1471
EVRG,2024-12-31,total_debt,14.0695
EVRG,2025-12-31,total_debt,15.2022
EXC,2022-12-31,capex,-7.147
EXC,2023-12-31,capex,-7.408
EXC,2024-12-31,capex,-7.097
EXC,2025-12-31,capex,-8.529
EXC,2022-12-31,cash,0.407
EXC,2023-12-31,cash,0.445
EXC,2024-12-31,cash,0.357
EXC,2025-12-31,cash,0.626
EXC,2022-12-31,ebitda,7.175
EXC,2023-12-31,ebitda,7.937
EXC,2024-12-31,ebitda,8.175
EXC,2025-12-31,ebitda,9.058
EXC,2022-12-31,eps,2.08
EXC,2023-12-31,eps,2.33033
EXC,2024-12-31,eps,2.447649
EXC,2025-12-31,eps,2.707353
EXC,2022-12-31,fcff_before_growth,3.2451300000000005
EXC,2023-12-31,fcff_before_growth,3.28291
EXC,2024-12-31,fcff_before_growth,4.16306
EXC,2025-12-31,fcff_before_growth,4.88833
EXC,2022-12-31,free_cf,-2.277
EXC,2023-12-31,free_cf,-2.705
EXC,2024-12-31,free_cf,-1.5280000000000005
EXC,2025-12-31,free_cf,-2.2750000000000004
EXC,2022-12-31,long_term_debt,35.662
EXC,2023-12-31,long_term_debt,40.082
EXC,2024-12-31,long_term_debt,43.337
EXC,2025-12-31,long_term_debt,47.803
EXC,2022-12-31,market_cap,42.97061954498291
EXC,2023-12-31,market_cap,35.864101524353025
EXC,2024-12-31,market_cap,37.82993082656861
EXC,2025-12-31,market_cap,44.56645974600601
EXC,2022-12-31,net_debt,39.643
EXC,2023-12-31,net_debt,43.563
EXC,2024-12-31,net_debt,46.292
EXC,2025-12-31,net_debt,49.454
EXC,2022-12-31,net_income,2.17
EXC,2023-12-31,net_income,2.328
EXC,2024-12-31,net_income,2.46
EXC,2025-12-31,net_income,2.768
EXC,2022-12-31,operating_cf,4.87
EXC,2023-12-31,operating_cf,4.703
EXC,2024-12-31,operating_cf,5.569
EXC,2025-12-31,operating_cf,6.254
EXC,2022-12-31,price,43.22999954223633
EXC,2023-12-31,price,35.900001525878906
EXC,2024-12-31,price,37.63999938964844
EXC,2025-12-31,price,43.59000015258789
EXC,2022-12-31,revenue,19.078
EXC,2023-12-31,revenue,21.727
EXC,2024-12-31,revenue,23.028
EXC,2025-12-31,revenue,24.258
EXC,2022-12-31,short_term_debt,4.388
EXC,2023-12-31,short_term_debt,3.926
EXC,2024-12-31,short_term_debt,3.312
EXC,2025-12-31,short_term_debt,2.277
EXC,2022-12-31,total_debt,40.05
EXC,2023-12-31,total_debt,44.008
EXC,2024-12-31,total_debt,46.649
EXC,2025-12-31,total_debt,50.08
FE,2022-12-31,capex,-2.848
FE,2023-12-31,capex,-3.356
FE,2024-12-31,capex,-4.03
FE,2025-12-31,capex,-4.705
FE,2022-12-31,cash,0.16
FE,2023-12-31,cash,0.137
FE,2024-12-31,cash,0.111
FE,2025-12-31,cash,0.057
FE,2022-12-31,ebitda,3.769
FE,2023-12-31,ebitda,3.952
FE,2024-12-31,ebitda,4.096
FE,2025-12-31,ebitda,4.255
FE,2022-12-31,eps,0.1775
FE,2023-12-31,eps,0.48
FE,2024-12-31,eps,0.425
FE,2025-12-31,eps,0.44
FE,2022-12-31,fcff_before_growth,2.12045
FE,2023-12-31,fcff_before_growth,0.9433300000000001
FE,2024-12-31,fcff_before_growth,2.24369
FE,2025-12-31,fcff_before_growth,2.90828
FE,2022-12-31,free_cf,-0.16500000000000004
FE,2023-12-31,free_cf,-1.9689999999999999
FE,2024-12-31,free_cf,-1.1390000000000002
FE,2025-12-31,free_cf,-1.005
FE,2022-12-31,long_term_debt,21.203
FE,2023-12-31,long_term_debt,22.885
FE,2024-12-31,long_term_debt,22.496
FE,2025-12-31,long_term_debt,25.508
FE,2022-12-31,market_cap,23.995170502377732
FE,2023-12-31,market_cap,21.055135529723373
FE,2024-12-31,market_cap,22.93763440222763
FE,2025-12-31,market_cap,25.87039186255922
FE,2022-12-31,net_debt,21.494
FE,2023-12-31,net_debt,24.773
FE,2024-12-31,net_debt,23.912
FE,2025-12-31,net_debt,26.499000000000002
FE,2022-12-31,net_income,0.406
FE,2023-12-31,net_income,1.102
FE,2024-12-31,net_income,0.978
FE,2025-12-31,net_income,1.02
FE,2022-12-31,operating_cf,2.683
FE,2023-12-31,operating_cf,1.387
FE,2024-12-31,operating_cf,2.891
FE,2025-12-31,operating_cf,3.7
FE,2022-12-31,price,41.939998626708984
FE,2023-12-31,price,36.65999984741211
FE,2024-12-31,price,39.779998779296875
FE,2025-12-31,price,44.77000045776367
FE,2022-12-31,revenue,12.459
FE,2023-12-31,revenue,12.87
FE,2024-12-31,revenue,13.472
FE,2025-12-31,revenue,15.09
FE,2022-12-31,short_term_debt,0.451
FE,2023-12-31,short_term_debt,2.025
FE,2024-12-31,short_term_debt,1.527
FE,2025-12-31,short_term_debt,1.048
FE,2022-12-31,total_debt,21.654
FE,2023-12-31,total_debt,24.91
FE,2024-12-31,total_debt,24.023
FE,2025-12-31,total_debt,26.556
FLNC,2022-09-30,capex,-0.007934
FLNC,2023-09-30,capex,-0.012224
FLNC,2024-09-30,capex,-0.018975
FLNC,2025-09-30,capex,-0.029799
FLNC,2022-09-30,cash,0.467651
FLNC,2023-09-30,cash,0.345896
FLNC,2024-09-30,cash,0.448685
FLNC,2025-09-30,cash,0.690768
FLNC,2022-09-30,ebitda,-0.276413
FLNC,2023-09-30,ebitda,-0.101944
FLNC,2024-09-30,ebitda,0.041103
FLNC,2025-09-30,ebitda,-0.016994
FLNC,2022-09-30,eps,-1.5
FLNC,2023-09-30,eps,-0.6
FLNC,2024-09-30,eps,0.13
FLNC,2025-09-30,eps,-0.37
FLNC,2022-09-30,fcff_before_growth,-0.28789878
FLNC,2023-09-30,fcff_before_growth,-0.12259199999999999
FLNC,2024-09-30,fcff_before_growth,0.06520300000000001
FLNC,2025-09-30,fcff_before_growth,-0.174881
FLNC,2022-09-30,free_cf,-0.290319
FLNC,2023-09-30,free_cf,-0.124151
FLNC,2024-09-30,free_cf,0.06071000000000001
FLNC,2025-09-30,free_cf,-0.175337
FLNC,2022-09-30,long_term_debt,0.001011
FLNC,2023-09-30,long_term_debt,0.028024
FLNC,2025-09-30,long_term_debt,0.390804
FLNC,2022-09-30,market_cap,1.6759988529182472
FLNC,2023-09-30,market_cap,2.7335899434351636
FLNC,2024-09-30,market_cap,2.939168891380806
FLNC,2025-09-30,market_cap,1.4165751670176172
FLNC,2022-09-30,net_debt,-0.354553
FLNC,2023-09-30,net_debt,-0.29533299999999996
FLNC,2024-09-30,net_debt,-0.418325
FLNC,2025-09-30,net_debt,-0.29996400000000006
FLNC,2022-09-30,net_income,-0.104485
FLNC,2023-09-30,net_income,-0.06962
FLNC,2024-09-30,net_income,0.022716
FLNC,2025-09-30,net_income,-0.048314
FLNC,2022-09-30,operating_cf,-0.282385
FLNC,2023-09-30,operating_cf,-0.111927
FLNC,2024-09-30,operating_cf,0.079685
FLNC,2025-09-30,operating_cf,-0.145538
FLNC,2022-09-30,price,14.59000015258789
FLNC,2023-09-30,price,22.989999771118164
FLNC,2024-09-30,price,22.709999084472656
FLNC,2025-09-30,price,10.800000190734863
FLNC,2022-09-30,revenue,1.198603
FLNC,2023-09-30,revenue,2.217978
FLNC,2024-09-30,revenue,2.698562
FLNC,2025-09-30,revenue,2.26283
FLNC,2021-09-30,short_term_debt,0.1
FLNC,2022-09-30,short_term_debt,0.001732
FLNC,2023-09-30,short_term_debt,0.022539
FLNC,2024-09-30,short_term_debt,0.03036
FLNC,2022-09-30,total_debt,0.002743
FLNC,2023-09-30,total_debt,0.050563
FLNC,2024-09-30,total_debt,0.03036
FLNC,2025-09-30,total_debt,0.390804
FRVO,2024-12-31,capex,-0.178693
FRVO,2025-12-31,capex,-0.465659
FRVO,2024-12-31,cash,0.193428
FRVO,2025-12-31,cash,0.461836
FRVO,2024-12-31,ebitda,-0.040164
FRVO,2025-12-31,ebitda,-0.049091
FRVO,2024-12-31,eps,-0.144977
FRVO,2025-12-31,eps,-0.203793
FRVO,2024-12-31,fcff_before_growth,-0.05426686
FRVO,2025-12-31,fcff_before_growth,-0.02540626
FRVO,2024-12-31,free_cf,-0.23344099999999998
FRVO,2025-12-31,free_cf,-0.49741599999999997
FRVO,2024-12-31,long_term_debt,0.07987
FRVO,2025-12-31,long_term_debt,0.245476
FRVO,2024-12-31,net_debt,-0.11163
FRVO,2025-12-31,net_debt,-0.211538
FRVO,2024-12-31,net_income,-0.04111
FRVO,2025-12-31,net_income,-0.057788
FRVO,2024-12-31,operating_cf,-0.054748
FRVO,2025-12-31,operating_cf,-0.031757
FRVO,2024-12-31,revenue,0.000199
FRVO,2025-12-31,revenue,0.000138
FRVO,2024-12-31,short_term_debt,0.001928
FRVO,2025-12-31,short_term_debt,0.004822
FRVO,2024-12-31,total_debt,0.081798
FRVO,2025-12-31,total_debt,0.250298
FTS,2022-12-31,capex,-2.7310048934817313
FTS,2023-12-31,capex,-2.9458109704852102
FTS,2024-12-31,capex,-3.687033255934715
FTS,2025-12-31,capex,-4.404937776446342
FTS,2022-12-31,cash,0.1476791779398918
FTS,2023-12-31,cash,0.4416243359446525
FTS,2024-12-31,cash,0.1554517662525177
FTS,2025-12-31,cash,0.25932181006669996
FTS,2022-12-31,ebitda,3.2312769412398334
FTS,2023-12-31,ebitda,3.637571330308914
FTS,2024-12-31,ebitda,3.8912403488755225
FTS,2025-12-31,ebitda,4.161161143004894
FTS,2022-12-31,eps,1.9643450462818144
FTS,2023-12-31,eps,2.190456706285477
FTS,2024-12-31,eps,2.289380557537079
FTS,2025-12-31,eps,2.4024363875389096
FTS,2022-12-31,fcff_before_growth,1.6086290091598034
FTS,2023-12-31,fcff_before_growth,1.980561491897702
FTS,2024-12-31,fcff_before_growth,2.1662486266863343
FTS,2025-12-31,fcff_before_growth,2.2417699211275575
FTS,2022-12-31,free_cf,-0.5589197595715523
FTS,2023-12-31,free_cf,-0.4409177370071413
FTS,2024-12-31,free_cf,-0.9440161805152893
FTS,2025-12-31,free_cf,-1.5347328922748567
FTS,2022-12-31,long_term_debt,18.58425865548849
FTS,2023-12-31,long_term_debt,19.511316461503505
FTS,2024-12-31,long_term_debt,22.338418810486793
FTS,2025-12-31,long_term_debt,21.98582594066858
FTS,2022-12-31,market_cap,19.305311826782088
FTS,2023-12-31,market_cap,20.177905611265054
FTS,2024-12-31,market_cap,20.755946782475394
FTS,2025-12-31,market_cap,26.351242435194443
FTS,2022-12-31,net_debt,20.368420972704886
FTS,2023-12-31,net_debt,20.77612855964899
FTS,2024-12-31,net_debt,23.65834562575817
FTS,2025-12-31,net_debt,24.240583150267597
FTS,2022-12-31,net_income,0.984998918890953
FTS,2023-12-31,net_income,1.1114801287055014
FTS,2024-12-31,net_income,1.187086215019226
FTS,2025-12-31,net_income,1.2711714885830878
FTS,2022-12-31,operating_cf,2.172085133910179
FTS,2023-12-31,operating_cf,2.504893233478069
FTS,2024-12-31,operating_cf,2.743017075419426
FTS,2025-12-31,operating_cf,2.8702048841714856
FTS,2022-12-31,price,40.040000915527344
FTS,2023-12-31,price,41.130001068115234
FTS,2024-12-31,price,41.56999969482422
FTS,2025-12-31,price,51.939998626708984
FTS,2022-12-31,revenue,7.802972066938876
FTS,2023-12-31,revenue,8.1378999633193
FTS,2024-12-31,revenue,8.131540572881699
FTS,2025-12-31,revenue,8.599309069514273
FTS,2022-12-31,short_term_debt,1.931841495156288
FTS,2023-12-31,short_term_debt,1.7064364340901375
FTS,2024-12-31,short_term_debt,1.4753785815238951
FTS,2025-12-31,short_term_debt,2.5140790196657177
FTS,2022-12-31,total_debt,20.516100150644778
FTS,2023-12-31,total_debt,21.21775289559364
FTS,2024-12-31,total_debt,23.813797392010688
FTS,2025-12-31,total_debt,24.499904960334298
GNE,2022-12-31,capex,-0.001019
GNE,2023-12-31,capex,-0.009028
GNE,2024-12-31,capex,-0.00804
GNE,2025-12-31,capex,-0.008174
GNE,2022-12-31,cash,0.099061
GNE,2023-12-31,cash,0.108005
GNE,2024-12-31,cash,0.199893
GNE,2025-12-31,cash,0.212695
GNE,2022-12-31,ebitda,0.078037
GNE,2023-12-31,ebitda,0.063758
GNE,2024-12-31,ebitda,0.054829
GNE,2025-12-31,ebitda,0.037816
GNE,2022-12-31,eps,3.26
GNE,2023-12-31,eps,0.74
GNE,2024-12-31,eps,0.46
GNE,2025-12-31,eps,0.9
GNE,2022-12-31,fcff_before_growth,0.08040091
GNE,2023-12-31,fcff_before_growth,0.06209321
GNE,2024-12-31,fcff_before_growth,0.07022456
GNE,2025-12-31,fcff_before_growth,0.045859300000000006
GNE,2022-12-31,free_cf,0.079665
GNE,2023-12-31,free_cf,0.05345
GNE,2024-12-31,free_cf,0.062702
GNE,2025-12-31,free_cf,0.038161
GNE,2024-12-31,long_term_debt,0.008668
GNE,2025-12-31,long_term_debt,0.006529
GNE,2022-12-31,market_cap,0.2687883039665222
GNE,2023-12-31,market_cap,0.7711930973721428
GNE,2024-12-31,market_cap,0.4218075028684616
GNE,2025-12-31,market_cap,0.3640858652247448
GNE,2022-12-31,net_debt,-0.098321
GNE,2023-12-31,net_debt,-0.10729999999999999
GNE,2024-12-31,net_debt,-0.183581
GNE,2025-12-31,net_debt,-0.19476
GNE,2022-12-31,net_income,0.087805
GNE,2023-12-31,net_income,0.052243
GNE,2024-12-31,net_income,0.035509
GNE,2025-12-31,net_income,0.024006
GNE,2022-12-31,operating_cf,0.080684
GNE,2023-12-31,operating_cf,0.062478
GNE,2024-12-31,operating_cf,0.070742
GNE,2025-12-31,operating_cf,0.046335
GNE,2022-12-31,price,10.34000015258789
GNE,2023-12-31,price,28.1299991607666
GNE,2024-12-31,price,15.59000015258789
GNE,2025-12-31,price,13.779999732971191
GNE,2022-12-31,revenue,0.315539
GNE,2023-12-31,revenue,0.428708
GNE,2024-12-31,revenue,0.425202
GNE,2025-12-31,revenue,0.501971
GNE,2022-12-31,short_term_debt,0.00025
GNE,2023-12-31,short_term_debt,0.000309
GNE,2024-12-31,short_term_debt,0.00058
GNE,2025-12-31,short_term_debt,0.002227
GNE,2022-12-31,total_debt,0.00025
GNE,2023-12-31,total_debt,0.000309
GNE,2024-12-31,total_debt,0.009248
GNE,2025-12-31,total_debt,0.008756
GWRS,2022-12-31,capex,-0.033984
GWRS,2023-12-31,capex,-0.022312
GWRS,2024-12-31,capex,-0.032324
GWRS,2025-12-31,capex,-0.067321
GWRS,2022-12-31,cash,0.006561
GWRS,2023-12-31,cash,0.003087
GWRS,2024-12-31,cash,0.009047
GWRS,2025-12-31,cash,0.00408
GWRS,2022-12-31,ebitda,0.02127
GWRS,2023-12-31,ebitda,0.027497
GWRS,2024-12-31,ebitda,0.02668
GWRS,2025-12-31,ebitda,0.024945
GWRS,2022-12-31,eps,0.24
GWRS,2023-12-31,eps,0.33
GWRS,2024-12-31,eps,0.24
GWRS,2025-12-31,eps,0.11
GWRS,2022-12-31,fcff_before_growth,0.01702461
GWRS,2023-12-31,fcff_before_growth,0.01748878
GWRS,2024-12-31,fcff_before_growth,0.01388242
GWRS,2025-12-31,fcff_before_growth,0.00988156
GWRS,2022-12-31,free_cf,-0.010648000000000001
GWRS,2023-12-31,free_cf,0.0030810000000000004
GWRS,2024-12-31,free_cf,-0.010539
GWRS,2025-12-31,free_cf,-0.04715300000000001
GWRS,2022-12-31,long_term_debt,0.106561
GWRS,2023-12-31,long_term_debt,0.105026
GWRS,2024-12-31,long_term_debt,0.119968
GWRS,2025-12-31,long_term_debt,0.133497
GWRS,2022-12-31,market_cap,0.317007484505743
GWRS,2023-12-31,market_cap,0.3162121504355755
GWRS,2024-12-31,market_cap,0.278599184
GWRS,2025-12-31,market_cap,0.24299541081506537
GWRS,2022-12-31,net_debt,0.104338
GWRS,2023-12-31,net_debt,0.106372
GWRS,2024-12-31,net_debt,0.115718
GWRS,2025-12-31,net_debt,0.134209
GWRS,2022-12-31,net_income,0.005506
GWRS,2023-12-31,net_income,0.007982
GWRS,2024-12-31,net_income,0.005789
GWRS,2025-12-31,net_income,0.002957
GWRS,2022-12-31,operating_cf,0.023336
GWRS,2023-12-31,operating_cf,0.025393
GWRS,2024-12-31,operating_cf,0.021785
GWRS,2025-12-31,operating_cf,0.020168
GWRS,2022-12-31,price,13.279999732971191
GWRS,2023-12-31,price,13.079999923706055
GWRS,2024-12-31,price,11.5
GWRS,2025-12-31,price,8.449999809265137
GWRS,2022-12-31,revenue,0.044728
GWRS,2023-12-31,revenue,0.053028
GWRS,2024-12-31,revenue,0.052692
GWRS,2025-12-31,revenue,0.055758
GWRS,2022-12-31,short_term_debt,0.004338
GWRS,2023-12-31,short_term_debt,0.004433
GWRS,2024-12-31,short_term_debt,0.004797
GWRS,2025-12-31,short_term_debt,0.004792
GWRS,2022-12-31,total_debt,0.110899
GWRS,2023-12-31,total_debt,0.109459
GWRS,2024-12-31,total_debt,0.124765
GWRS,2025-12-31,total_debt,0.138289
HE,2022-12-31,capex,-0.339333
HE,2023-12-31,capex,-0.442727
HE,2024-12-31,capex,-0.344251
HE,2025-12-31,capex,-0.341202
HE,2022-12-31,cash,1.629544
HE,2023-12-31,cash,0.244091
HE,2024-12-31,cash,0.750535
HE,2025-12-31,cash,0.501778
HE,2022-12-31,ebitda,0.572345
HE,2023-12-31,ebitda,0.584937
HE,2024-12-31,ebitda,-1.376325
HE,2025-12-31,ebitda,0.577289
HE,2022-12-31,eps,2.2
HE,2023-12-31,eps,1.81
HE,2024-12-31,eps,-11.23
HE,2025-12-31,eps,0.71
HE,2022-12-31,fcff_before_growth,0.26305994
HE,2023-12-31,fcff_before_growth,0.36422649000000007
HE,2024-12-31,fcff_before_growth,0.29012023
HE,2025-12-31,fcff_before_growth,0.18019239000000004
HE,2022-12-31,free_cf,0.115143
HE,2023-12-31,free_cf,0.10874400000000006
HE,2024-12-31,free_cf,0.14323000000000002
HE,2025-12-31,free_cf,0.049871
HE,2022-12-31,long_term_debt,3.255413
HE,2023-12-31,long_term_debt,3.227167
HE,2024-12-31,long_term_debt,3.173508
HE,2025-12-31,long_term_debt,2.833884
HE,2022-12-31,market_cap,4.581352603710823
HE,2023-12-31,market_cap,1.563053967398466
HE,2024-12-31,market_cap,1.67809028689151
HE,2025-12-31,market_cap,2.1232318877247427
HE,2022-12-31,net_debt,3.228104
HE,2023-12-31,net_debt,2.999572
HE,2024-12-31,net_debt,2.580767
HE,2025-12-31,net_debt,2.457065
HE,2022-12-31,net_income,0.243028
HE,2023-12-31,net_income,0.201128
HE,2024-12-31,net_income,-1.424119
HE,2025-12-31,net_income,0.126281
HE,2022-12-31,operating_cf,0.454476
HE,2023-12-31,operating_cf,0.551471
HE,2024-12-31,operating_cf,0.487481
HE,2025-12-31,operating_cf,0.391073
HE,2022-12-31,price,41.849998474121094
HE,2023-12-31,price,14.1899995803833
HE,2024-12-31,price,9.729999542236328
HE,2025-12-31,price,12.300000190734863
HE,2022-12-31,revenue,3.420917
HE,2023-12-31,revenue,3.287503
HE,2024-12-31,revenue,3.21985
HE,2025-12-31,revenue,3.086896
HE,2022-12-31,short_term_debt,0.172568
HE,2023-12-31,short_term_debt,0.016496
HE,2024-12-31,short_term_debt,0.157794
HE,2025-12-31,short_term_debt,0.124959
HE,2022-12-31,total_debt,3.427981
HE,2023-12-31,total_debt,3.243663
HE,2024-12-31,total_debt,3.331302
HE,2025-12-31,total_debt,2.958843
HNRG,2022-12-31,capex,-0.05402
HNRG,2023-12-31,capex,-0.075352
HNRG,2024-12-31,capex,-0.053367
HNRG,2025-12-31,capex,-0.069215
HNRG,2022-12-31,cash,0.003009
HNRG,2023-12-31,cash,0.002842
HNRG,2024-12-31,cash,0.007232
HNRG,2025-12-31,cash,0.01007
HNRG,2022-12-31,ebitda,0.075014
HNRG,2023-12-31,ebitda,0.126947
HNRG,2024-12-31,ebitda,-0.157813
HNRG,2025-12-31,ebitda,0.099829
HNRG,2022-12-31,eps,0.55
HNRG,2023-12-31,eps,1.25
HNRG,2024-12-31,eps,-5.72
HNRG,2025-12-31,eps,0.96
HNRG,2022-12-31,fcff_before_growth,0.013833620000000003
HNRG,2023-12-31,fcff_before_growth,0.0004806199999999941
HNRG,2024-12-31,fcff_before_growth,0.009869370000000002
HNRG,2025-12-31,fcff_before_growth,0.051685369999999994
HNRG,2022-12-31,free_cf,0.0001490000000000033
HNRG,2023-12-31,free_cf,-0.015938
HNRG,2024-12-31,free_cf,0.012567000000000009
HNRG,2025-12-31,free_cf,0.011918999999999999
HNRG,2022-12-31,long_term_debt,0.068713
HNRG,2023-12-31,long_term_debt,0.09061
HNRG,2024-12-31,long_term_debt,0.046143
HNRG,2025-12-31,long_term_debt,0.031016
HNRG,2022-12-31,market_cap,0.32966999244689943
HNRG,2023-12-31,market_cap,0.30101968519592287
HNRG,2024-12-31,market_cap,0.48801044187068937
HNRG,2025-12-31,market_cap,0.8342757201156616
HNRG,2022-12-31,net_debt,0.098735
HNRG,2023-12-31,net_debt,0.116139
HNRG,2024-12-31,net_debt,0.049918
HNRG,2025-12-31,net_debt,0.028357
HNRG,2022-12-31,net_income,0.018105
HNRG,2023-12-31,net_income,0.044793
HNRG,2024-12-31,net_income,-0.226138
HNRG,2025-12-31,net_income,0.041871
HNRG,2022-12-31,operating_cf,0.054169
HNRG,2023-12-31,operating_cf,0.059414
HNRG,2024-12-31,operating_cf,0.065934
HNRG,2025-12-31,operating_cf,0.081134
HNRG,2022-12-31,price,9.989999771118164
HNRG,2023-12-31,price,8.84000015258789
HNRG,2024-12-31,price,11.449999809265137
HNRG,2025-12-31,price,19.040000915527344
HNRG,2022-12-31,revenue,0.361991
HNRG,2023-12-31,revenue,0.634878
HNRG,2024-12-31,revenue,0.404159
HNRG,2025-12-31,revenue,0.469466
HNRG,2022-12-31,short_term_debt,0.033031
HNRG,2023-12-31,short_term_debt,0.028371
HNRG,2024-12-31,short_term_debt,0.011007
HNRG,2025-12-31,short_term_debt,0.007411
HNRG,2022-12-31,total_debt,0.101744
HNRG,2023-12-31,total_debt,0.118981
HNRG,2024-12-31,total_debt,0.05715
HNRG,2025-12-31,total_debt,0.038427
HTO,2022-12-31,capex,-0.244239
HTO,2023-12-31,capex,-0.290724
HTO,2024-12-31,capex,-0.380638
HTO,2025-12-31,capex,-0.522902
HTO,2022-12-31,cash,0.012344
HTO,2023-12-31,cash,0.009723
HTO,2024-12-31,cash,0.011114
HTO,2025-12-31,cash,0.020686
HTO,2022-12-31,ebitda,0.246825
HTO,2023-12-31,ebitda,0.265225
HTO,2024-12-31,ebitda,0.289377
HTO,2025-12-31,ebitda,0.307998
HTO,2022-12-31,eps,2.43
HTO,2023-12-31,eps,2.68
HTO,2024-12-31,eps,2.87
HTO,2025-12-31,eps,2.92
HTO,2022-12-31,fcff_before_growth,0.10562898000000001
HTO,2023-12-31,fcff_before_growth,0.13494676
HTO,2024-12-31,fcff_before_growth,0.1368741
HTO,2025-12-31,fcff_before_growth,0.18164724999999998
HTO,2022-12-31,free_cf,-0.07804
HTO,2023-12-31,free_cf,-0.09989299999999998
HTO,2024-12-31,free_cf,-0.18511199999999997
HTO,2025-12-31,free_cf,-0.278099
HTO,2022-12-31,long_term_debt,1.491965
HTO,2023-12-31,long_term_debt,1.526699
HTO,2024-12-31,long_term_debt,1.706904
HTO,2025-12-31,long_term_debt,1.866819
HTO,2022-12-31,market_cap,2.5008073104799804
HTO,2023-12-31,market_cap,2.092703262536774
HTO,2024-12-31,market_cap,1.6552277392312318
HTO,2025-12-31,market_cap,1.76943273620327
HTO,2022-12-31,net_debt,1.643559
HTO,2023-12-31,net_debt,1.737451
HTO,2024-12-31,net_debt,1.818562
HTO,2025-12-31,net_debt,1.956471
HTO,2022-12-31,net_income,0.073828
HTO,2023-12-31,net_income,0.084987
HTO,2024-12-31,net_income,0.093967
HTO,2025-12-31,net_income,0.102578
HTO,2022-12-31,operating_cf,0.166199
HTO,2023-12-31,operating_cf,0.190831
HTO,2024-12-31,operating_cf,0.195526
HTO,2025-12-31,operating_cf,0.244803
HTO,2022-12-31,price,81.19000244140625
HTO,2023-12-31,price,65.3499984741211
HTO,2024-12-31,price,49.220001220703125
HTO,2025-12-31,price,48.9900016784668
HTO,2022-12-31,revenue,0.620698
HTO,2023-12-31,revenue,0.670363
HTO,2024-12-31,revenue,0.748439
HTO,2025-12-31,revenue,0.80059
HTO,2022-12-31,short_term_debt,0.163938
HTO,2023-12-31,short_term_debt,0.220475
HTO,2024-12-31,short_term_debt,0.122772
HTO,2025-12-31,short_term_debt,0.110338
HTO,2022-12-31,total_debt,1.655903
HTO,2023-12-31,total_debt,1.747174
HTO,2024-12-31,total_debt,1.829676
HTO,2025-12-31,total_debt,1.977157
HTOO,2022-12-31,capex,-0.012177033376693725
HTOO,2023-12-31,capex,-0.010625427103042602
HTOO,2024-12-31,capex,-0.00021645021438598632
HTOO,2025-12-31,capex,-0.00036682615280151363
HTOO,2022-12-31,cash,0.005968329858779907
HTOO,2023-12-31,cash,0.0013066757678985596
HTOO,2024-12-31,cash,0.00024379129409790037
HTOO,2025-12-31,cash,0.0006550467014312743
HTOO,2022-12-31,ebitda,-0.029903166723251343
HTOO,2023-12-31,ebitda,-0.03232854833602905
HTOO,2024-12-31,ebitda,-0.013782182598114014
HTOO,2025-12-31,ebitda,0.0017748917579650878
HTOO,2022-12-31,eps,-81.73843622207642
HTOO,2023-12-31,eps,-84.4269757270813
HTOO,2024-12-31,eps,-33.09409856796265
HTOO,2025-12-31,eps,-1.4467988014221191
HTOO,2022-12-31,fcff_before_growth,-0.03509229859447479
HTOO,2023-12-31,fcff_before_growth,-0.013298222702980042
HTOO,2024-12-31,fcff_before_growth,-0.011957450330257415
HTOO,2025-12-31,fcff_before_growth,-0.009531829483032227
HTOO,2022-12-31,free_cf,-0.046183640480041505
HTOO,2023-12-31,free_cf,-0.021085668516159055
HTOO,2024-12-31,free_cf,-0.009649122714996338
HTOO,2025-12-31,free_cf,-0.009752790975570679
HTOO,2022-12-31,long_term_debt,0.00871610836982727
HTOO,2023-12-31,long_term_debt,0.011344269657135008
HTOO,2024-12-31,long_term_debt,0.00017657780647277832
HTOO,2025-12-31,long_term_debt,0.00032011847496032713
HTOO,2022-12-31,market_cap,0.061159008553756715
HTOO,2023-12-31,market_cap,0.016709274725208282
HTOO,2024-12-31,market_cap,0.012905848815031052
HTOO,2025-12-31,market_cap,0.007620008855417252
HTOO,2022-12-31,net_debt,0.0035121895313262935
HTOO,2023-12-31,net_debt,0.011548188543319703
HTOO,2024-12-31,net_debt,0.0022738664627075197
HTOO,2025-12-31,net_debt,0.0018466620922088623
HTOO,2022-12-31,net_income,-0.031154021120071408
HTOO,2023-12-31,net_income,-0.03533378868103027
HTOO,2024-12-31,net_income,-0.017467532300949096
HTOO,2025-12-31,net_income,-0.0019298245429992674
HTOO,2022-12-31,operating_cf,-0.034006607103347776
HTOO,2023-12-31,operating_cf,-0.010460241413116455
HTOO,2024-12-31,operating_cf,-0.009432672500610351
HTOO,2025-12-31,operating_cf,-0.009385964822769165
HTOO,2022-12-31,price,155.0500030517578
HTOO,2023-12-31,price,39.20000076293945
HTOO,2024-12-31,price,19.704999923706055
HTOO,2025-12-31,price,3.3299999237060547
HTOO,2022-12-31,revenue,0.0
HTOO,2023-12-31,revenue,0.004720893096923828
HTOO,2024-12-31,revenue,0.0018284347057342528
HTOO,2025-12-31,revenue,0.016421736001968383
HTOO,2022-12-31,short_term_debt,0.0007644110202789307
HTOO,2023-12-31,short_term_debt,0.0015105946540832518
HTOO,2024-12-31,short_term_debt,0.0023410799503326414
HTOO,2025-12-31,short_term_debt,0.0021815903186798093
HTOO,2022-12-31,total_debt,0.0094805193901062
HTOO,2023-12-31,total_debt,0.012854864311218262
HTOO,2024-12-31,total_debt,0.00251765775680542
HTOO,2025-12-31,total_debt,0.0025017087936401367
IDA,2022-12-31,capex,-0.432589
IDA,2023-12-31,capex,-0.611137
IDA,2024-12-31,capex,-1.009279
IDA,2025-12-31,capex,-1.179327
IDA,2022-12-31,cash,0.177577
IDA,2023-12-31,cash,0.327429
IDA,2024-12-31,cash,0.368865
IDA,2025-12-31,cash,0.215718
IDA,2022-12-31,ebitda,0.560334
IDA,2023-12-31,ebitda,0.605554
IDA,2024-12-31,ebitda,0.66896
IDA,2025-12-31,ebitda,0.737011
IDA,2022-12-31,eps,5.11
IDA,2023-12-31,eps,5.14
IDA,2024-12-31,eps,5.5
IDA,2025-12-31,eps,5.9
IDA,2022-12-31,fcff_before_growth,0.24833625000000004
IDA,2023-12-31,fcff_before_growth,0.15912003000000002
IDA,2024-12-31,fcff_before_growth,0.47365935000000003
IDA,2025-12-31,fcff_before_growth,0.47630689
IDA,2022-12-31,free_cf,-0.08130399999999999
IDA,2023-12-31,free_cf,-0.34411
IDA,2024-12-31,free_cf,-0.41486200000000006
IDA,2025-12-31,free_cf,-0.577489
IDA,2022-12-31,long_term_debt,2.194145
IDA,2023-12-31,long_term_debt,2.77579
IDA,2024-12-31,long_term_debt,3.053777
IDA,2025-12-31,long_term_debt,3.547733
IDA,2022-12-31,market_cap,5.45311162284851
IDA,2023-12-31,market_cap,4.976490086393455
IDA,2024-12-31,market_cap,5.897000078128052
IDA,2025-12-31,market_cap,6.9429714854265745
IDA,2022-12-31,net_debt,2.016568
IDA,2023-12-31,net_debt,2.498161
IDA,2024-12-31,net_debt,2.704797
IDA,2025-12-31,net_debt,3.448315
IDA,2022-12-31,net_income,0.258982
IDA,2023-12-31,net_income,0.261195
IDA,2024-12-31,net_income,0.289174
IDA,2025-12-31,net_income,0.323472
IDA,2022-12-31,operating_cf,0.351285
IDA,2023-12-31,operating_cf,0.267027
IDA,2024-12-31,operating_cf,0.594417
IDA,2025-12-31,operating_cf,0.601838
IDA,2022-12-31,price,107.8499984741211
IDA,2023-12-31,price,98.31999969482422
IDA,2024-12-31,price,109.27999877929688
IDA,2025-12-31,price,126.55999755859375
IDA,2022-12-31,revenue,1.643981
IDA,2023-12-31,revenue,1.766356
IDA,2024-12-31,revenue,1.826633
IDA,2025-12-31,revenue,1.812997
IDA,2023-12-31,short_term_debt,0.0498
IDA,2024-12-31,short_term_debt,0.019885
IDA,2025-12-31,short_term_debt,0.1163
IDA,2022-12-31,total_debt,2.194145
IDA,2023-12-31,total_debt,2.82559
IDA,2024-12-31,total_debt,3.073662
IDA,2025-12-31,total_debt,3.664033
IMSR,2023-12-31,capex,-0.00110258
IMSR,2024-12-31,capex,-0.00066227
IMSR,2025-12-31,capex,-0.001141457
IMSR,2023-12-31,cash,0.00460053
IMSR,2024-12-31,cash,0.003021795
IMSR,2025-12-31,cash,0.297790672
IMSR,2023-12-31,ebitda,-0.011898284
IMSR,2024-12-31,ebitda,-0.008895219
IMSR,2025-12-31,ebitda,-0.022497776
IMSR,2023-12-31,eps,-0.230219
IMSR,2024-12-31,eps,-0.19
IMSR,2025-12-31,eps,-0.39
IMSR,2023-12-31,fcff_before_growth,-0.010649006459999999
IMSR,2024-12-31,fcff_before_growth,-0.008422185350000002
IMSR,2025-12-31,fcff_before_growth,-0.014206639309999998
IMSR,2023-12-31,free_cf,-0.010265892
IMSR,2024-12-31,free_cf,-0.008865204
IMSR,2025-12-31,free_cf,-0.017614368999999998
IMSR,2023-12-31,long_term_debt,0.010817875
IMSR,2024-12-31,long_term_debt,0.016728363
IMSR,2025-12-31,long_term_debt,0.001656651
IMSR,2024-12-31,market_cap,1.0599402174633636
IMSR,2025-12-31,market_cap,0.6463307164134793
IMSR,2023-12-31,net_debt,0.0063696429999999995
IMSR,2024-12-31,net_debt,0.013961871
IMSR,2025-12-31,net_debt,-0.095091155
IMSR,2023-12-31,net_income,-0.013908462
IMSR,2024-12-31,net_income,-0.01148541
IMSR,2025-12-31,net_income,-0.028016641
IMSR,2023-12-31,operating_cf,-0.009163312
IMSR,2024-12-31,operating_cf,-0.008202934
IMSR,2025-12-31,operating_cf,-0.016472912
IMSR,2024-12-31,price,10.020000457763672
IMSR,2025-12-31,price,6.110000133514404
IMSR,2023-12-31,revenue,1.8614e-05
IMSR,2024-12-31,revenue,0.000248357
IMSR,2025-12-31,revenue,0.0
IMSR,2023-12-31,short_term_debt,0.000152298
IMSR,2024-12-31,short_term_debt,0.000255303
IMSR,2025-12-31,short_term_debt,0.000416585
IMSR,2023-12-31,total_debt,0.010970173
IMSR,2024-12-31,total_debt,0.016983666
IMSR,2025-12-31,total_debt,0.002073236
KEP,2022-12-31,capex,-9.152723743653624
KEP,2023-12-31,capex,-10.29857867260871
KEP,2024-12-31,capex,-10.537706499109044
KEP,2025-12-31,capex,-11.73800470717193
KEP,2022-12-31,cash,5.326453151782043
KEP,2023-12-31,cash,5.260463083763606
KEP,2024-12-31,cash,3.7687561232142617
KEP,2025-12-31,cash,4.164697267821175
KEP,2022-12-31,ebitda,-13.672067545325845
KEP,2023-12-31,ebitda,7.313367700550589
KEP,2024-12-31,ebitda,17.616239410061972
KEP,2025-12-31,ebitda,21.885194356885624
KEP,2022-12-31,eps,-14.03467339463532
KEP,2023-12-31,eps,-2.76628008345142
KEP,2024-12-31,eps,2.0029016738408245
KEP,2025-12-31,eps,4.901751090364996
KEP,2022-12-31,fcff_before_growth,-24.82895506706092
KEP,2023-12-31,fcff_before_growth,-5.887028755884086
KEP,2024-12-31,fcff_before_growth,4.098002409673384
KEP,2025-12-31,fcff_before_growth,7.747657765332493
KEP,2022-12-31,free_cf,-26.44381550596212
KEP,2023-12-31,free_cf,-9.177511999449344
KEP,2024-12-31,free_cf,1.1549941114778637
KEP,2025-12-31,free_cf,3.64015134969668
KEP,2022-12-31,long_term_debt,74.75103686242306
KEP,2023-12-31,long_term_debt,70.48681832327158
KEP,2024-12-31,long_term_debt,67.15919107483467
KEP,2025-12-31,long_term_debt,63.72394035932783
KEP,2022-12-31,market_cap,5.5465698456808745
KEP,2023-12-31,market_cap,4.65423955825
KEP,2024-12-31,market_cap,4.416712923226958
KEP,2025-12-31,market_cap,10.5924072705
KEP,2022-12-31,net_debt,89.50914037114009
KEP,2023-12-31,net_debt,98.0253169956227
KEP,2024-12-31,net_debt,98.57993847644364
KEP,2025-12-31,net_debt,96.24486518968537
KEP,2022-12-31,net_income,-18.019746581105863
KEP,2023-12-31,net_income,-3.5517894702259216
KEP,2024-12-31,net_income,2.57162263973034
KEP,2025-12-31,net_income,6.293300446785288
KEP,2022-12-31,operating_cf,-17.291091762308497
KEP,2023-12-31,operating_cf,1.1210666731593664
KEP,2024-12-31,operating_cf,11.692700610586908
KEP,2025-12-31,operating_cf,15.37815605686861
KEP,2022-12-31,price,8.640000343322754
KEP,2023-12-31,price,7.25
KEP,2024-12-31,price,6.880000114440918
KEP,2025-12-31,price,16.5
KEP,2022-12-31,revenue,51.956885292301884
KEP,2023-12-31,revenue,64.42605185165885
KEP,2024-12-31,revenue,68.18354915601375
KEP,2025-12-31,revenue,71.12166929147556
KEP,2022-12-31,short_term_debt,17.140506993367453
KEP,2023-12-31,short_term_debt,30.737018856797366
KEP,2024-12-31,short_term_debt,33.17580260581104
KEP,2025-12-31,short_term_debt,34.17127382931358
KEP,2022-12-31,total_debt,91.89154385579052
KEP,2023-12-31,total_debt,101.22383718006894
KEP,2024-12-31,total_debt,100.33499368064571
KEP,2025-12-31,total_debt,97.8952141886414
LNT,2022-12-31,capex,-0.372
LNT,2023-12-31,capex,-0.712
LNT,2024-12-31,capex,-1.224
LNT,2022-12-31,cash,0.02
LNT,2023-12-31,cash,0.062
LNT,2024-12-31,cash,0.081
LNT,2025-12-31,cash,0.556
LNT,2022-12-31,ebitda,1.704
LNT,2023-12-31,ebitda,1.751
LNT,2024-12-31,ebitda,1.776
LNT,2025-12-31,ebitda,1.993
LNT,2022-12-31,eps,2.73
LNT,2023-12-31,eps,2.78
LNT,2024-12-31,eps,2.69
LNT,2025-12-31,eps,3.14
LNT,2022-12-31,fcff_before_growth,0.07174999999999998
LNT,2023-12-31,fcff_before_growth,0.48172
LNT,2024-12-31,fcff_before_growth,0.73312
LNT,2025-12-31,fcff_before_growth,0.7069400000000001
LNT,2022-12-31,free_cf,0.11399999999999999
LNT,2023-12-31,free_cf,0.15500000000000003
LNT,2024-12-31,free_cf,-0.05699999999999994
LNT,2022-12-31,long_term_debt,7.668
LNT,2023-12-31,long_term_debt,8.225
LNT,2024-12-31,long_term_debt,8.677
LNT,2025-12-31,long_term_debt,10.954
LNT,2022-12-31,market_cap,13.865161242939072
LNT,2023-12-31,market_cap,13.137768107013612
LNT,2024-12-31,market_cap,15.180659572408722
LNT,2025-12-31,market_cap,16.716493886914453
LNT,2022-12-31,net_debt,8.698
LNT,2023-12-31,net_debt,9.447000000000001
LNT,2024-12-31,net_debt,10.325000000000001
LNT,2025-12-31,net_debt,11.559999999999999
LNT,2022-12-31,net_income,0.686
LNT,2023-12-31,net_income,0.703
LNT,2024-12-31,net_income,0.69
LNT,2025-12-31,net_income,0.81
LNT,2022-12-31,operating_cf,0.486
LNT,2023-12-31,operating_cf,0.867
LNT,2024-12-31,operating_cf,1.167
LNT,2025-12-31,operating_cf,1.169
LNT,2022-12-31,price,55.209999084472656
LNT,2023-12-31,price,51.29999923706055
LNT,2024-12-31,price,59.13999938964844
LNT,2025-12-31,price,65.01000213623047
LNT,2022-12-31,revenue,4.205
LNT,2023-12-31,revenue,4.027
LNT,2024-12-31,revenue,3.981
LNT,2025-12-31,revenue,4.362
LNT,2022-12-31,short_term_debt,1.05
LNT,2023-12-31,short_term_debt,1.284
LNT,2024-12-31,short_term_debt,1.729
LNT,2025-12-31,short_term_debt,1.162
LNT,2022-12-31,total_debt,8.718
LNT,2023-12-31,total_debt,9.509
LNT,2024-12-31,total_debt,10.406
LNT,2025-12-31,total_debt,12.116
MDU,2022-12-31,capex,-0.442582
MDU,2023-12-31,capex,-0.484136
MDU,2024-12-31,capex,-0.522824
MDU,2025-12-31,capex,-0.770394
MDU,2022-12-31,cash,0.034828
MDU,2023-12-31,cash,0.047273
MDU,2024-12-31,cash,0.066904
MDU,2025-12-31,cash,0.028212
MDU,2022-12-31,ebitda,0.39269
MDU,2023-12-31,ebitda,0.635404
MDU,2024-12-31,ebitda,0.507087
MDU,2025-12-31,ebitda,0.525434
MDU,2022-12-31,eps,1.81
MDU,2023-12-31,eps,2.03
MDU,2024-12-31,eps,1.37
MDU,2025-12-31,eps,0.93
MDU,2022-12-31,fcff_before_growth,0.38524357
MDU,2023-12-31,fcff_before_growth,0.22482996
MDU,2024-12-31,fcff_before_growth,0.38783413000000005
MDU,2025-12-31,fcff_before_growth,0.35177871
MDU,2022-12-31,free_cf,0.06748199999999999
MDU,2023-12-31,free_cf,-0.151509
MDU,2024-12-31,free_cf,-0.020505999999999913
MDU,2025-12-31,free_cf,-0.29702900000000004
MDU,2022-12-31,long_term_debt,2.370719
MDU,2023-12-31,long_term_debt,2.104904
MDU,2024-12-31,long_term_debt,2.13091
MDU,2025-12-31,long_term_debt,2.532155
MDU,2022-12-31,market_cap,2.349132670129678
MDU,2023-12-31,market_cap,2.2343734106823443
MDU,2024-12-31,market_cap,3.674901188913841
MDU,2025-12-31,market_cap,3.9895527594790305
MDU,2022-12-31,net_debt,2.443517
MDU,2023-12-31,net_debt,2.21395
MDU,2024-12-31,net_debt,2.2257059999999997
MDU,2025-12-31,net_debt,2.6486430000000003
MDU,2022-12-31,net_income,0.367489
MDU,2023-12-31,net_income,0.414707
MDU,2024-12-31,net_income,0.281108
MDU,2025-12-31,net_income,0.190395
MDU,2022-12-31,operating_cf,0.510064
MDU,2023-12-31,operating_cf,0.332627
MDU,2024-12-31,operating_cf,0.502318
MDU,2025-12-31,operating_cf,0.473365
MDU,2022-12-31,price,11.536625862121582
MDU,2023-12-31,price,10.969529151916504
MDU,2024-12-31,price,18.020000457763672
MDU,2025-12-31,price,19.520000457763672
MDU,2022-12-31,revenue,1.747298
MDU,2023-12-31,revenue,1.803352
MDU,2024-12-31,revenue,1.757978
MDU,2025-12-31,revenue,1.875066
MDU,2022-12-31,short_term_debt,0.107626
MDU,2023-12-31,short_term_debt,0.156319
MDU,2024-12-31,short_term_debt,0.1617
MDU,2025-12-31,short_term_debt,0.1447
MDU,2022-12-31,total_debt,2.478345
MDU,2023-12-31,total_debt,2.261223
MDU,2024-12-31,total_debt,2.29261
MDU,2025-12-31,total_debt,2.676855
MGEE,2022-12-31,capex,-0.17503
MGEE,2023-12-31,capex,-0.222071
MGEE,2024-12-31,capex,-0.236925
MGEE,2025-12-31,capex,-0.34322
MGEE,2022-12-31,cash,0.011604
MGEE,2023-12-31,cash,0.01114
MGEE,2024-12-31,cash,0.021302
MGEE,2025-12-31,cash,0.005666
MGEE,2022-12-31,ebitda,0.249372
MGEE,2023-12-31,ebitda,0.276283
MGEE,2024-12-31,ebitda,0.272676
MGEE,2025-12-31,ebitda,0.304777
MGEE,2022-12-31,eps,3.07
MGEE,2023-12-31,eps,3.25
MGEE,2024-12-31,eps,3.33
MGEE,2025-12-31,eps,3.72
MGEE,2022-12-31,fcff_before_growth,0.08923713000000001
MGEE,2023-12-31,fcff_before_growth,0.16124791
MGEE,2024-12-31,fcff_before_growth,0.1952177
MGEE,2025-12-31,fcff_before_growth,0.17561121000000005
MGEE,2022-12-31,free_cf,-0.02129499999999998
MGEE,2023-12-31,free_cf,0.015490000000000004
MGEE,2024-12-31,free_cf,0.04085899999999998
MGEE,2025-12-31,free_cf,-0.079986
MGEE,2022-12-31,long_term_debt,0.602354
MGEE,2023-12-31,long_term_debt,0.736861
MGEE,2024-12-31,long_term_debt,0.763697
MGEE,2025-12-31,long_term_debt,0.792205
MGEE,2022-12-31,market_cap,2.5458752551803587
MGEE,2023-12-31,market_cap,2.6149731964105225
MGEE,2024-12-31,market_cap,3.4286003665924074
MGEE,2025-12-31,market_cap,2.865611731669876
MGEE,2022-12-31,net_debt,0.7155640000000001
MGEE,2023-12-31,net_debt,0.768867
MGEE,2024-12-31,net_debt,0.74768
MGEE,2025-12-31,net_debt,0.902699
MGEE,2022-12-31,net_income,0.110952
MGEE,2023-12-31,net_income,0.117699
MGEE,2024-12-31,net_income,0.120569
MGEE,2025-12-31,net_income,0.135889
MGEE,2022-12-31,operating_cf,0.153735
MGEE,2023-12-31,operating_cf,0.237561
MGEE,2024-12-31,operating_cf,0.277784
MGEE,2025-12-31,operating_cf,0.263234
MGEE,2022-12-31,price,70.4000015258789
MGEE,2023-12-31,price,72.30999755859375
MGEE,2024-12-31,price,93.95999908447266
MGEE,2025-12-31,price,78.41999816894531
MGEE,2022-12-31,revenue,0.714519
MGEE,2023-12-31,revenue,0.690431
MGEE,2024-12-31,revenue,0.676944
MGEE,2025-12-31,revenue,0.743654
MGEE,2022-12-31,short_term_debt,0.124814
MGEE,2023-12-31,short_term_debt,0.043146
MGEE,2024-12-31,short_term_debt,0.005285
MGEE,2025-12-31,short_term_debt,0.11616
MGEE,2022-12-31,total_debt,0.727168
MGEE,2023-12-31,total_debt,0.780007
MGEE,2024-12-31,total_debt,0.768982
MGEE,2025-12-31,total_debt,0.908365
MSEX,2022-12-31,capex,-0.091335
MSEX,2023-12-31,capex,-0.090179
MSEX,2024-12-31,capex,-0.074622
MSEX,2025-12-31,capex,-0.096354
MSEX,2022-12-31,cash,0.003828
MSEX,2023-12-31,cash,0.00239
MSEX,2024-12-31,cash,0.004226
MSEX,2025-12-31,cash,0.0028
MSEX,2022-12-31,ebitda,0.080197
MSEX,2023-12-31,ebitda,0.072717
MSEX,2024-12-31,ebitda,0.092063
MSEX,2025-12-31,ebitda,0.094433
MSEX,2022-12-31,eps,2.39
MSEX,2023-12-31,eps,1.76
MSEX,2024-12-31,eps,2.47
MSEX,2025-12-31,eps,2.36
MSEX,2022-12-31,fcff_before_growth,0.03945787
MSEX,2023-12-31,fcff_before_growth,0.03180090000000001
MSEX,2024-12-31,fcff_before_growth,0.04077951
MSEX,2025-12-31,fcff_before_growth,0.041394049999999995
MSEX,2022-12-31,free_cf,-0.029974
MSEX,2023-12-31,free_cf,-0.03739699999999999
MSEX,2024-12-31,free_cf,-0.015891999999999996
MSEX,2025-12-31,free_cf,-0.033757999999999996
MSEX,2022-12-31,long_term_debt,0.293986
MSEX,2023-12-31,long_term_debt,0.361216
MSEX,2024-12-31,long_term_debt,0.355254
MSEX,2025-12-31,long_term_debt,0.380712
MSEX,2022-12-31,market_cap,1.3878961076965333
MSEX,2023-12-31,market_cap,1.1694140689468384
MSEX,2024-12-31,market_cap,0.9413928291053772
MSEX,2025-12-31,market_cap,0.9338287860870361
MSEX,2022-12-31,net_debt,0.36312
MSEX,2023-12-31,net_debt,0.409316
MSEX,2024-12-31,net_debt,0.381739
MSEX,2025-12-31,net_debt,0.414012
MSEX,2022-12-31,net_income,0.042429
MSEX,2023-12-31,net_income,0.031524
MSEX,2024-12-31,net_income,0.044351
MSEX,2025-12-31,net_income,0.042822
MSEX,2022-12-31,operating_cf,0.061361
MSEX,2023-12-31,operating_cf,0.052782
MSEX,2024-12-31,operating_cf,0.05873
MSEX,2025-12-31,operating_cf,0.062596
MSEX,2022-12-31,price,78.66999816894531
MSEX,2023-12-31,price,65.62000274658203
MSEX,2024-12-31,price,52.630001068115234
MSEX,2025-12-31,price,50.41999816894531
MSEX,2022-12-31,revenue,0.162434
MSEX,2023-12-31,revenue,0.166274
MSEX,2024-12-31,revenue,0.191877
MSEX,2025-12-31,revenue,0.194694
MSEX,2022-12-31,short_term_debt,0.072962
MSEX,2023-12-31,short_term_debt,0.05049
MSEX,2024-12-31,short_term_debt,0.030711
MSEX,2025-12-31,short_term_debt,0.0361
MSEX,2022-12-31,total_debt,0.366948
MSEX,2023-12-31,total_debt,0.411706
MSEX,2024-12-31,total_debt,0.385965
MSEX,2025-12-31,total_debt,0.416812
MWH,2022-12-31,capex,-0.027256
MWH,2023-12-31,capex,-0.014404
MWH,2024-12-31,capex,-0.008569
MWH,2025-12-31,capex,-0.021411
MWH,2023-12-31,cash,0.178016
MWH,2024-12-31,cash,0.207987
MWH,2025-12-31,cash,0.394876
MWH,2022-12-31,ebitda,0.006172
MWH,2023-12-31,ebitda,0.031895
MWH,2024-12-31,ebitda,0.150752
MWH,2025-12-31,ebitda,0.291619
MWH,2022-12-31,eps,-1.084476
MWH,2023-12-31,eps,-0.97836
MWH,2024-12-31,eps,0.049755
MWH,2025-12-31,eps,0.748102
MWH,2022-12-31,fcff_before_growth,0.02699640000000001
MWH,2023-12-31,fcff_before_growth,0.015624579999999999
MWH,2024-12-31,fcff_before_growth,0.07653826
MWH,2025-12-31,fcff_before_growth,0.28775870000000003
MWH,2022-12-31,free_cf,0.056673
MWH,2023-12-31,free_cf,0.035888
MWH,2024-12-31,free_cf,0.109044
MWH,2025-12-31,free_cf,0.310234
MWH,2023-12-31,long_term_debt,0.424859
MWH,2024-12-31,long_term_debt,0.406623
MWH,2025-12-31,long_term_debt,0.449864
MWH,2023-12-31,net_debt,0.258207
MWH,2024-12-31,net_debt,0.21444100000000002
MWH,2025-12-31,net_debt,0.07699
MWH,2022-12-31,net_income,-0.121758
MWH,2023-12-31,net_income,-0.109844
MWH,2024-12-31,net_income,0.009922
MWH,2025-12-31,net_income,0.149183
MWH,2022-12-31,operating_cf,0.083929
MWH,2023-12-31,operating_cf,0.050292
MWH,2024-12-31,operating_cf,0.117613
MWH,2025-12-31,operating_cf,0.331645
MWH,2022-12-31,revenue,2.318265
MWH,2023-12-31,revenue,2.100643
MWH,2024-12-31,revenue,1.847803
MWH,2025-12-31,revenue,2.490496
MWH,2023-12-31,short_term_debt,0.011364
MWH,2024-12-31,short_term_debt,0.015805
MWH,2025-12-31,short_term_debt,0.022002
MWH,2023-12-31,total_debt,0.436223
MWH,2024-12-31,total_debt,0.422428
MWH,2025-12-31,total_debt,0.471866
NEE,2022-12-31,capex,-9.742
NEE,2023-12-31,capex,-9.548
NEE,2024-12-31,capex,-8.514
NEE,2025-12-31,capex,-9.274
NEE,2022-12-31,cash,1.601
NEE,2023-12-31,cash,2.69
NEE,2024-12-31,cash,1.487
NEE,2025-12-31,cash,2.812
NEE,2022-12-31,ebitda,9.207
NEE,2023-12-31,ebitda,16.763
NEE,2024-12-31,ebitda,14.033
NEE,2025-12-31,ebitda,16.043
NEE,2022-12-31,eps,2.087066
NEE,2023-12-31,eps,3.599212
NEE,2024-12-31,eps,3.37
NEE,2025-12-31,eps,3.281325
NEE,2022-12-31,fcff_before_growth,3.9341500000000003
NEE,2023-12-31,fcff_before_growth,7.77596
NEE,2024-12-31,fcff_before_growth,9.26465
NEE,2025-12-31,fcff_before_growth,9.15588
NEE,2022-12-31,free_cf,-1.4800000000000004
NEE,2023-12-31,free_cf,1.7530000000000001
NEE,2024-12-31,free_cf,4.746
NEE,2025-12-31,free_cf,3.2110000000000003
NEE,2022-12-31,long_term_debt,55.256
NEE,2023-12-31,long_term_debt,61.405
NEE,2024-12-31,long_term_debt,72.385
NEE,2025-12-31,long_term_debt,89.556
NEE,2022-12-31,market_cap,166.11319696807863
NEE,2023-12-31,market_cap,124.63848344421386
NEE,2024-12-31,market_cap,147.46633502197267
NEE,2025-12-31,market_cap,167.2232374572754
NEE,2022-12-31,net_debt,63.364999999999995
NEE,2023-12-31,net_debt,70.521
NEE,2024-12-31,net_debt,80.846
NEE,2025-12-31,net_debt,92.807
NEE,2022-12-31,net_income,4.147
NEE,2023-12-31,net_income,7.31
NEE,2024-12-31,net_income,6.946
NEE,2025-12-31,net_income,6.835
NEE,2022-12-31,operating_cf,8.262
NEE,2023-12-31,operating_cf,11.301
NEE,2024-12-31,operating_cf,13.26
NEE,2025-12-31,operating_cf,12.485
NEE,2022-12-31,price,83.5999984741211
NEE,2023-12-31,price,60.7400016784668
NEE,2024-12-31,price,71.69000244140625
NEE,2025-12-31,price,80.27999877929688
NEE,2022-12-31,revenue,20.956
NEE,2023-12-31,revenue,28.114
NEE,2024-12-31,revenue,24.753
NEE,2025-12-31,revenue,27.412
NEE,2022-12-31,short_term_debt,9.71
NEE,2023-12-31,short_term_debt,11.806
NEE,2024-12-31,short_term_debt,9.948
NEE,2025-12-31,short_term_debt,6.063
NEE,2022-12-31,total_debt,64.966
NEE,2023-12-31,total_debt,73.211
NEE,2024-12-31,total_debt,82.333
NEE,2025-12-31,total_debt,95.619
NGG,2023-03-31,capex,-9.127872070789337
NGG,2024-03-31,capex,-9.870869202494623
NGG,2025-03-31,capex,-12.325011243581773
NGG,2026-03-31,capex,-14.005694594979287
NGG,2023-03-31,cash,3.6169789067506795
NGG,2024-03-31,cash,5.624792902588845
NGG,2025-03-31,cash,9.179524277806284
NGG,2026-03-31,cash,3.745447216510773
NGG,2023-03-31,ebitda,9.60731050515175
NGG,2024-03-31,ebitda,9.048407136917115
NGG,2025-03-31,ebitda,10.514535166859627
NGG,2026-03-31,ebitda,10.698628930330278
NGG,2022-03-31,eps,3.9561895455554725
NGG,2023-03-31,eps,12.90935001273334
NGG,2024-03-31,eps,3.755336627531171
NGG,2026-03-31,eps,4.317594740390778
NGG,2023-03-31,fcff_before_growth,8.265942421388626
NGG,2024-03-31,fcff_before_growth,8.263253857792616
NGG,2025-03-31,fcff_before_growth,7.627176794612408
NGG,2026-03-31,fcff_before_growth,9.118217081323863
NGG,2023-03-31,free_cf,0.007946493387223086
NGG,2024-03-31,free_cf,-0.6807496001720441
NGG,2025-03-31,free_cf,-3.308390080213547
NGG,2026-03-31,free_cf,-3.6368451402187354
NGG,2023-03-31,long_term_debt,53.01635504841805
NGG,2024-03-31,long_term_debt,55.90755422580243
NGG,2025-03-31,long_term_debt,56.78696616065503
NGG,2026-03-31,long_term_debt,56.75782901823521
NGG,2023-03-31,market_cap,271.95372094154516
NGG,2024-03-31,market_cap,276.09320255114824
NGG,2025-03-31,market_cap,321.3002937354971
NGG,2026-03-31,market_cap,420.7519023983529
NGG,2023-03-31,net_debt,56.76312668049336
NGG,2024-03-31,net_debt,61.61710972452164
NGG,2025-03-31,net_debt,61.401229987502106
NGG,2026-03-31,net_debt,61.42639388322831
NGG,2023-03-31,net_income,10.326468156695366
NGG,2024-03-31,net_income,3.032911642789841
NGG,2025-03-31,net_income,3.8434539682865148
NGG,2026-03-31,net_income,4.292430844664574
NGG,2023-03-31,operating_cf,9.13581856417656
NGG,2024-03-31,operating_cf,9.190119602322579
NGG,2025-03-31,operating_cf,9.016621163368226
NGG,2026-03-31,operating_cf,10.368849454760552
NGG,2022-03-31,price,76.87000274658203
NGG,2023-03-31,price,67.98999786376953
NGG,2024-03-31,price,68.22000122070312
NGG,2025-03-31,price,65.61000061035156
NGG,2026-03-31,price,84.5999984741211
NGG,2023-03-31,revenue,28.685516712307933
NGG,2024-03-31,revenue,26.28964895606041
NGG,2025-03-31,revenue,24.340109245061875
NGG,2026-03-31,revenue,23.424938089966776
NGG,2023-03-31,short_term_debt,3.913647993206978
NGG,2024-03-31,short_term_debt,6.435335228085519
NGG,2025-03-31,short_term_debt,6.1744253618717195
NGG,2026-03-31,short_term_debt,5.165220701694489
NGG,2023-03-31,total_debt,56.93000304162503
NGG,2024-03-31,total_debt,62.34288945388794
NGG,2025-03-31,total_debt,62.961391522526746
NGG,2026-03-31,total_debt,61.9230497199297
NI,2022-12-31,capex,-2.2031
NI,2023-12-31,capex,-2.6458
NI,2024-12-31,capex,-2.643
NI,2025-12-31,capex,-3.1561
NI,2022-12-31,cash,0.0408
NI,2023-12-31,cash,2.2454
NI,2024-12-31,cash,0.1566
NI,2025-12-31,cash,0.1101
NI,2022-12-31,ebitda,2.1494
NI,2023-12-31,ebitda,2.2233
NI,2024-12-31,ebitda,2.5691
NI,2025-12-31,ebitda,3.0459
NI,2022-12-31,eps,1.7
NI,2023-12-31,eps,1.48
NI,2024-12-31,eps,1.62
NI,2025-12-31,eps,1.95
NI,2022-12-31,fcff_before_growth,0.882638
NI,2023-12-31,fcff_before_growth,1.422848
NI,2024-12-31,fcff_before_growth,1.1515490000000002
NI,2025-12-31,fcff_before_growth,1.717601
NI,2022-12-31,free_cf,-0.7937000000000001
NI,2023-12-31,free_cf,-0.7106999999999999
NI,2024-12-31,free_cf,-0.8614999999999997
NI,2025-12-31,free_cf,-0.7938000000000001
NI,2022-12-31,long_term_debt,9.5236
NI,2023-12-31,long_term_debt,11.0555
NI,2024-12-31,long_term_debt,12.0745
NI,2025-12-31,long_term_debt,15.4578
NI,2022-12-31,market_cap,11.300950178283985
NI,2023-12-31,market_cap,11.877983023724873
NI,2024-12-31,market_cap,17.124993408790345
NI,2025-12-31,market_cap,19.979321939047676
NI,2022-12-31,net_debt,11.2747
NI,2023-12-31,net_debt,11.8825
NI,2024-12-31,net_debt,13.803700000000001
NI,2025-12-31,net_debt,16.1034
NI,2022-12-31,net_income,0.8041
NI,2023-12-31,net_income,0.7143
NI,2024-12-31,net_income,0.7604
NI,2025-12-31,net_income,0.9295
NI,2022-12-31,operating_cf,1.4094
NI,2023-12-31,operating_cf,1.9351
NI,2024-12-31,operating_cf,1.7815
NI,2025-12-31,operating_cf,2.3623
NI,2022-12-31,price,27.420000076293945
NI,2023-12-31,price,26.549999237060547
NI,2024-12-31,price,36.7599983215332
NI,2025-12-31,price,41.7599983215332
NI,2022-12-31,revenue,5.8506
NI,2023-12-31,revenue,5.5054
NI,2024-12-31,revenue,5.4551
NI,2025-12-31,revenue,6.6422
NI,2022-12-31,short_term_debt,1.7919
NI,2023-12-31,short_term_debt,3.0724
NI,2024-12-31,short_term_debt,1.8858
NI,2025-12-31,short_term_debt,0.7557
NI,2022-12-31,total_debt,11.3155
NI,2023-12-31,total_debt,14.1279
NI,2024-12-31,total_debt,13.9603
NI,2025-12-31,total_debt,16.2135
NJR,2022-09-30,capex,-0.598428
NJR,2023-09-30,capex,-0.540919
NJR,2024-09-30,capex,-0.571319
NJR,2025-09-30,capex,-0.706078
NJR,2022-09-30,cash,0.001107
NJR,2023-09-30,cash,0.000954
NJR,2024-09-30,cash,0.001017
NJR,2025-09-30,cash,0.000591
NJR,2022-09-30,ebitda,0.558019
NJR,2023-09-30,ebitda,0.586024
NJR,2024-09-30,ebitda,0.666224
NJR,2025-09-30,ebitda,0.743885
NJR,2022-09-30,eps,2.85
NJR,2023-09-30,eps,2.71
NJR,2024-09-30,eps,2.92
NJR,2025-09-30,eps,3.33
NJR,2022-09-30,fcff_before_growth,0.2620367
NJR,2023-09-30,fcff_before_growth,0.42323306
NJR,2024-09-30,fcff_before_growth,0.36375725
NJR,2025-09-30,fcff_before_growth,0.37916505
NJR,2022-09-30,free_cf,-0.27494799999999997
NJR,2023-09-30,free_cf,-0.06192600000000004
NJR,2024-09-30,free_cf,-0.14391200000000004
NJR,2025-09-30,free_cf,-0.23972899999999997
NJR,2022-09-30,long_term_debt,2.623784
NJR,2023-09-30,long_term_debt,2.91604
NJR,2024-09-30,long_term_debt,3.038767
NJR,2025-09-30,long_term_debt,3.409518
NJR,2022-09-30,market_cap,3.7248696167328146
NJR,2023-09-30,market_cap,3.964856510881443
NJR,2024-09-30,market_cap,4.694580421483063
NJR,2025-09-30,market_cap,4.838044261818161
NJR,2022-09-30,net_debt,3.126258
NJR,2023-09-30,net_debt,3.288113
NJR,2024-09-30,net_debt,3.523501
NJR,2025-09-30,net_debt,3.767107
NJR,2022-09-30,net_income,0.274922
NJR,2023-09-30,net_income,0.264724
NJR,2024-09-30,net_income,0.289775
NJR,2025-09-30,net_income,0.335627
NJR,2022-09-30,operating_cf,0.32348
NJR,2023-09-30,operating_cf,0.478993
NJR,2024-09-30,operating_cf,0.427407
NJR,2025-09-30,operating_cf,0.466349
NJR,2022-09-30,price,38.70000076293945
NJR,2023-09-30,price,40.630001068115234
NJR,2024-09-30,price,47.20000076293945
NJR,2025-09-30,price,48.150001525878906
NJR,2022-09-30,revenue,2.905979
NJR,2023-09-30,revenue,1.962994
NJR,2024-09-30,revenue,1.796539
NJR,2025-09-30,revenue,2.036412
NJR,2022-09-30,short_term_debt,0.503581
NJR,2023-09-30,short_term_debt,0.373027
NJR,2024-09-30,short_term_debt,0.485751
NJR,2025-09-30,short_term_debt,0.35818
NJR,2022-09-30,total_debt,3.127365
NJR,2023-09-30,total_debt,3.289067
NJR,2024-09-30,total_debt,3.524518
NJR,2025-09-30,total_debt,3.767698
NKLR,2025-12-31,capex,-0.000108
NKLR,2023-12-31,cash,1.677e-06
NKLR,2024-12-31,cash,6.9e-05
NKLR,2025-12-31,cash,0.102882
NKLR,2023-12-31,ebitda,-4.3702e-05
NKLR,2024-12-31,ebitda,-2.4e-05
NKLR,2025-12-31,ebitda,0.54096
NKLR,2023-12-31,eps,-6.4e-05
NKLR,2024-12-31,eps,-0.000484
NKLR,2025-12-31,eps,9.74
NKLR,2024-12-31,fcff_before_growth,-4.2e-05
NKLR,2025-12-31,fcff_before_growth,-0.00918046
NKLR,2025-12-31,free_cf,-0.010405000000000001
NKLR,2024-12-31,long_term_debt,0.000107
NKLR,2025-12-31,market_cap,0.5105141823141747
NKLR,2024-12-31,net_debt,3.8e-05
NKLR,2023-12-31,net_income,-4.472e-06
NKLR,2024-12-31,net_income,-3.4e-05
NKLR,2025-12-31,net_income,0.539524
NKLR,2023-12-31,operating_cf,-3.889e-06
NKLR,2024-12-31,operating_cf,-4.2e-05
NKLR,2025-12-31,operating_cf,-0.010297
NKLR,2025-12-31,price,4.619999885559082
NKLR,2023-12-31,revenue,0.0
NKLR,2024-12-31,revenue,0.0
NKLR,2025-12-31,revenue,0.0
NKLR,2024-12-31,total_debt,0.000107
NRG,2022-12-31,capex,-0.373
NRG,2023-12-31,capex,-0.622
NRG,2024-12-31,capex,-0.49
NRG,2025-12-31,capex,-1.148
NRG,2022-12-31,cash,0.43
NRG,2023-12-31,cash,0.541
NRG,2024-12-31,cash,0.966
NRG,2025-12-31,cash,4.708
NRG,2022-12-31,ebitda,2.8
NRG,2023-12-31,ebitda,1.749
NRG,2024-12-31,ebitda,3.502
NRG,2025-12-31,ebitda,3.281
NRG,2022-12-31,eps,5.17
NRG,2023-12-31,eps,-1.12
NRG,2024-12-31,eps,4.99
NRG,2025-12-31,eps,4.01
NRG,2022-12-31,fcff_before_growth,0.0014300000000000423
NRG,2023-12-31,fcff_before_growth,-0.86807
NRG,2024-12-31,fcff_before_growth,1.7492900000000002
NRG,2025-12-31,fcff_before_growth,1.6023899999999998
NRG,2022-12-31,free_cf,-0.013000000000000012
NRG,2023-12-31,free_cf,-0.843
NRG,2024-12-31,free_cf,1.816
NRG,2025-12-31,free_cf,0.7650000000000001
NRG,2022-12-31,long_term_debt,8.156
NRG,2023-12-31,long_term_debt,10.261
NRG,2024-12-31,long_term_debt,9.929
NRG,2025-12-31,long_term_debt,16.556
NRG,2022-12-31,market_cap,7.304631904543533
NRG,2023-12-31,market_cap,10.760370273791313
NRG,2024-12-31,market_cap,17.91805339309653
NRG,2025-12-31,market_cap,30.315571944449935
NRG,2022-12-31,net_debt,7.872
NRG,2023-12-31,net_debt,10.43
NRG,2024-12-31,net_debt,10.025
NRG,2025-12-31,net_debt,11.914
NRG,2022-12-31,net_income,1.221
NRG,2023-12-31,net_income,-0.202
NRG,2024-12-31,net_income,1.125
NRG,2025-12-31,net_income,0.864
NRG,2022-12-31,operating_cf,0.36
NRG,2023-12-31,operating_cf,-0.221
NRG,2024-12-31,operating_cf,2.306
NRG,2025-12-31,operating_cf,1.913
NRG,2022-12-31,price,31.81999969482422
NRG,2023-12-31,price,51.70000076293945
NRG,2024-12-31,price,90.22000122070312
NRG,2025-12-31,price,159.24000549316406
NRG,2022-12-31,revenue,31.543
NRG,2023-12-31,revenue,28.823
NRG,2024-12-31,revenue,28.13
NRG,2025-12-31,revenue,30.713
NRG,2022-12-31,short_term_debt,0.146
NRG,2023-12-31,short_term_debt,0.71
NRG,2024-12-31,short_term_debt,1.062
NRG,2025-12-31,short_term_debt,0.066
NRG,2022-12-31,total_debt,8.302
NRG,2023-12-31,total_debt,10.971
NRG,2024-12-31,total_debt,10.991
NRG,2025-12-31,total_debt,16.622
NRGV,2022-12-31,capex,-0.002319
NRGV,2023-12-31,capex,-0.036542
NRGV,2024-12-31,capex,-0.058853
NRGV,2025-12-31,capex,-0.042465
NRGV,2022-12-31,cash,0.203037
NRGV,2023-12-31,cash,0.109923
NRGV,2024-12-31,cash,0.027402
NRGV,2025-12-31,cash,0.058585
NRGV,2022-12-31,ebitda,-0.070127
NRGV,2023-12-31,ebitda,-0.097864
NRGV,2024-12-31,ebitda,-0.134565
NRGV,2025-12-31,ebitda,-0.081704
NRGV,2022-12-31,eps,-0.64
NRGV,2023-12-31,eps,-0.69
NRGV,2024-12-31,eps,-0.91
NRGV,2025-12-31,eps,-0.65
NRGV,2022-12-31,fcff_before_growth,-0.031087419999999998
NRGV,2023-12-31,fcff_before_growth,-0.09352035
NRGV,2024-12-31,fcff_before_growth,-0.056820829999999996
NRGV,2025-12-31,fcff_before_growth,-0.004689440000000001
NRGV,2022-12-31,free_cf,-0.025665
NRGV,2023-12-31,free_cf,-0.129197
NRGV,2024-12-31,free_cf,-0.11471300000000001
NRGV,2025-12-31,free_cf,-0.048114000000000004
NRGV,2022-12-31,long_term_debt,0.000725
NRGV,2023-12-31,long_term_debt,0.001137
NRGV,2024-12-31,long_term_debt,0.000866
NRGV,2025-12-31,long_term_debt,0.039546
NRGV,2022-12-31,market_cap,0.43221358414649963
NRGV,2023-12-31,market_cap,0.34152439881706237
NRGV,2024-12-31,market_cap,0.3493096756167412
NRGV,2025-12-31,market_cap,0.7789471125597954
NRGV,2022-12-31,net_debt,-0.201487
NRGV,2023-12-31,net_debt,-0.108062
NRGV,2024-12-31,net_debt,-0.025726
NRGV,2025-12-31,net_debt,0.03846600000000001
NRGV,2022-12-31,net_income,-0.078299
NRGV,2023-12-31,net_income,-0.098443
NRGV,2024-12-31,net_income,-0.13575
NRGV,2025-12-31,net_income,-0.103611
NRGV,2022-12-31,operating_cf,-0.023346
NRGV,2023-12-31,operating_cf,-0.092655
NRGV,2024-12-31,operating_cf,-0.05586
NRGV,2025-12-31,operating_cf,-0.005649
NRGV,2022-12-31,price,3.119999885559082
NRGV,2023-12-31,price,2.3299999237060547
NRGV,2024-12-31,price,2.2799999713897705
NRGV,2025-12-31,price,4.610000133514404
NRGV,2022-12-31,revenue,0.145877
NRGV,2023-12-31,revenue,0.341543
NRGV,2024-12-31,revenue,0.046199
NRGV,2025-12-31,revenue,0.203671
NRGV,2022-12-31,short_term_debt,0.000825
NRGV,2023-12-31,short_term_debt,0.000724
NRGV,2024-12-31,short_term_debt,0.000499
NRGV,2025-12-31,short_term_debt,0.05718
NRGV,2022-12-31,total_debt,0.00155
NRGV,2023-12-31,total_debt,0.001861
NRGV,2024-12-31,total_debt,0.001365
NRGV,2025-12-31,total_debt,0.096726
NWE,2022-12-31,capex,-0.51514
NWE,2023-12-31,capex,-0.566889
NWE,2024-12-31,capex,-0.549244
NWE,2025-12-31,capex,-0.524456
NWE,2022-12-31,cash,0.008489
NWE,2023-12-31,cash,0.009164
NWE,2024-12-31,cash,0.004283
NWE,2025-12-31,cash,0.008781
NWE,2022-12-31,ebitda,0.477533
NWE,2023-12-31,ebitda,0.526761
NWE,2024-12-31,ebitda,0.57398
NWE,2025-12-31,ebitda,0.587442
NWE,2022-12-31,eps,3.25
NWE,2023-12-31,eps,3.22
NWE,2024-12-31,eps,3.65
NWE,2025-12-31,eps,2.94
NWE,2022-12-31,fcff_before_growth,0.1913089
NWE,2023-12-31,fcff_before_growth,0.36930443
NWE,2024-12-31,fcff_before_growth,0.28312767000000005
NWE,2025-12-31,fcff_before_growth,0.26370629
NWE,2022-12-31,free_cf,-0.20789800000000003
NWE,2023-12-31,free_cf,-0.07765799999999995
NWE,2024-12-31,free_cf,-0.14250299999999994
NWE,2025-12-31,free_cf,-0.13000100000000003
NWE,2022-12-31,long_term_debt,2.483156
NWE,2023-12-31,long_term_debt,2.690096
NWE,2024-12-31,long_term_debt,2.697208
NWE,2025-12-31,long_term_debt,3.18104
NWE,2022-12-31,market_cap,3.5452166833162306
NWE,2023-12-31,market_cap,3.116951394616699
NWE,2024-12-31,market_cap,3.27821055337912
NWE,2025-12-31,market_cap,3.963937848170143
NWE,2022-12-31,net_debt,2.62229
NWE,2023-12-31,net_debt,2.78422
NWE,2024-12-31,net_debt,3.0964709999999998
NWE,2025-12-31,net_debt,3.429091
NWE,2022-12-31,net_income,0.183008
NWE,2023-12-31,net_income,0.194131
NWE,2024-12-31,net_income,0.224111
NWE,2025-12-31,net_income,0.181092
NWE,2022-12-31,operating_cf,0.307242
NWE,2023-12-31,operating_cf,0.489231
NWE,2024-12-31,operating_cf,0.406741
NWE,2025-12-31,operating_cf,0.394455
NWE,2022-12-31,price,59.34000015258789
NWE,2023-12-31,price,50.88999938964844
NWE,2024-12-31,price,53.459999084472656
NWE,2025-12-31,price,64.54000091552734
NWE,2022-12-31,revenue,1.477837
NWE,2023-12-31,revenue,1.422143
NWE,2024-12-31,revenue,1.513898
NWE,2025-12-31,revenue,1.610559
NWE,2022-12-31,short_term_debt,0.147623
NWE,2023-12-31,short_term_debt,0.103288
NWE,2024-12-31,short_term_debt,0.403546
NWE,2025-12-31,short_term_debt,0.256832
NWE,2022-12-31,total_debt,2.630779
NWE,2023-12-31,total_debt,2.793384
NWE,2024-12-31,total_debt,3.100754
NWE,2025-12-31,total_debt,3.437872
NWN,2022-12-31,capex,-0.338602
NWN,2023-12-31,capex,-0.327347
NWN,2024-12-31,capex,-0.3944
NWN,2025-12-31,capex,-0.466893
NWN,2022-12-31,cash,0.02927
NWN,2023-12-31,cash,0.03292
NWN,2024-12-31,cash,0.03849
NWN,2025-12-31,cash,0.036673
NWN,2022-12-31,ebitda,0.30126
NWN,2023-12-31,ebitda,0.346018
NWN,2024-12-31,ebitda,0.348094
NWN,2025-12-31,ebitda,0.466936
NWN,2022-12-31,eps,2.42936
NWN,2023-12-31,eps,2.494419
NWN,2024-12-31,eps,1.960877
NWN,2025-12-31,eps,2.726402
NWN,2022-12-31,fcff_before_growth,0.05715713
NWN,2023-12-31,fcff_before_growth,0.19721414
NWN,2024-12-31,fcff_before_growth,0.10549467999999998
NWN,2025-12-31,fcff_before_growth,0.17616426999999998
NWN,2022-12-31,free_cf,-0.19093000000000002
NWN,2023-12-31,free_cf,-0.047397999999999996
NWN,2024-12-31,free_cf,-0.19411799999999999
NWN,2025-12-31,free_cf,-0.19776900000000003
NWN,2022-12-31,long_term_debt,1.325132
NWN,2023-12-31,long_term_debt,1.502602
NWN,2024-12-31,long_term_debt,1.755269
NWN,2025-12-31,long_term_debt,2.347188
NWN,2022-12-31,market_cap,1.6906347554206849
NWN,2023-12-31,market_cap,1.4653593436013947
NWN,2024-12-31,market_cap,1.59119444103693
NWN,2025-12-31,market_cap,1.942681658743084
NWN,2022-12-31,net_debt,1.646273
NWN,2023-12-31,net_debt,1.7126599999999998
NWN,2024-12-31,net_debt,1.919516
NWN,2025-12-31,net_debt,2.646359
NWN,2022-12-31,net_income,0.086303
NWN,2023-12-31,net_income,0.093868
NWN,2024-12-31,net_income,0.078871
NWN,2025-12-31,net_income,0.113319
NWN,2022-12-31,operating_cf,0.147672
NWN,2023-12-31,operating_cf,0.279949
NWN,2024-12-31,operating_cf,0.200282
NWN,2025-12-31,operating_cf,0.269124
NWN,2022-12-31,price,47.59000015258789
NWN,2023-12-31,price,38.939998626708984
NWN,2024-12-31,price,39.560001373291016
NWN,2025-12-31,price,46.7400016784668
NWN,2022-12-31,revenue,1.037353
NWN,2023-12-31,revenue,1.197475
NWN,2024-12-31,revenue,1.152994
NWN,2025-12-31,revenue,1.289363
NWN,2022-12-31,short_term_debt,0.350411
NWN,2023-12-31,short_term_debt,0.242978
NWN,2024-12-31,short_term_debt,0.202737
NWN,2025-12-31,short_term_debt,0.335844
NWN,2022-12-31,total_debt,1.675543
NWN,2023-12-31,total_debt,1.74558
NWN,2024-12-31,total_debt,1.958006
NWN,2025-12-31,total_debt,2.683032
NXXT,2023-12-31,capex,-8.8734e-05
NXXT,2024-12-31,capex,-0.005696384
NXXT,2022-12-31,cash,1.457e-06
NXXT,2023-12-31,cash,0.000226985
NXXT,2024-12-31,cash,0.001612117
NXXT,2025-12-31,cash,0.00038414
NXXT,2022-12-31,ebitda,-1.0252e-05
NXXT,2023-12-31,ebitda,-0.007389859
NXXT,2024-12-31,ebitda,-0.010190878
NXXT,2025-12-31,ebitda,-0.068215725
NXXT,2022-12-31,eps,-0.000123
NXXT,2023-12-31,eps,-0.093933
NXXT,2024-12-31,eps,-0.194244
NXXT,2025-12-31,eps,-0.72
NXXT,2022-12-31,fcff_before_growth,-8.171230000000001e-06
NXXT,2023-12-31,fcff_before_growth,-0.006647887159999999
NXXT,2024-12-31,fcff_before_growth,-0.0006943961500000002
NXXT,2025-12-31,fcff_before_growth,-0.00334485759
NXXT,2023-12-31,free_cf,-0.006732131
NXXT,2024-12-31,free_cf,-0.011953592999999998
NXXT,2023-12-31,long_term_debt,0.000638578
NXXT,2024-12-31,long_term_debt,0.000364001
NXXT,2025-12-31,long_term_debt,0.004876157
NXXT,2022-12-31,market_cap,0.6265347394817772
NXXT,2023-12-31,market_cap,0.4526211847408886
NXXT,2024-12-31,market_cap,0.34559745056814767
NXXT,2025-12-31,market_cap,0.20651904659144496
NXXT,2022-12-31,net_debt,3.3193e-05
NXXT,2023-12-31,net_debt,0.00647885
NXXT,2024-12-31,net_debt,0.029974789999999998
NXXT,2025-12-31,net_debt,0.026099202999999998
NXXT,2022-12-31,net_income,-1.3715e-05
NXXT,2023-12-31,net_income,-0.010471889
NXXT,2024-12-31,net_income,-0.021396633
NXXT,2025-12-31,net_income,-0.085738617
NXXT,2022-12-31,operating_cf,-1.0907e-05
NXXT,2023-12-31,operating_cf,-0.006643397
NXXT,2024-12-31,operating_cf,-0.006257209
NXXT,2025-12-31,operating_cf,-0.0144973
NXXT,2022-12-31,price,5.619999885559082
NXXT,2023-12-31,price,4.059999942779541
NXXT,2024-12-31,price,3.0999999046325684
NXXT,2025-12-31,price,1.4500000476837158
NXXT,2022-12-31,revenue,0.0
NXXT,2023-12-31,revenue,0.023216423
NXXT,2024-12-31,revenue,0.02777028
NXXT,2025-12-31,revenue,0.081835279
NXXT,2022-12-31,short_term_debt,3.465e-05
NXXT,2023-12-31,short_term_debt,0.006067257
NXXT,2024-12-31,short_term_debt,0.031222906
NXXT,2025-12-31,short_term_debt,0.021607186
NXXT,2022-12-31,total_debt,3.465e-05
NXXT,2023-12-31,total_debt,0.006705835
NXXT,2024-12-31,total_debt,0.031586907
NXXT,2025-12-31,total_debt,0.026483343
OGE,2022-12-31,capex,-1.0509
OGE,2023-12-31,capex,-1.1782
OGE,2024-12-31,capex,-1.0909
OGE,2025-12-31,capex,-1.0544
OGE,2022-12-31,cash,0.0881
OGE,2023-12-31,cash,0.0002
OGE,2024-12-31,cash,0.0006
OGE,2025-12-31,cash,0.0002
OGE,2022-12-31,ebitda,1.4165
OGE,2023-12-31,ebitda,1.201
OGE,2024-12-31,ebitda,1.3146
OGE,2025-12-31,ebitda,1.3906
OGE,2022-12-31,eps,3.32
OGE,2023-12-31,eps,2.07
OGE,2024-12-31,eps,2.19
OGE,2025-12-31,eps,2.32
OGE,2022-12-31,fcff_before_growth,0.6228770000000001
OGE,2023-12-31,fcff_before_growth,0.9006059999999999
OGE,2024-12-31,fcff_before_growth,0.47435499999999997
OGE,2025-12-31,fcff_before_growth,0.790837
OGE,2022-12-31,free_cf,-0.09849999999999992
OGE,2023-12-31,free_cf,0.05410000000000004
OGE,2024-12-31,free_cf,-0.2781
OGE,2025-12-31,free_cf,0.0827
OGE,2022-12-31,long_term_debt,3.5487
OGE,2023-12-31,long_term_debt,4.3405
OGE,2024-12-31,long_term_debt,5.0209
OGE,2025-12-31,long_term_debt,5.3692
OGE,2022-12-31,market_cap,7.917909847259521
OGE,2023-12-31,market_cap,6.996479061126709
OGE,2024-12-31,market_cap,8.28910000875
OGE,2025-12-31,market_cap,8.801988697368953
OGE,2022-12-31,net_debt,4.460500000000001
OGE,2023-12-31,net_debt,4.839499999999999
OGE,2024-12-31,net_debt,5.521999999999999
OGE,2025-12-31,net_debt,5.661
OGE,2022-12-31,net_income,0.6657
OGE,2023-12-31,net_income,0.4168
OGE,2024-12-31,net_income,0.4415
OGE,2025-12-31,net_income,0.4707
OGE,2022-12-31,operating_cf,0.9524
OGE,2023-12-31,operating_cf,1.2323
OGE,2024-12-31,operating_cf,0.8128
OGE,2025-12-31,operating_cf,1.1371
OGE,2022-12-31,price,39.54999923706055
OGE,2023-12-31,price,34.93000030517578
OGE,2024-12-31,price,41.25
OGE,2025-12-31,price,42.70000076293945
OGE,2022-12-31,revenue,3.3757
OGE,2023-12-31,revenue,2.6743
OGE,2024-12-31,revenue,2.9853
OGE,2025-12-31,revenue,3.2601
OGE,2022-12-31,short_term_debt,0.9999
OGE,2023-12-31,short_term_debt,0.4992
OGE,2024-12-31,short_term_debt,0.5017
OGE,2025-12-31,short_term_debt,0.292
OGE,2022-12-31,total_debt,4.5486
OGE,2023-12-31,total_debt,4.8397
OGE,2024-12-31,total_debt,5.5226
OGE,2025-12-31,total_debt,5.6612
OGS,2022-12-31,capex,-0.609486
OGS,2023-12-31,capex,-0.666634
OGS,2024-12-31,capex,-0.703165
OGS,2025-12-31,capex,-0.707226
OGS,2022-12-31,cash,0.009681
OGS,2023-12-31,cash,0.018835
OGS,2024-12-31,cash,0.057995
OGS,2025-12-31,cash,0.01062
OGS,2022-12-31,ebitda,0.574253
OGS,2023-12-31,ebitda,0.666896
OGS,2024-12-31,ebitda,0.70317
OGS,2025-12-31,ebitda,0.781524
OGS,2022-12-31,eps,4.08
OGS,2023-12-31,eps,4.14
OGS,2024-12-31,eps,3.91
OGS,2025-12-31,eps,4.37
OGS,2022-12-31,fcff_before_growth,1.4035927400000001
OGS,2023-12-31,fcff_before_growth,0.75081981
OGS,2024-12-31,fcff_before_growth,0.18802765
OGS,2025-12-31,fcff_before_growth,0.37439611000000006
OGS,2022-12-31,free_cf,0.9613560000000001
OGS,2023-12-31,free_cf,0.2728980000000001
OGS,2024-12-31,free_cf,-0.33475400000000005
OGS,2025-12-31,free_cf,-0.12839299999999998
OGS,2022-12-31,long_term_debt,2.661743
OGS,2023-12-31,long_term_debt,2.160401
OGS,2024-12-31,long_term_debt,2.385286
OGS,2025-12-31,long_term_debt,2.356038
OGS,2022-12-31,market_cap,4.191098584445862
OGS,2023-12-31,market_cap,3.603106346305786
OGS,2024-12-31,market_cap,4.14647262425
OGS,2025-12-31,market_cap,4.842987282
OGS,2022-12-31,net_debt,3.22479
OGS,2023-12-31,net_debt,3.03048
OGS,2024-12-31,net_debt,3.270861
OGS,2025-12-31,net_debt,3.363058
OGS,2022-12-31,net_income,0.221742
OGS,2023-12-31,net_income,0.231232
OGS,2024-12-31,net_income,0.22285
OGS,2025-12-31,net_income,0.264224
OGS,2022-12-31,operating_cf,1.570842
OGS,2023-12-31,operating_cf,0.939532
OGS,2024-12-31,operating_cf,0.368411
OGS,2025-12-31,operating_cf,0.578833
OGS,2022-12-31,price,75.72000122070312
OGS,2023-12-31,price,63.720001220703125
OGS,2024-12-31,price,69.25
OGS,2025-12-31,price,77.25
OGS,2022-12-31,revenue,2.578005
OGS,2023-12-31,revenue,2.37199
OGS,2024-12-31,revenue,2.083558
OGS,2025-12-31,revenue,2.427428
OGS,2022-12-31,short_term_debt,0.572728
OGS,2023-12-31,short_term_debt,0.888914
OGS,2024-12-31,short_term_debt,0.94357
OGS,2025-12-31,short_term_debt,1.01764
OGS,2022-12-31,total_debt,3.234471
OGS,2023-12-31,total_debt,3.049315
OGS,2024-12-31,total_debt,3.328856
OGS,2025-12-31,total_debt,3.373678
OKLO,2022-12-31,capex,-0.00014956
OKLO,2023-12-31,capex,-8.3e-05
OKLO,2024-12-31,capex,-0.000352
OKLO,2025-12-31,capex,-0.033205
OKLO,2022-12-31,cash,0.009653528
OKLO,2023-12-31,cash,0.009868
OKLO,2024-12-31,cash,0.227814
OKLO,2025-12-31,cash,1.227971
OKLO,2022-12-31,ebitda,-0.009995279
OKLO,2023-12-31,ebitda,-0.018561
OKLO,2024-12-31,ebitda,-0.052533
OKLO,2025-12-31,ebitda,-0.138772
OKLO,2022-12-31,eps,-0.142546
OKLO,2023-12-31,eps,-0.457521
OKLO,2024-12-31,eps,-0.74
OKLO,2025-12-31,eps,-0.72
OKLO,2022-12-31,free_cf,-0.010142085
OKLO,2023-12-31,free_cf,-0.016080999999999998
OKLO,2024-12-31,free_cf,-0.038742
OKLO,2025-12-31,free_cf,-0.115379
OKLO,2021-12-31,long_term_debt,0.000304181
OKLO,2022-12-31,long_term_debt,9.3935e-05
OKLO,2024-12-31,long_term_debt,0.000543
OKLO,2025-12-31,long_term_debt,0.000546
OKLO,2022-12-31,market_cap,1.211195007715206
OKLO,2023-12-31,market_cap,1.2893366624336338
OKLO,2024-12-31,market_cap,2.923510970042923
OKLO,2025-12-31,market_cap,11.518492374175118
OKLO,2022-12-31,net_debt,-0.009349347
OKLO,2023-12-31,net_debt,-0.009618
OKLO,2024-12-31,net_debt,-0.096108
OKLO,2025-12-31,net_debt,-0.786995
OKLO,2022-12-31,net_income,-0.010023891
OKLO,2023-12-31,net_income,-0.032173
OKLO,2024-12-31,net_income,-0.073616
OKLO,2025-12-31,net_income,-0.105663
OKLO,2022-12-31,operating_cf,-0.009992525
OKLO,2023-12-31,operating_cf,-0.015998
OKLO,2024-12-31,operating_cf,-0.03839
OKLO,2025-12-31,operating_cf,-0.082174
OKLO,2021-12-31,price,9.850000381469727
OKLO,2022-12-31,price,9.920000076293945
OKLO,2023-12-31,price,10.5600004196167
OKLO,2024-12-31,price,21.229999542236328
OKLO,2025-12-31,price,71.76000213623047
OKLO,2022-12-31,revenue,0.0
OKLO,2023-12-31,revenue,0.0
OKLO,2024-12-31,revenue,0.0
OKLO,2025-12-31,revenue,0.0
OKLO,2022-12-31,short_term_debt,0.000210246
OKLO,2023-12-31,short_term_debt,0.00025
OKLO,2024-12-31,short_term_debt,0.000481
OKLO,2025-12-31,short_term_debt,0.000904
OKLO,2022-12-31,total_debt,0.000304181
OKLO,2023-12-31,total_debt,0.00025
OKLO,2024-12-31,total_debt,0.001024
OKLO,2025-12-31,total_debt,0.00145
ORA,2022-12-31,capex,-0.563476
ORA,2023-12-31,capex,-0.618383
ORA,2024-12-31,capex,-0.487678
ORA,2025-12-31,capex,-0.619776
ORA,2022-12-31,cash,0.095872
ORA,2023-12-31,cash,0.195808
ORA,2024-12-31,cash,0.094395
ORA,2025-12-31,cash,0.147448
ORA,2022-12-31,ebitda,0.382144
ORA,2023-12-31,ebitda,0.462763
ORA,2024-12-31,ebitda,0.512271
ORA,2025-12-31,ebitda,0.539723
ORA,2022-12-31,eps,1.17
ORA,2023-12-31,eps,2.08
ORA,2024-12-31,eps,2.04
ORA,2025-12-31,eps,2.02
ORA,2022-12-31,fcff_before_growth,0.15149897
ORA,2023-12-31,fcff_before_growth,0.16271998999999998
ORA,2024-12-31,fcff_before_growth,0.25394048999999996
ORA,2025-12-31,fcff_before_growth,0.15503929
ORA,2022-12-31,free_cf,-0.282502
ORA,2023-12-31,free_cf,-0.30898200000000003
ORA,2024-12-31,free_cf,-0.07675900000000002
ORA,2025-12-31,free_cf,-0.284675
ORA,2022-12-31,long_term_debt,1.867011
ORA,2023-12-31,long_term_debt,1.811327
ORA,2024-12-31,long_term_debt,2.111177
ORA,2025-12-31,long_term_debt,2.366484
ORA,2022-12-31,market_cap,4.851175176950272
ORA,2023-12-31,market_cap,4.574600100990211
ORA,2024-12-31,market_cap,4.097099351453247
ORA,2025-12-31,market_cap,6.721592627444183
ORA,2022-12-31,net_debt,1.9568409999999998
ORA,2023-12-31,net_debt,1.9193440000000002
ORA,2024-12-31,net_debt,2.357435
ORA,2025-12-31,net_debt,2.709508
ORA,2022-12-31,net_income,0.065841
ORA,2023-12-31,net_income,0.124399
ORA,2024-12-31,net_income,0.123733
ORA,2025-12-31,net_income,0.123898
ORA,2022-12-31,operating_cf,0.280974
ORA,2023-12-31,operating_cf,0.309401
ORA,2024-12-31,operating_cf,0.410919
ORA,2025-12-31,operating_cf,0.335101
ORA,2022-12-31,price,86.4800033569336
ORA,2023-12-31,price,75.79000091552734
ORA,2024-12-31,price,67.72000122070312
ORA,2025-12-31,price,110.47000122070312
ORA,2022-12-31,revenue,0.734159
ORA,2023-12-31,revenue,0.829424
ORA,2024-12-31,revenue,0.879654
ORA,2025-12-31,revenue,0.989543
ORA,2022-12-31,short_term_debt,0.185702
ORA,2023-12-31,short_term_debt,0.303825
ORA,2024-12-31,short_term_debt,0.340653
ORA,2025-12-31,short_term_debt,0.490472
ORA,2022-12-31,total_debt,2.052713
ORA,2023-12-31,total_debt,2.115152
ORA,2024-12-31,total_debt,2.45183
ORA,2025-12-31,total_debt,2.856956
PBK,2022-06-30,capex,-7.75139034450054e-06
PBK,2023-06-30,capex,-0.0007931325763937831
PBK,2024-06-30,capex,-0.005463422984838485
PBK,2022-06-30,cash,0.0006585339579851031
PBK,2023-06-30,cash,0.005157767362642347
PBK,2024-06-30,cash,0.004373847423195839
PBK,2022-06-30,ebitda,-9.18804730424881e-05
PBK,2023-06-30,ebitda,0.002379557420541227
PBK,2024-06-30,ebitda,4.5222332000732416e-05
PBK,2022-06-30,eps,-0.005014026060581207
PBK,2023-06-30,eps,0.04239593625068665
PBK,2024-06-30,eps,-0.09185786187648773
PBK,2025-06-30,eps,-0.6854009693861007
PBK,2022-06-30,fcff_before_growth,0.0001870006315535724
PBK,2023-06-30,fcff_before_growth,0.0017245642863599085
PBK,2024-06-30,fcff_before_growth,0.005864877171185612
PBK,2022-06-30,free_cf,0.00011322682694470881
PBK,2023-06-30,free_cf,0.0008962854222863912
PBK,2024-06-30,free_cf,0.0005320689999461174
PBK,2022-06-30,long_term_debt,0.0009783448766964077
PBK,2023-06-30,long_term_debt,0.0006271835763255953
PBK,2024-06-30,long_term_debt,0.003795849492311477
PBK,2025-06-30,long_term_debt,0.042841800180256365
PBK,2024-06-30,market_cap,0.1647779129441142
PBK,2022-06-30,net_debt,0.0008338892031094431
PBK,2023-06-30,net_debt,0.00023618352125895023
PBK,2024-06-30,net_debt,0.0014195572654604905
PBK,2022-06-30,net_income,-0.00013311829363459347
PBK,2023-06-30,net_income,0.0015841849255155325
PBK,2024-06-30,net_income,-0.0024547247089147565
PBK,2022-06-30,operating_cf,0.00012097821728920935
PBK,2023-06-30,operating_cf,0.0016894179986801743
PBK,2024-06-30,operating_cf,0.005995491984784602
PBK,2024-06-30,price,6.059999942779541
PBK,2025-06-30,price,1.5199999809265137
PBK,2022-06-30,revenue,0.007205626750546514
PBK,2023-06-30,revenue,0.012999660312257228
PBK,2024-06-30,revenue,0.041249126175105566
PBK,2022-06-30,short_term_debt,0.0005140782843981385
PBK,2023-06-30,short_term_debt,0.00013854426687574386
PBK,2024-06-30,short_term_debt,0.0013474841738343238
PBK,2025-06-30,short_term_debt,0.010530443965733051
PBK,2022-06-30,total_debt,0.0014924231610945462
PBK,2023-06-30,total_debt,0.0007657278432013392
PBK,2024-06-30,total_debt,0.005143333666145801
PBK,2025-06-30,total_debt,0.053372244145989414
PCG,2022-12-31,capex,-9.584
PCG,2023-12-31,capex,-9.714
PCG,2024-12-31,capex,-10.369
PCG,2025-12-31,capex,-11.787
PCG,2022-12-31,cash,0.734
PCG,2023-12-31,cash,0.635
PCG,2024-12-31,cash,0.94
PCG,2025-12-31,cash,0.713
PCG,2022-12-31,ebitda,6.249
PCG,2023-12-31,ebitda,7.287
PCG,2024-12-31,ebitda,9.552
PCG,2025-12-31,ebitda,10.085
PCG,2022-12-31,eps,0.84
PCG,2023-12-31,eps,1.05
PCG,2024-12-31,eps,1.15
PCG,2025-12-31,eps,1.18
PCG,2022-12-31,fcff_before_growth,1.3794300000000004
PCG,2023-12-31,fcff_before_growth,3.2605
PCG,2024-12-31,fcff_before_growth,6.25629
PCG,2025-12-31,fcff_before_growth,6.474119999999999
PCG,2022-12-31,free_cf,-5.8629999999999995
PCG,2023-12-31,free_cf,-4.9670000000000005
PCG,2024-12-31,free_cf,-2.3339999999999996
PCG,2025-12-31,free_cf,-3.0710000000000015
PCG,2022-12-31,long_term_debt,48.985
PCG,2023-12-31,long_term_debt,52.047
PCG,2024-12-31,long_term_debt,54.012
PCG,2025-12-31,long_term_debt,57.749
PCG,2022-12-31,market_cap,32.321383709447865
PCG,2023-12-31,market_cap,38.46876904176532
PCG,2024-12-31,market_cap,44.266314625905515
PCG,2025-12-31,market_cap,35.32094131442106
PCG,2022-12-31,net_debt,52.805
PCG,2023-12-31,net_debt,57.098
PCG,2024-12-31,net_debt,57.403000000000006
PCG,2025-12-31,net_debt,60.622
PCG,2022-12-31,net_income,1.814
PCG,2023-12-31,net_income,2.256
PCG,2024-12-31,net_income,2.512
PCG,2025-12-31,net_income,2.703
PCG,2022-12-31,operating_cf,3.721
PCG,2023-12-31,operating_cf,4.747
PCG,2024-12-31,operating_cf,8.035
PCG,2025-12-31,operating_cf,8.716
PCG,2022-12-31,price,16.260000228881836
PCG,2023-12-31,price,18.030000686645508
PCG,2024-12-31,price,20.18000030517578
PCG,2025-12-31,price,16.06999969482422
PCG,2022-12-31,revenue,21.68
PCG,2023-12-31,revenue,24.428
PCG,2024-12-31,revenue,24.419
PCG,2025-12-31,revenue,24.935
PCG,2022-12-31,short_term_debt,4.554
PCG,2023-12-31,short_term_debt,5.686
PCG,2024-12-31,short_term_debt,4.331
PCG,2025-12-31,short_term_debt,3.586
PCG,2022-12-31,total_debt,53.539
PCG,2023-12-31,total_debt,57.733
PCG,2024-12-31,total_debt,58.343
PCG,2025-12-31,total_debt,61.335
PCYO,2022-08-31,capex,-0.005819
PCYO,2023-08-31,capex,-0.007811
PCYO,2024-08-31,capex,-0.002382
PCYO,2025-08-31,capex,-0.009473
PCYO,2022-08-31,cash,0.034894
PCYO,2023-08-31,cash,0.026012
PCYO,2024-08-31,cash,0.022113
PCYO,2025-08-31,cash,0.021931
PCYO,2022-08-31,ebitda,0.01492
PCYO,2023-08-31,ebitda,0.008582
PCYO,2024-08-31,ebitda,0.018171
PCYO,2025-08-31,ebitda,0.020193
PCYO,2022-08-31,eps,0.4
PCYO,2023-08-31,eps,0.19
PCYO,2024-08-31,eps,0.48
PCYO,2025-08-31,eps,0.54
PCYO,2022-08-31,fcff_before_growth,0.0154001
PCYO,2023-08-31,fcff_before_growth,-0.00433226
PCYO,2024-08-31,fcff_before_growth,0.00055881
PCYO,2025-08-31,fcff_before_growth,0.01120354
PCYO,2022-08-31,free_cf,0.011635
PCYO,2023-08-31,free_cf,-0.01015
PCYO,2024-08-31,free_cf,-7.000000000000018e-05
PCYO,2025-08-31,free_cf,0.003691
PCYO,2022-08-31,long_term_debt,0.004012
PCYO,2023-08-31,long_term_debt,0.007127
PCYO,2024-08-31,long_term_debt,0.006908
PCYO,2025-08-31,long_term_debt,0.006381
PCYO,2022-08-31,market_cap,0.24748024908168792
PCYO,2023-08-31,market_cap,0.2646251272888184
PCYO,2024-08-31,market_cap,0.2562804619203529
PCYO,2025-08-31,market_cap,0.24307473968075752
PCYO,2022-08-31,net_debt,-0.030796
PCYO,2023-08-31,net_debt,-0.018736
PCYO,2024-08-31,net_debt,-0.015068000000000002
PCYO,2025-08-31,net_debt,-0.015126999999999998
PCYO,2022-08-31,net_income,0.009619
PCYO,2023-08-31,net_income,0.004699
PCYO,2024-08-31,net_income,0.011613
PCYO,2025-08-31,net_income,0.01311
PCYO,2022-08-31,operating_cf,0.017454
PCYO,2023-08-31,operating_cf,-0.002339
PCYO,2024-08-31,operating_cf,0.002312
PCYO,2025-08-31,operating_cf,0.013164
PCYO,2022-08-31,price,10.319999694824219
PCYO,2023-08-31,price,10.989999771118164
PCYO,2024-08-31,price,10.649999618530273
PCYO,2025-08-31,price,10.100000381469727
PCYO,2022-08-31,revenue,0.023003
PCYO,2023-08-31,revenue,0.014586
PCYO,2024-08-31,revenue,0.028747
PCYO,2025-08-31,revenue,0.026087
PCYO,2022-08-31,short_term_debt,8.6e-05
PCYO,2023-08-31,short_term_debt,0.000149
PCYO,2024-08-31,short_term_debt,0.000137
PCYO,2025-08-31,short_term_debt,0.000423
PCYO,2022-08-31,total_debt,0.004098
PCYO,2023-08-31,total_debt,0.007276
PCYO,2024-08-31,total_debt,0.007045
PCYO,2025-08-31,total_debt,0.006804
PEG,2022-12-31,capex,-2.888
PEG,2023-12-31,capex,-3.325
PEG,2024-12-31,capex,-3.38
PEG,2025-12-31,capex,-3.272
PEG,2022-12-31,cash,0.465
PEG,2023-12-31,cash,0.054
PEG,2024-12-31,cash,0.125
PEG,2025-12-31,cash,0.132
PEG,2022-12-31,ebitda,2.848
PEG,2023-12-31,ebitda,5.093
PEG,2024-12-31,ebitda,4.039
PEG,2025-12-31,ebitda,4.794
PEG,2022-12-31,eps,2.057884
PEG,2023-12-31,eps,5.126
PEG,2024-12-31,eps,3.54
PEG,2025-12-31,eps,4.213573
PEG,2022-12-31,fcff_before_growth,0.66477
PEG,2023-12-31,fcff_before_growth,3.02552
PEG,2024-12-31,fcff_before_growth,1.42439
PEG,2025-12-31,fcff_before_growth,2.5981899999999998
PEG,2022-12-31,free_cf,-1.385
PEG,2023-12-31,free_cf,0.48099999999999987
PEG,2024-12-31,free_cf,-1.2469999999999999
PEG,2025-12-31,free_cf,0.026000000000000245
PEG,2022-12-31,long_term_debt,16.664
PEG,2023-12-31,long_term_debt,17.957
PEG,2024-12-31,long_term_debt,19.117
PEG,2025-12-31,long_term_debt,21.798
PEG,2022-12-31,market_cap,30.451190227508544
PEG,2023-12-31,market_cap,30.452700759887694
PEG,2024-12-31,market_cap,42.09506475596567
PEG,2025-12-31,market_cap,40.00176579304529
PEG,2022-12-31,net_debt,19.974
PEG,2023-12-31,net_debt,0.119
PEG,2024-12-31,net_debt,22.735
PEG,2025-12-31,net_debt,24.07
PEG,2022-12-31,net_income,1.031
PEG,2023-12-31,net_income,2.563
PEG,2024-12-31,net_income,1.772
PEG,2025-12-31,net_income,2.111
PEG,2022-12-31,operating_cf,1.503
PEG,2023-12-31,operating_cf,3.806
PEG,2024-12-31,operating_cf,2.133
PEG,2025-12-31,operating_cf,3.298
PEG,2022-12-31,price,61.27000045776367
PEG,2023-12-31,price,61.150001525878906
PEG,2024-12-31,price,84.48999786376953
PEG,2025-12-31,price,80.30000305175781
PEG,2022-12-31,revenue,9.8
PEG,2023-12-31,revenue,11.237
PEG,2024-12-31,revenue,10.29
PEG,2025-12-31,revenue,12.168
PEG,2022-12-31,short_term_debt,3.775
PEG,2023-12-31,short_term_debt,2.449
PEG,2024-12-31,short_term_debt,3.743
PEG,2025-12-31,short_term_debt,2.404
PEG,2022-12-31,total_debt,20.439
PEG,2023-12-31,total_debt,0.173
PEG,2024-12-31,total_debt,22.86
PEG,2025-12-31,total_debt,24.202
POR,2022-12-31,capex,-0.766
POR,2023-12-31,capex,-1.358
POR,2024-12-31,capex,-1.268
POR,2025-12-31,capex,-1.189
POR,2022-12-31,cash,0.165
POR,2023-12-31,cash,0.005
POR,2024-12-31,cash,0.012
POR,2025-12-31,cash,0.076
POR,2022-12-31,ebitda,0.845
POR,2023-12-31,ebitda,0.904
POR,2024-12-31,ebitda,1.057
POR,2025-12-31,ebitda,1.169
POR,2022-12-31,eps,2.6
POR,2023-12-31,eps,2.33
POR,2024-12-31,eps,3.01
POR,2025-12-31,eps,2.77
POR,2022-12-31,fcff_before_growth,0.3802400000000001
POR,2023-12-31,fcff_before_growth,0.09866999999999995
POR,2024-12-31,fcff_before_growth,0.44869000000000003
POR,2025-12-31,fcff_before_growth,0.7232800000000001
POR,2022-12-31,free_cf,-0.09199999999999997
POR,2023-12-31,free_cf,-0.9380000000000002
POR,2024-12-31,free_cf,-0.49
POR,2025-12-31,free_cf,-0.07099999999999995
POR,2022-12-31,long_term_debt,3.68
POR,2023-12-31,long_term_debt,4.194
POR,2024-12-31,long_term_debt,4.63
POR,2025-12-31,long_term_debt,4.925
POR,2022-12-31,market_cap,4.374884297
POR,2023-12-31,market_cap,4.384257469495731
POR,2024-12-31,market_cap,4.769508871829876
POR,2025-12-31,market_cap,5.545680395172077
POR,2022-12-31,net_debt,3.795
POR,2023-12-31,net_debt,4.4350000000000005
POR,2024-12-31,net_debt,4.815
POR,2025-12-31,net_debt,4.876
POR,2022-12-31,net_income,0.233
POR,2023-12-31,net_income,0.228
POR,2024-12-31,net_income,0.313
POR,2025-12-31,net_income,0.306
POR,2022-12-31,operating_cf,0.674
POR,2023-12-31,operating_cf,0.42
POR,2024-12-31,operating_cf,0.778
POR,2025-12-31,operating_cf,1.118
POR,2022-12-31,price,49.0
POR,2023-12-31,price,43.34000015258789
POR,2024-12-31,price,43.619998931884766
POR,2025-12-31,price,47.9900016784668
POR,2022-12-31,revenue,2.647
POR,2023-12-31,revenue,2.923
POR,2024-12-31,revenue,3.44
POR,2025-12-31,revenue,3.576
POR,2022-12-31,short_term_debt,0.28
POR,2023-12-31,short_term_debt,0.246
POR,2024-12-31,short_term_debt,0.197
POR,2025-12-31,short_term_debt,0.027
POR,2022-12-31,total_debt,3.96
POR,2023-12-31,total_debt,4.44
POR,2024-12-31,total_debt,4.827
POR,2025-12-31,total_debt,4.952
PPL,2022-12-31,capex,-2.155
PPL,2023-12-31,capex,-2.39
PPL,2024-12-31,capex,-2.805
PPL,2025-12-31,capex,-4.03
PPL,2022-12-31,cash,0.356
PPL,2023-12-31,cash,0.331
PPL,2024-12-31,cash,0.306
PPL,2025-12-31,cash,1.071
PPL,2022-12-31,ebitda,2.661
PPL,2023-12-31,ebitda,2.925
PPL,2024-12-31,ebitda,3.211
PPL,2025-12-31,ebitda,3.696
PPL,2022-12-31,eps,1.02
PPL,2023-12-31,eps,1.0
PPL,2024-12-31,eps,1.2
PPL,2025-12-31,eps,1.59
PPL,2022-12-31,fcff_before_growth,0.9022699999999999
PPL,2023-12-31,fcff_before_growth,0.9491400000000001
PPL,2024-12-31,fcff_before_growth,1.56602
PPL,2025-12-31,fcff_before_growth,1.8513200000000003
PPL,2022-12-31,free_cf,-0.4249999999999998
PPL,2023-12-31,free_cf,-0.6320000000000001
PPL,2024-12-31,free_cf,-0.4650000000000003
PPL,2025-12-31,free_cf,-1.4010000000000002
PPL,2022-12-31,long_term_debt,12.889
PPL,2023-12-31,long_term_debt,14.611
PPL,2024-12-31,long_term_debt,15.952
PPL,2025-12-31,long_term_debt,17.99
PPL,2022-12-31,market_cap,21.52014963429451
PPL,2023-12-31,market_cap,19.97622328119278
PPL,2024-12-31,market_cap,23.95655050431061
PPL,2025-12-31,market_cap,26.301456163799287
PPL,2022-12-31,net_debt,13.872
PPL,2023-12-31,net_debt,15.273
PPL,2024-12-31,net_debt,16.5
PPL,2025-12-31,net_debt,18.279
PPL,2022-12-31,net_income,0.756
PPL,2023-12-31,net_income,0.74
PPL,2024-12-31,net_income,0.888
PPL,2025-12-31,net_income,1.181
PPL,2022-12-31,operating_cf,1.73
PPL,2023-12-31,operating_cf,1.758
PPL,2024-12-31,operating_cf,2.34
PPL,2025-12-31,operating_cf,2.629
PPL,2022-12-31,price,29.219999313354492
PPL,2023-12-31,price,27.100000381469727
PPL,2024-12-31,price,32.459999084472656
PPL,2025-12-31,price,35.02000045776367
PPL,2022-12-31,revenue,7.902
PPL,2023-12-31,revenue,8.312
PPL,2024-12-31,revenue,8.462
PPL,2025-12-31,revenue,9.042
PPL,2022-12-31,short_term_debt,1.339
PPL,2023-12-31,short_term_debt,0.993
PPL,2024-12-31,short_term_debt,0.854
PPL,2025-12-31,short_term_debt,1.36
PPL,2022-12-31,total_debt,14.228
PPL,2023-12-31,total_debt,15.604
PPL,2024-12-31,total_debt,16.806
PPL,2025-12-31,total_debt,19.35
RGCO,2022-09-30,capex,-0.025461
RGCO,2023-09-30,capex,-0.025306524
RGCO,2024-09-30,capex,-0.022094406
RGCO,2025-09-30,capex,-0.02073014
RGCO,2022-09-30,cash,0.004898914
RGCO,2023-09-30,cash,0.001512431
RGCO,2024-09-30,cash,0.000894185
RGCO,2025-09-30,cash,0.002320369
RGCO,2022-09-30,ebitda,-0.029462567
RGCO,2023-09-30,ebitda,0.030403204
RGCO,2024-09-30,ebitda,0.032480486
RGCO,2025-09-30,ebitda,0.035385657
RGCO,2022-09-30,eps,-3.48
RGCO,2023-09-30,eps,1.14
RGCO,2024-09-30,eps,1.16
RGCO,2025-09-30,eps,1.29
RGCO,2022-09-30,fcff_before_growth,0.009922288910000002
RGCO,2023-09-30,fcff_before_growth,0.01824234995
RGCO,2024-09-30,fcff_before_growth,0.01205439015
RGCO,2025-09-30,fcff_before_growth,0.02264688169
RGCO,2022-09-30,free_cf,-0.009909324
RGCO,2023-09-30,free_cf,-0.0015098239999999999
RGCO,2024-09-30,free_cf,-0.004660780999999999
RGCO,2025-09-30,free_cf,0.008218008999999998
RGCO,2022-09-30,long_term_debt,0.135695289
RGCO,2023-09-30,long_term_debt,0.125844728
RGCO,2024-09-30,long_term_debt,0.136981347
RGCO,2025-09-30,long_term_debt,0.146088736
RGCO,2022-09-30,market_cap,0.20682046185526848
RGCO,2023-09-30,market_cap,0.1732638865589676
RGCO,2024-09-30,market_cap,0.23134021730197907
RGCO,2025-09-30,market_cap,0.23199163704125214
RGCO,2022-09-30,net_debt,0.132096375
RGCO,2023-09-30,net_debt,0.139660869
RGCO,2024-09-30,net_debt,0.148079072
RGCO,2025-09-30,net_debt,0.146639985
RGCO,2022-09-30,net_income,-0.031732602
RGCO,2023-09-30,net_income,0.011299282
RGCO,2024-09-30,net_income,0.011760896
RGCO,2025-09-30,net_income,0.01327997
RGCO,2022-09-30,operating_cf,0.015551676
RGCO,2023-09-30,operating_cf,0.0237967
RGCO,2024-09-30,operating_cf,0.017433625
RGCO,2025-09-30,operating_cf,0.028948149
RGCO,2022-09-30,price,21.059999465942383
RGCO,2023-09-30,price,17.299999237060547
RGCO,2024-09-30,price,22.56999969482422
RGCO,2025-09-30,price,22.440000534057617
RGCO,2022-09-30,revenue,0.084165222
RGCO,2023-09-30,revenue,0.097439765
RGCO,2024-09-30,revenue,0.084641232
RGCO,2025-09-30,revenue,0.095334212
RGCO,2022-09-30,short_term_debt,0.0013
RGCO,2023-09-30,short_term_debt,0.015328572
RGCO,2024-09-30,short_term_debt,0.01199191
RGCO,2025-09-30,short_term_debt,0.002871618
RGCO,2022-09-30,total_debt,0.136995289
RGCO,2023-09-30,total_debt,0.1411733
RGCO,2024-09-30,total_debt,0.148973257
RGCO,2025-09-30,total_debt,0.148960354
SAFX,2023-12-31,capex,-0.045959972
SAFX,2024-12-31,capex,-0.028918084
SAFX,2025-12-31,capex,-0.001784214
SAFX,2023-12-31,cash,0.000158578
SAFX,2024-12-31,cash,0.000407182
SAFX,2025-12-31,cash,0.000154937
SAFX,2023-12-31,ebitda,-0.004992421
SAFX,2024-12-31,ebitda,-0.021173908
SAFX,2025-12-31,ebitda,0.083160042
SAFX,2023-12-31,eps,-0.033447
SAFX,2024-12-31,eps,-0.16149
SAFX,2025-12-31,eps,0.52
SAFX,2023-12-31,free_cf,-0.045671893000000005
SAFX,2024-12-31,free_cf,-0.040055647
SAFX,2025-12-31,free_cf,-0.019641961
SAFX,2023-12-31,long_term_debt,0.09450252
SAFX,2025-12-31,market_cap,0.05636727490281701
SAFX,2023-12-31,net_debt,0.11231973699999999
SAFX,2024-12-31,net_debt,0.112247302
SAFX,2025-12-31,net_debt,0.12235390700000001
SAFX,2023-12-31,net_income,-0.004992421
SAFX,2024-12-31,net_income,-0.024104797
SAFX,2025-12-31,net_income,0.074004768
SAFX,2023-12-31,operating_cf,0.000288079
SAFX,2024-12-31,operating_cf,-0.011137563
SAFX,2025-12-31,operating_cf,-0.017857747
SAFX,2025-12-31,price,0.27300000190734863
SAFX,2023-12-31,revenue,0.0
SAFX,2024-12-31,revenue,0.0
SAFX,2025-12-31,revenue,0.020815955
SAFX,2023-12-31,short_term_debt,0.017975795
SAFX,2024-12-31,short_term_debt,0.112654484
SAFX,2025-12-31,short_term_debt,0.122508844
SAFX,2023-12-31,total_debt,0.112478315
SAFX,2024-12-31,total_debt,0.112654484
SAFX,2025-12-31,total_debt,0.122508844
SBS,2022-12-31,capex,-0.014203524135410785
SBS,2023-12-31,capex,-0.797935816028446
SBS,2024-12-31,capex,-1.5483503282648623
SBS,2025-12-31,capex,-2.649209825188756
SBS,2022-12-31,cash,0.6835610838039815
SBS,2023-12-31,cash,0.6295522931776643
SBS,2024-12-31,cash,1.03773182323426
SBS,2025-12-31,cash,2.3851792525515405
SBS,2022-12-31,ebitda,1.5311726014456153
SBS,2023-12-31,ebitda,1.7267068582480252
SBS,2024-12-31,ebitda,3.492219677106604
SBS,2025-12-31,ebitda,3.3485527310128806
SBS,2022-12-31,eps,0.17087417177271844
SBS,2023-12-31,eps,0.19826957467325032
SBS,2024-12-31,eps,0.5389850643500685
SBS,2025-12-31,eps,0.4762318170582056
SBS,2022-12-31,fcff_before_growth,0.47795375238993865
SBS,2023-12-31,fcff_before_growth,0.612753122629226
SBS,2024-12-31,fcff_before_growth,1.1847126222564666
SBS,2025-12-31,fcff_before_growth,1.7127551156206398
SBS,2022-12-31,free_cf,0.7507675373313277
SBS,2023-12-31,free_cf,0.13800524106255163
SBS,2024-12-31,free_cf,-0.1207160732248127
SBS,2025-12-31,free_cf,-1.037148975139275
SBS,2022-12-31,long_term_debt,3.2222863937753883
SBS,2023-12-31,long_term_debt,3.26224185499537
SBS,2024-12-31,long_term_debt,4.265693611162469
SBS,2025-12-31,long_term_debt,6.757708360391602
SBS,2022-12-31,market_cap,7.514306448663757
SBS,2023-12-31,market_cap,10.735730674917031
SBS,2024-12-31,market_cap,10.101314296673001
SBS,2025-12-31,market_cap,16.72711759285437
SBS,2022-12-31,net_debt,3.295258088366657
SBS,2023-12-31,net_debt,3.605033271049529
SBS,2024-12-31,net_debt,4.545500028879389
SBS,2025-12-31,net_debt,6.840535258547262
SBS,2022-12-31,net_income,0.601794417760238
SBS,2023-12-31,net_income,0.6793527393219322
SBS,2024-12-31,net_income,1.846983144339308
SBS,2025-12-31,net_income,1.6315233105523437
SBS,2022-12-31,operating_cf,0.7649710614667385
SBS,2023-12-31,operating_cf,0.9359410570909976
SBS,2024-12-31,operating_cf,1.4276342550400496
SBS,2025-12-31,operating_cf,1.6120608500494809
SBS,2022-12-31,price,2.131999969482422
SBS,2023-12-31,price,3.0460000038146973
SBS,2024-12-31,price,2.865999937057495
SBS,2025-12-31,price,4.769999980926514
SBS,2022-12-31,revenue,4.252442734211087
SBS,2023-12-31,revenue,4.9304082449377775
SBS,2024-12-31,revenue,6.969011714115157
SBS,2025-12-31,revenue,7.344319807002694
SBS,2022-12-31,short_term_debt,0.4330312627893686
SBS,2023-12-31,short_term_debt,0.5044549298071563
SBS,2024-12-31,short_term_debt,0.6042204771645368
SBS,2025-12-31,short_term_debt,0.9819179965956211
SBS,2022-12-31,total_debt,3.655317656564757
SBS,2023-12-31,total_debt,3.766696784802526
SBS,2024-12-31,total_debt,4.869914088327006
SBS,2025-12-31,total_debt,7.739626356987223
SO,2022-12-31,capex,-7.923
SO,2023-12-31,capex,-9.095
SO,2024-12-31,capex,-8.955
SO,2025-12-31,capex,-12.737
SO,2022-12-31,cash,1.917
SO,2023-12-31,cash,0.748
SO,2024-12-31,cash,1.07
SO,2025-12-31,cash,1.639
SO,2022-12-31,ebitda,10.309
SO,2023-12-31,ebitda,11.777
SO,2024-12-31,ebitda,13.238
SO,2025-12-31,ebitda,14.267
SO,2022-12-31,eps,3.26
SO,2023-12-31,eps,3.62
SO,2024-12-31,eps,3.99
SO,2025-12-31,eps,3.92
SO,2022-12-31,fcff_before_growth,3.83538
SO,2023-12-31,fcff_before_growth,4.49934
SO,2024-12-31,fcff_before_growth,6.68897
SO,2025-12-31,fcff_before_growth,6.330019999999999
SO,2022-12-31,free_cf,-1.6210000000000004
SO,2023-12-31,free_cf,-1.5420000000000007
SO,2024-12-31,free_cf,0.8330000000000002
SO,2025-12-31,free_cf,-2.9350000000000005
SO,2022-12-31,long_term_debt,52.044
SO,2023-12-31,long_term_debt,58.517
SO,2024-12-31,long_term_debt,60.021
SO,2025-12-31,long_term_debt,66.936
SO,2022-12-31,market_cap,78.4795940246582
SO,2023-12-31,market_cap,76.48791622685154
SO,2024-12-31,market_cap,90.46967966461182
SO,2025-12-31,market_cap,97.59746429235969
SO,2022-12-31,net_debt,57.217999999999996
SO,2023-12-31,net_debt,62.742000000000004
SO,2024-12-31,net_debt,65.20700000000001
SO,2025-12-31,net_debt,72.436
SO,2022-12-31,net_income,3.535
SO,2023-12-31,net_income,3.976
SO,2024-12-31,net_income,4.401
SO,2025-12-31,net_income,4.341
SO,2022-12-31,operating_cf,6.302
SO,2023-12-31,operating_cf,7.553
SO,2024-12-31,operating_cf,9.788
SO,2025-12-31,operating_cf,9.802
SO,2022-12-31,price,71.41000366210938
SO,2023-12-31,price,70.12000274658203
SO,2024-12-31,price,82.31999969482422
SO,2025-12-31,price,87.19999694824219
SO,2022-12-31,revenue,29.279
SO,2023-12-31,revenue,25.253
SO,2024-12-31,revenue,26.724
SO,2025-12-31,revenue,29.553
SO,2022-12-31,short_term_debt,7.091
SO,2023-12-31,short_term_debt,4.973
SO,2024-12-31,short_term_debt,6.256
SO,2025-12-31,short_term_debt,7.139
SO,2022-12-31,total_debt,59.135
SO,2023-12-31,total_debt,63.49
SO,2024-12-31,total_debt,66.277
SO,2025-12-31,total_debt,74.075
SPH,2022-09-30,capex,-0.044352
SPH,2023-09-30,capex,-0.044949
SPH,2024-09-30,capex,-0.059429
SPH,2025-09-30,capex,-0.07196
SPH,2022-09-30,cash,0.0041
SPH,2023-09-30,cash,0.003514
SPH,2024-09-30,cash,0.003219
SPH,2025-09-30,cash,0.000405
SPH,2022-09-30,ebitda,0.259643
SPH,2023-09-30,ebitda,0.260395
SPH,2024-09-30,ebitda,0.216473
SPH,2025-09-30,ebitda,0.256225
SPH,2022-09-30,eps,2.18
SPH,2023-09-30,eps,1.92
SPH,2024-09-30,eps,1.14
SPH,2025-09-30,eps,1.62
SPH,2022-09-30,fcff_before_growth,0.20961881999999998
SPH,2023-09-30,fcff_before_growth,0.22063747
SPH,2024-09-30,fcff_before_growth,0.1525361
SPH,2025-09-30,fcff_before_growth,0.17446335000000002
SPH,2022-09-30,free_cf,0.176195
SPH,2023-09-30,free_cf,0.18029
SPH,2024-09-30,free_cf,0.101156
SPH,2025-09-30,free_cf,0.11429600000000001
SPH,2022-09-30,long_term_debt,1.180999
SPH,2023-09-30,long_term_debt,1.296705
SPH,2024-09-30,long_term_debt,1.314123
SPH,2025-09-30,long_term_debt,1.295429
SPH,2022-09-30,market_cap,0.9479543620138169
SPH,2023-09-30,market_cap,1.019512001537323
SPH,2024-09-30,market_cap,1.1494517142181397
SPH,2025-09-30,market_cap,1.2280025854822616
SPH,2022-09-30,net_debt,1.209025
SPH,2023-09-30,net_debt,1.326753
SPH,2024-09-30,net_debt,1.34652
SPH,2025-09-30,net_debt,1.329353
SPH,2022-09-30,net_income,0.139708
SPH,2023-09-30,net_income,0.123752
SPH,2024-09-30,net_income,0.074174
SPH,2025-09-30,net_income,0.10657
SPH,2022-09-30,operating_cf,0.220547
SPH,2023-09-30,operating_cf,0.225239
SPH,2024-09-30,operating_cf,0.160585
SPH,2025-09-30,operating_cf,0.186256
SPH,2022-09-30,price,15.050000190734863
SPH,2023-09-30,price,16.049999237060547
SPH,2024-09-30,price,17.940000534057617
SPH,2025-09-30,price,18.649999618530273
SPH,2022-09-30,revenue,1.501465
SPH,2023-09-30,revenue,1.429194
SPH,2024-09-30,revenue,1.327172
SPH,2025-09-30,revenue,1.432518
SPH,2022-09-30,short_term_debt,0.032126
SPH,2023-09-30,short_term_debt,0.033562
SPH,2024-09-30,short_term_debt,0.035616
SPH,2025-09-30,short_term_debt,0.034329
SPH,2022-09-30,total_debt,1.213125
SPH,2023-09-30,total_debt,1.330267
SPH,2024-09-30,total_debt,1.349739
SPH,2025-09-30,total_debt,1.329758
SR,2022-09-30,capex,-0.5522
SR,2023-09-30,capex,-0.6625
SR,2024-09-30,capex,-0.8613
SR,2025-09-30,capex,-0.9224
SR,2022-09-30,cash,0.0065
SR,2023-09-30,cash,0.0056
SR,2024-09-30,cash,0.0045
SR,2025-09-30,cash,0.0057
SR,2022-09-30,ebitda,0.6368
SR,2023-09-30,ebitda,0.6968
SR,2024-09-30,ebitda,0.7891
SR,2025-09-30,ebitda,0.8337
SR,2022-09-30,eps,3.95
SR,2023-09-30,eps,3.85
SR,2024-09-30,eps,4.19
SR,2025-09-30,eps,4.37
SR,2022-09-30,fcff_before_growth,-0.08765800000000001
SR,2023-09-30,fcff_before_growth,0.3321029999999999
SR,2024-09-30,fcff_before_growth,0.792869
SR,2025-09-30,fcff_before_growth,0.44103899999999996
SR,2022-09-30,free_cf,-0.49720000000000003
SR,2023-09-30,free_cf,-0.2223
SR,2024-09-30,free_cf,0.051100000000000034
SR,2025-09-30,free_cf,-0.34440000000000004
SR,2022-09-30,long_term_debt,2.9585
SR,2023-09-30,long_term_debt,3.554
SR,2024-09-30,long_term_debt,3.7044
SR,2025-09-30,long_term_debt,3.3694
SR,2022-09-30,market_cap,3.271984961310379
SR,2023-09-30,market_cap,3.0100560974121096
SR,2024-09-30,market_cap,3.885975145301399
SR,2025-09-30,market_cap,4.811796142573769
SR,2022-09-30,net_debt,4.2707
SR,2023-09-30,net_debt,4.6605
SR,2024-09-30,net_debt,4.688899999999999
SR,2025-09-30,net_debt,5.1682
SR,2022-09-30,net_income,0.2208
SR,2023-09-30,net_income,0.2175
SR,2024-09-30,net_income,0.2509
SR,2025-09-30,net_income,0.2717
SR,2022-09-30,operating_cf,0.055
SR,2023-09-30,operating_cf,0.4402
SR,2024-09-30,operating_cf,0.9124
SR,2025-09-30,operating_cf,0.578
SR,2022-09-30,price,62.33000183105469
SR,2023-09-30,price,56.58000183105469
SR,2024-09-30,price,67.29000091552734
SR,2025-09-30,price,81.5199966430664
SR,2022-09-30,revenue,2.1985
SR,2023-09-30,revenue,2.6663
SR,2024-09-30,revenue,2.593
SR,2025-09-30,revenue,2.4764
SR,2022-09-30,short_term_debt,1.3187
SR,2023-09-30,short_term_debt,1.1121
SR,2024-09-30,short_term_debt,0.989
SR,2025-09-30,short_term_debt,1.8045
SR,2022-09-30,total_debt,4.2772
SR,2023-09-30,total_debt,4.6661
SR,2024-09-30,total_debt,4.6934
SR,2025-09-30,total_debt,5.1739
SRE,2022-12-31,capex,-5.357
SRE,2023-12-31,capex,-8.397
SRE,2024-12-31,capex,-8.215
SRE,2025-12-31,capex,-10.612
SRE,2022-12-31,cash,0.37
SRE,2023-12-31,cash,0.236
SRE,2024-12-31,cash,1.565
SRE,2025-12-31,cash,0.029
SRE,2022-12-31,ebitda,4.416
SRE,2023-12-31,ebitda,6.163
SRE,2024-12-31,ebitda,5.596
SRE,2025-12-31,ebitda,5.264
SRE,2022-12-31,eps,3.31
SRE,2023-12-31,eps,4.79
SRE,2024-12-31,eps,4.42
SRE,2025-12-31,eps,2.75
SRE,2022-12-31,fcff_before_growth,-0.04434000000000016
SRE,2023-12-31,fcff_before_growth,5.02511
SRE,2024-12-31,fcff_before_growth,3.2987100000000003
SRE,2025-12-31,fcff_before_growth,3.2122800000000002
SRE,2022-12-31,free_cf,-4.215
SRE,2023-12-31,free_cf,-2.1790000000000003
SRE,2024-12-31,free_cf,-3.308
SRE,2025-12-31,free_cf,-6.047
SRE,2022-12-31,long_term_debt,24.548
SRE,2023-12-31,long_term_debt,27.759
SRE,2024-12-31,long_term_debt,31.558
SRE,2025-12-31,long_term_debt,28.979
SRE,2022-12-31,market_cap,48.5255578918457
SRE,2023-12-31,market_cap,47.18689545203439
SRE,2024-12-31,market_cap,57.073253516945925
SRE,2025-12-31,market_cap,57.62967956531369
SRE,2022-12-31,net_debt,28.549
SRE,2023-12-31,net_debt,30.84
SRE,2024-12-31,net_debt,34.283
SRE,2025-12-31,net_debt,34.992
SRE,2022-12-31,net_income,2.139
SRE,2023-12-31,net_income,3.075
SRE,2024-12-31,net_income,2.862
SRE,2025-12-31,net_income,1.837
SRE,2022-12-31,operating_cf,1.142
SRE,2023-12-31,operating_cf,6.218
SRE,2024-12-31,operating_cf,4.907
SRE,2025-12-31,operating_cf,4.565
SRE,2022-12-31,price,77.2699966430664
SRE,2023-12-31,price,74.7300033569336
SRE,2024-12-31,price,87.72000122070312
SRE,2025-12-31,price,88.29000091552734
SRE,2022-12-31,revenue,14.439
SRE,2023-12-31,revenue,16.72
SRE,2024-12-31,revenue,13.185
SRE,2025-12-31,revenue,13.702
SRE,2022-12-31,short_term_debt,4.371
SRE,2023-12-31,short_term_debt,3.317
SRE,2024-12-31,short_term_debt,4.29
SRE,2025-12-31,short_term_debt,6.042
SRE,2022-12-31,total_debt,28.919
SRE,2023-12-31,total_debt,31.076
SRE,2024-12-31,total_debt,35.848
SRE,2025-12-31,total_debt,35.021
STEM,2022-12-31,capex,-0.020868
STEM,2023-12-31,capex,-0.018236
STEM,2024-12-31,capex,-0.011767
STEM,2025-12-31,capex,-0.006602
STEM,2022-12-31,cash,0.249977
STEM,2023-12-31,cash,0.113594
STEM,2024-12-31,cash,0.056299
STEM,2025-12-31,cash,0.048915
STEM,2022-12-31,ebitda,-0.083313
STEM,2023-12-31,ebitda,-0.078728
STEM,2024-12-31,ebitda,-0.790401
STEM,2025-12-31,ebitda,0.207177
STEM,2022-12-31,eps,-16.2
STEM,2023-12-31,eps,-18.0
STEM,2024-12-31,eps,-105.8
STEM,2025-12-31,eps,-9.18
STEM,2022-12-31,fcff_before_growth,-0.14319427999999998
STEM,2023-12-31,fcff_before_growth,-0.24182017
STEM,2024-12-31,fcff_before_growth,-0.06718653
STEM,2025-12-31,fcff_before_growth,-0.01917893
STEM,2022-12-31,free_cf,-0.126898
STEM,2023-12-31,free_cf,-0.225613
STEM,2024-12-31,free_cf,-0.048417
STEM,2025-12-31,free_cf,0.0002589999999999997
STEM,2022-12-31,long_term_debt,0.460474
STEM,2023-12-31,long_term_debt,0.534088
STEM,2024-12-31,long_term_debt,0.539258
STEM,2025-12-31,long_term_debt,0.32225
STEM,2022-12-31,market_cap,1.38158923278096
STEM,2023-12-31,market_cap,0.6050195625032654
STEM,2024-12-31,market_cap,0.09816700445563126
STEM,2025-12-31,market_cap,0.12776757861925125
STEM,2022-12-31,net_debt,0.375145
STEM,2023-12-31,net_debt,0.431663
STEM,2024-12-31,net_debt,0.48571700000000007
STEM,2025-12-31,net_debt,0.276332
STEM,2022-12-31,net_income,-0.124054
STEM,2023-12-31,net_income,-0.140413
STEM,2024-12-31,net_income,-0.854014
STEM,2025-12-31,net_income,0.137761
STEM,2022-12-31,operating_cf,-0.10603
STEM,2023-12-31,operating_cf,-0.207377
STEM,2024-12-31,operating_cf,-0.03665
STEM,2025-12-31,operating_cf,0.006861
STEM,2022-12-31,price,178.8000030517578
STEM,2023-12-31,price,77.5999984741211
STEM,2024-12-31,price,12.0600004196167
STEM,2025-12-31,price,15.050000190734863
STEM,2022-12-31,revenue,0.36298
STEM,2023-12-31,revenue,0.461515
STEM,2024-12-31,revenue,0.144584
STEM,2025-12-31,revenue,0.156266
STEM,2022-12-31,short_term_debt,0.002574
STEM,2023-12-31,short_term_debt,0.00295
STEM,2024-12-31,short_term_debt,0.002758
STEM,2025-12-31,short_term_debt,0.002997
STEM,2022-12-31,total_debt,0.463048
STEM,2023-12-31,total_debt,0.537038
STEM,2024-12-31,total_debt,0.542016
STEM,2025-12-31,total_debt,0.325247
SWX,2022-12-31,capex,-0.859421
SWX,2023-12-31,capex,-0.765871
SWX,2024-12-31,capex,-0.84659
SWX,2025-12-31,capex,-0.807866
SWX,2022-12-31,cash,0.123078
SWX,2023-12-31,cash,0.106536
SWX,2024-12-31,cash,0.31477
SWX,2025-12-31,cash,0.576645
SWX,2022-12-31,ebitda,0.439868
SWX,2023-12-31,ebitda,0.659676
SWX,2024-12-31,ebitda,0.763759
SWX,2025-12-31,ebitda,0.864678
SWX,2022-12-31,eps,-3.1
SWX,2023-12-31,eps,2.13
SWX,2024-12-31,eps,2.76
SWX,2025-12-31,eps,6.08
SWX,2022-12-31,fcff_before_growth,0.1287775
SWX,2023-12-31,fcff_before_growth,0.36764889999999995
SWX,2024-12-31,fcff_before_growth,1.2158421199999998
SWX,2025-12-31,fcff_before_growth,0.38578599
SWX,2022-12-31,free_cf,-0.451961
SWX,2023-12-31,free_cf,-0.25666
SWX,2024-12-31,free_cf,0.50919
SWX,2025-12-31,free_cf,-0.25178999999999996
SWX,2022-12-31,long_term_debt,4.403299
SWX,2023-12-31,long_term_debt,4.609838
SWX,2024-12-31,long_term_debt,3.504477
SWX,2025-12-31,long_term_debt,3.433012
SWX,2022-12-31,market_cap,4.153332640530979
SWX,2023-12-31,market_cap,4.533563453302383
SWX,2024-12-31,market_cap,5.075758611040924
SWX,2025-12-31,market_cap,5.779411689406837
SWX,2022-12-31,net_debt,5.867584000000001
SWX,2023-12-31,net_debt,5.174354
SWX,2024-12-31,net_debt,3.869707
SWX,2025-12-31,net_debt,2.931367
SWX,2022-12-31,net_income,-0.20329
SWX,2023-12-31,net_income,0.150889
SWX,2024-12-31,net_income,0.198815
SWX,2025-12-31,net_income,0.439826
SWX,2022-12-31,operating_cf,0.40746
SWX,2023-12-31,operating_cf,0.509211
SWX,2024-12-31,operating_cf,1.35578
SWX,2025-12-31,operating_cf,0.556076
SWX,2022-12-31,price,61.880001068115234
SWX,2023-12-31,price,63.349998474121094
SWX,2024-12-31,price,70.70999908447266
SWX,2025-12-31,price,80.0199966430664
SWX,2022-12-31,revenue,4.960009
SWX,2023-12-31,revenue,2.534696
SWX,2024-12-31,revenue,2.475216
SWX,2025-12-31,revenue,1.94038
SWX,2022-12-31,short_term_debt,1.587363
SWX,2023-12-31,short_term_debt,0.671052
SWX,2024-12-31,short_term_debt,0.68
SWX,2025-12-31,short_term_debt,0.075
SWX,2022-12-31,total_debt,5.990662
SWX,2023-12-31,total_debt,5.28089
SWX,2024-12-31,total_debt,4.184477
SWX,2025-12-31,total_debt,3.508012
TAC,2022-12-31,capex,-0.6705623916983604
TAC,2023-12-31,capex,-0.6274598565101623
TAC,2024-12-31,capex,-0.2310578525662422
TAC,2025-12-31,capex,-0.18512892162799835
TAC,2022-12-31,cash,0.8012831951379775
TAC,2023-12-31,cash,0.24589643025398253
TAC,2024-12-31,cash,0.23812384194135663
TAC,2025-12-31,cash,0.14485278218984604
TAC,2022-12-31,ebitda,0.8224811632633209
TAC,2023-12-31,ebitda,1.2104039799571036
TAC,2024-12-31,ebitda,0.7772588312625884
TAC,2025-12-31,ebitda,0.4974456520080566
TAC,2022-12-31,eps,0.007065989375114441
TAC,2023-12-31,eps,1.6463755244016647
TAC,2024-12-31,eps,0.416893373131752
TAC,2025-12-31,eps,-0.45222332000732424
TAC,2022-12-31,fcff_before_growth,0.31477569468259803
TAC,2023-12-31,fcff_before_growth,0.714004094376564
TAC,2024-12-31,fcff_before_growth,0.32680200859904285
TAC,2025-12-31,fcff_before_growth,0.19582682954192157
TAC,2022-12-31,free_cf,-0.050875123500824015
TAC,2023-12-31,free_cf,0.4070009880065917
TAC,2024-12-31,free_cf,0.3313949016928672
TAC,2025-12-31,free_cf,0.27133399200439445
TAC,2022-12-31,long_term_debt,2.6949683476686475
TAC,2023-12-31,long_term_debt,2.3162313171625137
TAC,2024-12-31,long_term_debt,2.286554161787033
TAC,2025-12-31,long_term_debt,2.415155168414116
TAC,2022-12-31,market_cap,2.4065694087613982
TAC,2023-12-31,market_cap,2.5506212616046113
TAC,2024-12-31,market_cap,4.209624886512756
TAC,2025-12-31,market_cap,3.750288101863861
TAC,2022-12-31,net_debt,2.03076534640789
TAC,2023-12-31,net_debt,2.448365318477154
TAC,2024-12-31,net_debt,2.983260714173317
TAC,2025-12-31,net_debt,2.9239064034223556
TAC,2022-12-31,net_income,0.0353299468755722
TAC,2023-12-31,net_income,0.4910862615704536
TAC,2024-12-31,net_income,0.1618111566901207
TAC,2025-12-31,net_income,-0.09751065337657927
TAC,2022-12-31,operating_cf,0.6196872681975364
TAC,2023-12-31,operating_cf,1.034460844516754
TAC,2024-12-31,operating_cf,0.5624527542591095
TAC,2025-12-31,operating_cf,0.45646291363239283
TAC,2022-12-31,price,8.970000267028809
TAC,2023-12-31,price,8.3100004196167
TAC,2024-12-31,price,14.149999618530273
TAC,2025-12-31,price,12.640000343322754
TAC,2022-12-31,revenue,2.1028384380340577
TAC,2023-12-31,revenue,2.3706394353508946
TAC,2024-12-31,revenue,2.0102739772200584
TAC,2025-12-31,revenue,1.6993704447150229
TAC,2022-12-31,short_term_debt,0.13708019387722015
TAC,2023-12-31,short_term_debt,0.37803043156862254
TAC,2024-12-31,short_term_debt,0.9348303943276405
TAC,2025-12-31,short_term_debt,0.6536040171980857
TAC,2022-12-31,total_debt,2.8320485415458676
TAC,2023-12-31,total_debt,2.694261748731136
TAC,2024-12-31,total_debt,3.2213845561146734
TAC,2025-12-31,total_debt,3.0687591856122016
TLN,2021-12-31,capex,-0.25
TLN,2022-12-31,capex,-0.312
TLN,2024-12-31,capex,-0.189
TLN,2025-12-31,capex,-0.206
TLN,2022-12-31,cash,0.001
TLN,2023-12-31,cash,0.4
TLN,2024-12-31,cash,0.328
TLN,2025-12-31,cash,0.689
TLN,2021-12-31,ebitda,-0.309
TLN,2022-12-31,ebitda,-0.326
TLN,2024-12-31,ebitda,1.757
TLN,2025-12-31,ebitda,0.512
TLN,2021-12-31,eps,-2198.06
TLN,2022-12-31,eps,-2864.444444
TLN,2024-12-31,eps,17.67
TLN,2025-12-31,eps,-4.79
TLN,2021-12-31,fcff_before_growth,-0.58846
TLN,2022-12-31,fcff_before_growth,-0.07839000000000002
TLN,2024-12-31,fcff_before_growth,0.15902000000000002
TLN,2025-12-31,fcff_before_growth,0.66358
TLN,2021-12-31,free_cf,-0.5409999999999999
TLN,2022-12-31,free_cf,-0.125
TLN,2024-12-31,free_cf,0.067
TLN,2025-12-31,free_cf,0.498
TLN,2022-12-31,long_term_debt,2.494
TLN,2023-12-31,long_term_debt,2.811
TLN,2024-12-31,long_term_debt,2.987
TLN,2025-12-31,long_term_debt,6.782
TLN,2023-12-31,market_cap,3.408317056
TLN,2024-12-31,market_cap,9.259946063805847
TLN,2025-12-31,market_cap,17.125625280206176
TLN,2022-12-31,net_debt,4.351
TLN,2023-12-31,net_debt,2.42
TLN,2024-12-31,net_debt,2.676
TLN,2025-12-31,net_debt,6.122
TLN,2021-12-31,net_income,-0.989
TLN,2022-12-31,net_income,-1.289
TLN,2024-12-31,net_income,0.998
TLN,2025-12-31,net_income,-0.219
TLN,2021-12-31,operating_cf,-0.291
TLN,2022-12-31,operating_cf,0.187
TLN,2024-12-31,operating_cf,0.256
TLN,2025-12-31,operating_cf,0.704
TLN,2023-12-31,price,64.0
TLN,2024-12-31,price,201.47000122070312
TLN,2025-12-31,price,374.8399963378906
TLN,2021-12-31,revenue,1.775
TLN,2022-12-31,revenue,2.412
TLN,2024-12-31,revenue,2.073
TLN,2025-12-31,revenue,2.626
TLN,2022-12-31,short_term_debt,1.858
TLN,2023-12-31,short_term_debt,0.009
TLN,2024-12-31,short_term_debt,0.017
TLN,2025-12-31,short_term_debt,0.029
TLN,2022-12-31,total_debt,4.352
TLN,2023-12-31,total_debt,2.82
TLN,2024-12-31,total_debt,3.004
TLN,2025-12-31,total_debt,6.811
TXNM,2022-12-31,capex,-0.912557
TXNM,2023-12-31,capex,-1.075812
TXNM,2024-12-31,capex,-1.247041
TXNM,2025-12-31,capex,-1.195922
TXNM,2022-12-31,cash,0.004078
TXNM,2023-12-31,cash,0.002215
TXNM,2024-12-31,cash,0.004498
TXNM,2025-12-31,cash,0.018256
TXNM,2022-12-31,ebitda,0.680341
TXNM,2023-12-31,ebitda,0.634576
TXNM,2024-12-31,ebitda,0.931316
TXNM,2025-12-31,ebitda,0.934913
TXNM,2022-12-31,eps,1.97
TXNM,2023-12-31,eps,1.02
TXNM,2024-12-31,eps,2.67
TXNM,2025-12-31,eps,1.48
TXNM,2022-12-31,fcff_before_growth,0.32720832
TXNM,2023-12-31,fcff_before_growth,0.34785944999999996
TXNM,2024-12-31,fcff_before_growth,0.26532214
TXNM,2025-12-31,fcff_before_growth,0.31561338000000005
TXNM,2022-12-31,free_cf,-0.34527299999999994
TXNM,2023-12-31,free_cf,-0.524641
TXNM,2024-12-31,free_cf,-0.7388810000000001
TXNM,2025-12-31,free_cf,-0.6114329999999999
TXNM,2022-12-31,long_term_debt,3.93393
TXNM,2023-12-31,long_term_debt,4.408642
TXNM,2024-12-31,long_term_debt,4.567141
TXNM,2025-12-31,long_term_debt,5.212761
TXNM,2022-12-31,market_cap,4.187883581044174
TXNM,2023-12-31,market_cap,3.7523358367651367
TXNM,2024-12-31,market_cap,4.55605933228569
TXNM,2025-12-31,market_cap,6.413289557620559
TXNM,2022-12-31,net_debt,4.365426
TXNM,2023-12-31,net_debt,4.960763
TXNM,2024-12-31,net_debt,5.797839
TXNM,2025-12-31,net_debt,5.687412
TXNM,2022-12-31,net_income,0.170058
TXNM,2023-12-31,net_income,0.088346
TXNM,2024-12-31,net_income,0.242682
TXNM,2025-12-31,net_income,0.15189
TXNM,2022-12-31,operating_cf,0.567284
TXNM,2023-12-31,operating_cf,0.551171
TXNM,2024-12-31,operating_cf,0.50816
TXNM,2025-12-31,operating_cf,0.584489
TXNM,2022-12-31,price,48.790000915527344
TXNM,2023-12-31,price,41.599998474121094
TXNM,2024-12-31,price,49.16999816894531
TXNM,2025-12-31,price,58.880001068115234
TXNM,2022-12-31,revenue,2.249555
TXNM,2023-12-31,revenue,1.939198
TXNM,2024-12-31,revenue,1.971199
TXNM,2025-12-31,revenue,2.165606
TXNM,2022-12-31,short_term_debt,0.435574
TXNM,2023-12-31,short_term_debt,0.554336
TXNM,2024-12-31,short_term_debt,1.235196
TXNM,2025-12-31,short_term_debt,0.492907
TXNM,2022-12-31,total_debt,4.369504
TXNM,2023-12-31,total_debt,4.962978
TXNM,2024-12-31,total_debt,5.802337
TXNM,2025-12-31,total_debt,5.705668
UGI,2022-09-30,capex,-0.804
UGI,2023-09-30,capex,-0.974
UGI,2024-09-30,capex,-0.796
UGI,2025-09-30,capex,-0.837
UGI,2022-09-30,cash,0.405
UGI,2023-09-30,cash,0.241
UGI,2024-09-30,cash,0.213
UGI,2025-09-30,cash,0.335
UGI,2022-09-30,ebitda,2.234
UGI,2023-09-30,ebitda,-0.926
UGI,2024-09-30,ebitda,1.285
UGI,2025-09-30,ebitda,1.668
UGI,2022-09-30,eps,4.97
UGI,2023-09-30,eps,-7.16
UGI,2024-09-30,eps,1.25
UGI,2025-09-30,eps,3.09
UGI,2022-09-30,fcff_before_growth,0.45791
UGI,2023-09-30,fcff_before_growth,0.8744099999999999
UGI,2024-09-30,fcff_before_growth,0.9422599999999999
UGI,2025-09-30,fcff_before_growth,0.9906900000000001
UGI,2022-09-30,free_cf,-0.08800000000000008
UGI,2023-09-30,free_cf,0.133
UGI,2024-09-30,free_cf,0.3859999999999999
UGI,2025-09-30,free_cf,0.3900000000000001
UGI,2022-09-30,long_term_debt,6.483
UGI,2023-09-30,long_term_debt,6.543
UGI,2024-09-30,long_term_debt,6.443
UGI,2025-09-30,long_term_debt,6.531
UGI,2022-09-30,market_cap,6.775793297716492
UGI,2023-09-30,market_cap,4.818386909
UGI,2024-09-30,market_cap,5.371434110515274
UGI,2025-09-30,market_cap,7.13347289670908
UGI,2022-09-30,net_debt,6.595
UGI,2023-09-30,net_debt,7.008
UGI,2024-09-30,net_debt,6.93
UGI,2025-09-30,net_debt,6.799
UGI,2022-09-30,net_income,1.073
UGI,2023-09-30,net_income,-1.502
UGI,2024-09-30,net_income,0.269
UGI,2025-09-30,net_income,0.678
UGI,2022-09-30,operating_cf,0.716
UGI,2023-09-30,operating_cf,1.107
UGI,2024-09-30,operating_cf,1.182
UGI,2025-09-30,operating_cf,1.227
UGI,2022-09-30,price,32.33000183105469
UGI,2023-09-30,price,23.0
UGI,2024-09-30,price,25.020000457763672
UGI,2025-09-30,price,33.2599983215332
UGI,2022-09-30,revenue,10.106
UGI,2023-09-30,revenue,8.928
UGI,2024-09-30,revenue,7.21
UGI,2025-09-30,revenue,7.287
UGI,2022-09-30,short_term_debt,0.517
UGI,2023-09-30,short_term_debt,0.706
UGI,2024-09-30,short_term_debt,0.7
UGI,2025-09-30,short_term_debt,0.603
UGI,2022-09-30,total_debt,7.0
UGI,2023-09-30,total_debt,7.249
UGI,2024-09-30,total_debt,7.143
UGI,2025-09-30,total_debt,7.134
UTL,2022-12-31,capex,-0.1221
UTL,2023-12-31,capex,-0.141
UTL,2024-12-31,capex,-0.1699
UTL,2025-12-31,capex,-0.1851
UTL,2022-12-31,cash,0.009
UTL,2023-12-31,cash,0.0065
UTL,2024-12-31,cash,0.0063
UTL,2025-12-31,cash,0.0156
UTL,2022-12-31,ebitda,0.1435
UTL,2023-12-31,ebitda,0.1607
UTL,2024-12-31,ebitda,0.1749
UTL,2025-12-31,ebitda,0.198
UTL,2022-12-31,eps,2.588147
UTL,2023-12-31,eps,2.815717
UTL,2024-12-31,eps,2.923819
UTL,2025-12-31,eps,2.97
UTL,2022-12-31,fcff_before_growth,0.057456999999999994
UTL,2023-12-31,fcff_before_growth,0.067171
UTL,2024-12-31,fcff_before_growth,0.07958300000000001
UTL,2025-12-31,fcff_before_growth,0.07720199999999999
UTL,2022-12-31,free_cf,-0.024400000000000005
UTL,2023-12-31,free_cf,-0.03399999999999999
UTL,2024-12-31,free_cf,-0.043999999999999984
UTL,2025-12-31,free_cf,-0.05379999999999999
UTL,2022-12-31,long_term_debt,0.4919
UTL,2023-12-31,long_term_debt,0.5128
UTL,2024-12-31,long_term_debt,0.6433
UTL,2025-12-31,long_term_debt,0.6375
UTL,2022-12-31,market_cap,0.8239867225920868
UTL,2023-12-31,market_cap,0.8472561757615662
UTL,2024-12-31,market_cap,0.8774631533131981
UTL,2025-12-31,market_cap,0.868005587431736
UTL,2022-12-31,net_debt,0.6071
UTL,2023-12-31,net_debt,0.6751
UTL,2024-12-31,net_debt,0.7495
UTL,2025-12-31,net_debt,0.9176000000000001
UTL,2022-12-31,net_income,0.0414
UTL,2023-12-31,net_income,0.0452
UTL,2024-12-31,net_income,0.0471
UTL,2025-12-31,net_income,0.0502
UTL,2022-12-31,operating_cf,0.0977
UTL,2023-12-31,operating_cf,0.107
UTL,2024-12-31,operating_cf,0.1259
UTL,2025-12-31,operating_cf,0.1313
UTL,2022-12-31,price,51.36000061035156
UTL,2023-12-31,price,52.56999969482422
UTL,2024-12-31,price,54.189998626708984
UTL,2025-12-31,price,48.439998626708984
UTL,2022-12-31,revenue,0.5632
UTL,2023-12-31,revenue,0.5571
UTL,2024-12-31,revenue,0.4948
UTL,2025-12-31,revenue,0.536
UTL,2022-12-31,short_term_debt,0.1242
UTL,2023-12-31,short_term_debt,0.1688
UTL,2024-12-31,short_term_debt,0.1125
UTL,2025-12-31,short_term_debt,0.2957
UTL,2022-12-31,total_debt,0.6161
UTL,2023-12-31,total_debt,0.6816
UTL,2024-12-31,total_debt,0.7558
UTL,2025-12-31,total_debt,0.9332
VGAS,2022-12-31,capex,-4.411e-06
VGAS,2023-12-31,capex,-5.8588e-05
VGAS,2024-12-31,capex,-0.00255
VGAS,2025-12-31,capex,-0.007685
VGAS,2022-12-31,cash,0.000463475
VGAS,2023-12-31,cash,0.028779177
VGAS,2024-12-31,cash,0.019044
VGAS,2025-12-31,cash,0.057215
VGAS,2022-12-31,ebitda,0.002967178
VGAS,2023-12-31,ebitda,-0.009681461
VGAS,2024-12-31,ebitda,-0.011335
VGAS,2025-12-31,ebitda,-0.01215
VGAS,2022-12-31,eps,0.290566
VGAS,2023-12-31,eps,-0.45
VGAS,2024-12-31,eps,-0.53
VGAS,2025-12-31,eps,-0.39
VGAS,2022-12-31,fcff_before_growth,-0.003527031
VGAS,2023-12-31,fcff_before_growth,-0.009342524789999999
VGAS,2024-12-31,fcff_before_growth,-0.009202
VGAS,2025-12-31,fcff_before_growth,-0.009257
VGAS,2022-12-31,free_cf,-0.0032835580000000002
VGAS,2023-12-31,free_cf,-0.009171254
VGAS,2024-12-31,free_cf,-0.011430000000000001
VGAS,2025-12-31,free_cf,-0.016574
VGAS,2022-12-31,long_term_debt,8.52e-05
VGAS,2023-12-31,long_term_debt,0.000641774
VGAS,2024-12-31,long_term_debt,7.8e-05
VGAS,2025-12-31,long_term_debt,1.2e-05
VGAS,2022-12-31,market_cap,0.08525702498697281
VGAS,2023-12-31,market_cap,0.02215529197517681
VGAS,2024-12-31,market_cap,0.0388192099114337
VGAS,2025-12-31,market_cap,0.04542221799831057
VGAS,2022-12-31,net_debt,-0.00012913899999999996
VGAS,2023-12-31,net_debt,-0.027840023
VGAS,2024-12-31,net_debt,-0.018812
VGAS,2025-12-31,net_debt,-0.057029
VGAS,2022-12-31,net_income,0.002719294
VGAS,2023-12-31,net_income,-0.002743588
VGAS,2024-12-31,net_income,-0.003334
VGAS,2025-12-31,net_income,-0.006958
VGAS,2022-12-31,operating_cf,-0.003279147
VGAS,2023-12-31,operating_cf,-0.009112666
VGAS,2024-12-31,operating_cf,-0.00888
VGAS,2025-12-31,operating_cf,-0.008889
VGAS,2022-12-31,price,9.109999656677246
VGAS,2023-12-31,price,2.359999895095825
VGAS,2024-12-31,price,4.065000057220459
VGAS,2025-12-31,price,2.059999942779541
VGAS,2022-12-31,revenue,0.0
VGAS,2023-12-31,revenue,0.0
VGAS,2024-12-31,revenue,0.0
VGAS,2025-12-31,revenue,0.0
VGAS,2022-12-31,short_term_debt,0.000249136
VGAS,2023-12-31,short_term_debt,0.00029738
VGAS,2024-12-31,short_term_debt,0.000154
VGAS,2025-12-31,short_term_debt,0.000174
VGAS,2022-12-31,total_debt,0.000334336
VGAS,2023-12-31,total_debt,0.000939154
VGAS,2024-12-31,total_debt,0.000232
VGAS,2025-12-31,total_debt,0.000186
VST,2022-12-31,capex,-1.301
VST,2023-12-31,capex,-1.676
VST,2024-12-31,capex,-2.078
VST,2025-12-31,capex,-2.752
VST,2022-12-31,cash,0.455
VST,2023-12-31,cash,3.485
VST,2024-12-31,cash,1.188
VST,2025-12-31,cash,0.785
VST,2022-12-31,ebitda,1.049
VST,2023-12-31,ebitda,4.573
VST,2024-12-31,ebitda,6.957
VST,2025-12-31,ebitda,5.055
VST,2022-12-31,eps,-3.148133
VST,2023-12-31,eps,3.821235
VST,2024-12-31,eps,7.261129
VST,2025-12-31,eps,2.22446
VST,2022-12-31,fcff_before_growth,-1.1180200000000002
VST,2023-12-31,fcff_before_growth,3.9844300000000006
VST,2024-12-31,fcff_before_growth,2.61061
VST,2025-12-31,fcff_before_growth,1.8957800000000002
VST,2022-12-31,free_cf,-0.816
VST,2023-12-31,free_cf,3.777
VST,2024-12-31,free_cf,2.485
VST,2025-12-31,free_cf,1.3180000000000005
VST,2022-12-31,long_term_debt,12.215
VST,2023-12-31,long_term_debt,12.391
VST,2024-12-31,long_term_debt,15.418
VST,2025-12-31,long_term_debt,15.842
VST,2022-12-31,market_cap,9.042313281359368
VST,2023-12-31,market_cap,13.538124417204255
VST,2024-12-31,market_cap,46.841924647133425
VST,2025-12-31,market_cap,54.53916153355568
VST,2022-12-31,net_debt,12.881
VST,2023-12-31,net_debt,11.192
VST,2024-12-31,net_debt,15.859999999999998
VST,2025-12-31,net_debt,19.283
VST,2022-12-31,net_income,-1.227
VST,2023-12-31,net_income,1.493
VST,2024-12-31,net_income,2.659
VST,2025-12-31,net_income,0.944
VST,2022-12-31,operating_cf,0.485
VST,2023-12-31,operating_cf,5.453
VST,2024-12-31,operating_cf,4.563
VST,2025-12-31,operating_cf,4.07
VST,2022-12-31,price,23.200000762939453
VST,2023-12-31,price,38.52000045776367
VST,2024-12-31,price,137.8699951171875
VST,2025-12-31,price,161.3300018310547
VST,2022-12-31,revenue,13.728
VST,2023-12-31,revenue,14.779
VST,2024-12-31,revenue,17.224
VST,2025-12-31,revenue,17.738
VST,2022-12-31,short_term_debt,1.121
VST,2023-12-31,short_term_debt,2.286
VST,2024-12-31,short_term_debt,1.63
VST,2025-12-31,short_term_debt,4.226
VST,2022-12-31,total_debt,13.336
VST,2023-12-31,total_debt,14.677
VST,2024-12-31,total_debt,17.048
VST,2025-12-31,total_debt,20.068
WAVE,2022-12-31,capex,-3e-06
WAVE,2023-12-31,capex,-6e-06
WAVE,2024-12-31,capex,-3.3e-05
WAVE,2025-12-31,capex,-0.000525
WAVE,2022-12-31,cash,0.010295
WAVE,2023-12-31,cash,0.008383
WAVE,2024-12-31,cash,0.009099
WAVE,2025-12-31,cash,0.006022
WAVE,2022-12-31,ebitda,-0.002644
WAVE,2023-12-31,ebitda,-0.001651
WAVE,2024-12-31,ebitda,-0.001923
WAVE,2025-12-31,ebitda,-0.003416
WAVE,2022-12-31,eps,-0.56
WAVE,2023-12-31,eps,-0.56
WAVE,2024-12-31,eps,-0.32
WAVE,2025-12-31,eps,-0.64
WAVE,2022-12-31,fcff_before_growth,-0.0026330800000000003
WAVE,2023-12-31,fcff_before_growth,-0.00273545
WAVE,2024-12-31,fcff_before_growth,-0.0019107100000000001
WAVE,2025-12-31,fcff_before_growth,-0.00325134
WAVE,2022-12-31,free_cf,-0.002465
WAVE,2023-12-31,free_cf,-0.002607
WAVE,2024-12-31,free_cf,-0.00185
WAVE,2025-12-31,free_cf,-0.003565
WAVE,2022-12-31,long_term_debt,0.000184
WAVE,2023-12-31,long_term_debt,7.8e-05
WAVE,2024-12-31,long_term_debt,0.000143
WAVE,2025-12-31,long_term_debt,2.4e-05
WAVE,2022-12-31,market_cap,0.13216345050332357
WAVE,2023-12-31,market_cap,0.055049606983382224
WAVE,2024-12-31,market_cap,0.514072284
WAVE,2025-12-31,market_cap,0.27242619291280173
WAVE,2022-12-31,net_debt,-0.00406
WAVE,2023-12-31,net_debt,-0.0030800000000000003
WAVE,2024-12-31,net_debt,-0.006501999999999999
WAVE,2025-12-31,net_debt,-0.004684
WAVE,2022-12-31,net_income,-0.002901
WAVE,2023-12-31,net_income,-0.00171
WAVE,2024-12-31,net_income,-0.002077
WAVE,2025-12-31,net_income,-0.003697
WAVE,2022-12-31,operating_cf,-0.002462
WAVE,2023-12-31,operating_cf,-0.002601
WAVE,2024-12-31,operating_cf,-0.001817
WAVE,2025-12-31,operating_cf,-0.00304
WAVE,2022-12-31,price,2.9769999980926514
WAVE,2023-12-31,price,1.2400000095367432
WAVE,2024-12-31,price,11.0
WAVE,2025-12-31,price,5.839000225067139
WAVE,2022-12-31,revenue,2.6e-05
WAVE,2023-12-31,revenue,0.000306
WAVE,2024-12-31,revenue,0.000168
WAVE,2025-12-31,revenue,3.8e-05
WAVE,2022-12-31,short_term_debt,0.001051
WAVE,2023-12-31,short_term_debt,0.001123
WAVE,2024-12-31,short_term_debt,0.0012
WAVE,2025-12-31,short_term_debt,0.001314
WAVE,2022-12-31,total_debt,0.001235
WAVE,2023-12-31,total_debt,0.001201
WAVE,2024-12-31,total_debt,0.001343
WAVE,2025-12-31,total_debt,0.001338
WEC,2022-12-31,capex,-2.3149
WEC,2023-12-31,capex,-2.4929
WEC,2024-12-31,capex,-2.7811
WEC,2025-12-31,capex,-4.3981
WEC,2022-12-31,cash,0.0289
WEC,2023-12-31,cash,0.0429
WEC,2024-12-31,cash,0.0098
WEC,2025-12-31,cash,0.0276
WEC,2022-12-31,ebitda,3.3703
WEC,2023-12-31,ebitda,3.5279
WEC,2024-12-31,ebitda,3.9161
WEC,2025-12-31,ebitda,4.0471
WEC,2022-12-31,eps,4.45
WEC,2023-12-31,eps,4.22
WEC,2024-12-31,eps,4.83
WEC,2025-12-31,eps,4.81
WEC,2022-12-31,fcff_before_growth,1.3450290000000003
WEC,2023-12-31,fcff_before_growth,2.3288460000000004
WEC,2024-12-31,fcff_before_growth,2.5013870000000002
WEC,2025-12-31,fcff_before_growth,2.608029
WEC,2022-12-31,free_cf,-0.2542
WEC,2023-12-31,free_cf,0.5255000000000001
WEC,2024-12-31,free_cf,0.4307000000000003
WEC,2025-12-31,free_cf,-1.0187000000000004
WEC,2022-12-31,long_term_debt,14.7662
WEC,2023-12-31,long_term_debt,15.5128
WEC,2024-12-31,long_term_debt,17.4814
WEC,2025-12-31,long_term_debt,18.8701
WEC,2022-12-31,market_cap,29.575142300400856
WEC,2023-12-31,market_cap,26.550123896692124
WEC,2024-12-31,market_cap,29.87470789504551
WEC,2025-12-31,market_cap,34.32317149577108
WEC,2022-12-31,net_debt,17.2656
WEC,2023-12-31,net_debt,18.755
WEC,2024-12-31,net_debt,20.317200000000003
WEC,2025-12-31,net_debt,22.2866
WEC,2022-12-31,net_income,1.4093
WEC,2023-12-31,net_income,1.3329
WEC,2024-12-31,net_income,1.5284
WEC,2025-12-31,net_income,1.5587
WEC,2022-12-31,operating_cf,2.0607
WEC,2023-12-31,operating_cf,3.0184
WEC,2024-12-31,operating_cf,3.2118
WEC,2025-12-31,operating_cf,3.3794
WEC,2022-12-31,price,93.76000213623047
WEC,2023-12-31,price,84.16999816894531
WEC,2024-12-31,price,94.04000091552734
WEC,2025-12-31,price,105.45999908447266
WEC,2022-12-31,revenue,9.5974
WEC,2023-12-31,revenue,8.893
WEC,2024-12-31,revenue,8.5999
WEC,2025-12-31,revenue,9.8001
WEC,2022-12-31,short_term_debt,2.5283
WEC,2023-12-31,short_term_debt,3.2851
WEC,2024-12-31,short_term_debt,2.8456
WEC,2025-12-31,short_term_debt,3.4441
WEC,2022-12-31,total_debt,17.2945
WEC,2023-12-31,total_debt,18.7979
WEC,2024-12-31,total_debt,20.327
WEC,2025-12-31,total_debt,22.3142
WTRG,2022-12-31,capex,-1.062763
WTRG,2023-12-31,capex,-1.199103
WTRG,2024-12-31,capex,-1.329747
WTRG,2025-12-31,capex,-1.42998
WTRG,2022-12-31,cash,0.011398
WTRG,2023-12-31,cash,0.004612
WTRG,2024-12-31,cash,0.009156
WTRG,2025-12-31,cash,0.034778
WTRG,2022-12-31,ebitda,1.010201
WTRG,2023-12-31,ebitda,1.058838
WTRG,2024-12-31,ebitda,1.245497
WTRG,2025-12-31,ebitda,1.366366
WTRG,2022-12-31,eps,1.77
WTRG,2023-12-31,eps,1.86
WTRG,2024-12-31,eps,2.17
WTRG,2025-12-31,eps,2.2
WTRG,2022-12-31,fcff_before_growth,0.46724064
WTRG,2023-12-31,fcff_before_growth,0.81374798
WTRG,2024-12-31,fcff_before_growth,0.63973993
WTRG,2025-12-31,fcff_before_growth,0.8529619900000001
WTRG,2022-12-31,free_cf,-0.4624569999999999
WTRG,2023-12-31,free_cf,-0.2655160000000001
WTRG,2024-12-31,free_cf,-0.559404
WTRG,2025-12-31,free_cf,-0.41952100000000003
WTRG,2022-12-31,long_term_debt,6.408723
WTRG,2023-12-31,long_term_debt,6.86051
WTRG,2024-12-31,long_term_debt,7.395828
WTRG,2025-12-31,long_term_debt,8.131775
WTRG,2022-12-31,market_cap,12.588170898590745
WTRG,2023-12-31,market_cap,10.207606564933341
WTRG,2024-12-31,market_cap,9.981592741250497
WTRG,2025-12-31,market_cap,10.859056726020034
WTRG,2022-12-31,net_debt,6.825181000000001
WTRG,2023-12-31,net_debt,7.083436
WTRG,2024-12-31,net_debt,7.7160210000000005
WTRG,2025-12-31,net_debt,8.268958000000001
WTRG,2022-12-31,net_income,0.465237
WTRG,2023-12-31,net_income,0.498226
WTRG,2024-12-31,net_income,0.595314
WTRG,2025-12-31,net_income,0.616369
WTRG,2022-12-31,operating_cf,0.600306
WTRG,2023-12-31,operating_cf,0.933587
WTRG,2024-12-31,operating_cf,0.770343
WTRG,2025-12-31,operating_cf,1.010459
WTRG,2022-12-31,price,47.72999954223633
WTRG,2023-12-31,price,37.349998474121094
WTRG,2024-12-31,price,36.31999969482422
WTRG,2025-12-31,price,38.36000061035156
WTRG,2022-12-31,revenue,2.288032
WTRG,2023-12-31,revenue,2.053824
WTRG,2024-12-31,revenue,2.086113
WTRG,2025-12-31,revenue,2.474615
WTRG,2022-12-31,short_term_debt,0.427856
WTRG,2023-12-31,short_term_debt,0.227538
WTRG,2024-12-31,short_term_debt,0.329349
WTRG,2025-12-31,short_term_debt,0.171961
WTRG,2022-12-31,total_debt,6.836579
WTRG,2023-12-31,total_debt,7.088048
WTRG,2024-12-31,total_debt,7.725177
WTRG,2025-12-31,total_debt,8.303736
XEL,2022-12-31,capex,-4.638
XEL,2023-12-31,capex,-5.854
XEL,2024-12-31,capex,-7.364
XEL,2025-12-31,capex,-10.908
XEL,2022-12-31,cash,0.111
XEL,2023-12-31,cash,0.129
XEL,2024-12-31,cash,0.179
XEL,2025-12-31,cash,0.274
XEL,2022-12-31,ebitda,5.08
XEL,2023-12-31,ebitda,5.196
XEL,2024-12-31,ebitda,5.591
XEL,2025-12-31,ebitda,6.198
XEL,2022-12-31,eps,3.17
XEL,2023-12-31,eps,3.21
XEL,2024-12-31,eps,3.44
XEL,2025-12-31,eps,3.42
XEL,2022-12-31,fcff_before_growth,2.10875
XEL,2023-12-31,fcff_before_growth,3.55316
XEL,2024-12-31,fcff_before_growth,2.69978
XEL,2025-12-31,fcff_before_growth,2.0619700000000005
XEL,2022-12-31,free_cf,-0.706
XEL,2023-12-31,free_cf,-0.5270000000000001
XEL,2024-12-31,free_cf,-2.723
XEL,2025-12-31,free_cf,-6.824999999999999
XEL,2022-12-31,long_term_debt,23.851
XEL,2023-12-31,long_term_debt,25.951
XEL,2024-12-31,long_term_debt,28.183
XEL,2025-12-31,long_term_debt,32.62
XEL,2022-12-31,market_cap,38.5309151774158
XEL,2023-12-31,market_cap,34.35644074805261
XEL,2024-12-31,market_cap,38.78116324885283
XEL,2025-12-31,market_cap,46.05914919051567
XEL,2022-12-31,net_debt,25.921
XEL,2023-12-31,net_debt,27.384999999999998
XEL,2024-12-31,net_debt,30.029
XEL,2025-12-31,net_debt,34.507
XEL,2022-12-31,net_income,1.736
XEL,2023-12-31,net_income,1.771
XEL,2024-12-31,net_income,1.936
XEL,2025-12-31,net_income,2.018
XEL,2022-12-31,operating_cf,3.932
XEL,2023-12-31,operating_cf,5.327
XEL,2024-12-31,operating_cf,4.641
XEL,2025-12-31,operating_cf,4.083
XEL,2022-12-31,price,70.11000061035156
XEL,2023-12-31,price,61.90999984741211
XEL,2024-12-31,price,67.5199966430664
XEL,2025-12-31,price,73.86000061035156
XEL,2022-12-31,revenue,15.31
XEL,2023-12-31,revenue,14.206
XEL,2024-12-31,revenue,13.441
XEL,2025-12-31,revenue,14.669
XEL,2022-12-31,short_term_debt,2.181
XEL,2023-12-31,short_term_debt,1.563
XEL,2024-12-31,short_term_debt,2.025
XEL,2025-12-31,short_term_debt,2.161
XEL,2022-12-31,total_debt,26.032
XEL,2023-12-31,total_debt,27.514
XEL,2024-12-31,total_debt,30.208
XEL,2025-12-31,total_debt,34.781
XIFR,2022-12-31,capex,-1.351
XIFR,2023-12-31,capex,-1.269
XIFR,2024-12-31,capex,-0.241
XIFR,2025-12-31,capex,-0.958
XIFR,2022-12-31,cash,0.226
XIFR,2023-12-31,cash,0.274
XIFR,2024-12-31,cash,0.283
XIFR,2025-12-31,cash,0.96
XIFR,2022-12-31,ebitda,0.581
XIFR,2023-12-31,ebitda,0.701
XIFR,2024-12-31,ebitda,0.323
XIFR,2025-12-31,ebitda,0.607
XIFR,2022-12-31,eps,5.62
XIFR,2023-12-31,eps,2.18
XIFR,2024-12-31,eps,-0.11
XIFR,2025-12-31,eps,-0.3
XIFR,2022-12-31,fcff_before_growth,0.87687
XIFR,2023-12-31,fcff_before_growth,0.36855
XIFR,2024-12-31,fcff_before_growth,0.28255
XIFR,2025-12-31,fcff_before_growth,0.43723
XIFR,2022-12-31,free_cf,-0.575
XIFR,2023-12-31,free_cf,-0.5379999999999999
XIFR,2024-12-31,free_cf,0.559
XIFR,2025-12-31,free_cf,-0.21899999999999997
XIFR,2022-12-31,long_term_debt,5.25
XIFR,2023-12-31,long_term_debt,4.941
XIFR,2024-12-31,long_term_debt,4.609
XIFR,2025-12-31,long_term_debt,5.44
XIFR,2022-12-31,market_cap,6.062784683227539
XIFR,2023-12-31,market_cap,2.841283435913326
XIFR,2024-12-31,market_cap,1.6649082614390869
XIFR,2025-12-31,market_cap,0.93966346
XIFR,2022-12-31,net_debt,5.062
XIFR,2023-12-31,net_debt,6.015
XIFR,2024-12-31,net_debt,5.031
XIFR,2025-12-31,net_debt,5.242
XIFR,2022-12-31,net_income,0.477
XIFR,2023-12-31,net_income,0.2
XIFR,2024-12-31,net_income,-0.023
XIFR,2025-12-31,net_income,-0.028
XIFR,2022-12-31,operating_cf,0.776
XIFR,2023-12-31,operating_cf,0.731
XIFR,2024-12-31,operating_cf,0.8
XIFR,2025-12-31,operating_cf,0.739
XIFR,2022-12-31,price,70.08999633789062
XIFR,2023-12-31,price,30.40999984741211
XIFR,2024-12-31,price,17.799999237060547
XIFR,2025-12-31,price,10.0
XIFR,2022-12-31,revenue,0.969
XIFR,2023-12-31,revenue,1.078
XIFR,2024-12-31,revenue,1.23
XIFR,2025-12-31,revenue,1.188
XIFR,2022-12-31,short_term_debt,0.038
XIFR,2023-12-31,short_term_debt,1.348
XIFR,2024-12-31,short_term_debt,0.705
XIFR,2025-12-31,short_term_debt,0.762
XIFR,2022-12-31,total_debt,5.288
XIFR,2023-12-31,total_debt,6.289
XIFR,2024-12-31,total_debt,5.314
XIFR,2025-12-31,total_debt,6.202
