symbol,fiscal_year_end,column,value,source
AEE,2016-12-31,capex,-2.076,SEC
AEE,2017-12-31,capex,-2.132,SEC
AEE,2018-12-31,capex,-2.286,SEC
AEE,2019-12-31,capex,-2.411,SEC
AEE,2020-12-31,capex,-3.233,SEC
AEE,2021-12-31,capex,-3.479,SEC
AEE,2022-12-31,capex,-3.351,SEC
AEE,2023-12-31,capex,-3.597,SEC
AEE,2024-12-31,capex,-4.319,SEC
AEE,2025-12-31,capex,-4.128,SEC
AEE,2016-12-31,cash,0.009,SEC
AEE,2017-12-31,cash,0.01,SEC
AEE,2018-12-31,cash,0.016,SEC
AEE,2019-12-31,cash,0.016,SEC
AEE,2020-12-31,cash,0.139,SEC
AEE,2021-12-31,cash,0.008,SEC
AEE,2022-12-31,cash,0.01,SEC
AEE,2023-12-31,cash,0.025,SEC
AEE,2024-12-31,cash,0.007,SEC
AEE,2025-12-31,cash,0.013,SEC
AEE,2016-12-31,ebitda,2.157,SEC
AEE,2017-12-31,ebitda,2.286,SEC
AEE,2018-12-31,ebitda,2.295,SEC
AEE,2019-12-31,ebitda,2.269,SEC
AEE,2020-12-31,ebitda,2.453,SEC
AEE,2021-12-31,ebitda,2.552,SEC
AEE,2022-12-31,ebitda,2.888,SEC
AEE,2023-12-31,ebitda,2.99,SEC
AEE,2024-12-31,ebitda,3.04,SEC
AEE,2025-12-31,ebitda,3.638,SEC
AEE,2016-12-31,eps,2.68,SEC
AEE,2017-12-31,eps,2.14,SEC
AEE,2018-12-31,eps,3.32,SEC
AEE,2019-12-31,eps,3.35,SEC
AEE,2020-12-31,eps,3.5,SEC
AEE,2021-12-31,eps,3.84,SEC
AEE,2022-12-31,eps,4.14,SEC
AEE,2023-12-31,eps,4.38,SEC
AEE,2024-12-31,eps,4.42,SEC
AEE,2025-12-31,eps,5.35,SEC
AEE,2016-12-31,fcff_before_growth,1.58378,SEC
AEE,2017-12-31,fcff_before_growth,1.55089,SEC
AEE,2018-12-31,fcff_before_growth,1.54879,SEC
AEE,2019-12-31,fcff_before_growth,1.46899,SEC
AEE,2020-12-31,fcff_before_growth,0.90501,SEC
AEE,2021-12-31,fcff_before_growth,0.74457,SEC
AEE,2022-12-31,fcff_before_growth,1.27394,SEC
AEE,2023-12-31,fcff_before_growth,1.57914,SEC
AEE,2024-12-31,fcff_before_growth,1.76277,SEC
AEE,2025-12-31,fcff_before_growth,2.35404,SEC
AEE,2016-12-31,free_cf,0.041,SEC
AEE,2017-12-31,free_cf,-0.014,SEC
AEE,2018-12-31,free_cf,-0.116,SEC
AEE,2019-12-31,free_cf,-0.241,SEC
AEE,2020-12-31,free_cf,-1.506,SEC
AEE,2021-12-31,free_cf,-1.818,SEC
AEE,2022-12-31,free_cf,-1.088,SEC
AEE,2023-12-31,free_cf,-1.033,SEC
AEE,2024-12-31,free_cf,-1.556,SEC
AEE,2025-12-31,free_cf,-0.775,SEC
AEE,2016-12-31,long_term_debt,6.595,SEC
AEE,2017-12-31,long_term_debt,7.094,SEC
AEE,2018-12-31,long_term_debt,7.859,SEC
AEE,2019-12-31,long_term_debt,8.915,SEC
AEE,2020-12-31,long_term_debt,11.078,SEC
AEE,2021-12-31,long_term_debt,12.562,SEC
AEE,2022-12-31,long_term_debt,13.685,SEC
AEE,2023-12-31,long_term_debt,15.121,SEC
AEE,2024-12-31,long_term_debt,17.262,SEC
AEE,2025-12-31,long_term_debt,18.214,SEC
AEE,2016-12-31,market_cap,12.768763777160645,Yahoo price x SEC shares
AEE,2017-12-31,market_cap,14.405358409881591,Yahoo price x SEC shares
AEE,2018-12-31,market_cap,16.03353482513428,Yahoo price x SEC shares
AEE,2019-12-31,market_cap,18.977280754089357,Yahoo price x SEC shares
AEE,2020-12-31,market_cap,19.413521392822265,Yahoo price x SEC shares
AEE,2021-12-31,market_cap,22.92897655029297,Yahoo price x SEC shares
AEE,2022-12-31,market_cap,23.07473952484131,Yahoo price x SEC shares
AEE,2023-12-31,market_cap,19.05435503540039,Yahoo price x SEC shares
AEE,2024-12-31,market_cap,23.836035836791993,Yahoo price x SEC shares
AEE,2025-12-31,market_cap,27.181892166137697,Yahoo price x SEC shares
AEE,2016-12-31,net_debt,7.824999999999999,SEC
AEE,2017-12-31,net_debt,8.409,SEC
AEE,2018-12-31,net_debt,9.02,SEC
AEE,2019-12-31,net_debt,9.781,SEC
AEE,2020-12-31,net_debt,11.437000000000001,SEC
AEE,2021-12-31,net_debt,13.604000000000001,SEC
AEE,2022-12-31,net_debt,15.085,SEC
AEE,2023-12-31,net_debt,16.481,SEC
AEE,2024-12-31,net_debt,18.715,SEC
AEE,2025-12-31,net_debt,19.816999999999997,SEC
AEE,2016-12-31,net_income,0.653,SEC
AEE,2017-12-31,net_income,0.523,SEC
AEE,2018-12-31,net_income,0.815,SEC
AEE,2019-12-31,net_income,0.828,SEC
AEE,2020-12-31,net_income,0.871,SEC
AEE,2021-12-31,net_income,0.99,SEC
AEE,2022-12-31,net_income,1.074,SEC
AEE,2023-12-31,net_income,1.152,SEC
AEE,2024-12-31,net_income,1.182,SEC
AEE,2025-12-31,net_income,1.456,SEC
AEE,2016-12-31,operating_cf,2.117,SEC
AEE,2017-12-31,operating_cf,2.118,SEC
AEE,2018-12-31,operating_cf,2.17,SEC
AEE,2019-12-31,operating_cf,2.17,SEC
AEE,2020-12-31,operating_cf,1.727,SEC
AEE,2021-12-31,operating_cf,1.661,SEC
AEE,2022-12-31,operating_cf,2.263,SEC
AEE,2023-12-31,operating_cf,2.564,SEC
AEE,2024-12-31,operating_cf,2.763,SEC
AEE,2025-12-31,operating_cf,3.353,SEC
AEE,2016-12-31,price,52.459999084472656,Yahoo
AEE,2017-12-31,price,58.9900016784668,Yahoo
AEE,2018-12-31,price,65.2300033569336,Yahoo
AEE,2019-12-31,price,76.80000305175781,Yahoo
AEE,2020-12-31,price,78.05999755859375,Yahoo
AEE,2021-12-31,price,89.01000213623047,Yahoo
AEE,2022-12-31,price,88.91999816894531,Yahoo
AEE,2023-12-31,price,72.33999633789062,Yahoo
AEE,2024-12-31,price,89.13999938964844,Yahoo
AEE,2025-12-31,price,99.86000061035156,Yahoo
AEE,2016-12-31,revenue,6.076,SEC
AEE,2017-12-31,revenue,6.174,SEC
AEE,2018-12-31,revenue,6.291,SEC
AEE,2019-12-31,revenue,5.91,SEC
AEE,2020-12-31,revenue,5.794,SEC
AEE,2021-12-31,revenue,6.394,SEC
AEE,2022-12-31,revenue,7.957,SEC
AEE,2023-12-31,revenue,7.5,SEC
AEE,2024-12-31,revenue,7.623,SEC
AEE,2025-12-31,revenue,8.799,SEC
AEE,2016-12-31,short_term_debt,1.239,SEC
AEE,2017-12-31,short_term_debt,1.325,SEC
AEE,2018-12-31,short_term_debt,1.177,SEC
AEE,2019-12-31,short_term_debt,0.882,SEC
AEE,2020-12-31,short_term_debt,0.498,SEC
AEE,2021-12-31,short_term_debt,1.05,SEC
AEE,2022-12-31,short_term_debt,1.41,SEC
AEE,2023-12-31,short_term_debt,1.385,SEC
AEE,2024-12-31,short_term_debt,1.46,SEC
AEE,2025-12-31,short_term_debt,1.616,SEC
AEE,2016-12-31,total_debt,7.834,SEC
AEE,2017-12-31,total_debt,8.419,SEC
AEE,2018-12-31,total_debt,9.036,SEC
AEE,2019-12-31,total_debt,9.797,SEC
AEE,2020-12-31,total_debt,11.576,SEC
AEE,2021-12-31,total_debt,13.612,SEC
AEE,2022-12-31,total_debt,15.095,SEC
AEE,2023-12-31,total_debt,16.506,SEC
AEE,2024-12-31,total_debt,18.722,SEC
AEE,2025-12-31,total_debt,19.83,SEC
AEP,2016-12-31,capex,-0.1079,SEC
AEP,2017-12-31,capex,-0.0,SEC
AEP,2018-12-31,capex,-0.0,SEC
AEP,2019-12-31,capex,-0.9184,SEC
AEP,2020-12-31,capex,-0.0,SEC
AEP,2022-12-31,capex,-6.7724,Yahoo
AEP,2023-12-31,capex,-0.155,SEC
AEP,2024-12-31,capex,-0.399,SEC
AEP,2025-12-31,capex,-3.453,SEC
AEP,2016-12-31,cash,0.2105,SEC
AEP,2017-12-31,cash,0.2146,SEC
AEP,2018-12-31,cash,0.2341,SEC
AEP,2019-12-31,cash,0.2468,SEC
AEP,2020-12-31,cash,0.3927,SEC
AEP,2021-12-31,cash,0.4034,SEC
AEP,2022-12-31,cash,0.5094,SEC
AEP,2023-12-31,cash,0.3301,SEC
AEP,2024-12-31,cash,0.203,SEC
AEP,2025-12-31,cash,0.197,SEC
AEP,2016-12-31,ebitda,3.1262,SEC
AEP,2017-12-31,ebitda,5.5222,SEC
AEP,2018-12-31,ebitda,4.9693,SEC
AEP,2019-12-31,ebitda,5.1068,SEC
AEP,2020-12-31,ebitda,5.6705,SEC
AEP,2021-12-31,ebitda,6.237,SEC
AEP,2022-12-31,ebitda,6.5555,SEC
AEP,2023-12-31,ebitda,6.483,SEC
AEP,2024-12-31,ebitda,7.453,SEC
AEP,2025-12-31,ebitda,8.644,SEC
AEP,2016-12-31,eps,1.24,SEC
AEP,2017-12-31,eps,3.88,SEC
AEP,2018-12-31,eps,3.9,SEC
AEP,2019-12-31,eps,3.88,SEC
AEP,2020-12-31,eps,4.42,SEC
AEP,2021-12-31,eps,4.96,SEC
AEP,2022-12-31,eps,4.49,SEC
AEP,2023-12-31,eps,4.24,SEC
AEP,2024-12-31,eps,5.58,SEC
AEP,2025-12-31,eps,6.66,SEC
AEP,2016-12-31,fcff_before_growth,3.252488,SEC
AEP,2017-12-31,fcff_before_growth,2.98025,SEC
AEP,2018-12-31,fcff_before_growth,3.714276,SEC
AEP,2019-12-31,fcff_before_growth,2.602875,SEC
AEP,2020-12-31,fcff_before_growth,2.071003,SEC
AEP,2021-12-31,fcff_before_growth,1.961489,SEC
AEP,2022-12-31,fcff_before_growth,3.318119,SEC
AEP,2023-12-31,fcff_before_growth,3.512451,SEC
AEP,2024-12-31,fcff_before_growth,3.655,SEC
AEP,2025-12-31,fcff_before_growth,3.619,SEC
AEP,2016-12-31,free_cf,4.4139,SEC
AEP,2017-12-31,free_cf,4.2704,SEC
AEP,2018-12-31,free_cf,5.2232,SEC
AEP,2019-12-31,free_cf,3.3517,SEC
AEP,2020-12-31,free_cf,3.8329,SEC
AEP,2022-12-31,free_cf,-1.4844,Yahoo
AEP,2023-12-31,free_cf,4.857,SEC
AEP,2024-12-31,free_cf,6.405,SEC
AEP,2025-12-31,free_cf,3.491,SEC
AEP,2016-12-31,long_term_debt,17.3784,SEC
AEP,2017-12-31,long_term_debt,19.4196,SEC
AEP,2018-12-31,long_term_debt,21.6482,SEC
AEP,2019-12-31,long_term_debt,25.1268,SEC
AEP,2020-12-31,long_term_debt,28.9864,SEC
AEP,2021-12-31,long_term_debt,31.3007,SEC
AEP,2022-12-31,long_term_debt,34.3146,SEC
AEP,2023-12-31,long_term_debt,37.6527,SEC
AEP,2024-12-31,long_term_debt,39.308,SEC
AEP,2025-12-31,long_term_debt,44.128,SEC
AEP,2016-12-31,market_cap,30.955039510589987,Yahoo price x SEC shares
AEP,2017-12-31,market_cap,36.241396048857034,Yahoo price x SEC shares
AEP,2018-12-31,market_cap,36.90349256819852,Yahoo price x SEC shares
AEP,2019-12-31,market_cap,46.811393611468276,Yahoo price x SEC shares
AEP,2020-12-31,market_cap,41.404079545932426,Yahoo price x SEC shares
AEP,2021-12-31,market_cap,44.643725939569336,Yahoo price x SEC shares
AEP,2022-12-31,market_cap,48.755362057519335,Yahoo price x SEC shares
AEP,2023-12-31,market_cap,42.2511529097774,Yahoo price x SEC shares
AEP,2024-12-31,market_cap,49.00527813135538,Yahoo price x SEC shares
AEP,2025-12-31,market_cap,61.9754182009726,Yahoo price x SEC shares
AEP,2016-12-31,net_debt,21.7589,SEC
AEP,2017-12-31,net_debt,22.5973,SEC
AEP,2018-12-31,net_debt,25.022599999999997,SEC
AEP,2019-12-31,net_debt,29.317,SEC
AEP,2020-12-31,net_debt,33.1591,SEC
AEP,2021-12-31,net_debt,35.6651,SEC
AEP,2022-12-31,net_debt,40.403800000000004,SEC
AEP,2023-12-31,net_debt,42.643299999999996,SEC
AEP,2024-12-31,net_debt,44.964,SEC
AEP,2025-12-31,net_debt,48.632999999999996,SEC
AEP,2016-12-31,net_income,0.6109,SEC
AEP,2017-12-31,net_income,1.9126,SEC
AEP,2018-12-31,net_income,1.9238,SEC
AEP,2019-12-31,net_income,1.9211,SEC
AEP,2020-12-31,net_income,2.2001,SEC
AEP,2021-12-31,net_income,2.4881,SEC
AEP,2022-12-31,net_income,2.3072,SEC
AEP,2023-12-31,net_income,2.208,SEC
AEP,2024-12-31,net_income,2.967,SEC
AEP,2025-12-31,net_income,3.58,SEC
AEP,2016-12-31,operating_cf,4.5218,SEC
AEP,2017-12-31,operating_cf,4.2704,SEC
AEP,2018-12-31,operating_cf,5.2232,SEC
AEP,2019-12-31,operating_cf,4.2701,SEC
AEP,2020-12-31,operating_cf,3.8329,SEC
AEP,2021-12-31,operating_cf,3.8399,SEC
AEP,2022-12-31,operating_cf,5.288,SEC
AEP,2023-12-31,operating_cf,5.012,SEC
AEP,2024-12-31,operating_cf,6.804,SEC
AEP,2025-12-31,operating_cf,6.944,SEC
AEP,2016-12-31,price,62.959999084472656,Yahoo
AEP,2017-12-31,price,73.56999969482422,Yahoo
AEP,2018-12-31,price,74.73999786376953,Yahoo
AEP,2019-12-31,price,94.51000213623047,Yahoo
AEP,2020-12-31,price,83.2699966430664,Yahoo
AEP,2021-12-31,price,88.97000122070312,Yahoo
AEP,2022-12-31,price,94.94999694824219,Yahoo
AEP,2023-12-31,price,81.22000122070312,Yahoo
AEP,2024-12-31,price,92.2300033569336,Yahoo
AEP,2025-12-31,price,115.30999755859375,Yahoo
AEP,2016-12-31,revenue,16.3801,SEC
AEP,2017-12-31,revenue,15.4249,SEC
AEP,2018-12-31,revenue,16.1957,SEC
AEP,2019-12-31,revenue,15.5614,SEC
AEP,2020-12-31,revenue,14.9185,SEC
AEP,2021-12-31,revenue,16.792,SEC
AEP,2022-12-31,revenue,19.6395,SEC
AEP,2023-12-31,revenue,19.456,SEC
AEP,2024-12-31,revenue,19.97,SEC
AEP,2025-12-31,revenue,21.876,SEC
AEP,2016-12-31,short_term_debt,4.591,SEC
AEP,2017-12-31,short_term_debt,3.3923,SEC
AEP,2018-12-31,short_term_debt,3.6085,SEC
AEP,2019-12-31,short_term_debt,4.437,SEC
AEP,2020-12-31,short_term_debt,4.5654,SEC
AEP,2021-12-31,short_term_debt,4.7678,SEC
AEP,2022-12-31,short_term_debt,6.5986,SEC
AEP,2023-12-31,short_term_debt,5.3207,SEC
AEP,2024-12-31,short_term_debt,5.859,SEC
AEP,2025-12-31,short_term_debt,4.702,SEC
AEP,2016-12-31,total_debt,21.9694,SEC
AEP,2017-12-31,total_debt,22.8119,SEC
AEP,2018-12-31,total_debt,25.2567,SEC
AEP,2019-12-31,total_debt,29.5638,SEC
AEP,2020-12-31,total_debt,33.5518,SEC
AEP,2021-12-31,total_debt,36.0685,SEC
AEP,2022-12-31,total_debt,40.9132,SEC
AEP,2023-12-31,total_debt,42.9734,SEC
AEP,2024-12-31,total_debt,45.167,SEC
AEP,2025-12-31,total_debt,48.83,SEC
AES,2016-12-31,capex,-2.345,SEC
AES,2017-12-31,capex,-2.177,SEC
AES,2018-12-31,capex,-2.121,SEC
AES,2019-12-31,capex,-2.405,SEC
AES,2020-12-31,capex,-1.9,SEC
AES,2021-12-31,capex,-2.116,SEC
AES,2022-12-31,capex,-4.551,SEC
AES,2023-12-31,capex,-7.724,SEC
AES,2024-12-31,capex,-7.392,SEC
AES,2025-12-31,capex,-5.929,SEC
AES,2016-12-31,cash,1.244,SEC
AES,2017-12-31,cash,0.949,SEC
AES,2018-12-31,cash,1.166,SEC
AES,2019-12-31,cash,1.029,SEC
AES,2020-12-31,cash,1.089,SEC
AES,2021-12-31,cash,0.943,SEC
AES,2022-12-31,cash,1.374,SEC
AES,2023-12-31,cash,1.426,SEC
AES,2024-12-31,cash,1.524,SEC
AES,2025-12-31,cash,1.382,SEC
AES,2022-12-31,ebitda,2.02,Yahoo
AES,2023-12-31,ebitda,2.57,Yahoo
AES,2024-12-31,ebitda,3.643,Yahoo
AES,2025-12-31,ebitda,2.939,Yahoo
AES,2016-12-31,eps,-1.72,SEC
AES,2017-12-31,eps,-1.76,SEC
AES,2018-12-31,eps,1.81,SEC
AES,2019-12-31,eps,0.45,SEC
AES,2020-12-31,eps,0.07,SEC
AES,2021-12-31,eps,-0.61,SEC
AES,2022-12-31,eps,-0.82,SEC
AES,2023-12-31,eps,0.35,SEC
AES,2024-12-31,eps,2.36,SEC
AES,2025-12-31,eps,1.26,SEC
AES,2016-12-31,fcff_before_growth,2.61686,SEC
AES,2017-12-31,fcff_before_growth,2.2593,SEC
AES,2018-12-31,fcff_before_growth,2.17424,SEC
AES,2019-12-31,fcff_before_growth,2.2505,SEC
AES,2020-12-31,fcff_before_growth,2.50702,SEC
AES,2021-12-31,fcff_before_growth,1.56569,SEC
AES,2022-12-31,fcff_before_growth,2.52543,SEC
AES,2023-12-31,fcff_before_growth,2.92901,SEC
AES,2024-12-31,fcff_before_growth,2.66115,SEC
AES,2025-12-31,fcff_before_growth,3.96053,SEC
AES,2016-12-31,free_cf,0.552,SEC
AES,2017-12-31,free_cf,0.327,SEC
AES,2018-12-31,free_cf,0.222,SEC
AES,2019-12-31,free_cf,0.061,SEC
AES,2020-12-31,free_cf,0.855,SEC
AES,2021-12-31,free_cf,-0.214,SEC
AES,2022-12-31,free_cf,-1.836,SEC
AES,2023-12-31,free_cf,-4.69,SEC
AES,2024-12-31,free_cf,-4.64,SEC
AES,2025-12-31,free_cf,-1.623,SEC
AES,2022-12-31,long_term_debt,21.74,Yahoo
AES,2023-12-31,long_term_debt,22.746,Yahoo
AES,2024-12-31,long_term_debt,25.431,Yahoo
AES,2025-12-31,long_term_debt,26.786,Yahoo
AES,2016-12-31,market_cap,7.669199924468995,Yahoo price x SEC shares
AES,2017-12-31,market_cap,7.1477999496459965,Yahoo price x SEC shares
AES,2018-12-31,market_cap,9.615900025367736,Yahoo price x SEC shares
AES,2019-12-31,market_cap,13.273299745559692,Yahoo price x SEC shares
AES,2020-12-31,market_cap,15.698,Yahoo price x SEC shares
AES,2021-12-31,market_cap,16.183799491882326,Yahoo price x SEC shares
AES,2022-12-31,market_cap,19.211680152893067,Yahoo price x SEC shares
AES,2023-12-31,market_cap,13.706,Yahoo price x SEC shares
AES,2024-12-31,market_cap,9.176309918403625,Yahoo price x SEC shares
AES,2025-12-31,market_cap,10.238760108947753,Yahoo price x SEC shares
AES,2022-12-31,net_debt,22.124,Yahoo
AES,2023-12-31,net_debt,25.452,Yahoo
AES,2024-12-31,net_debt,27.494,Yahoo
AES,2025-12-31,net_debt,28.515,Yahoo
AES,2016-12-31,net_income,-1.13,SEC
AES,2017-12-31,net_income,-1.161,SEC
AES,2018-12-31,net_income,1.203,SEC
AES,2019-12-31,net_income,0.303,SEC
AES,2020-12-31,net_income,0.046,SEC
AES,2021-12-31,net_income,-0.409,SEC
AES,2022-12-31,net_income,-0.546,SEC
AES,2023-12-31,net_income,0.249,SEC
AES,2024-12-31,net_income,1.679,SEC
AES,2025-12-31,net_income,0.91,SEC
AES,2016-12-31,operating_cf,2.897,SEC
AES,2017-12-31,operating_cf,2.504,SEC
AES,2018-12-31,operating_cf,2.343,SEC
AES,2019-12-31,operating_cf,2.466,SEC
AES,2020-12-31,operating_cf,2.755,SEC
AES,2021-12-31,operating_cf,1.902,SEC
AES,2022-12-31,operating_cf,2.715,SEC
AES,2023-12-31,operating_cf,3.034,SEC
AES,2024-12-31,operating_cf,2.752,SEC
AES,2025-12-31,operating_cf,4.306,SEC
AES,2016-12-31,price,11.619999885559082,Yahoo
AES,2017-12-31,price,10.829999923706055,Yahoo
AES,2018-12-31,price,14.460000038146973,Yahoo
AES,2019-12-31,price,19.899999618530273,Yahoo
AES,2020-12-31,price,23.5,Yahoo
AES,2021-12-31,price,24.299999237060547,Yahoo
AES,2022-12-31,price,28.760000228881836,Yahoo
AES,2023-12-31,price,19.25,Yahoo
AES,2024-12-31,price,12.869999885559082,Yahoo
AES,2025-12-31,price,14.34000015258789,Yahoo
AES,2016-12-31,revenue,10.281,SEC
AES,2017-12-31,revenue,10.53,SEC
AES,2018-12-31,revenue,10.736,SEC
AES,2019-12-31,revenue,10.189,SEC
AES,2020-12-31,revenue,9.66,SEC
AES,2021-12-31,revenue,11.141,SEC
AES,2022-12-31,revenue,12.617,SEC
AES,2023-12-31,revenue,12.668,SEC
AES,2024-12-31,revenue,12.278,SEC
AES,2025-12-31,revenue,12.233,SEC
AES,2022-12-31,short_term_debt,1.758,Yahoo
AES,2023-12-31,short_term_debt,4.132,Yahoo
AES,2024-12-31,short_term_debt,3.587,Yahoo
AES,2025-12-31,short_term_debt,3.111,Yahoo
AES,2022-12-31,total_debt,23.498,Yahoo
AES,2023-12-31,total_debt,26.878,Yahoo
AES,2024-12-31,total_debt,29.018,Yahoo
AES,2025-12-31,total_debt,29.897,Yahoo
AGIG,2023-12-31,capex,-0.000594162,Yahoo
AGIG,2024-12-31,capex,-0.000318538,Yahoo
AGIG,2025-12-31,capex,-0.008660829,SEC
AGIG,2021-12-31,cash,0.004894577,SEC
AGIG,2022-12-31,cash,0.00454721,SEC
AGIG,2023-12-31,cash,0.000390324,Yahoo
AGIG,2024-12-31,cash,0.000525809,SEC
AGIG,2025-12-31,cash,0.004618621,SEC
AGIG,2016-12-31,ebitda,-0.002346049,SEC
AGIG,2017-12-31,ebitda,-0.001714704,SEC
AGIG,2018-12-31,ebitda,1.9831e-05,SEC
AGIG,2019-12-31,ebitda,-0.00189513,SEC
AGIG,2020-12-31,ebitda,-0.003817959,SEC
AGIG,2021-12-31,ebitda,-0.000788592,SEC
AGIG,2022-12-31,ebitda,-0.000572462,SEC
AGIG,2023-12-31,ebitda,-0.004413269,SEC
AGIG,2024-12-31,ebitda,-0.008033349,SEC
AGIG,2025-12-31,ebitda,-0.028538322,SEC
AGIG,2016-12-31,eps,-0.05,SEC
AGIG,2017-12-31,eps,-0.04,SEC
AGIG,2018-12-31,eps,-0.01,SEC
AGIG,2019-12-31,eps,-0.52,SEC
AGIG,2020-12-31,eps,-0.62,SEC
AGIG,2021-12-31,eps,-0.11,SEC
AGIG,2022-12-31,eps,0.07,SEC
AGIG,2023-12-31,eps,-0.3,SEC
AGIG,2024-12-31,eps,-0.11,SEC
AGIG,2025-12-31,eps,-0.9,SEC
AGIG,2016-12-31,fcff_before_growth,-0.001599935,SEC
AGIG,2017-12-31,fcff_before_growth,-0.00174276805,SEC
AGIG,2018-12-31,fcff_before_growth,2.97e-06,SEC
AGIG,2019-12-31,fcff_before_growth,-0.00101823412,SEC
AGIG,2020-12-31,fcff_before_growth,-0.0012045073899999998,SEC
AGIG,2021-12-31,fcff_before_growth,-0.00092606316,SEC
AGIG,2022-12-31,fcff_before_growth,-0.00043442,SEC
AGIG,2023-12-31,fcff_before_growth,9.5664e-05,SEC
AGIG,2024-12-31,fcff_before_growth,-0.001624207,SEC
AGIG,2025-12-31,fcff_before_growth,-0.007945123,SEC
AGIG,2023-12-31,free_cf,-0.003050783,Yahoo
AGIG,2024-12-31,free_cf,-0.002243238,Yahoo
AGIG,2025-12-31,free_cf,-0.016712887,SEC
AGIG,2025-12-31,long_term_debt,0.006407216,Yahoo
AGIG,2016-12-31,market_cap,1.15812279,Yahoo price x SEC shares
AGIG,2017-12-31,market_cap,2.2225337475,Yahoo price x SEC shares
AGIG,2018-12-31,market_cap,1.439635225,Yahoo price x SEC shares
AGIG,2019-12-31,market_cap,0.098921475,Yahoo price x SEC shares
AGIG,2020-12-31,market_cap,0.1214378375,Yahoo price x SEC shares
AGIG,2021-12-31,market_cap,0.13830830054477025,Yahoo price x SEC shares
AGIG,2022-12-31,market_cap,0.34266711839966585,Yahoo price x SEC shares
AGIG,2023-12-31,market_cap,0.1930287807863331,Yahoo price x SEC shares
AGIG,2024-12-31,market_cap,0.4099366006776428,Yahoo price x SEC shares
AGIG,2025-12-31,market_cap,0.06503752988651132,Yahoo price x SEC shares
AGIG,2023-12-31,net_debt,0.005068854,Yahoo
AGIG,2024-12-31,net_debt,0.005334465,Yahoo
AGIG,2025-12-31,net_debt,0.0057713539999999,Yahoo
AGIG,2016-12-31,net_income,-0.002641625,SEC
AGIG,2017-12-31,net_income,-0.002037614,SEC
AGIG,2018-12-31,net_income,-0.000251336,SEC
AGIG,2019-12-31,net_income,-0.002515694,SEC
AGIG,2020-12-31,net_income,-0.004037074,SEC
AGIG,2021-12-31,net_income,-0.00102153,SEC
AGIG,2022-12-31,net_income,-0.000744279,SEC
AGIG,2023-12-31,net_income,-0.003211277,SEC
AGIG,2024-12-31,net_income,-0.003608349,SEC
AGIG,2025-12-31,net_income,-0.029452289,SEC
AGIG,2016-12-31,operating_cf,-0.001297153,SEC
AGIG,2017-12-31,operating_cf,-0.001716847,SEC
AGIG,2018-12-31,operating_cf,0.000360792,SEC
AGIG,2019-12-31,operating_cf,-0.000725019,SEC
AGIG,2020-12-31,operating_cf,-0.000864787,SEC
AGIG,2021-12-31,operating_cf,-0.000680691,SEC
AGIG,2022-12-31,operating_cf,-0.000228962,SEC
AGIG,2023-12-31,operating_cf,0.000263191,SEC
AGIG,2024-12-31,operating_cf,-0.0019247,SEC
AGIG,2025-12-31,operating_cf,-0.008052058,SEC
AGIG,2016-12-31,price,22.5,Yahoo
AGIG,2017-12-31,price,41.25,Yahoo
AGIG,2018-12-31,price,23.75,Yahoo
AGIG,2019-12-31,price,18.75,Yahoo
AGIG,2020-12-31,price,17.5,Yahoo
AGIG,2021-12-31,price,14.300000190734863,Yahoo
AGIG,2022-12-31,price,34.400001525878906,Yahoo
AGIG,2023-12-31,price,17.899999618530273,Yahoo
AGIG,2024-12-31,price,12.899999618530273,Yahoo
AGIG,2025-12-31,price,1.9800000190734863,Yahoo
AGIG,2017-12-31,revenue,0.000630392,SEC
AGIG,2018-12-31,revenue,0.00235666,SEC
AGIG,2019-12-31,revenue,0.000997992,SEC
AGIG,2020-12-31,revenue,0.000552345,SEC
AGIG,2021-12-31,revenue,0.001330198,SEC
AGIG,2022-12-31,revenue,0.001638841,SEC
AGIG,2023-12-31,revenue,0.000794027,SEC
AGIG,2024-12-31,revenue,0.00056018,SEC
AGIG,2025-12-31,revenue,0.000410632,SEC
AGIG,2023-12-31,short_term_debt,0.005459178,Yahoo
AGIG,2024-12-31,short_term_debt,0.005860274,SEC
AGIG,2025-12-31,short_term_debt,0.003968562,SEC
AGIG,2023-12-31,total_debt,0.005459178,Yahoo
AGIG,2024-12-31,total_debt,0.005860274,Yahoo
AGIG,2025-12-31,total_debt,0.010389975,Yahoo
AQN,2016-12-31,capex,-0.28668947100663184,SEC
AQN,2017-12-31,capex,-0.565103,SEC
AQN,2018-12-31,capex,-0.466369,SEC
AQN,2019-12-31,capex,-0.581332,SEC
AQN,2020-12-31,capex,-0.78603,SEC
AQN,2021-12-31,capex,-1.345045,SEC
AQN,2022-12-31,capex,-1.089024,SEC
AQN,2023-12-31,capex,-1.026171,SEC
AQN,2024-12-31,capex,-0.8724,SEC
AQN,2025-12-31,capex,-0.7719,SEC
AQN,2016-12-31,cash,0.0780183301255703,SEC
AQN,2017-12-31,cash,0.043484,SEC
AQN,2018-12-31,cash,0.046819,SEC
AQN,2019-12-31,cash,0.062485,SEC
AQN,2020-12-31,cash,0.101614,SEC
AQN,2021-12-31,cash,0.125157,SEC
AQN,2022-12-31,cash,0.057623,SEC
AQN,2023-12-31,cash,0.025051,SEC
AQN,2024-12-31,cash,0.0348,SEC
AQN,2025-12-31,cash,0.0327,SEC
AQN,2016-12-31,ebitda,0.2980272371585369,SEC
AQN,2017-12-31,ebitda,0.628519,SEC
AQN,2018-12-31,ebitda,0.639207,SEC
AQN,2019-12-31,ebitda,0.651151,SEC
AQN,2020-12-31,ebitda,0.698149,SEC
AQN,2021-12-31,ebitda,0.816065,SEC
AQN,2022-12-31,ebitda,0.857565,SEC
AQN,2023-12-31,ebitda,0.821366,SEC
AQN,2024-12-31,ebitda,0.8418,SEC
AQN,2025-12-31,ebitda,0.905,SEC
AQN,2016-12-31,eps,0.3108947467803955,SEC
AQN,2017-12-31,eps,0.33209211587905885,SEC
AQN,2018-12-31,eps,0.38,SEC
AQN,2019-12-31,eps,1.04,SEC
AQN,2020-12-31,eps,1.37,SEC
AQN,2021-12-31,eps,0.41,SEC
AQN,2022-12-31,eps,-0.33,SEC
AQN,2023-12-31,eps,0.03,SEC
AQN,2024-12-31,eps,-1.9,SEC
AQN,2025-12-31,eps,0.22,SEC
AQN,2016-12-31,fcff_before_growth,0.14482726536649704,SEC
AQN,2017-12-31,fcff_before_growth,0.19835238,SEC
AQN,2018-12-31,fcff_before_growth,0.38975322,SEC
AQN,2019-12-31,fcff_before_growth,0.47033152,SEC
AQN,2020-12-31,fcff_before_growth,0.33482186,SEC
AQN,2021-12-31,fcff_before_growth,-0.07994934,SEC
AQN,2022-12-31,fcff_before_growth,0.38364946,SEC
AQN,2023-12-31,fcff_before_growth,0.5176226,SEC
AQN,2024-12-31,fcff_before_growth,0.373244,SEC
AQN,2025-12-31,fcff_before_growth,0.416475,SEC
AQN,2016-12-31,free_cf,-0.08325761318778992,SEC
AQN,2017-12-31,free_cf,-0.238536,SEC
AQN,2018-12-31,free_cf,0.063983,SEC
AQN,2019-12-31,free_cf,0.029928,SEC
AQN,2020-12-31,free_cf,-0.280813,SEC
AQN,2021-12-31,free_cf,-1.187579,SEC
AQN,2022-12-31,free_cf,-0.469928,SEC
AQN,2023-12-31,free_cf,-0.398137,SEC
AQN,2024-12-31,free_cf,-0.3907,SEC
AQN,2025-12-31,free_cf,-0.1783,SEC
AQN,2016-12-31,long_term_debt,2.758017956585884,SEC
AQN,2017-12-31,long_term_debt,3.067187,SEC
AQN,2018-12-31,long_term_debt,3.323747,SEC
AQN,2019-12-31,long_term_debt,3.706855,SEC
AQN,2020-12-31,long_term_debt,4.398596,SEC
AQN,2021-12-31,long_term_debt,5.854978,SEC
AQN,2022-12-31,long_term_debt,7.088743,SEC
AQN,2023-12-31,long_term_debt,6.878299,SEC
AQN,2024-12-31,long_term_debt,6.207,SEC
AQN,2025-12-31,long_term_debt,6.1689,SEC
AQN,2016-12-31,net_debt,2.6871184095826153,SEC
AQN,2017-12-31,net_debt,3.222755055967808,SEC
AQN,2018-12-31,net_debt,3.611783,SEC
AQN,2019-12-31,net_debt,4.246398,SEC
AQN,2020-12-31,net_debt,4.631334000000001,SEC
AQN,2021-12-31,net_debt,6.564466,SEC
AQN,2022-12-31,net_debt,8.15978,SEC
AQN,2023-12-31,net_debt,8.241990000000001,SEC
AQN,2024-12-31,net_debt,6.7822000000000005,SEC
AQN,2025-12-31,net_debt,7.7141,SEC
AQN,2016-12-31,net_income,0.09250814506244659,SEC
AQN,2017-12-31,net_income,0.149475,SEC
AQN,2018-12-31,net_income,0.184988,SEC
AQN,2019-12-31,net_income,0.530884,SEC
AQN,2020-12-31,net_income,0.782463,SEC
AQN,2021-12-31,net_income,0.264859,SEC
AQN,2022-12-31,net_income,-0.211989,SEC
AQN,2023-12-31,net_income,0.028674,SEC
AQN,2024-12-31,net_income,-1.3805,SEC
AQN,2025-12-31,net_income,0.1808,SEC
AQN,2016-12-31,operating_cf,0.20343185781884193,SEC
AQN,2017-12-31,operating_cf,0.326567,SEC
AQN,2018-12-31,operating_cf,0.530352,SEC
AQN,2019-12-31,operating_cf,0.61126,SEC
AQN,2020-12-31,operating_cf,0.505217,SEC
AQN,2021-12-31,operating_cf,0.157466,SEC
AQN,2022-12-31,operating_cf,0.619096,SEC
AQN,2023-12-31,operating_cf,0.628034,SEC
AQN,2024-12-31,operating_cf,0.4817,SEC
AQN,2025-12-31,operating_cf,0.5936,SEC
AQN,2016-12-31,price,8.479999542236328,Yahoo
AQN,2017-12-31,price,11.15999984741211,Yahoo
AQN,2018-12-31,price,10.050000190734863,Yahoo
AQN,2019-12-31,price,14.149999618530273,Yahoo
AQN,2020-12-31,price,16.459999084472656,Yahoo
AQN,2021-12-31,price,14.449999809265137,Yahoo
AQN,2022-12-31,price,6.519999980926514,Yahoo
AQN,2023-12-31,price,6.320000171661377,Yahoo
AQN,2024-12-31,price,4.449999809265137,Yahoo
AQN,2025-12-31,price,6.150000095367432,Yahoo
AQN,2016-12-31,revenue,0.7744232694926262,SEC
AQN,2017-12-31,revenue,1.521938,SEC
AQN,2018-12-31,revenue,1.648463,SEC
AQN,2019-12-31,revenue,1.626392,SEC
AQN,2020-12-31,revenue,1.676991,SEC
AQN,2021-12-31,revenue,2.274142,SEC
AQN,2022-12-31,revenue,2.765013,SEC
AQN,2023-12-31,revenue,2.403924,SEC
AQN,2024-12-31,revenue,2.3195,SEC
AQN,2025-12-31,revenue,2.4336,SEC
AQN,2016-12-31,short_term_debt,0.007118783122301102,SEC
AQN,2017-12-31,short_term_debt,0.19905205596780776,SEC
AQN,2018-12-31,short_term_debt,0.334855,SEC
AQN,2019-12-31,short_term_debt,0.602028,SEC
AQN,2020-12-31,short_term_debt,0.334352,SEC
AQN,2021-12-31,short_term_debt,0.834645,SEC
AQN,2022-12-31,short_term_debt,1.12866,SEC
AQN,2023-12-31,short_term_debt,1.388742,SEC
AQN,2024-12-31,short_term_debt,0.61,SEC
AQN,2025-12-31,short_term_debt,1.5779,SEC
AQN,2016-12-31,total_debt,2.7651367397081854,SEC
AQN,2017-12-31,total_debt,3.266239055967808,SEC
AQN,2018-12-31,total_debt,3.658602,SEC
AQN,2019-12-31,total_debt,4.308883,SEC
AQN,2020-12-31,total_debt,4.732948,SEC
AQN,2021-12-31,total_debt,6.689623,SEC
AQN,2022-12-31,total_debt,8.217403,SEC
AQN,2023-12-31,total_debt,8.267041,SEC
AQN,2024-12-31,total_debt,6.817,SEC
AQN,2025-12-31,total_debt,7.7468,SEC
ARTNA,2016-12-31,capex,-0.028251,SEC
ARTNA,2017-12-31,capex,-0.041094,SEC
ARTNA,2018-12-31,capex,-0.049053,SEC
ARTNA,2019-12-31,capex,-0.040677,SEC
ARTNA,2020-12-31,capex,-0.034277,SEC
ARTNA,2021-12-31,capex,-0.040814,SEC
ARTNA,2022-12-31,capex,-0.048483,SEC
ARTNA,2023-12-31,capex,-0.062177,SEC
ARTNA,2024-12-31,capex,-0.045942,SEC
ARTNA,2025-12-31,capex,-0.058845,SEC
ARTNA,2016-12-31,cash,0.000226,SEC
ARTNA,2017-12-31,cash,0.000952,SEC
ARTNA,2018-12-31,cash,0.000293,SEC
ARTNA,2019-12-31,cash,0.000596,SEC
ARTNA,2020-12-31,cash,2.8e-05,SEC
ARTNA,2021-12-31,cash,9.2e-05,SEC
ARTNA,2022-12-31,cash,0.001309,SEC
ARTNA,2023-12-31,cash,0.002505,SEC
ARTNA,2024-12-31,cash,0.001147,SEC
ARTNA,2025-12-31,cash,5.2e-05,SEC
ARTNA,2016-12-31,ebitda,0.028007,SEC
ARTNA,2017-12-31,ebitda,0.029155,SEC
ARTNA,2018-12-31,ebitda,0.029243,SEC
ARTNA,2019-12-31,ebitda,0.030728,SEC
ARTNA,2020-12-31,ebitda,0.033438,SEC
ARTNA,2021-12-31,ebitda,0.034179,SEC
ARTNA,2022-12-31,ebitda,0.036526,SEC
ARTNA,2023-12-31,ebitda,0.035781,SEC
ARTNA,2024-12-31,ebitda,0.03978,SEC
ARTNA,2025-12-31,ebitda,0.041588,SEC
ARTNA,2016-12-31,eps,1.41,SEC
ARTNA,2017-12-31,eps,1.51,SEC
ARTNA,2018-12-31,eps,1.54,SEC
ARTNA,2019-12-31,eps,1.6,SEC
ARTNA,2020-12-31,eps,1.79,SEC
ARTNA,2021-12-31,eps,1.79,SEC
ARTNA,2022-12-31,eps,1.9,SEC
ARTNA,2023-12-31,eps,1.67,SEC
ARTNA,2024-12-31,eps,1.98,SEC
ARTNA,2025-12-31,eps,2.21,SEC
ARTNA,2016-12-31,fcff_before_growth,0.02583976,SEC
ARTNA,2017-12-31,fcff_before_growth,0.03110383,SEC
ARTNA,2018-12-31,fcff_before_growth,0.02379208,SEC
ARTNA,2019-12-31,fcff_before_growth,0.01361596,SEC
ARTNA,2020-12-31,fcff_before_growth,0.01523401,SEC
ARTNA,2021-12-31,fcff_before_growth,0.02542268,SEC
ARTNA,2022-12-31,fcff_before_growth,0.01836158,SEC
ARTNA,2023-12-31,fcff_before_growth,0.02574924,SEC
ARTNA,2024-12-31,fcff_before_growth,0.03012941,SEC
ARTNA,2025-12-31,fcff_before_growth,0.03340194,SEC
ARTNA,2016-12-31,free_cf,0.001528,SEC
ARTNA,2017-12-31,free_cf,-0.005315,SEC
ARTNA,2018-12-31,free_cf,-0.019912,SEC
ARTNA,2019-12-31,free_cf,-0.021807,SEC
ARTNA,2020-12-31,free_cf,-0.013919,SEC
ARTNA,2021-12-31,free_cf,-0.009504,SEC
ARTNA,2022-12-31,free_cf,-0.024218,SEC
ARTNA,2023-12-31,free_cf,-0.030326,SEC
ARTNA,2024-12-31,free_cf,-0.009119,SEC
ARTNA,2025-12-31,free_cf,-0.018499,SEC
ARTNA,2016-12-31,long_term_debt,0.102331,SEC
ARTNA,2017-12-31,long_term_debt,0.105587,SEC
ARTNA,2018-12-31,long_term_debt,0.115862,SEC
ARTNA,2019-12-31,long_term_debt,0.144156,SEC
ARTNA,2020-12-31,long_term_debt,0.142333,SEC
ARTNA,2021-12-31,long_term_debt,0.143259,SEC
ARTNA,2022-12-31,long_term_debt,0.175619,SEC
ARTNA,2023-12-31,long_term_debt,0.178307,SEC
ARTNA,2024-12-31,long_term_debt,0.176509,SEC
ARTNA,2025-12-31,long_term_debt,0.174276,SEC
ARTNA,2016-12-31,market_cap,0.2926023448925018,Yahoo price x SEC shares
ARTNA,2017-12-31,market_cap,0.35637153269195554,Yahoo price x SEC shares
ARTNA,2018-12-31,market_cap,0.3240469000740051,Yahoo price x SEC shares
ARTNA,2019-12-31,market_cap,0.347020451461792,Yahoo price x SEC shares
ARTNA,2020-12-31,market_cap,0.34740253715515135,Yahoo price x SEC shares
ARTNA,2021-12-31,market_cap,0.4367065972595215,Yahoo price x SEC shares
ARTNA,2022-12-31,market_cap,0.5553969973602295,Yahoo price x SEC shares
ARTNA,2023-12-31,market_cap,0.4154119076461792,Yahoo price x SEC shares
ARTNA,2024-12-31,market_cap,0.32555952864074705,Yahoo price x SEC shares
ARTNA,2025-12-31,market_cap,0.32596232629394534,Yahoo price x SEC shares
ARTNA,2016-12-31,net_debt,0.103421,SEC
ARTNA,2017-12-31,net_debt,0.105979,SEC
ARTNA,2018-12-31,net_debt,0.119019,SEC
ARTNA,2019-12-31,net_debt,0.146972,SEC
ARTNA,2020-12-31,net_debt,0.145819,SEC
ARTNA,2021-12-31,net_debt,0.14634899999999998,SEC
ARTNA,2022-12-31,net_debt,0.178316,SEC
ARTNA,2023-12-31,net_debt,0.180272,SEC
ARTNA,2024-12-31,net_debt,0.179696,SEC
ARTNA,2025-12-31,net_debt,0.178488,SEC
ARTNA,2016-12-31,net_income,0.012954,SEC
ARTNA,2017-12-31,net_income,0.013983,SEC
ARTNA,2018-12-31,net_income,0.014278,SEC
ARTNA,2019-12-31,net_income,0.014925,SEC
ARTNA,2020-12-31,net_income,0.016817,SEC
ARTNA,2021-12-31,net_income,0.016827,SEC
ARTNA,2022-12-31,net_income,0.017998,SEC
ARTNA,2023-12-31,net_income,0.016699,SEC
ARTNA,2024-12-31,net_income,0.020394,SEC
ARTNA,2025-12-31,net_income,0.022822,SEC
ARTNA,2016-12-31,operating_cf,0.029779,SEC
ARTNA,2017-12-31,operating_cf,0.035779,SEC
ARTNA,2018-12-31,operating_cf,0.029141,SEC
ARTNA,2019-12-31,operating_cf,0.01887,SEC
ARTNA,2020-12-31,operating_cf,0.020358,SEC
ARTNA,2021-12-31,operating_cf,0.03131,SEC
ARTNA,2022-12-31,operating_cf,0.024265,SEC
ARTNA,2023-12-31,operating_cf,0.031851,SEC
ARTNA,2024-12-31,operating_cf,0.036823,SEC
ARTNA,2025-12-31,operating_cf,0.040346,SEC
ARTNA,2016-12-31,price,31.940000534057617,Yahoo
ARTNA,2017-12-31,price,38.560001373291016,Yahoo
ARTNA,2018-12-31,price,34.869998931884766,Yahoo
ARTNA,2019-12-31,price,37.209999084472656,Yahoo
ARTNA,2020-12-31,price,37.08000183105469,Yahoo
ARTNA,2021-12-31,price,46.33000183105469,Yahoo
ARTNA,2022-12-31,price,58.58000183105469,Yahoo
ARTNA,2023-12-31,price,41.45000076293945,Yahoo
ARTNA,2024-12-31,price,31.6200008392334,Yahoo
ARTNA,2025-12-31,price,31.610000610351562,Yahoo
ARTNA,2016-12-31,revenue,0.079089,SEC
ARTNA,2017-12-31,revenue,0.082235,SEC
ARTNA,2018-12-31,revenue,0.080411,SEC
ARTNA,2019-12-31,revenue,0.083595,SEC
ARTNA,2020-12-31,revenue,0.088141,SEC
ARTNA,2021-12-31,revenue,0.090859,SEC
ARTNA,2022-12-31,revenue,0.098897,SEC
ARTNA,2023-12-31,revenue,0.098861,SEC
ARTNA,2024-12-31,revenue,0.107952,SEC
ARTNA,2025-12-31,revenue,0.112941,SEC
ARTNA,2016-12-31,short_term_debt,0.001316,SEC
ARTNA,2017-12-31,short_term_debt,0.001344,SEC
ARTNA,2018-12-31,short_term_debt,0.00345,SEC
ARTNA,2019-12-31,short_term_debt,0.003412,SEC
ARTNA,2020-12-31,short_term_debt,0.003514,SEC
ARTNA,2021-12-31,short_term_debt,0.003182,SEC
ARTNA,2022-12-31,short_term_debt,0.004006,SEC
ARTNA,2023-12-31,short_term_debt,0.00447,SEC
ARTNA,2024-12-31,short_term_debt,0.004334,SEC
ARTNA,2025-12-31,short_term_debt,0.004264,SEC
ARTNA,2016-12-31,total_debt,0.103647,SEC
ARTNA,2017-12-31,total_debt,0.106931,SEC
ARTNA,2018-12-31,total_debt,0.119312,SEC
ARTNA,2019-12-31,total_debt,0.147568,SEC
ARTNA,2020-12-31,total_debt,0.145847,SEC
ARTNA,2021-12-31,total_debt,0.146441,SEC
ARTNA,2022-12-31,total_debt,0.179625,SEC
ARTNA,2023-12-31,total_debt,0.182777,SEC
ARTNA,2024-12-31,total_debt,0.180843,SEC
ARTNA,2025-12-31,total_debt,0.17854,SEC
ATO,2016-09-30,capex,-1.08695,SEC
ATO,2017-09-30,capex,-1.137089,SEC
ATO,2018-09-30,capex,-1.467591,SEC
ATO,2019-09-30,capex,-1.693477,SEC
ATO,2020-09-30,capex,-1.935676,SEC
ATO,2021-09-30,capex,-1.96954,SEC
ATO,2022-09-30,capex,-2.44442,SEC
ATO,2023-09-30,capex,-2.805973,SEC
ATO,2024-09-30,capex,-2.937124,SEC
ATO,2025-09-30,capex,-3.561399,SEC
ATO,2016-09-30,cash,0.047534,SEC
ATO,2017-09-30,cash,0.026409,SEC
ATO,2018-09-30,cash,0.013771,SEC
ATO,2019-09-30,cash,0.02455,SEC
ATO,2020-09-30,cash,0.020808,SEC
ATO,2021-09-30,cash,0.116723,SEC
ATO,2022-09-30,cash,0.051554,SEC
ATO,2023-09-30,cash,0.015404,SEC
ATO,2024-09-30,cash,0.30734,SEC
ATO,2025-09-30,cash,0.202687,SEC
ATO,2016-09-30,ebitda,0.950326,SEC
ATO,2017-09-30,ebitda,1.055261,SEC
ATO,2018-09-30,ebitda,1.089017,SEC
ATO,2019-09-30,ebitda,1.137514,SEC
ATO,2020-09-30,ebitda,1.253927,SEC
ATO,2021-09-30,ebitda,1.382975,SEC
ATO,2022-09-30,ebitda,1.456637,SEC
ATO,2023-09-30,ebitda,1.671474,SEC
ATO,2024-09-30,ebitda,2.025334,SEC
ATO,2025-09-30,ebitda,2.294716,SEC
ATO,2016-09-30,eps,3.38,SEC
ATO,2017-09-30,eps,3.73,SEC
ATO,2018-09-30,eps,5.43,SEC
ATO,2019-09-30,eps,4.35,SEC
ATO,2020-09-30,eps,4.89,SEC
ATO,2021-09-30,eps,5.12,SEC
ATO,2022-09-30,eps,5.6,SEC
ATO,2023-09-30,eps,6.1,SEC
ATO,2024-09-30,eps,6.83,SEC
ATO,2025-09-30,eps,7.46,SEC
ATO,2016-09-30,fcff_before_growth,0.59259548,SEC
ATO,2017-09-30,fcff_before_growth,0.64240078,SEC
ATO,2018-09-30,fcff_before_growth,0.84782934,SEC
ATO,2019-09-30,fcff_before_growth,0.65880387,SEC
ATO,2020-09-30,fcff_before_growth,0.67490546,SEC
ATO,2021-09-30,fcff_before_growth,-1.49622034,SEC
ATO,2022-09-30,fcff_before_growth,0.52314969,SEC
ATO,2023-09-30,fcff_before_growth,2.96386799,SEC
ATO,2024-09-30,fcff_before_growth,1.063774,SEC
ATO,2025-09-30,fcff_before_growth,1.314711,SEC
ATO,2016-09-30,free_cf,-0.29196,SEC
ATO,2017-09-30,free_cf,-0.269999,SEC
ATO,2018-09-30,free_cf,-0.342929,SEC
ATO,2019-09-30,free_cf,-0.724708,SEC
ATO,2020-09-30,free_cf,-0.897677,SEC
ATO,2021-09-30,free_cf,-3.053791,SEC
ATO,2022-09-30,free_cf,-1.466836,SEC
ATO,2023-09-30,free_cf,0.65377,SEC
ATO,2024-09-30,free_cf,-1.203378,SEC
ATO,2025-09-30,free_cf,-1.511943,SEC
ATO,2016-09-30,long_term_debt,2.188779,SEC
ATO,2017-09-30,long_term_debt,3.067045,SEC
ATO,2018-09-30,long_term_debt,2.493665,SEC
ATO,2019-09-30,long_term_debt,3.529452,SEC
ATO,2020-09-30,long_term_debt,4.531779,SEC
ATO,2021-09-30,long_term_debt,4.930205,SEC
ATO,2022-09-30,long_term_debt,5.760647,SEC
ATO,2023-09-30,long_term_debt,6.554133,SEC
ATO,2024-09-30,long_term_debt,7.783646,SEC
ATO,2025-09-30,long_term_debt,8.907169,SEC
ATO,2016-09-30,market_cap,7.709432406372071,Yahoo price x SEC shares
ATO,2017-09-30,market_cap,8.895423611450195,Yahoo price x SEC shares
ATO,2018-09-30,market_cap,10.425137326538087,Yahoo price x SEC shares
ATO,2019-09-30,market_cap,13.377633218307496,Yahoo price x SEC shares
ATO,2020-09-30,market_cap,11.745334030029296,Yahoo price x SEC shares
ATO,2021-09-30,market_cap,11.451358403778077,Yahoo price x SEC shares
ATO,2022-09-30,market_cap,14.065077389282227,Yahoo price x SEC shares
ATO,2023-09-30,market_cap,15.377434424301148,Yahoo price x SEC shares
ATO,2024-09-30,market_cap,21.17630188497925,Yahoo price x SEC shares
ATO,2025-09-30,market_cap,27.41783975,Yahoo price x SEC shares
ATO,2016-09-30,net_debt,3.221056,SEC
ATO,2017-09-30,net_debt,3.488381,SEC
ATO,2018-09-30,net_debt,3.630674,SEC
ATO,2019-09-30,net_debt,3.969817,SEC
ATO,2020-09-30,net_debt,4.5111360000000005,SEC
ATO,2021-09-30,net_debt,7.213934,SEC
ATO,2022-09-30,net_debt,8.095517000000001,SEC
ATO,2023-09-30,net_debt,6.78223,SEC
ATO,2024-09-30,net_debt,7.477957,SEC
ATO,2025-09-30,net_debt,8.716257,SEC
ATO,2016-09-30,net_income,0.350104,SEC
ATO,2017-09-30,net_income,0.396421,SEC
ATO,2018-09-30,net_income,0.603064,SEC
ATO,2019-09-30,net_income,0.511406,SEC
ATO,2020-09-30,net_income,0.601443,SEC
ATO,2021-09-30,net_income,0.665563,SEC
ATO,2022-09-30,net_income,0.774398,SEC
ATO,2023-09-30,net_income,0.885862,SEC
ATO,2024-09-30,net_income,1.042895,SEC
ATO,2025-09-30,net_income,1.198754,SEC
ATO,2016-09-30,operating_cf,0.79499,SEC
ATO,2017-09-30,operating_cf,0.86709,SEC
ATO,2018-09-30,operating_cf,1.124662,SEC
ATO,2019-09-30,operating_cf,0.968769,SEC
ATO,2020-09-30,operating_cf,1.037999,SEC
ATO,2021-09-30,operating_cf,-1.084251,SEC
ATO,2022-09-30,operating_cf,0.977584,SEC
ATO,2023-09-30,operating_cf,3.459743,SEC
ATO,2024-09-30,operating_cf,1.733746,SEC
ATO,2025-09-30,operating_cf,2.049456,SEC
ATO,2016-09-30,price,74.47000122070312,Yahoo
ATO,2017-09-30,price,83.83999633789062,Yahoo
ATO,2018-09-30,price,93.91000366210938,Yahoo
ATO,2019-09-30,price,113.88999938964844,Yahoo
ATO,2020-09-30,price,95.58999633789062,Yahoo
ATO,2021-09-30,price,88.19999694824219,Yahoo
ATO,2022-09-30,price,101.8499984741211,Yahoo
ATO,2023-09-30,price,105.93000030517578,Yahoo
ATO,2024-09-30,price,138.7100067138672,Yahoo
ATO,2025-09-30,price,170.75,Yahoo
ATO,2016-09-30,revenue,2.454648,SEC
ATO,2017-09-30,revenue,2.759735,SEC
ATO,2018-09-30,revenue,3.115546,SEC
ATO,2019-09-30,revenue,2.901848,SEC
ATO,2020-09-30,revenue,2.821137,SEC
ATO,2021-09-30,revenue,3.40749,SEC
ATO,2022-09-30,revenue,4.201662,SEC
ATO,2023-09-30,revenue,4.275357,SEC
ATO,2024-09-30,revenue,4.165187,SEC
ATO,2025-09-30,revenue,4.702755,SEC
ATO,2016-09-30,short_term_debt,1.079811,SEC
ATO,2017-09-30,short_term_debt,0.447745,SEC
ATO,2018-09-30,short_term_debt,1.15078,SEC
ATO,2019-09-30,short_term_debt,0.464915,SEC
ATO,2020-09-30,short_term_debt,0.000165,SEC
ATO,2021-09-30,short_term_debt,2.400452,SEC
ATO,2022-09-30,short_term_debt,2.386424,SEC
ATO,2023-09-30,short_term_debt,0.243501,SEC
ATO,2024-09-30,short_term_debt,0.001651,SEC
ATO,2025-09-30,short_term_debt,0.011775,SEC
ATO,2016-09-30,total_debt,3.26859,SEC
ATO,2017-09-30,total_debt,3.51479,SEC
ATO,2018-09-30,total_debt,3.644445,SEC
ATO,2019-09-30,total_debt,3.994367,SEC
ATO,2020-09-30,total_debt,4.531944,SEC
ATO,2021-09-30,total_debt,7.330657,SEC
ATO,2022-09-30,total_debt,8.147071,SEC
ATO,2023-09-30,total_debt,6.797634,SEC
ATO,2024-09-30,total_debt,7.785297,SEC
ATO,2025-09-30,total_debt,8.918944,SEC
AVA,2016-12-31,capex,-0.406644,SEC
AVA,2017-12-31,capex,-0.412339,SEC
AVA,2018-12-31,capex,-0.42435,SEC
AVA,2019-12-31,capex,-0.44251,SEC
AVA,2020-12-31,capex,-0.404306,SEC
AVA,2021-12-31,capex,-0.439939,SEC
AVA,2022-12-31,capex,-0.452,SEC
AVA,2023-12-31,capex,-0.499,SEC
AVA,2024-12-31,capex,-0.533,SEC
AVA,2025-12-31,capex,-0.57,SEC
AVA,2016-12-31,cash,0.008507,SEC
AVA,2017-12-31,cash,0.016172,SEC
AVA,2018-12-31,cash,0.014656,SEC
AVA,2019-12-31,cash,0.009896,SEC
AVA,2020-12-31,cash,0.014196,SEC
AVA,2021-12-31,cash,0.022168,SEC
AVA,2022-12-31,cash,0.013428,SEC
AVA,2023-12-31,cash,0.035,SEC
AVA,2024-12-31,cash,0.03,SEC
AVA,2025-12-31,cash,0.019,SEC
AVA,2016-12-31,ebitda,0.464786,SEC
AVA,2017-12-31,ebitda,0.467834,SEC
AVA,2018-12-31,ebitda,0.448431,SEC
AVA,2019-12-31,ebitda,0.416383,SEC
AVA,2020-12-31,ebitda,0.456923,SEC
AVA,2021-12-31,ebitda,0.460408,SEC
AVA,2022-12-31,ebitda,0.443,SEC
AVA,2023-12-31,ebitda,0.523,SEC
AVA,2024-12-31,ebitda,0.58,SEC
AVA,2025-12-31,ebitda,0.643,SEC
AVA,2016-12-31,eps,2.15,SEC
AVA,2017-12-31,eps,1.79,SEC
AVA,2018-12-31,eps,2.07,SEC
AVA,2019-12-31,eps,2.97,SEC
AVA,2020-12-31,eps,1.9,SEC
AVA,2021-12-31,eps,2.1,SEC
AVA,2022-12-31,eps,2.12,SEC
AVA,2023-12-31,eps,2.24,SEC
AVA,2024-12-31,eps,2.29,SEC
AVA,2025-12-31,eps,2.38,SEC
AVA,2016-12-31,fcff_before_growth,0.26167384,SEC
AVA,2017-12-31,fcff_before_growth,0.30997819,SEC
AVA,2018-12-31,fcff_before_growth,0.25334185,SEC
AVA,2019-12-31,fcff_before_growth,0.27359748,SEC
AVA,2020-12-31,fcff_before_growth,0.106781,SEC
AVA,2021-12-31,fcff_before_growth,0.035164,SEC
AVA,2022-12-31,fcff_before_growth,-0.129,SEC
AVA,2023-12-31,fcff_before_growth,0.182,SEC
AVA,2024-12-31,fcff_before_growth,0.26,SEC
AVA,2025-12-31,fcff_before_growth,0.18,SEC
AVA,2016-12-31,free_cf,-0.048377,SEC
AVA,2017-12-31,free_cf,-0.002041,SEC
AVA,2018-12-31,free_cf,-0.062465,SEC
AVA,2019-12-31,free_cf,-0.044298,SEC
AVA,2020-12-31,free_cf,-0.073302,SEC
AVA,2021-12-31,free_cf,-0.172599,SEC
AVA,2022-12-31,free_cf,-0.328,SEC
AVA,2023-12-31,free_cf,-0.052,SEC
AVA,2024-12-31,free_cf,0.001,SEC
AVA,2025-12-31,free_cf,-0.101,SEC
AVA,2016-12-31,long_term_debt,1.678717,SEC
AVA,2017-12-31,long_term_debt,1.491799,SEC
AVA,2018-12-31,long_term_debt,1.755529,SEC
AVA,2019-12-31,long_term_debt,1.843768,SEC
AVA,2020-12-31,long_term_debt,2.008534,SEC
AVA,2021-12-31,long_term_debt,1.89837,SEC
AVA,2022-12-31,long_term_debt,2.281013,SEC
AVA,2023-12-31,long_term_debt,2.67,Yahoo
AVA,2024-12-31,long_term_debt,2.763,Yahoo
AVA,2025-12-31,long_term_debt,2.898,Yahoo
AVA,2016-12-31,market_cap,2.5561609072875977,Yahoo price x SEC shares
AVA,2017-12-31,market_cap,3.3368610487747192,Yahoo price x SEC shares
AVA,2018-12-31,market_cap,2.801386049812317,Yahoo price x SEC shares
AVA,2019-12-31,market_cap,3.1897616201210024,Yahoo price x SEC shares
AVA,2020-12-31,market_cap,2.7336142384338378,Yahoo price x SEC shares
AVA,2021-12-31,market_cap,2.9779117676353453,Yahoo price x SEC shares
AVA,2022-12-31,market_cap,3.240943631153107,Yahoo price x SEC shares
AVA,2023-12-31,market_cap,2.7339314283943175,Yahoo price x SEC shares
AVA,2024-12-31,market_cap,2.8871766841888427,Yahoo price x SEC shares
AVA,2025-12-31,market_cap,3.1237056142044066,Yahoo price x SEC shares
AVA,2016-12-31,net_debt,1.793497,SEC
AVA,2017-12-31,net_debt,1.858463,SEC
AVA,2018-12-31,net_debt,2.038518,SEC
AVA,2019-12-31,net_debt,2.071672,SEC
AVA,2020-12-31,net_debt,2.197338,SEC
AVA,2021-12-31,net_debt,2.410202,SEC
AVA,2022-12-31,net_debt,2.7440849999999997,SEC
AVA,2023-12-31,net_debt,2.999,Yahoo
AVA,2024-12-31,net_debt,3.087,Yahoo
AVA,2025-12-31,net_debt,3.267,Yahoo
AVA,2016-12-31,net_income,0.137228,SEC
AVA,2017-12-31,net_income,0.115916,SEC
AVA,2018-12-31,net_income,0.136429,SEC
AVA,2019-12-31,net_income,0.196979,SEC
AVA,2020-12-31,net_income,0.129488,SEC
AVA,2021-12-31,net_income,0.147334,SEC
AVA,2022-12-31,net_income,0.155,SEC
AVA,2023-12-31,net_income,0.171,SEC
AVA,2024-12-31,net_income,0.18,SEC
AVA,2025-12-31,net_income,0.193,SEC
AVA,2016-12-31,operating_cf,0.358267,SEC
AVA,2017-12-31,operating_cf,0.410298,SEC
AVA,2018-12-31,operating_cf,0.361885,SEC
AVA,2019-12-31,operating_cf,0.398212,SEC
AVA,2020-12-31,operating_cf,0.331004,SEC
AVA,2021-12-31,operating_cf,0.26734,SEC
AVA,2022-12-31,operating_cf,0.124,SEC
AVA,2023-12-31,operating_cf,0.447,SEC
AVA,2024-12-31,operating_cf,0.534,SEC
AVA,2025-12-31,operating_cf,0.469,SEC
AVA,2016-12-31,price,39.9900016784668,Yahoo
AVA,2017-12-31,price,51.4900016784668,Yahoo
AVA,2018-12-31,price,42.47999954223633,Yahoo
AVA,2019-12-31,price,48.09000015258789,Yahoo
AVA,2020-12-31,price,40.13999938964844,Yahoo
AVA,2021-12-31,price,42.4900016784668,Yahoo
AVA,2022-12-31,price,44.34000015258789,Yahoo
AVA,2023-12-31,price,35.7400016784668,Yahoo
AVA,2024-12-31,price,36.630001068115234,Yahoo
AVA,2025-12-31,price,38.540000915527344,Yahoo
AVA,2016-12-31,revenue,1.442483,SEC
AVA,2017-12-31,revenue,1.445929,SEC
AVA,2018-12-31,revenue,1.396893,SEC
AVA,2019-12-31,revenue,1.345622,SEC
AVA,2020-12-31,revenue,1.321891,SEC
AVA,2021-12-31,revenue,1.438936,SEC
AVA,2022-12-31,revenue,1.71,SEC
AVA,2023-12-31,revenue,1.752,SEC
AVA,2024-12-31,revenue,1.938,SEC
AVA,2025-12-31,revenue,1.964,SEC
AVA,2016-12-31,short_term_debt,0.123287,SEC
AVA,2017-12-31,short_term_debt,0.382836,SEC
AVA,2018-12-31,short_term_debt,0.297645,SEC
AVA,2019-12-31,short_term_debt,0.2378,SEC
AVA,2020-12-31,short_term_debt,0.203,SEC
AVA,2021-12-31,short_term_debt,0.534,SEC
AVA,2022-12-31,short_term_debt,0.4765,SEC
AVA,2023-12-31,short_term_debt,0.364,SEC
AVA,2024-12-31,short_term_debt,0.354,SEC
AVA,2025-12-31,short_term_debt,0.388,SEC
AVA,2016-12-31,total_debt,1.802004,SEC
AVA,2017-12-31,total_debt,1.874635,SEC
AVA,2018-12-31,total_debt,2.053174,SEC
AVA,2019-12-31,total_debt,2.081568,SEC
AVA,2020-12-31,total_debt,2.211534,SEC
AVA,2021-12-31,total_debt,2.43237,SEC
AVA,2022-12-31,total_debt,2.757513,SEC
AVA,2023-12-31,total_debt,3.034,Yahoo
AVA,2024-12-31,total_debt,3.117,Yahoo
AVA,2025-12-31,total_debt,3.286,Yahoo
AWK,2016-12-31,capex,-1.311,SEC
AWK,2017-12-31,capex,-1.434,SEC
AWK,2018-12-31,capex,-1.586,SEC
AWK,2019-12-31,capex,-1.654,SEC
AWK,2020-12-31,capex,-1.822,SEC
AWK,2021-12-31,capex,-1.764,SEC
AWK,2022-12-31,capex,-2.297,SEC
AWK,2023-12-31,capex,-2.575,SEC
AWK,2024-12-31,capex,-2.856,SEC
AWK,2025-12-31,capex,-3.126,SEC
AWK,2016-12-31,cash,0.075,SEC
AWK,2017-12-31,cash,0.055,SEC
AWK,2018-12-31,cash,0.13,SEC
AWK,2019-12-31,cash,0.06,SEC
AWK,2020-12-31,cash,0.547,SEC
AWK,2021-12-31,cash,0.116,SEC
AWK,2022-12-31,cash,0.085,SEC
AWK,2023-12-31,cash,0.33,SEC
AWK,2024-12-31,cash,0.096,SEC
AWK,2025-12-31,cash,0.098,SEC
AWK,2016-12-31,ebitda,1.555,SEC
AWK,2017-12-31,ebitda,1.745,SEC
AWK,2018-12-31,ebitda,1.647,SEC
AWK,2019-12-31,ebitda,1.796,SEC
AWK,2020-12-31,ebitda,1.852,SEC
AWK,2021-12-31,ebitda,1.832,SEC
AWK,2022-12-31,ebitda,1.922,SEC
AWK,2023-12-31,ebitda,2.208,SEC
AWK,2024-12-31,ebitda,2.506,SEC
AWK,2025-12-31,ebitda,2.773,SEC
AWK,2016-12-31,eps,2.62,SEC
AWK,2017-12-31,eps,2.38,SEC
AWK,2018-12-31,eps,3.15,SEC
AWK,2019-12-31,eps,3.43,SEC
AWK,2020-12-31,eps,3.91,SEC
AWK,2021-12-31,eps,6.95,SEC
AWK,2022-12-31,eps,4.51,SEC
AWK,2023-12-31,eps,4.9,SEC
AWK,2024-12-31,eps,5.39,SEC
AWK,2025-12-31,eps,5.69,SEC
AWK,2016-12-31,fcff_before_growth,0.819,SEC
AWK,2017-12-31,fcff_before_growth,0.957,SEC
AWK,2018-12-31,fcff_before_growth,0.841,SEC
AWK,2019-12-31,fcff_before_growth,0.801,SEC
AWK,2020-12-31,fcff_before_growth,0.822,SEC
AWK,2021-12-31,fcff_before_growth,0.805,SEC
AWK,2022-12-31,fcff_before_growth,0.459,SEC
AWK,2023-12-31,fcff_before_growth,1.17,SEC
AWK,2024-12-31,fcff_before_growth,1.257,SEC
AWK,2025-12-31,fcff_before_growth,1.165,SEC
AWK,2016-12-31,free_cf,-0.022,SEC
AWK,2017-12-31,free_cf,0.015,SEC
AWK,2018-12-31,free_cf,-0.2,SEC
AWK,2019-12-31,free_cf,-0.271,SEC
AWK,2020-12-31,free_cf,-0.396,SEC
AWK,2021-12-31,free_cf,-0.323,SEC
AWK,2022-12-31,free_cf,-1.189,SEC
AWK,2023-12-31,free_cf,-0.701,SEC
AWK,2024-12-31,free_cf,-0.811,SEC
AWK,2025-12-31,free_cf,-1.067,SEC
AWK,2016-12-31,long_term_debt,5.749,SEC
AWK,2017-12-31,long_term_debt,6.49,SEC
AWK,2018-12-31,long_term_debt,7.569,SEC
AWK,2019-12-31,long_term_debt,8.639,SEC
AWK,2020-12-31,long_term_debt,9.329,SEC
AWK,2021-12-31,long_term_debt,10.341,SEC
AWK,2022-12-31,long_term_debt,10.926,SEC
AWK,2023-12-31,long_term_debt,11.715,SEC
AWK,2024-12-31,long_term_debt,12.518,SEC
AWK,2025-12-31,long_term_debt,12.777,SEC
AWK,2016-12-31,market_cap,12.95244010925293,Yahoo price x SEC shares
AWK,2017-12-31,market_cap,16.376709617614747,Yahoo price x SEC shares
AWK,2018-12-31,market_cap,16.338599395751952,Yahoo price x SEC shares
AWK,2019-12-31,market_cap,22.235849723815917,Yahoo price x SEC shares
AWK,2020-12-31,market_cap,27.931540222167968,Yahoo price x SEC shares
AWK,2021-12-31,market_cap,34.372520111083986,Yahoo price x SEC shares
AWK,2022-12-31,market_cap,27.740439666748046,Yahoo price x SEC shares
AWK,2023-12-31,market_cap,25.474071060180663,Yahoo price x SEC shares
AWK,2024-12-31,market_cap,24.27554958343506,Yahoo price x SEC shares
AWK,2025-12-31,market_cap,25.4475,Yahoo price x SEC shares
AWK,2016-12-31,net_debt,7.0969999999999995,SEC
AWK,2017-12-31,net_debt,7.662,SEC
AWK,2018-12-31,net_debt,8.473999999999998,SEC
AWK,2019-12-31,net_debt,9.392999999999999,SEC
AWK,2020-12-31,net_debt,10.392999999999999,SEC
AWK,2021-12-31,net_debt,10.866,SEC
AWK,2022-12-31,net_debt,12.296999999999999,SEC
AWK,2023-12-31,net_debt,12.039,SEC
AWK,2024-12-31,net_debt,13.938,SEC
AWK,2025-12-31,net_debt,15.745999999999999,SEC
AWK,2016-12-31,net_income,0.468,SEC
AWK,2017-12-31,net_income,0.426,SEC
AWK,2018-12-31,net_income,0.567,SEC
AWK,2019-12-31,net_income,0.621,SEC
AWK,2020-12-31,net_income,0.709,SEC
AWK,2021-12-31,net_income,1.263,SEC
AWK,2022-12-31,net_income,0.82,SEC
AWK,2023-12-31,net_income,0.944,SEC
AWK,2024-12-31,net_income,1.051,SEC
AWK,2025-12-31,net_income,1.111,SEC
AWK,2016-12-31,operating_cf,1.289,SEC
AWK,2017-12-31,operating_cf,1.449,SEC
AWK,2018-12-31,operating_cf,1.386,SEC
AWK,2019-12-31,operating_cf,1.383,SEC
AWK,2020-12-31,operating_cf,1.426,SEC
AWK,2021-12-31,operating_cf,1.441,SEC
AWK,2022-12-31,operating_cf,1.108,SEC
AWK,2023-12-31,operating_cf,1.874,SEC
AWK,2024-12-31,operating_cf,2.045,SEC
AWK,2025-12-31,operating_cf,2.059,SEC
AWK,2016-12-31,price,72.36000061035156,Yahoo
AWK,2017-12-31,price,91.48999786376953,Yahoo
AWK,2018-12-31,price,90.7699966430664,Yahoo
AWK,2019-12-31,price,122.8499984741211,Yahoo
AWK,2020-12-31,price,153.47000122070312,Yahoo
AWK,2021-12-31,price,188.86000061035156,Yahoo
AWK,2022-12-31,price,152.4199981689453,Yahoo
AWK,2023-12-31,price,131.99000549316406,Yahoo
AWK,2024-12-31,price,124.48999786376953,Yahoo
AWK,2025-12-31,price,130.5,Yahoo
AWK,2016-12-31,revenue,3.302,SEC
AWK,2017-12-31,revenue,3.357,SEC
AWK,2018-12-31,revenue,3.44,SEC
AWK,2019-12-31,revenue,3.61,SEC
AWK,2020-12-31,revenue,3.777,SEC
AWK,2021-12-31,revenue,3.93,SEC
AWK,2022-12-31,revenue,3.792,SEC
AWK,2023-12-31,revenue,4.234,SEC
AWK,2024-12-31,revenue,4.684,SEC
AWK,2025-12-31,revenue,5.14,SEC
AWK,2016-12-31,short_term_debt,1.423,SEC
AWK,2017-12-31,short_term_debt,1.227,SEC
AWK,2018-12-31,short_term_debt,1.035,SEC
AWK,2019-12-31,short_term_debt,0.814,SEC
AWK,2020-12-31,short_term_debt,1.611,SEC
AWK,2021-12-31,short_term_debt,0.641,SEC
AWK,2022-12-31,short_term_debt,1.456,SEC
AWK,2023-12-31,short_term_debt,0.654,SEC
AWK,2024-12-31,short_term_debt,1.516,SEC
AWK,2025-12-31,short_term_debt,3.067,SEC
AWK,2016-12-31,total_debt,7.172,SEC
AWK,2017-12-31,total_debt,7.717,SEC
AWK,2018-12-31,total_debt,8.604,SEC
AWK,2019-12-31,total_debt,9.453,SEC
AWK,2020-12-31,total_debt,10.94,SEC
AWK,2021-12-31,total_debt,10.982,SEC
AWK,2022-12-31,total_debt,12.382,SEC
AWK,2023-12-31,total_debt,12.369,SEC
AWK,2024-12-31,total_debt,14.034,SEC
AWK,2025-12-31,total_debt,15.844,SEC
AWR,2016-12-31,capex,-0.129867,SEC
AWR,2017-12-31,capex,-0.113126,SEC
AWR,2018-12-31,capex,-0.126561,SEC
AWR,2019-12-31,capex,-0.15194,SEC
AWR,2020-12-31,capex,-0.130423,SEC
AWR,2021-12-31,capex,-0.144515,SEC
AWR,2022-12-31,capex,-0.16624,SEC
AWR,2023-12-31,capex,-0.18854,SEC
AWR,2024-12-31,capex,-0.23196,SEC
AWR,2025-12-31,capex,-0.236822,SEC
AWR,2016-12-31,cash,0.000436,SEC
AWR,2017-12-31,cash,0.000214,SEC
AWR,2018-12-31,cash,0.007141,SEC
AWR,2019-12-31,cash,0.001334,SEC
AWR,2020-12-31,cash,0.036737,SEC
AWR,2021-12-31,cash,0.004963,SEC
AWR,2022-12-31,cash,0.005997,SEC
AWR,2023-12-31,cash,0.014073,SEC
AWR,2024-12-31,cash,0.026661,SEC
AWR,2025-12-31,cash,0.018824,SEC
AWR,2016-12-31,ebitda,0.153042,SEC
AWR,2017-12-31,ebitda,0.166126,SEC
AWR,2018-12-31,ebitda,0.141408,SEC
AWR,2019-12-31,ebitda,0.16247,SEC
AWR,2020-12-31,ebitda,0.167349,SEC
AWR,2021-12-31,ebitda,0.180573,SEC
AWR,2022-12-31,ebitda,0.167951,SEC
AWR,2023-12-31,ebitda,0.239143,SEC
AWR,2024-12-31,ebitda,0.22813,SEC
AWR,2025-12-31,ebitda,0.251059,SEC
AWR,2016-12-31,eps,1.62,SEC
AWR,2017-12-31,eps,1.88,SEC
AWR,2018-12-31,eps,1.72,SEC
AWR,2019-12-31,eps,2.28,SEC
AWR,2020-12-31,eps,2.33,SEC
AWR,2021-12-31,eps,2.55,SEC
AWR,2022-12-31,eps,2.11,SEC
AWR,2023-12-31,eps,3.36,SEC
AWR,2024-12-31,eps,3.17,SEC
AWR,2025-12-31,eps,3.37,SEC
AWR,2016-12-31,fcff_before_growth,0.07547268,SEC
AWR,2017-12-31,fcff_before_growth,0.12336078,SEC
AWR,2018-12-31,fcff_before_growth,0.11486107,SEC
AWR,2019-12-31,fcff_before_growth,0.10088994,SEC
AWR,2020-12-31,fcff_before_growth,0.10311949,SEC
AWR,2021-12-31,fcff_before_growth,0.09402686,SEC
AWR,2022-12-31,fcff_before_growth,0.09783533,SEC
AWR,2023-12-31,fcff_before_growth,0.05906198,SEC
AWR,2024-12-31,fcff_before_growth,0.155085,SEC
AWR,2025-12-31,fcff_before_growth,0.181946,SEC
AWR,2016-12-31,free_cf,-0.032918,SEC
AWR,2017-12-31,free_cf,0.031426,SEC
AWR,2018-12-31,free_cf,0.010213,SEC
AWR,2019-12-31,free_cf,-0.035076,SEC
AWR,2020-12-31,free_cf,-0.008253,SEC
AWR,2021-12-31,free_cf,-0.028931,SEC
AWR,2022-12-31,free_cf,-0.048441,SEC
AWR,2023-12-31,free_cf,-0.120857,SEC
AWR,2024-12-31,free_cf,-0.033228,SEC
AWR,2025-12-31,free_cf,-0.007092,SEC
AWR,2016-12-31,long_term_debt,0.320981,SEC
AWR,2017-12-31,long_term_debt,0.321039,SEC
AWR,2018-12-31,long_term_debt,0.281087,SEC
AWR,2019-12-31,long_term_debt,0.280996,SEC
AWR,2020-12-31,long_term_debt,0.440348,SEC
AWR,2021-12-31,long_term_debt,0.412176,SEC
AWR,2022-12-31,long_term_debt,0.446547,SEC
AWR,2023-12-31,long_term_debt,0.575555,SEC
AWR,2024-12-31,long_term_debt,0.640382,SEC
AWR,2025-12-31,long_term_debt,0.7827,SEC
AWR,2016-12-31,market_cap,1.6743300504684449,Yahoo price x SEC shares
AWR,2017-12-31,market_cap,2.1336360343780516,Yahoo price x SEC shares
AWR,2018-12-31,market_cap,2.476189473815918,Yahoo price x SEC shares
AWR,2019-12-31,market_cap,3.2025609374389647,Yahoo price x SEC shares
AWR,2020-12-31,market_cap,2.9414725290298462,Yahoo price x SEC shares
AWR,2021-12-31,market_cap,3.8283144903564454,Yahoo price x SEC shares
AWR,2022-12-31,market_cap,3.4279595630340576,Yahoo price x SEC shares
AWR,2023-12-31,market_cap,2.9817322721099853,Yahoo price x SEC shares
AWR,2024-12-31,market_cap,2.9209508058776854,Yahoo price x SEC shares
AWR,2025-12-31,market_cap,2.8030191698226927,Yahoo price x SEC shares
AWR,2016-12-31,net_debt,0.320875,SEC
AWR,2017-12-31,net_debt,0.321149,SEC
AWR,2018-12-31,net_debt,0.314266,SEC
AWR,2019-12-31,net_debt,0.280006,SEC
AWR,2020-12-31,net_debt,0.40396899999999997,SEC
AWR,2021-12-31,net_debt,0.40759,SEC
AWR,2022-12-31,net_debt,0.44094900000000004,SEC
AWR,2023-12-31,net_debt,0.561835,SEC
AWR,2024-12-31,net_debt,0.6141059999999999,SEC
AWR,2025-12-31,net_debt,0.772085,SEC
AWR,2016-12-31,net_income,0.059743,SEC
AWR,2017-12-31,net_income,0.069367,SEC
AWR,2018-12-31,net_income,0.063871,SEC
AWR,2019-12-31,net_income,0.084342,SEC
AWR,2020-12-31,net_income,0.086425,SEC
AWR,2021-12-31,net_income,0.094347,SEC
AWR,2022-12-31,net_income,0.078396,SEC
AWR,2023-12-31,net_income,0.124921,SEC
AWR,2024-12-31,net_income,0.119268,SEC
AWR,2025-12-31,net_income,0.130442,SEC
AWR,2016-12-31,operating_cf,0.096949,SEC
AWR,2017-12-31,operating_cf,0.144552,SEC
AWR,2018-12-31,operating_cf,0.136774,SEC
AWR,2019-12-31,operating_cf,0.116864,SEC
AWR,2020-12-31,operating_cf,0.12217,SEC
AWR,2021-12-31,operating_cf,0.115584,SEC
AWR,2022-12-31,operating_cf,0.117799,SEC
AWR,2023-12-31,operating_cf,0.067683,SEC
AWR,2024-12-31,operating_cf,0.198732,SEC
AWR,2025-12-31,operating_cf,0.22973,SEC
AWR,2016-12-31,price,45.560001373291016,Yahoo
AWR,2017-12-31,price,57.90999984741211,Yahoo
AWR,2018-12-31,price,67.04000091552734,Yahoo
AWR,2019-12-31,price,86.63999938964844,Yahoo
AWR,2020-12-31,price,79.51000213623047,Yahoo
AWR,2021-12-31,price,103.44000244140625,Yahoo
AWR,2022-12-31,price,92.55000305175781,Yahoo
AWR,2023-12-31,price,80.41999816894531,Yahoo
AWR,2024-12-31,price,77.72000122070312,Yahoo
AWR,2025-12-31,price,72.4800033569336,Yahoo
AWR,2016-12-31,revenue,0.436087,SEC
AWR,2017-12-31,revenue,0.440603,SEC
AWR,2018-12-31,revenue,0.436816,SEC
AWR,2019-12-31,revenue,0.473869,SEC
AWR,2020-12-31,revenue,0.488243,SEC
AWR,2021-12-31,revenue,0.498853,SEC
AWR,2022-12-31,revenue,0.491528,SEC
AWR,2023-12-31,revenue,0.595699,SEC
AWR,2024-12-31,revenue,0.595459,SEC
AWR,2025-12-31,revenue,0.658073,SEC
AWR,2016-12-31,short_term_debt,0.00033,SEC
AWR,2017-12-31,short_term_debt,0.000324,SEC
AWR,2018-12-31,short_term_debt,0.04032,SEC
AWR,2019-12-31,short_term_debt,0.000344,SEC
AWR,2020-12-31,short_term_debt,0.000358,SEC
AWR,2021-12-31,short_term_debt,0.000377,SEC
AWR,2022-12-31,short_term_debt,0.000399,SEC
AWR,2023-12-31,short_term_debt,0.000353,SEC
AWR,2024-12-31,short_term_debt,0.000385,SEC
AWR,2025-12-31,short_term_debt,0.008209,SEC
AWR,2016-12-31,total_debt,0.321311,SEC
AWR,2017-12-31,total_debt,0.321363,SEC
AWR,2018-12-31,total_debt,0.321407,SEC
AWR,2019-12-31,total_debt,0.28134,SEC
AWR,2020-12-31,total_debt,0.440706,SEC
AWR,2021-12-31,total_debt,0.412553,SEC
AWR,2022-12-31,total_debt,0.446946,SEC
AWR,2023-12-31,total_debt,0.575908,SEC
AWR,2024-12-31,total_debt,0.640767,SEC
AWR,2025-12-31,total_debt,0.790909,SEC
BEP,2016-12-31,capex,-0.369,SEC
BEP,2017-12-31,capex,-0.355,SEC
BEP,2018-12-31,capex,-0.271,SEC
BEP,2019-12-31,capex,-0.46,SEC
BEP,2020-12-31,capex,-0.447,SEC
BEP,2021-12-31,capex,-1.967,SEC
BEP,2022-12-31,capex,-2.19,SEC
BEP,2023-12-31,capex,-2.809,SEC
BEP,2024-12-31,capex,-3.733,SEC
BEP,2025-12-31,capex,-6.587,SEC
BEP,2016-12-31,cash,0.223,SEC
BEP,2017-12-31,cash,0.927,SEC
BEP,2018-12-31,cash,0.422,SEC
BEP,2019-12-31,cash,0.483,SEC
BEP,2020-12-31,cash,0.607,SEC
BEP,2021-12-31,cash,0.9,SEC
BEP,2022-12-31,cash,0.998,SEC
BEP,2023-12-31,cash,1.141,SEC
BEP,2024-12-31,cash,3.135,SEC
BEP,2025-12-31,cash,2.093,SEC
BEP,2022-12-31,ebitda,2.958,Yahoo
BEP,2023-12-31,ebitda,4.058,Yahoo
BEP,2024-12-31,ebitda,3.798,Yahoo
BEP,2025-12-31,ebitda,4.98,Yahoo
BEP,2019-12-31,eps,-0.26,SEC
BEP,2020-12-31,eps,-0.61,SEC
BEP,2021-12-31,eps,-0.69,SEC
BEP,2022-12-31,eps,-0.6,SEC
BEP,2023-12-31,eps,-0.32,SEC
BEP,2024-12-31,eps,-0.89,SEC
BEP,2025-12-31,eps,-0.25,SEC
BEP,2016-12-31,fcff_before_growth,0.32974,SEC
BEP,2017-12-31,fcff_before_growth,0.64528,SEC
BEP,2018-12-31,fcff_before_growth,0.90367,SEC
BEP,2019-12-31,fcff_before_growth,1.07379,SEC
BEP,2020-12-31,fcff_before_growth,0.70004,SEC
BEP,2021-12-31,fcff_before_growth,0.00799,SEC
BEP,2022-12-31,fcff_before_growth,1.09496,SEC
BEP,2023-12-31,fcff_before_growth,1.29833,SEC
BEP,2024-12-31,fcff_before_growth,0.83452,SEC
BEP,2025-12-31,fcff_before_growth,0.66303,SEC
BEP,2016-12-31,free_cf,0.263,SEC
BEP,2017-12-31,free_cf,0.573,SEC
BEP,2018-12-31,free_cf,1.015,SEC
BEP,2019-12-31,free_cf,1.094,SEC
BEP,2020-12-31,free_cf,0.849,SEC
BEP,2021-12-31,free_cf,-1.233,SEC
BEP,2022-12-31,free_cf,-0.479,SEC
BEP,2023-12-31,free_cf,-0.944,SEC
BEP,2024-12-31,free_cf,-2.459,SEC
BEP,2025-12-31,free_cf,-5.44,SEC
BEP,2016-12-31,long_term_debt,9.148,SEC
BEP,2017-12-31,long_term_debt,2.393,SEC
BEP,2018-12-31,long_term_debt,2.328,SEC
BEP,2019-12-31,long_term_debt,2.1,SEC
BEP,2020-12-31,long_term_debt,2.132,SEC
BEP,2021-12-31,long_term_debt,2.149,SEC
BEP,2022-12-31,long_term_debt,2.299,SEC
BEP,2023-12-31,long_term_debt,2.65,SEC
BEP,2024-12-31,long_term_debt,3.093,SEC
BEP,2025-12-31,long_term_debt,3.492,SEC
BEP,2016-12-31,net_debt,9.959,SEC
BEP,2017-12-31,net_debt,1.625,SEC
BEP,2018-12-31,net_debt,1.9120000000000001,SEC
BEP,2019-12-31,net_debt,1.617,SEC
BEP,2020-12-31,net_debt,1.5279999999999998,SEC
BEP,2021-12-31,net_debt,1.249,SEC
BEP,2022-12-31,net_debt,1.55,SEC
BEP,2023-12-31,net_debt,1.6920000000000002,SEC
BEP,2024-12-31,net_debt,0.6670000000000003,SEC
BEP,2025-12-31,net_debt,1.593,SEC
BEP,2016-12-31,net_income,-0.036,SEC
BEP,2017-12-31,net_income,-0.032,SEC
BEP,2018-12-31,net_income,0.023,SEC
BEP,2019-12-31,net_income,-0.088,SEC
BEP,2020-12-31,net_income,-0.184,SEC
BEP,2021-12-31,net_income,-0.191,SEC
BEP,2022-12-31,net_income,-0.166,SEC
BEP,2023-12-31,net_income,-0.091,SEC
BEP,2024-12-31,net_income,-0.255,SEC
BEP,2025-12-31,net_income,-0.071,SEC
BEP,2016-12-31,operating_cf,0.632,SEC
BEP,2017-12-31,operating_cf,0.928,SEC
BEP,2018-12-31,operating_cf,1.286,SEC
BEP,2019-12-31,operating_cf,1.554,SEC
BEP,2020-12-31,operating_cf,1.296,SEC
BEP,2021-12-31,operating_cf,0.734,SEC
BEP,2022-12-31,operating_cf,1.711,SEC
BEP,2023-12-31,operating_cf,1.865,SEC
BEP,2024-12-31,operating_cf,1.274,SEC
BEP,2025-12-31,operating_cf,1.147,SEC
BEP,2016-12-31,price,15.827338218688965,Yahoo
BEP,2017-12-31,price,18.603784561157227,Yahoo
BEP,2018-12-31,price,13.802291870117188,Yahoo
BEP,2019-12-31,price,24.849454879760742,Yahoo
BEP,2020-12-31,price,43.150001525878906,Yahoo
BEP,2021-12-31,price,35.790000915527344,Yahoo
BEP,2022-12-31,price,25.34000015258789,Yahoo
BEP,2023-12-31,price,26.280000686645508,Yahoo
BEP,2024-12-31,price,22.790000915527344,Yahoo
BEP,2025-12-31,price,26.969999313354492,Yahoo
BEP,2016-12-31,revenue,2.452,SEC
BEP,2017-12-31,revenue,2.625,SEC
BEP,2018-12-31,revenue,3.797,SEC
BEP,2019-12-31,revenue,3.971,SEC
BEP,2020-12-31,revenue,3.81,SEC
BEP,2021-12-31,revenue,4.096,SEC
BEP,2022-12-31,revenue,4.711,SEC
BEP,2023-12-31,revenue,5.038,SEC
BEP,2024-12-31,revenue,5.876,SEC
BEP,2025-12-31,revenue,6.407,SEC
BEP,2016-12-31,short_term_debt,1.034,SEC
BEP,2017-12-31,short_term_debt,0.159,SEC
BEP,2018-12-31,short_term_debt,0.006,SEC
BEP,2019-12-31,short_term_debt,0.0,SEC
BEP,2020-12-31,short_term_debt,0.003,SEC
BEP,2021-12-31,short_term_debt,0.0,SEC
BEP,2022-12-31,short_term_debt,0.249,SEC
BEP,2023-12-31,short_term_debt,0.183,SEC
BEP,2024-12-31,short_term_debt,0.709,SEC
BEP,2025-12-31,short_term_debt,0.194,SEC
BEP,2016-12-31,total_debt,10.182,SEC
BEP,2017-12-31,total_debt,2.552,SEC
BEP,2018-12-31,total_debt,2.334,SEC
BEP,2019-12-31,total_debt,2.1,SEC
BEP,2020-12-31,total_debt,2.135,SEC
BEP,2021-12-31,total_debt,2.149,SEC
BEP,2022-12-31,total_debt,2.548,SEC
BEP,2023-12-31,total_debt,2.833,SEC
BEP,2024-12-31,total_debt,3.802,SEC
BEP,2025-12-31,total_debt,3.686,SEC
BEPC,2018-12-31,capex,-0.207,SEC
BEPC,2019-12-31,capex,-0.406,SEC
BEPC,2020-12-31,capex,-0.373,SEC
BEPC,2021-12-31,capex,-1.354,SEC
BEPC,2022-12-31,capex,-0.847,SEC
BEPC,2023-12-31,capex,-1.028,SEC
BEPC,2024-12-31,capex,-0.949,SEC
BEPC,2025-12-31,capex,-1.138,SEC
BEPC,2018-12-31,cash,0.342,SEC
BEPC,2019-12-31,cash,0.42,SEC
BEPC,2020-12-31,cash,0.512,SEC
BEPC,2021-12-31,cash,0.525,SEC
BEPC,2022-12-31,cash,0.642,SEC
BEPC,2023-12-31,cash,0.627,SEC
BEPC,2024-12-31,cash,0.624,SEC
BEPC,2025-12-31,cash,0.682,SEC
BEPC,2022-12-31,ebitda,4.189,Yahoo
BEPC,2023-12-31,ebitda,2.992,Yahoo
BEPC,2024-12-31,ebitda,3.529,Yahoo
BEPC,2025-12-31,ebitda,0.556,Yahoo
BEPC,2022-12-31,eps,8.727306,Yahoo
BEPC,2023-12-31,eps,-1.007506,Yahoo
BEPC,2024-12-31,eps,1.313732,Yahoo
BEPC,2025-12-31,eps,-13.050877,Yahoo
BEPC,2018-12-31,fcff_before_growth,0.8603,SEC
BEPC,2019-12-31,fcff_before_growth,0.92679,SEC
BEPC,2020-12-31,fcff_before_growth,0.57164,SEC
BEPC,2021-12-31,fcff_before_growth,-0.009,SEC
BEPC,2022-12-31,fcff_before_growth,0.92028,SEC
BEPC,2023-12-31,fcff_before_growth,1.25482,SEC
BEPC,2024-12-31,fcff_before_growth,0.60393,SEC
BEPC,2025-12-31,fcff_before_growth,0.58288,SEC
BEPC,2018-12-31,free_cf,0.986,SEC
BEPC,2019-12-31,free_cf,0.95,SEC
BEPC,2020-12-31,free_cf,0.619,SEC
BEPC,2021-12-31,free_cf,-0.959,SEC
BEPC,2022-12-31,free_cf,0.437,SEC
BEPC,2023-12-31,free_cf,0.575,SEC
BEPC,2024-12-31,free_cf,-0.4,SEC
BEPC,2025-12-31,free_cf,-0.636,SEC
BEPC,2022-12-31,long_term_debt,12.754,Yahoo
BEPC,2023-12-31,long_term_debt,14.651,Yahoo
BEPC,2024-12-31,long_term_debt,12.786,Yahoo
BEPC,2025-12-31,long_term_debt,12.763,Yahoo
BEPC,2022-12-31,net_debt,13.644,Yahoo
BEPC,2023-12-31,net_debt,16.132,Yahoo
BEPC,2024-12-31,net_debt,13.701,Yahoo
BEPC,2025-12-31,net_debt,14.927,Yahoo
BEPC,2018-12-31,net_income,0.072,SEC
BEPC,2019-12-31,net_income,0.165,SEC
BEPC,2020-12-31,net_income,-2.738,SEC
BEPC,2021-12-31,net_income,0.946,SEC
BEPC,2022-12-31,net_income,1.503,SEC
BEPC,2023-12-31,net_income,-0.181,SEC
BEPC,2024-12-31,net_income,0.236,SEC
BEPC,2025-12-31,net_income,-2.344,SEC
BEPC,2018-12-31,operating_cf,1.193,SEC
BEPC,2019-12-31,operating_cf,1.356,SEC
BEPC,2020-12-31,operating_cf,0.992,SEC
BEPC,2021-12-31,operating_cf,0.395,SEC
BEPC,2022-12-31,operating_cf,1.284,SEC
BEPC,2023-12-31,operating_cf,1.603,SEC
BEPC,2024-12-31,operating_cf,0.549,SEC
BEPC,2025-12-31,operating_cf,0.502,SEC
BEPC,2020-12-31,price,58.27000045776367,Yahoo
BEPC,2021-12-31,price,36.83000183105469,Yahoo
BEPC,2022-12-31,price,27.540000915527344,Yahoo
BEPC,2023-12-31,price,28.790000915527344,Yahoo
BEPC,2024-12-31,price,27.65999984741211,Yahoo
BEPC,2025-12-31,price,38.34000015258789,Yahoo
BEPC,2018-12-31,revenue,2.979,SEC
BEPC,2019-12-31,revenue,3.226,SEC
BEPC,2020-12-31,revenue,3.087,SEC
BEPC,2021-12-31,revenue,3.367,SEC
BEPC,2022-12-31,revenue,3.778,SEC
BEPC,2023-12-31,revenue,3.967,SEC
BEPC,2024-12-31,revenue,4.142,SEC
BEPC,2025-12-31,revenue,3.728,SEC
BEPC,2022-12-31,short_term_debt,1.325,Yahoo
BEPC,2023-12-31,short_term_debt,1.922,Yahoo
BEPC,2024-12-31,short_term_debt,1.307,Yahoo
BEPC,2025-12-31,short_term_debt,2.801,Yahoo
BEPC,2022-12-31,total_debt,14.079,Yahoo
BEPC,2023-12-31,total_debt,16.573,Yahoo
BEPC,2024-12-31,total_debt,14.093,Yahoo
BEPC,2025-12-31,total_debt,15.564,Yahoo
BESS,2016-12-31,capex,-0.0,SEC
BESS,2017-12-31,capex,-3.614e-06,SEC
BESS,2018-12-31,capex,-0.0,SEC
BESS,2021-12-31,capex,-2.5e-05,Yahoo
BESS,2025-12-31,capex,-0.00167832,Yahoo
BESS,2016-12-31,cash,0.000256263,SEC
BESS,2017-12-31,cash,7.7843e-05,SEC
BESS,2018-12-31,cash,5.9679e-05,SEC
BESS,2019-12-31,cash,0.000110587,SEC
BESS,2020-12-31,cash,4.1655e-05,SEC
BESS,2021-12-31,cash,0.000976947,SEC
BESS,2022-12-31,cash,0.000197723,SEC
BESS,2023-12-31,cash,0.000152417,SEC
BESS,2024-12-31,cash,0.000156087,SEC
BESS,2025-12-31,cash,0.000401203,SEC
BESS,2016-12-31,ebitda,-0.000685762,SEC
BESS,2017-12-31,ebitda,-0.000337468,SEC
BESS,2018-12-31,ebitda,-0.000588208,SEC
BESS,2019-12-31,ebitda,-0.001497857,SEC
BESS,2020-12-31,ebitda,-0.000320958,SEC
BESS,2021-12-31,ebitda,-0.000274,SEC
BESS,2022-12-31,ebitda,-0.000811434,Yahoo
BESS,2023-12-31,ebitda,-0.000927726,Yahoo
BESS,2024-12-31,ebitda,-0.002757687,Yahoo
BESS,2025-12-31,ebitda,-0.004928561,Yahoo
BESS,2016-12-31,eps,-0.04,SEC
BESS,2017-12-31,eps,-0.02,SEC
BESS,2018-12-31,eps,-0.03,SEC
BESS,2019-12-31,eps,-0.08,SEC
BESS,2020-12-31,eps,-0.01,SEC
BESS,2021-12-31,eps,-0.01,SEC
BESS,2022-12-31,eps,0.0,SEC
BESS,2023-12-31,eps,-0.2,SEC
BESS,2024-12-31,eps,-0.54,SEC
BESS,2025-12-31,eps,-1.11,SEC
BESS,2016-12-31,fcff_before_growth,0.00022928908,SEC
BESS,2017-12-31,fcff_before_growth,-0.00012487662,SEC
BESS,2018-12-31,fcff_before_growth,-9.633661e-05,SEC
BESS,2019-12-31,fcff_before_growth,0.00063568937,SEC
BESS,2020-12-31,fcff_before_growth,0.00045360134000000003,SEC
BESS,2021-12-31,fcff_before_growth,-0.00015239339,SEC
BESS,2016-12-31,free_cf,0.000202616,SEC
BESS,2017-12-31,free_cf,-0.00015342,SEC
BESS,2018-12-31,free_cf,-0.000123164,SEC
BESS,2025-12-31,free_cf,-0.000799878,Yahoo
BESS,2016-12-31,long_term_debt,0.0,SEC
BESS,2016-12-31,market_cap,0.563562888,Yahoo price x SEC shares
BESS,2017-12-31,market_cap,0.7337728523595733,Yahoo price x SEC shares
BESS,2018-12-31,market_cap,0.22655787454174234,Yahoo price x SEC shares
BESS,2019-12-31,market_cap,0.056674468634839534,Yahoo price x SEC shares
BESS,2020-12-31,market_cap,0.11334893726967907,Yahoo price x SEC shares
BESS,2021-12-31,market_cap,0.283372348,Yahoo price x SEC shares
BESS,2022-12-31,market_cap,2.791127342922988,Yahoo price x SEC shares
BESS,2023-12-31,market_cap,0.03866575264406967,Yahoo price x SEC shares
BESS,2024-12-31,market_cap,0.05041554238122463,Yahoo price x SEC shares
BESS,2025-12-31,market_cap,0.0470602965,Yahoo price x SEC shares
BESS,2016-12-31,net_debt,4.3736999999999964e-05,SEC
BESS,2025-12-31,net_debt,0.0004244969999999,Yahoo
BESS,2016-12-31,net_income,-0.000755945,SEC
BESS,2017-12-31,net_income,-0.000405924,SEC
BESS,2018-12-31,net_income,-0.000671655,SEC
BESS,2019-12-31,net_income,-0.001612569,SEC
BESS,2020-12-31,net_income,-0.000297394,SEC
BESS,2021-12-31,net_income,-0.000284959,SEC
BESS,2022-12-31,net_income,-0.000811635,SEC
BESS,2023-12-31,net_income,-0.000920418,SEC
BESS,2024-12-31,net_income,-0.002757687,SEC
BESS,2025-12-31,net_income,-0.004973422,SEC
BESS,2016-12-31,operating_cf,0.000202616,SEC
BESS,2017-12-31,operating_cf,-0.000149806,SEC
BESS,2018-12-31,operating_cf,-0.000123164,SEC
BESS,2019-12-31,operating_cf,0.000635908,SEC
BESS,2020-12-31,operating_cf,0.000446971,SEC
BESS,2021-12-31,operating_cf,-0.000162653,SEC
BESS,2022-12-31,operating_cf,-0.000789344,SEC
BESS,2023-12-31,operating_cf,-0.000457806,SEC
BESS,2024-12-31,operating_cf,-0.000349833,SEC
BESS,2025-12-31,operating_cf,0.000878442,SEC
BESS,2016-12-31,price,28.0,Yahoo
BESS,2017-12-31,price,36.400001525878906,Yahoo
BESS,2018-12-31,price,11.199999809265137,Yahoo
BESS,2019-12-31,price,2.799999952316284,Yahoo
BESS,2020-12-31,price,5.599999904632568,Yahoo
BESS,2021-12-31,price,14.0,Yahoo
BESS,2022-12-31,price,9.800000190734863,Yahoo
BESS,2023-12-31,price,8.399999618530273,Yahoo
BESS,2024-12-31,price,9.800000190734863,Yahoo
BESS,2025-12-31,price,10.5,Yahoo
BESS,2017-12-31,revenue,0.001855615,SEC
BESS,2018-12-31,revenue,0.00183562,SEC
BESS,2019-12-31,revenue,0.000209373,SEC
BESS,2020-12-31,revenue,0.000172019,SEC
BESS,2021-12-31,revenue,0.00016888,SEC
BESS,2022-12-31,revenue,2.6197e-05,SEC
BESS,2023-12-31,revenue,3.08e-07,SEC
BESS,2024-12-31,revenue,0.0,Yahoo
BESS,2025-12-31,revenue,0.0,Yahoo
BESS,2016-12-31,short_term_debt,0.0003,SEC
BESS,2017-12-31,short_term_debt,0.000225,SEC
BESS,2018-12-31,short_term_debt,0.00018,SEC
BESS,2019-12-31,short_term_debt,0.0,SEC
BESS,2020-12-31,short_term_debt,0.00049,SEC
BESS,2021-12-31,short_term_debt,0.000395,SEC
BESS,2025-12-31,short_term_debt,0.0008257,SEC
BESS,2016-12-31,total_debt,0.0003,SEC
BESS,2021-12-31,total_debt,0.000395,Yahoo
BESS,2025-12-31,total_debt,0.0008257,Yahoo
BIP,2016-12-31,capex,-0.69,SEC
BIP,2017-12-31,capex,-0.714,SEC
BIP,2018-12-31,capex,-0.839,SEC
BIP,2019-12-31,capex,-1.182,SEC
BIP,2020-12-31,capex,-1.472,SEC
BIP,2021-12-31,capex,-2.067,SEC
BIP,2022-12-31,capex,-2.775,SEC
BIP,2023-12-31,capex,-2.487,SEC
BIP,2024-12-31,capex,-4.975,SEC
BIP,2025-12-31,capex,-6.024,SEC
BIP,2016-12-31,cash,0.786,SEC
BIP,2017-12-31,cash,0.374,SEC
BIP,2018-12-31,cash,0.54,SEC
BIP,2019-12-31,cash,0.827,SEC
BIP,2020-12-31,cash,0.867,SEC
BIP,2021-12-31,cash,1.406,SEC
BIP,2022-12-31,cash,1.279,SEC
BIP,2023-12-31,cash,1.857,SEC
BIP,2024-12-31,cash,2.071,SEC
BIP,2025-12-31,cash,3.201,SEC
BIP,2016-12-31,ebitda,0.886,SEC
BIP,2017-12-31,ebitda,1.787,SEC
BIP,2018-12-31,ebitda,2.221,SEC
BIP,2019-12-31,ebitda,2.923,SEC
BIP,2020-12-31,ebitda,3.73,SEC
BIP,2021-12-31,ebitda,4.92,SEC
BIP,2022-12-31,ebitda,5.642,SEC
BIP,2023-12-31,ebitda,6.787,SEC
BIP,2024-12-31,ebitda,8.602,SEC
BIP,2025-12-31,ebitda,9.822,SEC
BIP,2019-12-31,eps,0.06,SEC
BIP,2020-12-31,eps,0.23,SEC
BIP,2021-12-31,eps,1.16,SEC
BIP,2022-12-31,eps,0.14,SEC
BIP,2023-12-31,eps,0.14,SEC
BIP,2024-12-31,eps,0.04,SEC
BIP,2025-12-31,eps,0.9,SEC
BIP,2016-12-31,fcff_before_growth,0.61568,SEC
BIP,2017-12-31,fcff_before_growth,1.14812,SEC
BIP,2018-12-31,fcff_before_growth,0.99945,SEC
BIP,2019-12-31,fcff_before_growth,1.64316,SEC
BIP,2020-12-31,fcff_before_growth,1.75641,SEC
BIP,2021-12-31,fcff_before_growth,1.89572,SEC
BIP,2022-12-31,fcff_before_growth,2.43845,SEC
BIP,2023-12-31,fcff_before_growth,3.31479,SEC
BIP,2024-12-31,fcff_before_growth,3.68473,SEC
BIP,2025-12-31,fcff_before_growth,5.00272,SEC
BIP,2016-12-31,free_cf,0.063,SEC
BIP,2017-12-31,free_cf,0.767,SEC
BIP,2018-12-31,free_cf,0.523,SEC
BIP,2019-12-31,free_cf,0.961,SEC
BIP,2020-12-31,free_cf,1.058,SEC
BIP,2021-12-31,free_cf,0.705,SEC
BIP,2022-12-31,free_cf,0.356,SEC
BIP,2023-12-31,free_cf,1.591,SEC
BIP,2024-12-31,free_cf,-0.322,SEC
BIP,2025-12-31,free_cf,-0.053,SEC
BIP,2022-12-31,long_term_debt,30.266,Yahoo
BIP,2023-12-31,long_term_debt,43.09,Yahoo
BIP,2024-12-31,long_term_debt,51.947,Yahoo
BIP,2025-12-31,long_term_debt,61.758,Yahoo
BIP,2022-12-31,net_debt,32.690000000000005,Yahoo
BIP,2023-12-31,net_debt,47.933,Yahoo
BIP,2024-12-31,net_debt,54.372,Yahoo
BIP,2025-12-31,net_debt,67.059,Yahoo
BIP,2016-12-31,net_income,0.528,SEC
BIP,2017-12-31,net_income,0.574,SEC
BIP,2018-12-31,net_income,0.806,SEC
BIP,2019-12-31,net_income,0.65,SEC
BIP,2020-12-31,net_income,0.904,SEC
BIP,2021-12-31,net_income,2.719,SEC
BIP,2022-12-31,net_income,1.375,SEC
BIP,2023-12-31,net_income,1.448,SEC
BIP,2024-12-31,net_income,1.683,SEC
BIP,2025-12-31,net_income,2.532,SEC
BIP,2016-12-31,operating_cf,0.753,SEC
BIP,2017-12-31,operating_cf,1.481,SEC
BIP,2018-12-31,operating_cf,1.362,SEC
BIP,2019-12-31,operating_cf,2.143,SEC
BIP,2020-12-31,operating_cf,2.53,SEC
BIP,2021-12-31,operating_cf,2.772,SEC
BIP,2022-12-31,operating_cf,3.131,SEC
BIP,2023-12-31,operating_cf,4.078,SEC
BIP,2024-12-31,operating_cf,4.653,SEC
BIP,2025-12-31,operating_cf,5.971,SEC
BIP,2016-12-31,price,19.922618865966797,Yahoo
BIP,2017-12-31,price,26.672618865966797,Yahoo
BIP,2018-12-31,price,20.553571701049805,Yahoo
BIP,2019-12-31,price,29.755952835083008,Yahoo
BIP,2020-12-31,price,32.93333435058594,Yahoo
BIP,2021-12-31,price,40.540000915527344,Yahoo
BIP,2022-12-31,price,30.989999771118164,Yahoo
BIP,2023-12-31,price,31.489999771118164,Yahoo
BIP,2024-12-31,price,31.790000915527344,Yahoo
BIP,2025-12-31,price,34.7400016784668,Yahoo
BIP,2016-12-31,revenue,2.115,SEC
BIP,2017-12-31,revenue,3.535,SEC
BIP,2018-12-31,revenue,4.652,SEC
BIP,2019-12-31,revenue,6.597,SEC
BIP,2020-12-31,revenue,8.885,SEC
BIP,2021-12-31,revenue,11.537,SEC
BIP,2022-12-31,revenue,14.427,SEC
BIP,2023-12-31,revenue,17.931,SEC
BIP,2024-12-31,revenue,21.039,SEC
BIP,2025-12-31,revenue,23.1,SEC
BIP,2020-12-31,short_term_debt,0.0,SEC
BIP,2021-12-31,short_term_debt,0.431,SEC
BIP,2022-12-31,short_term_debt,0.464,SEC
BIP,2023-12-31,short_term_debt,1.517,SEC
BIP,2024-12-31,short_term_debt,0.85,SEC
BIP,2025-12-31,short_term_debt,7.359,Yahoo
BIP,2022-12-31,total_debt,33.828,Yahoo
BIP,2023-12-31,total_debt,49.574,Yahoo
BIP,2024-12-31,total_debt,56.354,Yahoo
BIP,2025-12-31,total_debt,69.117,Yahoo
BIPC,2021-12-31,capex,-0.417,Yahoo
BIPC,2022-12-31,capex,-0.525,Yahoo
BIPC,2023-12-31,capex,-0.594,SEC
BIPC,2024-12-31,capex,-1.403,SEC
BIPC,2025-12-31,capex,-1.606,SEC
BIPC,2018-12-31,cash,0.099,SEC
BIPC,2019-12-31,cash,0.204,SEC
BIPC,2020-12-31,cash,0.192,SEC
BIPC,2021-12-31,cash,0.469,SEC
BIPC,2022-12-31,cash,0.445,SEC
BIPC,2023-12-31,cash,0.539,SEC
BIPC,2024-12-31,cash,0.674,SEC
BIPC,2025-12-31,cash,0.431,SEC
BIPC,2018-12-31,ebitda,1.301,SEC
BIPC,2019-12-31,ebitda,1.345,SEC
BIPC,2020-12-31,ebitda,1.153,SEC
BIPC,2021-12-31,ebitda,1.304,SEC
BIPC,2022-12-31,ebitda,1.486,SEC
BIPC,2023-12-31,ebitda,2.023,SEC
BIPC,2024-12-31,ebitda,2.988,SEC
BIPC,2025-12-31,ebitda,2.922,SEC
BIPC,2022-12-31,eps,9.894393,Yahoo
BIPC,2023-12-31,eps,0.841725,Yahoo
BIPC,2024-12-31,eps,-5.107565,Yahoo
BIPC,2025-12-31,eps,-2.008632,Yahoo
BIPC,2018-12-31,fcff_before_growth,0.84633,SEC
BIPC,2019-12-31,fcff_before_growth,0.89824,SEC
BIPC,2020-12-31,fcff_before_growth,0.61606,SEC
BIPC,2021-12-31,fcff_before_growth,0.83526,SEC
BIPC,2022-12-31,fcff_before_growth,1.11176,SEC
BIPC,2023-12-31,fcff_before_growth,1.24463,SEC
BIPC,2024-12-31,fcff_before_growth,1.80935,SEC
BIPC,2025-12-31,fcff_before_growth,1.85245,SEC
BIPC,2022-12-31,free_cf,0.368,Yahoo
BIPC,2023-12-31,free_cf,0.465,SEC
BIPC,2024-12-31,free_cf,0.34,SEC
BIPC,2025-12-31,free_cf,0.002,SEC
BIPC,2022-12-31,long_term_debt,4.249,Yahoo
BIPC,2023-12-31,long_term_debt,11.007,Yahoo
BIPC,2024-12-31,long_term_debt,11.511,Yahoo
BIPC,2025-12-31,long_term_debt,11.955,Yahoo
BIPC,2022-12-31,net_debt,4.158,Yahoo
BIPC,2023-12-31,net_debt,11.515,Yahoo
BIPC,2024-12-31,net_debt,11.606,Yahoo
BIPC,2025-12-31,net_debt,12.838,Yahoo
BIPC,2018-12-31,net_income,0.202,SEC
BIPC,2019-12-31,net_income,0.197,SEC
BIPC,2020-12-31,net_income,-0.552,SEC
BIPC,2021-12-31,net_income,-0.368,SEC
BIPC,2022-12-31,net_income,1.094,SEC
BIPC,2023-12-31,net_income,0.111,SEC
BIPC,2024-12-31,net_income,-0.608,SEC
BIPC,2025-12-31,net_income,-0.241,SEC
BIPC,2018-12-31,operating_cf,1.065,SEC
BIPC,2019-12-31,operating_cf,1.083,SEC
BIPC,2020-12-31,operating_cf,0.73,SEC
BIPC,2021-12-31,operating_cf,0.839,SEC
BIPC,2022-12-31,operating_cf,0.893,SEC
BIPC,2023-12-31,operating_cf,1.059,SEC
BIPC,2024-12-31,operating_cf,1.743,SEC
BIPC,2025-12-31,operating_cf,1.608,SEC
BIPC,2020-12-31,price,48.20000076293945,Yahoo
BIPC,2021-12-31,price,45.50666809082031,Yahoo
BIPC,2022-12-31,price,38.900001525878906,Yahoo
BIPC,2023-12-31,price,35.279998779296875,Yahoo
BIPC,2024-12-31,price,40.0099983215332,Yahoo
BIPC,2025-12-31,price,45.400001525878906,Yahoo
BIPC,2018-12-31,revenue,1.561,SEC
BIPC,2019-12-31,revenue,1.619,SEC
BIPC,2020-12-31,revenue,1.43,SEC
BIPC,2021-12-31,revenue,1.643,SEC
BIPC,2022-12-31,revenue,1.886,SEC
BIPC,2023-12-31,revenue,2.503,SEC
BIPC,2024-12-31,revenue,3.666,SEC
BIPC,2025-12-31,revenue,3.668,SEC
BIPC,2022-12-31,short_term_debt,0.354,Yahoo
BIPC,2023-12-31,short_term_debt,1.047,Yahoo
BIPC,2024-12-31,short_term_debt,0.769,Yahoo
BIPC,2025-12-31,short_term_debt,1.314,Yahoo
BIPC,2022-12-31,total_debt,4.603,Yahoo
BIPC,2023-12-31,total_debt,12.054,Yahoo
BIPC,2024-12-31,total_debt,12.28,Yahoo
BIPC,2025-12-31,total_debt,13.269,Yahoo
BKH,2016-12-31,capex,-0.454952,SEC
BKH,2017-12-31,capex,-0.32601,SEC
BKH,2018-12-31,capex,-0.457524,SEC
BKH,2019-12-31,capex,-0.818376,SEC
BKH,2020-12-31,capex,-0.767404,SEC
BKH,2021-12-31,capex,-0.6775,SEC
BKH,2022-12-31,capex,-0.6044,SEC
BKH,2023-12-31,capex,-0.5556,SEC
BKH,2024-12-31,capex,-0.7442,SEC
BKH,2025-12-31,capex,-0.8198,SEC
BKH,2016-12-31,cash,0.013518,SEC
BKH,2017-12-31,cash,0.01542,SEC
BKH,2018-12-31,cash,0.020776,SEC
BKH,2019-12-31,cash,0.009777,SEC
BKH,2020-12-31,cash,0.006356,SEC
BKH,2021-12-31,cash,0.008921,SEC
BKH,2022-12-31,cash,0.0214,SEC
BKH,2023-12-31,cash,0.0866,SEC
BKH,2024-12-31,cash,0.0161,SEC
BKH,2025-12-31,cash,0.1828,SEC
BKH,2016-12-31,ebitda,0.511714,SEC
BKH,2017-12-31,ebitda,0.604982,SEC
BKH,2018-12-31,ebitda,0.593365,SEC
BKH,2019-12-31,ebitda,0.615162,SEC
BKH,2020-12-31,ebitda,0.65276,SEC
BKH,2021-12-31,ebitda,0.6454,SEC
BKH,2022-12-31,ebitda,0.7061,SEC
BKH,2023-12-31,ebitda,0.7295,SEC
BKH,2024-12-31,ebitda,0.7732,SEC
BKH,2025-12-31,ebitda,0.8213,SEC
BKH,2016-12-31,eps,1.37,SEC
BKH,2017-12-31,eps,3.21,SEC
BKH,2018-12-31,eps,4.66,SEC
BKH,2019-12-31,eps,3.28,SEC
BKH,2020-12-31,eps,3.65,SEC
BKH,2021-12-31,eps,3.74,SEC
BKH,2022-12-31,eps,3.97,SEC
BKH,2023-12-31,eps,3.91,SEC
BKH,2024-12-31,eps,3.91,SEC
BKH,2025-12-31,eps,3.98,SEC
BKH,2016-12-31,fcff_before_growth,0.2524729,SEC
BKH,2017-12-31,fcff_before_growth,0.34832558,SEC
BKH,2018-12-31,fcff_before_growth,0.40306325,SEC
BKH,2019-12-31,fcff_before_growth,0.40514361,SEC
BKH,2020-12-31,fcff_before_growth,0.4307473,SEC
BKH,2021-12-31,fcff_before_growth,-0.180204,SEC
BKH,2022-12-31,fcff_before_growth,0.46109,SEC
BKH,2023-12-31,fcff_before_growth,0.820241,SEC
BKH,2024-12-31,fcff_before_growth,0.592743,SEC
BKH,2025-12-31,fcff_before_growth,0.547679,SEC
BKH,2016-12-31,free_cf,-0.134473,SEC
BKH,2017-12-31,free_cf,0.102251,SEC
BKH,2018-12-31,free_cf,0.031287,SEC
BKH,2019-12-31,free_cf,-0.312863,SEC
BKH,2020-12-31,free_cf,-0.225541,SEC
BKH,2021-12-31,free_cf,-0.7421,SEC
BKH,2022-12-31,free_cf,-0.0196,SEC
BKH,2023-12-31,free_cf,0.3888,SEC
BKH,2024-12-31,free_cf,-0.0249,SEC
BKH,2025-12-31,free_cf,-0.1464,SEC
BKH,2016-12-31,long_term_debt,3.211189,SEC
BKH,2017-12-31,long_term_debt,3.1094,SEC
BKH,2018-12-31,long_term_debt,2.950835,SEC
BKH,2019-12-31,long_term_debt,3.140096,SEC
BKH,2020-12-31,long_term_debt,3.5281,SEC
BKH,2021-12-31,long_term_debt,4.126923,SEC
BKH,2022-12-31,long_term_debt,3.6073,SEC
BKH,2023-12-31,long_term_debt,3.8012,SEC
BKH,2024-12-31,long_term_debt,4.2502,SEC
BKH,2025-12-31,long_term_debt,4.7011,SEC
BKH,2016-12-31,market_cap,3.2676431481285095,Yahoo price x SEC shares
BKH,2017-12-31,market_cap,3.3132632336425782,Yahoo price x SEC shares
BKH,2018-12-31,market_cap,3.4834110122680664,Yahoo price x SEC shares
BKH,2019-12-31,market_cap,4.775074975662231,Yahoo price x SEC shares
BKH,2020-12-31,market_cap,3.8368765976371764,Yahoo price x SEC shares
BKH,2021-12-31,market_cap,4.467080980682373,Yahoo price x SEC shares
BKH,2022-12-31,market_cap,5.148887731933594,Yahoo price x SEC shares
BKH,2023-12-31,market_cap,3.6200450511932374,Yahoo price x SEC shares
BKH,2024-12-31,market_cap,4.090548031997681,Yahoo price x SEC shares
BKH,2025-12-31,market_cap,5.081543865966797,Yahoo price x SEC shares
BKH,2016-12-31,net_debt,3.300014,SEC
BKH,2017-12-31,net_debt,3.3110229999999996,SEC
BKH,2018-12-31,net_debt,3.121422,SEC
BKH,2019-12-31,net_debt,3.485562,SEC
BKH,2020-12-31,net_debt,3.7642200000000003,SEC
BKH,2021-12-31,net_debt,4.538182,SEC
BKH,2022-12-31,net_debt,4.6465000000000005,SEC
BKH,2023-12-31,net_debt,4.3146,SEC
BKH,2024-12-31,net_debt,4.367900000000001,SEC
BKH,2025-12-31,net_debt,4.5183,SEC
BKH,2016-12-31,net_income,0.07297,SEC
BKH,2017-12-31,net_income,0.177034,SEC
BKH,2018-12-31,net_income,0.258442,SEC
BKH,2019-12-31,net_income,0.19931,SEC
BKH,2020-12-31,net_income,0.227608,SEC
BKH,2021-12-31,net_income,0.2367,SEC
BKH,2022-12-31,net_income,0.2584,SEC
BKH,2023-12-31,net_income,0.2622,SEC
BKH,2024-12-31,net_income,0.2731,SEC
BKH,2025-12-31,net_income,0.2916,SEC
BKH,2016-12-31,operating_cf,0.320479,SEC
BKH,2017-12-31,operating_cf,0.428261,SEC
BKH,2018-12-31,operating_cf,0.488811,SEC
BKH,2019-12-31,operating_cf,0.505513,SEC
BKH,2020-12-31,operating_cf,0.541863,SEC
BKH,2021-12-31,operating_cf,-0.0646,SEC
BKH,2022-12-31,operating_cf,0.5848,SEC
BKH,2023-12-31,operating_cf,0.9444,SEC
BKH,2024-12-31,operating_cf,0.7193,SEC
BKH,2025-12-31,operating_cf,0.6734,SEC
BKH,2016-12-31,price,61.34000015258789,Yahoo
BKH,2017-12-31,price,60.11000061035156,Yahoo
BKH,2018-12-31,price,62.779998779296875,Yahoo
BKH,2019-12-31,price,78.54000091552734,Yahoo
BKH,2020-12-31,price,61.45000076293945,Yahoo
BKH,2021-12-31,price,70.56999969482422,Yahoo
BKH,2022-12-31,price,70.33999633789062,Yahoo
BKH,2023-12-31,price,53.95000076293945,Yahoo
BKH,2024-12-31,price,58.52000045776367,Yahoo
BKH,2025-12-31,price,69.41999816894531,Yahoo
BKH,2016-12-31,revenue,1.538916,SEC
BKH,2017-12-31,revenue,1.680266,SEC
BKH,2018-12-31,revenue,1.754268,SEC
BKH,2019-12-31,revenue,1.7349,SEC
BKH,2020-12-31,revenue,1.696941,SEC
BKH,2021-12-31,revenue,1.9491,SEC
BKH,2022-12-31,revenue,2.5518,SEC
BKH,2023-12-31,revenue,2.3313,SEC
BKH,2024-12-31,revenue,2.1277,SEC
BKH,2025-12-31,revenue,2.31,SEC
BKH,2016-12-31,short_term_debt,0.102343,SEC
BKH,2017-12-31,short_term_debt,0.217043,SEC
BKH,2018-12-31,short_term_debt,0.191363,SEC
BKH,2019-12-31,short_term_debt,0.355243,SEC
BKH,2020-12-31,short_term_debt,0.242476,SEC
BKH,2021-12-31,short_term_debt,0.42018,SEC
BKH,2022-12-31,short_term_debt,1.0606,SEC
BKH,2023-12-31,short_term_debt,0.6,SEC
BKH,2024-12-31,short_term_debt,0.1338,SEC
BKH,2025-12-31,short_term_debt,0.0,SEC
BKH,2016-12-31,total_debt,3.313532,SEC
BKH,2017-12-31,total_debt,3.326443,SEC
BKH,2018-12-31,total_debt,3.142198,SEC
BKH,2019-12-31,total_debt,3.495339,SEC
BKH,2020-12-31,total_debt,3.770576,SEC
BKH,2021-12-31,total_debt,4.547103,SEC
BKH,2022-12-31,total_debt,4.6679,SEC
BKH,2023-12-31,total_debt,4.4012,SEC
BKH,2024-12-31,total_debt,4.384,SEC
BKH,2025-12-31,total_debt,4.7011,SEC
BRNX,2020-12-31,capex,-2.3e-05,SEC
BRNX,2021-12-31,capex,-4.7e-05,SEC
BRNX,2022-12-31,capex,-3.9e-05,SEC
BRNX,2023-12-31,capex,-3.3e-05,SEC
BRNX,2024-12-31,capex,-3.7e-05,SEC
BRNX,2025-12-31,capex,-1.3e-05,SEC
BRNX,2020-12-31,cash,0.002327,SEC
BRNX,2021-12-31,cash,0.00828,SEC
BRNX,2022-12-31,cash,0.006508,SEC
BRNX,2023-12-31,cash,0.003183,SEC
BRNX,2024-12-31,cash,0.004101,SEC
BRNX,2025-12-31,cash,0.004909,SEC
BRNX,2021-12-31,ebitda,-0.010622,SEC
BRNX,2022-12-31,ebitda,-0.011444,SEC
BRNX,2023-12-31,ebitda,-0.00974,SEC
BRNX,2024-12-31,ebitda,-0.010334,SEC
BRNX,2025-12-31,ebitda,-0.012177,SEC
BRNX,2020-12-31,eps,-1.19,SEC
BRNX,2021-12-31,eps,-9.23,SEC
BRNX,2022-12-31,eps,-7.58,SEC
BRNX,2023-12-31,eps,-174.63,SEC
BRNX,2024-12-31,eps,-45.27,SEC
BRNX,2025-12-31,eps,-57.14,SEC
BRNX,2021-12-31,fcff_before_growth,-0.008752,SEC
BRNX,2022-12-31,fcff_before_growth,-0.01186032,SEC
BRNX,2023-12-31,fcff_before_growth,-0.006963,SEC
BRNX,2024-12-31,fcff_before_growth,-0.00954224,SEC
BRNX,2025-12-31,fcff_before_growth,-0.01096,SEC
BRNX,2020-12-31,free_cf,-0.00342,SEC
BRNX,2021-12-31,free_cf,-0.008549,SEC
BRNX,2022-12-31,free_cf,-0.011733,SEC
BRNX,2023-12-31,free_cf,-0.006955,SEC
BRNX,2024-12-31,free_cf,-0.009544,SEC
BRNX,2025-12-31,free_cf,-0.010412,SEC
BRNX,2022-12-31,long_term_debt,0.005188,Yahoo
BRNX,2023-12-31,long_term_debt,0.004994,Yahoo
BRNX,2024-12-31,long_term_debt,0.004322,Yahoo
BRNX,2025-12-31,long_term_debt,0.003777,Yahoo
BRNX,2022-12-31,market_cap,21.072751056,Yahoo price x SEC shares
BRNX,2023-12-31,market_cap,0.342591795,Yahoo price x SEC shares
BRNX,2024-12-31,market_cap,0.204183525,Yahoo price x SEC shares
BRNX,2025-12-31,market_cap,0.042236389315246585,Yahoo price x SEC shares
BRNX,2022-12-31,net_debt,-0.000714,Yahoo
BRNX,2023-12-31,net_debt,0.0024219999999999,Yahoo
BRNX,2024-12-31,net_debt,0.001086,Yahoo
BRNX,2025-12-31,net_debt,0.0013439999999999,Yahoo
BRNX,2020-12-31,net_income,-0.009481,SEC
BRNX,2021-12-31,net_income,-0.011017,SEC
BRNX,2022-12-31,net_income,-0.011092,SEC
BRNX,2023-12-31,net_income,-0.009648,SEC
BRNX,2024-12-31,net_income,-0.006772,SEC
BRNX,2025-12-31,net_income,-0.013905,SEC
BRNX,2020-12-31,operating_cf,-0.003397,SEC
BRNX,2021-12-31,operating_cf,-0.008502,SEC
BRNX,2022-12-31,operating_cf,-0.011694,SEC
BRNX,2023-12-31,operating_cf,-0.006922,SEC
BRNX,2024-12-31,operating_cf,-0.009507,SEC
BRNX,2025-12-31,operating_cf,-0.010399,SEC
BRNX,2022-12-31,price,14406.0,Yahoo
BRNX,2023-12-31,price,6142.5,Yahoo
BRNX,2024-12-31,price,1365.0,Yahoo
BRNX,2025-12-31,price,103.31999969482422,Yahoo
BRNX,2021-12-31,revenue,0.000395,SEC
BRNX,2022-12-31,revenue,0.00152,SEC
BRNX,2023-12-31,revenue,0.000621,SEC
BRNX,2024-12-31,revenue,0.0,Yahoo
BRNX,2025-12-31,revenue,0.000387,SEC
BRNX,2022-12-31,short_term_debt,0.000606,Yahoo
BRNX,2023-12-31,short_term_debt,0.000611,Yahoo
BRNX,2024-12-31,short_term_debt,0.000501,Yahoo
BRNX,2025-12-31,short_term_debt,0.002066,Yahoo
BRNX,2022-12-31,total_debt,0.005794,Yahoo
BRNX,2023-12-31,total_debt,0.005605,Yahoo
BRNX,2024-12-31,total_debt,0.004823,Yahoo
BRNX,2025-12-31,total_debt,0.005843,Yahoo
CEG,2020-12-31,capex,-1.747,SEC
CEG,2021-12-31,capex,-1.329,SEC
CEG,2022-12-31,capex,-1.689,SEC
CEG,2023-12-31,capex,-2.422,SEC
CEG,2024-12-31,capex,-2.565,SEC
CEG,2025-12-31,capex,-2.949,SEC
CEG,2020-12-31,cash,0.226,SEC
CEG,2021-12-31,cash,0.504,SEC
CEG,2022-12-31,cash,0.422,SEC
CEG,2023-12-31,cash,0.368,SEC
CEG,2024-12-31,cash,3.022,SEC
CEG,2025-12-31,cash,3.641,SEC
CEG,2020-12-31,ebitda,3.892,SEC
CEG,2021-12-31,ebitda,4.194,SEC
CEG,2022-12-31,ebitda,2.922,SEC
CEG,2023-12-31,ebitda,4.124,SEC
CEG,2024-12-31,ebitda,7.052,SEC
CEG,2025-12-31,ebitda,5.687,SEC
CEG,2020-12-31,eps,0.0,SEC
CEG,2021-12-31,eps,0.0,SEC
CEG,2022-12-31,eps,-0.49,SEC
CEG,2023-12-31,eps,5.01,SEC
CEG,2024-12-31,eps,11.89,SEC
CEG,2025-12-31,eps,7.4,SEC
CEG,2020-12-31,fcff_before_growth,-2.79288,SEC
CEG,2021-12-31,fcff_before_growth,-5.65522,SEC
CEG,2022-12-31,fcff_before_growth,-4.5825,SEC
CEG,2023-12-31,fcff_before_growth,-7.47451,SEC
CEG,2024-12-31,fcff_before_growth,-5.164,SEC
CEG,2025-12-31,fcff_before_growth,1.636,SEC
CEG,2020-12-31,free_cf,-1.163,SEC
CEG,2021-12-31,free_cf,-2.667,SEC
CEG,2022-12-31,free_cf,-4.042,SEC
CEG,2023-12-31,free_cf,-7.723,SEC
CEG,2024-12-31,free_cf,-5.029,SEC
CEG,2025-12-31,free_cf,1.288,SEC
CEG,2021-12-31,long_term_debt,4.575,SEC
CEG,2022-12-31,long_term_debt,4.466,SEC
CEG,2023-12-31,long_term_debt,7.496,SEC
CEG,2024-12-31,long_term_debt,7.384,SEC
CEG,2025-12-31,long_term_debt,7.25,SEC
CEG,2022-12-31,market_cap,28.363089698791505,Yahoo price x SEC shares
CEG,2023-12-31,market_cap,37.872359802246095,Yahoo price x SEC shares
CEG,2024-12-31,market_cap,70.46865211486816,Yahoo price x SEC shares
CEG,2025-12-31,market_cap,110.92677655029297,Yahoo price x SEC shares
CEG,2021-12-31,net_debt,7.372999999999999,SEC
CEG,2022-12-31,net_debt,5.346,SEC
CEG,2023-12-31,net_debt,8.892999999999999,SEC
CEG,2024-12-31,net_debt,5.390000000000001,SEC
CEG,2025-12-31,net_debt,5.351000000000001,SEC
CEG,2020-12-31,net_income,0.589,SEC
CEG,2021-12-31,net_income,-0.205,SEC
CEG,2022-12-31,net_income,-0.16,SEC
CEG,2023-12-31,net_income,1.623,SEC
CEG,2024-12-31,net_income,3.749,SEC
CEG,2025-12-31,net_income,2.319,SEC
CEG,2020-12-31,operating_cf,0.584,SEC
CEG,2021-12-31,operating_cf,-1.338,SEC
CEG,2022-12-31,operating_cf,-2.353,SEC
CEG,2023-12-31,operating_cf,-5.301,SEC
CEG,2024-12-31,operating_cf,-2.464,SEC
CEG,2025-12-31,operating_cf,4.237,SEC
CEG,2022-12-31,price,86.20999908447266,Yahoo
CEG,2023-12-31,price,116.88999938964844,Yahoo
CEG,2024-12-31,price,223.7100067138672,Yahoo
CEG,2025-12-31,price,353.2699890136719,Yahoo
CEG,2020-12-31,revenue,17.603,SEC
CEG,2021-12-31,revenue,19.649,SEC
CEG,2022-12-31,revenue,24.44,SEC
CEG,2023-12-31,revenue,24.918,SEC
CEG,2024-12-31,revenue,23.568,SEC
CEG,2025-12-31,revenue,25.533,SEC
CEG,2021-12-31,short_term_debt,3.302,SEC
CEG,2022-12-31,short_term_debt,1.302,SEC
CEG,2023-12-31,short_term_debt,1.765,SEC
CEG,2024-12-31,short_term_debt,1.028,SEC
CEG,2025-12-31,short_term_debt,1.742,SEC
CEG,2021-12-31,total_debt,7.877,SEC
CEG,2022-12-31,total_debt,5.768,SEC
CEG,2023-12-31,total_debt,9.261,SEC
CEG,2024-12-31,total_debt,8.412,SEC
CEG,2025-12-31,total_debt,8.992,SEC
CEPU,2016-12-31,capex,-0.0028078209738426957,SEC
CEPU,2017-12-31,capex,-0.0057868147942247445,SEC
CEPU,2018-12-31,capex,-0.009559868976104773,SEC
CEPU,2019-12-31,capex,-0.023595000739312616,SEC
CEPU,2020-12-31,capex,-0.02308687544347503,SEC
CEPU,2021-12-31,capex,-0.02137527029720467,SEC
CEPU,2022-12-31,capex,-0.014904767068627466,SEC
CEPU,2023-12-31,capex,-0.014048489585677513,SEC
CEPU,2024-12-31,capex,-0.09347533846132183,SEC
CEPU,2025-12-31,capex,-0.1937745268284205,Yahoo
CEPU,2016-12-31,cash,5.579665561357979e-05,SEC
CEPU,2017-12-31,cash,0.00017977369942789664,SEC
CEPU,2018-12-31,cash,0.0004768120778433513,SEC
CEPU,2019-12-31,cash,0.002013638605127111,SEC
CEPU,2020-12-31,cash,0.00027594031310832363,SEC
CEPU,2021-12-31,cash,0.00035997835983411644,SEC
CEPU,2022-12-31,cash,0.018882131519730144,SEC
CEPU,2023-12-31,cash,0.01924161004354374,SEC
CEPU,2024-12-31,cash,0.002520435596579453,SEC
CEPU,2025-12-31,cash,0.2216210822499195,Yahoo
CEPU,2022-12-31,ebitda,0.2293464880913871,Yahoo
CEPU,2023-12-31,ebitda,0.4878489327422201,Yahoo
CEPU,2024-12-31,ebitda,0.2701990240610388,Yahoo
CEPU,2025-12-31,ebitda,0.4374759866361151,Yahoo
CEPU,2022-12-31,eps,0.05627418923948426,SEC
CEPU,2023-12-31,eps,0.14073466955742334,SEC
CEPU,2024-12-31,eps,0.021653001361410133,SEC
CEPU,2025-12-31,eps,1.6185936464527444,Yahoo
CEPU,2022-12-31,fcff_before_growth,0.1831402102966873,Yahoo
CEPU,2023-12-31,fcff_before_growth,0.1419559696967859,Yahoo
CEPU,2024-12-31,fcff_before_growth,0.1632411336493565,Yahoo
CEPU,2025-12-31,fcff_before_growth,0.1892076666504126,Yahoo
CEPU,2016-12-31,free_cf,-0.0008121010308843106,SEC
CEPU,2017-12-31,free_cf,-0.002090934769150917,SEC
CEPU,2018-12-31,free_cf,-0.004468712442613673,SEC
CEPU,2019-12-31,free_cf,-0.007455050966305134,SEC
CEPU,2020-12-31,free_cf,0.014123925467609197,SEC
CEPU,2021-12-31,free_cf,0.08222203882270072,SEC
CEPU,2022-12-31,free_cf,0.23258666263131092,SEC
CEPU,2023-12-31,free_cf,0.165382995339697,SEC
CEPU,2024-12-31,free_cf,0.07590678190709564,SEC
CEPU,2025-12-31,free_cf,0.0759576326787266,Yahoo
CEPU,2016-12-31,long_term_debt,0.0008427569841901422,SEC
CEPU,2017-12-31,long_term_debt,0.0010222925727578695,SEC
CEPU,2018-12-31,long_term_debt,0.0010134109720782727,SEC
CEPU,2019-12-31,long_term_debt,0.0,SEC
CEPU,2022-12-31,long_term_debt,0.0924130826212224,Yahoo
CEPU,2023-12-31,long_term_debt,0.4090640989646819,Yahoo
CEPU,2024-12-31,long_term_debt,0.198477319301353,Yahoo
CEPU,2025-12-31,long_term_debt,0.2288857553841094,Yahoo
CEPU,2016-12-31,net_debt,0.0014742164901148645,SEC
CEPU,2017-12-31,net_debt,0.0025403103099465953,SEC
CEPU,2018-12-31,net_debt,0.002365948220977094,SEC
CEPU,2019-12-31,net_debt,-0.002013638605127111,SEC
CEPU,2022-12-31,net_debt,0.1106793079314617,Yahoo
CEPU,2023-12-31,net_debt,0.4595448725570877,Yahoo
CEPU,2024-12-31,net_debt,0.3252675510951818,Yahoo
CEPU,2025-12-31,net_debt,0.2986844073060721,Yahoo
CEPU,2016-12-31,net_income,0.000904266988542222,SEC
CEPU,2017-12-31,net_income,0.005339335612924246,SEC
CEPU,2018-12-31,net_income,0.024067564866934323,SEC
CEPU,2019-12-31,net_income,0.011873716835399567,SEC
CEPU,2020-12-31,net_income,0.013292164875870512,SEC
CEPU,2021-12-31,net_income,-0.002952734718579566,SEC
CEPU,2022-12-31,net_income,0.08469647573038383,SEC
CEPU,2023-12-31,net_income,0.21146976229597353,SEC
CEPU,2024-12-31,net_income,0.032534036644574604,SEC
CEPU,2025-12-31,net_income,0.2271917868403112,Yahoo
CEPU,2016-12-31,operating_cf,0.0019957199429583854,SEC
CEPU,2017-12-31,operating_cf,0.003695880025073828,SEC
CEPU,2018-12-31,operating_cf,0.005091156533491099,SEC
CEPU,2019-12-31,operating_cf,0.01613994977300748,SEC
CEPU,2020-12-31,operating_cf,0.037210800911084224,SEC
CEPU,2021-12-31,operating_cf,0.1035973091199054,SEC
CEPU,2022-12-31,operating_cf,0.2474914296999384,SEC
CEPU,2023-12-31,operating_cf,0.1794314849253745,SEC
CEPU,2024-12-31,operating_cf,0.16938212036841746,SEC
CEPU,2025-12-31,operating_cf,0.2697321595071472,Yahoo
CEPU,2018-12-31,price,9.199999809265137,Yahoo
CEPU,2019-12-31,price,4.860000133514404,Yahoo
CEPU,2020-12-31,price,2.700000047683716,Yahoo
CEPU,2021-12-31,price,3.130000114440918,Yahoo
CEPU,2022-12-31,price,5.940000057220459,Yahoo
CEPU,2023-12-31,price,9.100000381469727,Yahoo
CEPU,2024-12-31,price,14.489999771118164,Yahoo
CEPU,2025-12-31,price,17.5,Yahoo
CEPU,2016-12-31,revenue,0.004620556984453986,SEC
CEPU,2017-12-31,revenue,0.00972596999572724,SEC
CEPU,2018-12-31,revenue,0.01959706626489299,SEC
CEPU,2019-12-31,revenue,0.04847283259315044,SEC
CEPU,2020-12-31,revenue,0.07349763329179375,SEC
CEPU,2021-12-31,revenue,0.22711955856748756,SEC
CEPU,2022-12-31,revenue,0.45101803016507913,SEC
CEPU,2023-12-31,revenue,0.44790909800199236,SEC
CEPU,2024-12-31,revenue,0.4842044925343762,SEC
CEPU,2025-12-31,revenue,0.7198571394762706,Yahoo
CEPU,2016-12-31,short_term_debt,0.000687256161538302,SEC
CEPU,2017-12-31,short_term_debt,0.0016977914366166223,SEC
CEPU,2018-12-31,short_term_debt,0.0018293493267421727,SEC
CEPU,2019-12-31,short_term_debt,0.0,SEC
CEPU,2021-12-31,short_term_debt,0.008707111991740298,SEC
CEPU,2022-12-31,short_term_debt,0.037148356829969385,SEC
CEPU,2023-12-31,short_term_debt,0.06972238363594958,SEC
CEPU,2024-12-31,short_term_debt,0.09890312405938924,SEC
CEPU,2025-12-31,short_term_debt,0.0945154007949667,Yahoo
CEPU,2016-12-31,total_debt,0.0015300131457284443,SEC
CEPU,2017-12-31,total_debt,0.002720084009374492,SEC
CEPU,2018-12-31,total_debt,0.002842760298820445,SEC
CEPU,2019-12-31,total_debt,0.0,SEC
CEPU,2022-12-31,total_debt,0.1295614394511918,Yahoo
CEPU,2023-12-31,total_debt,0.4787864826006314,Yahoo
CEPU,2024-12-31,total_debt,0.3285831529896511,Yahoo
CEPU,2025-12-31,total_debt,0.3234011561790761,Yahoo
CIG-C,2016-12-31,capex,-0.02313654363155365,SEC
CIG-C,2017-12-31,capex,-0.016002776011824607,SEC
CIG-C,2018-12-31,capex,-0.014845948830246926,SEC
CIG-C,2019-12-31,capex,-0.013496317118406296,SEC
CIG-C,2020-12-31,capex,-0.025450197994709014,SEC
CIG-C,2021-12-31,capex,-0.03509042450785637,SEC
CIG-C,2022-12-31,capex,-0.033355183735489846,SEC
CIG-C,2023-12-31,capex,-0.20745767456293107,SEC
CIG-C,2024-12-31,capex,-0.1293718398064375,SEC
CIG-C,2025-12-31,capex,-0.2078432836234569,Yahoo
CIG-C,2016-12-31,cash,0.19184050761163235,SEC
CIG-C,2017-12-31,cash,0.19858866617083548,SEC
CIG-C,2018-12-31,cash,0.17178883646428586,SEC
CIG-C,2019-12-31,cash,0.10334322822093964,SEC
CIG-C,2020-12-31,cash,0.3239116108417511,SEC
CIG-C,2021-12-31,cash,0.15906373746693134,SEC
CIG-C,2022-12-31,cash,0.27783132810890676,SEC
CIG-C,2023-12-31,cash,0.2963405630141497,SEC
CIG-C,2024-12-31,cash,0.3659429984390736,SEC
CIG-C,2025-12-31,cash,0.8361932477504015,Yahoo
CIG-C,2022-12-31,ebitda,1.2011722235381603,Yahoo
CIG-C,2023-12-31,ebitda,1.7618477975428104,Yahoo
CIG-C,2024-12-31,ebitda,2.2602475082725286,Yahoo
CIG-C,2025-12-31,ebitda,1.6785562404692171,Yahoo
CIG-C,2022-12-31,eps,0.3586164262890816,Yahoo
CIG-C,2023-12-31,eps,0.3875371058285236,Yahoo
CIG-C,2024-12-31,eps,0.4800832803547383,Yahoo
CIG-C,2025-12-31,eps,0.3296957467496395,Yahoo
CIG-C,2016-12-31,fcff_before_growth,0.07307291696965694,SEC
CIG-C,2017-12-31,fcff_before_growth,-0.05205722317099571,SEC
CIG-C,2018-12-31,fcff_before_growth,0.03046311578154564,SEC
CIG-C,2019-12-31,fcff_before_growth,0.20784328362345694,SEC
CIG-C,2020-12-31,fcff_before_growth,1.4687849115431308,SEC
CIG-C,2021-12-31,fcff_before_growth,0.5082327417731285,SEC
CIG-C,2022-12-31,fcff_before_growth,1.0338178912699223,SEC
CIG-C,2023-12-31,fcff_before_growth,1.0357459365725517,SEC
CIG-C,2024-12-31,fcff_before_growth,0.7943546646833419,SEC
CIG-C,2025-12-31,fcff_before_growth,0.7194250400872528,Yahoo
CIG-C,2016-12-31,free_cf,0.21073535157740117,SEC
CIG-C,2017-12-31,free_cf,0.0958238515406847,SEC
CIG-C,2018-12-31,free_cf,0.17950101767480373,SEC
CIG-C,2019-12-31,free_cf,0.37905370649695397,SEC
CIG-C,2020-12-31,free_cf,1.6340183939784765,SEC
CIG-C,2021-12-31,free_cf,0.6753942695111036,SEC
CIG-C,2022-12-31,free_cf,1.228357662305236,SEC
CIG-C,2023-12-31,free_cf,1.0739212335646153,SEC
CIG-C,2024-12-31,free_cf,0.9302818585187197,SEC
CIG-C,2025-12-31,free_cf,0.5782207862585783,Yahoo
CIG-C,2016-12-31,long_term_debt,1.9939844519793988,SEC
CIG-C,2017-12-31,long_term_debt,2.3188600854724646,SEC
CIG-C,2018-12-31,long_term_debt,2.4243241635262964,SEC
CIG-C,2019-12-31,long_term_debt,2.3194384990632533,SEC
CIG-C,2020-12-31,long_term_debt,2.4989395167380573,SEC
CIG-C,2022-12-31,long_term_debt,1.913199353799224,Yahoo
CIG-C,2023-12-31,long_term_debt,1.388385422423482,SEC
CIG-C,2024-12-31,long_term_debt,1.8129409980624913,SEC
CIG-C,2025-12-31,long_term_debt,3.22793344566226,Yahoo
CIG-C,2016-12-31,net_debt,2.7347394572496415,SEC
CIG-C,2017-12-31,net_debt,2.577410960555077,SEC
CIG-C,2018-12-31,net_debt,2.6763196845799686,SEC
CIG-C,2019-12-31,net_debt,2.7457293154746294,SEC
CIG-C,2020-12-31,net_debt,2.572012433707714,SEC
CIG-C,2022-12-31,net_debt,1.8304862103164197,Yahoo
CIG-C,2023-12-31,net_debt,1.599120774000883,SEC
CIG-C,2024-12-31,net_debt,2.0016966331899164,SEC
CIG-C,2025-12-31,net_debt,3.466818258658052,Yahoo
CIG-C,2016-12-31,net_income,0.06439671310782433,SEC
CIG-C,2017-12-31,net_income,0.19299733479321002,SEC
CIG-C,2018-12-31,net_income,0.32776770144701006,SEC
CIG-C,2019-12-31,net_income,-0.615817669659853,SEC
CIG-C,2020-12-31,net_income,0.5521921746730805,SEC
CIG-C,2021-12-31,net_income,0.7232097930163145,SEC
CIG-C,2022-12-31,net_income,0.7889561378359795,SEC
CIG-C,2023-12-31,net_income,1.111325312435627,SEC
CIG-C,2024-12-31,net_income,1.3721898418813945,SEC
CIG-C,2025-12-31,net_income,0.9441637846976518,Yahoo
CIG-C,2016-12-31,operating_cf,0.23387189520895482,SEC
CIG-C,2017-12-31,operating_cf,0.11182662755250931,SEC
CIG-C,2018-12-31,operating_cf,0.19434696650505065,SEC
CIG-C,2019-12-31,operating_cf,0.39255002361536023,SEC
CIG-C,2020-12-31,operating_cf,1.6594685919731855,SEC
CIG-C,2021-12-31,operating_cf,0.71048469401896,SEC
CIG-C,2022-12-31,operating_cf,1.2617128460407256,SEC
CIG-C,2023-12-31,operating_cf,1.2813789081275464,SEC
CIG-C,2024-12-31,operating_cf,1.0596536983251572,SEC
CIG-C,2025-12-31,operating_cf,0.7860640698820353,Yahoo
CIG-C,2016-12-31,price,1.342674970626831,Yahoo
CIG-C,2017-12-31,price,0.9823279976844788,Yahoo
CIG-C,2018-12-31,price,2.0856568813323975,Yahoo
CIG-C,2019-12-31,price,2.107203960418701,Yahoo
CIG-C,2020-12-31,price,1.7194730043411255,Yahoo
CIG-C,2021-12-31,price,2.0828399658203125,Yahoo
CIG-C,2022-12-31,price,2.338460922241211,Yahoo
CIG-C,2023-12-31,price,2.4230759143829346,Yahoo
CIG-C,2024-12-31,price,2.319999933242798,Yahoo
CIG-C,2025-12-31,price,2.5950000286102295,Yahoo
CIG-C,2016-12-31,revenue,3.6195194466263056,SEC
CIG-C,2017-12-31,revenue,4.186171961069107,SEC
CIG-C,2018-12-31,revenue,4.2929856708347796,SEC
CIG-C,2019-12-31,revenue,4.91381625828147,SEC
CIG-C,2020-12-31,revenue,4.864072689473629,SEC
CIG-C,2021-12-31,revenue,6.487101225227118,SEC
CIG-C,2022-12-31,revenue,6.644622526451945,SEC
CIG-C,2023-12-31,revenue,7.1048469401896,SEC
CIG-C,2024-12-31,revenue,7.677476395070553,SEC
CIG-C,2025-12-31,revenue,8.24258647327125,Yahoo
CIG-C,2016-12-31,short_term_debt,0.932595512881875,SEC
CIG-C,2017-12-31,short_term_debt,0.4571395412534475,SEC
CIG-C,2018-12-31,short_term_debt,0.4237843575179577,SEC
CIG-C,2019-12-31,short_term_debt,0.5296340446323157,SEC
CIG-C,2020-12-31,short_term_debt,0.39698452781140803,SEC
CIG-C,2021-12-31,short_term_debt,0.2824586368352175,SEC
CIG-C,2022-12-31,short_term_debt,0.18412832640111446,SEC
CIG-C,2023-12-31,short_term_debt,0.5070759145915509,SEC
CIG-C,2024-12-31,short_term_debt,0.5546986335664987,SEC
CIG-C,2025-12-31,short_term_debt,0.6055990295559168,Yahoo
CIG-C,2016-12-31,total_debt,2.926579964861274,SEC
CIG-C,2017-12-31,total_debt,2.775999626725912,SEC
CIG-C,2018-12-31,total_debt,2.8481085210442543,SEC
CIG-C,2019-12-31,total_debt,2.849072543695569,SEC
CIG-C,2020-12-31,total_debt,2.8959240445494654,SEC
CIG-C,2022-12-31,total_debt,2.108317538425326,Yahoo
CIG-C,2023-12-31,total_debt,1.8954613370150328,SEC
CIG-C,2024-12-31,total_debt,2.36763963162899,SEC
CIG-C,2025-12-31,total_debt,3.8335324752181767,Yahoo
CMS,2016-12-31,capex,-1.672,SEC
CMS,2017-12-31,capex,-1.665,SEC
CMS,2018-12-31,capex,-2.074,SEC
CMS,2019-12-31,capex,-2.097,SEC
CMS,2020-12-31,capex,-2.311,SEC
CMS,2021-12-31,capex,-2.076,SEC
CMS,2022-12-31,capex,-2.374,SEC
CMS,2023-12-31,capex,-3.386,Yahoo
CMS,2024-12-31,capex,-3.178,Yahoo
CMS,2025-12-31,capex,-4.038,Yahoo
CMS,2016-12-31,cash,0.235,SEC
CMS,2017-12-31,cash,0.182,SEC
CMS,2018-12-31,cash,0.153,SEC
CMS,2019-12-31,cash,0.14,SEC
CMS,2020-12-31,cash,0.032,SEC
CMS,2021-12-31,cash,0.452,SEC
CMS,2022-12-31,cash,0.164,SEC
CMS,2023-12-31,cash,0.227,SEC
CMS,2024-12-31,cash,0.103,SEC
CMS,2025-12-31,cash,0.509,SEC
CMS,2016-12-31,ebitda,2.067,SEC
CMS,2017-12-31,ebitda,2.219,SEC
CMS,2018-12-31,ebitda,2.095,SEC
CMS,2019-12-31,ebitda,2.104,SEC
CMS,2020-12-31,ebitda,2.273,SEC
CMS,2021-12-31,ebitda,2.26,SEC
CMS,2022-12-31,ebitda,2.35,SEC
CMS,2023-12-31,ebitda,2.415,SEC
CMS,2024-12-31,ebitda,2.727,SEC
CMS,2025-12-31,ebitda,3.033,SEC
CMS,2016-12-31,eps,1.98,SEC
CMS,2017-12-31,eps,1.64,SEC
CMS,2018-12-31,eps,2.32,SEC
CMS,2019-12-31,eps,2.39,SEC
CMS,2020-12-31,eps,2.64,SEC
CMS,2021-12-31,eps,4.66,SEC
CMS,2022-12-31,eps,2.85,SEC
CMS,2023-12-31,eps,3.01,SEC
CMS,2024-12-31,eps,3.33,SEC
CMS,2025-12-31,eps,3.53,SEC
CMS,2016-12-31,fcff_before_growth,1.16165,SEC
CMS,2017-12-31,fcff_before_growth,1.17002,SEC
CMS,2018-12-31,fcff_before_growth,1.13182,SEC
CMS,2019-12-31,fcff_before_growth,1.1644,SEC
CMS,2020-12-31,fcff_before_growth,0.63195,SEC
CMS,2021-12-31,fcff_before_growth,1.1,SEC
CMS,2022-12-31,fcff_before_growth,0.13901,SEC
CMS,2023-12-31,fcff_before_growth,1.63697,SEC
CMS,2024-12-31,fcff_before_growth,1.683,SEC
CMS,2025-12-31,fcff_before_growth,1.55942,SEC
CMS,2016-12-31,free_cf,-0.043,SEC
CMS,2017-12-31,free_cf,0.04,SEC
CMS,2018-12-31,free_cf,-0.371,SEC
CMS,2019-12-31,free_cf,-0.307,SEC
CMS,2020-12-31,free_cf,-1.035,SEC
CMS,2021-12-31,free_cf,-0.257,SEC
CMS,2022-12-31,free_cf,-1.519,SEC
CMS,2023-12-31,free_cf,-1.077,Yahoo
CMS,2024-12-31,free_cf,-0.8079999999999998,Yahoo
CMS,2025-12-31,free_cf,-1.8030000000000004,Yahoo
CMS,2016-12-31,long_term_debt,8.64,SEC
CMS,2017-12-31,long_term_debt,9.123,SEC
CMS,2018-12-31,long_term_debt,10.615,SEC
CMS,2019-12-31,long_term_debt,11.951,SEC
CMS,2020-12-31,long_term_debt,11.744,SEC
CMS,2021-12-31,long_term_debt,12.046,SEC
CMS,2022-12-31,long_term_debt,13.122,SEC
CMS,2023-12-31,long_term_debt,14.508,SEC
CMS,2024-12-31,long_term_debt,15.194,SEC
CMS,2025-12-31,long_term_debt,17.807,SEC
CMS,2016-12-31,market_cap,11.607817702102661,Yahoo price x SEC shares
CMS,2017-12-31,market_cap,13.281839785766602,Yahoo price x SEC shares
CMS,2018-12-31,market_cap,14.045985431671143,Yahoo price x SEC shares
CMS,2019-12-31,market_cap,17.865412043380736,Yahoo price x SEC shares
CMS,2020-12-31,market_cap,17.467162519454956,Yahoo price x SEC shares
CMS,2021-12-31,market_cap,18.831975883483885,Yahoo price x SEC shares
CMS,2022-12-31,market_cap,18.36570053100586,Yahoo price x SEC shares
CMS,2023-12-31,market_cap,16.939018910980224,Yahoo price x SEC shares
CMS,2024-12-31,market_cap,19.881695455169677,Yahoo price x SEC shares
CMS,2025-12-31,market_cap,21.048930091857912,Yahoo price x SEC shares
CMS,2016-12-31,net_debt,9.291,SEC
CMS,2017-12-31,net_debt,10.044,SEC
CMS,2018-12-31,net_debt,11.458,SEC
CMS,2019-12-31,net_debt,13.011999999999999,SEC
CMS,2020-12-31,net_debt,12.283,SEC
CMS,2021-12-31,net_debt,11.967,SEC
CMS,2022-12-31,net_debt,14.068,SEC
CMS,2023-12-31,net_debt,15.349,SEC
CMS,2024-12-31,net_debt,16.348,SEC
CMS,2025-12-31,net_debt,18.248,SEC
CMS,2016-12-31,net_income,0.551,SEC
CMS,2017-12-31,net_income,0.46,SEC
CMS,2018-12-31,net_income,0.657,SEC
CMS,2019-12-31,net_income,0.68,SEC
CMS,2020-12-31,net_income,0.755,SEC
CMS,2021-12-31,net_income,1.353,SEC
CMS,2022-12-31,net_income,0.837,SEC
CMS,2023-12-31,net_income,0.887,SEC
CMS,2024-12-31,net_income,1.003,SEC
CMS,2025-12-31,net_income,1.071,SEC
CMS,2016-12-31,operating_cf,1.629,SEC
CMS,2017-12-31,operating_cf,1.705,SEC
CMS,2018-12-31,operating_cf,1.703,SEC
CMS,2019-12-31,operating_cf,1.79,SEC
CMS,2020-12-31,operating_cf,1.276,SEC
CMS,2021-12-31,operating_cf,1.819,SEC
CMS,2022-12-31,operating_cf,0.855,SEC
CMS,2023-12-31,operating_cf,2.309,SEC
CMS,2024-12-31,operating_cf,2.37,SEC
CMS,2025-12-31,operating_cf,2.235,SEC
CMS,2016-12-31,price,41.619998931884766,Yahoo
CMS,2017-12-31,price,47.29999923706055,Yahoo
CMS,2018-12-31,price,49.650001525878906,Yahoo
CMS,2019-12-31,price,62.84000015258789,Yahoo
CMS,2020-12-31,price,61.0099983215332,Yahoo
CMS,2021-12-31,price,65.05000305175781,Yahoo
CMS,2022-12-31,price,63.33000183105469,Yahoo
CMS,2023-12-31,price,58.06999969482422,Yahoo
CMS,2024-12-31,price,66.6500015258789,Yahoo
CMS,2025-12-31,price,69.93000030517578,Yahoo
CMS,2016-12-31,revenue,6.399,SEC
CMS,2017-12-31,revenue,6.583,SEC
CMS,2018-12-31,revenue,6.873,SEC
CMS,2019-12-31,revenue,6.624,SEC
CMS,2020-12-31,revenue,6.418,SEC
CMS,2021-12-31,revenue,7.329,SEC
CMS,2022-12-31,revenue,8.596,SEC
CMS,2023-12-31,revenue,7.462,SEC
CMS,2024-12-31,revenue,7.515,SEC
CMS,2025-12-31,revenue,8.539,SEC
CMS,2016-12-31,short_term_debt,0.886,SEC
CMS,2017-12-31,short_term_debt,1.103,SEC
CMS,2018-12-31,short_term_debt,0.996,SEC
CMS,2019-12-31,short_term_debt,1.201,SEC
CMS,2020-12-31,short_term_debt,0.571,SEC
CMS,2021-12-31,short_term_debt,0.373,SEC
CMS,2022-12-31,short_term_debt,1.11,SEC
CMS,2023-12-31,short_term_debt,1.068,SEC
CMS,2024-12-31,short_term_debt,1.257,SEC
CMS,2025-12-31,short_term_debt,0.95,SEC
CMS,2016-12-31,total_debt,9.526,SEC
CMS,2017-12-31,total_debt,10.226,SEC
CMS,2018-12-31,total_debt,11.611,SEC
CMS,2019-12-31,total_debt,13.152,SEC
CMS,2020-12-31,total_debt,12.315,SEC
CMS,2021-12-31,total_debt,12.419,SEC
CMS,2022-12-31,total_debt,14.232,SEC
CMS,2023-12-31,total_debt,15.576,SEC
CMS,2024-12-31,total_debt,16.451,SEC
CMS,2025-12-31,total_debt,18.757,SEC
CNP,2016-12-31,capex,-1.414,SEC
CNP,2017-12-31,capex,-1.426,SEC
CNP,2018-12-31,capex,-1.651,SEC
CNP,2019-12-31,capex,-2.506,SEC
CNP,2020-12-31,capex,-2.596,SEC
CNP,2021-12-31,capex,-3.164,SEC
CNP,2022-12-31,capex,-4.419,SEC
CNP,2023-12-31,capex,-4.401,SEC
CNP,2024-12-31,capex,-4.513,SEC
CNP,2025-12-31,capex,-4.87,SEC
CNP,2016-12-31,cash,0.341,SEC
CNP,2017-12-31,cash,0.26,SEC
CNP,2018-12-31,cash,4.231,SEC
CNP,2019-12-31,cash,0.241,SEC
CNP,2020-12-31,cash,0.147,SEC
CNP,2021-12-31,cash,0.23,SEC
CNP,2022-12-31,cash,0.074,SEC
CNP,2023-12-31,cash,0.09,SEC
CNP,2024-12-31,cash,0.024,SEC
CNP,2025-12-31,cash,0.038,SEC
CNP,2016-12-31,ebitda,2.149,SEC
CNP,2017-12-31,ebitda,2.172,SEC
CNP,2018-12-31,ebitda,2.098,SEC
CNP,2019-12-31,ebitda,2.296,SEC
CNP,2020-12-31,ebitda,2.228,SEC
CNP,2021-12-31,ebitda,2.679,SEC
CNP,2022-12-31,ebitda,2.854,SEC
CNP,2023-12-31,ebitda,3.161,SEC
CNP,2024-12-31,ebitda,3.429,SEC
CNP,2025-12-31,ebitda,3.64,SEC
CNP,2016-12-31,eps,1.0,SEC
CNP,2017-12-31,eps,4.13,SEC
CNP,2018-12-31,eps,0.74,SEC
CNP,2019-12-31,eps,1.33,SEC
CNP,2020-12-31,eps,-1.79,SEC
CNP,2021-12-31,eps,2.28,SEC
CNP,2022-12-31,eps,1.59,SEC
CNP,2023-12-31,eps,1.37,SEC
CNP,2024-12-31,eps,1.58,SEC
CNP,2025-12-31,eps,1.6,SEC
CNP,2016-12-31,fcff_before_growth,0.797,SEC
CNP,2017-12-31,fcff_before_growth,0.381,SEC
CNP,2018-12-31,fcff_before_growth,0.906,SEC
CNP,2019-12-31,fcff_before_growth,0.413,SEC
CNP,2020-12-31,fcff_before_growth,0.806,SEC
CNP,2021-12-31,fcff_before_growth,-1.294,SEC
CNP,2022-12-31,fcff_before_growth,0.522,SEC
CNP,2023-12-31,fcff_before_growth,2.476,SEC
CNP,2024-12-31,fcff_before_growth,0.7,SEC
CNP,2025-12-31,fcff_before_growth,0.956,SEC
CNP,2016-12-31,free_cf,0.509,SEC
CNP,2017-12-31,free_cf,-0.009,SEC
CNP,2018-12-31,free_cf,0.485,SEC
CNP,2019-12-31,free_cf,-0.868,SEC
CNP,2020-12-31,free_cf,-0.601,SEC
CNP,2021-12-31,free_cf,-3.142,SEC
CNP,2022-12-31,free_cf,-2.609,SEC
CNP,2023-12-31,free_cf,-0.524,SEC
CNP,2024-12-31,free_cf,-2.374,SEC
CNP,2025-12-31,free_cf,-2.384,SEC
CNP,2016-12-31,long_term_debt,7.532,SEC
CNP,2017-12-31,long_term_debt,8.195,SEC
CNP,2018-12-31,long_term_debt,8.682,SEC
CNP,2019-12-31,long_term_debt,14.244,SEC
CNP,2020-12-31,long_term_debt,11.521,SEC
CNP,2021-12-31,long_term_debt,15.558,SEC
CNP,2022-12-31,long_term_debt,14.836,SEC
CNP,2023-12-31,long_term_debt,17.559,SEC
CNP,2024-12-31,long_term_debt,20.397,SEC
CNP,2025-12-31,long_term_debt,20.566,SEC
CNP,2016-12-31,market_cap,10.683977655349732,Yahoo price x SEC shares
CNP,2017-12-31,market_cap,12.316975145080566,Yahoo price x SEC shares
CNP,2018-12-31,market_cap,12.773086742877961,Yahoo price x SEC shares
CNP,2019-12-31,market_cap,13.775631621242523,Yahoo price x SEC shares
CNP,2020-12-31,market_cap,11.4915105158844,Yahoo price x SEC shares
CNP,2021-12-31,market_cap,17.023369486930847,Yahoo price x SEC shares
CNP,2022-12-31,market_cap,18.964056395267487,Yahoo price x SEC shares
CNP,2023-12-31,market_cap,18.089923836769103,Yahoo price x SEC shares
CNP,2024-12-31,market_cap,20.43846671513748,Yahoo price x SEC shares
CNP,2025-12-31,market_cap,25.13762110004425,Yahoo price x SEC shares
CNP,2016-12-31,net_debt,8.251000000000001,SEC
CNP,2017-12-31,net_debt,8.58,SEC
CNP,2018-12-31,net_debt,4.933,SEC
CNP,2019-12-31,net_debt,14.871,SEC
CNP,2020-12-31,net_debt,13.293,SEC
CNP,2021-12-31,net_debt,15.873000000000001,SEC
CNP,2022-12-31,net_debt,16.782,SEC
CNP,2023-12-31,net_debt,18.528,SEC
CNP,2024-12-31,net_debt,20.939,SEC
CNP,2025-12-31,net_debt,22.942,SEC
CNP,2016-12-31,net_income,0.432,SEC
CNP,2017-12-31,net_income,1.792,SEC
CNP,2018-12-31,net_income,0.368,SEC
CNP,2019-12-31,net_income,0.791,SEC
CNP,2020-12-31,net_income,-0.773,SEC
CNP,2021-12-31,net_income,1.486,SEC
CNP,2022-12-31,net_income,1.057,SEC
CNP,2023-12-31,net_income,0.917,SEC
CNP,2024-12-31,net_income,1.019,SEC
CNP,2025-12-31,net_income,1.052,SEC
CNP,2016-12-31,operating_cf,1.923,SEC
CNP,2017-12-31,operating_cf,1.417,SEC
CNP,2018-12-31,operating_cf,2.136,SEC
CNP,2019-12-31,operating_cf,1.638,SEC
CNP,2020-12-31,operating_cf,1.995,SEC
CNP,2021-12-31,operating_cf,0.022,SEC
CNP,2022-12-31,operating_cf,1.81,SEC
CNP,2023-12-31,operating_cf,3.877,SEC
CNP,2024-12-31,operating_cf,2.139,SEC
CNP,2025-12-31,operating_cf,2.486,SEC
CNP,2016-12-31,price,24.639999389648438,Yahoo
CNP,2017-12-31,price,28.360000610351562,Yahoo
CNP,2018-12-31,price,28.229999542236328,Yahoo
CNP,2019-12-31,price,27.270000457763672,Yahoo
CNP,2020-12-31,price,21.639999389648438,Yahoo
CNP,2021-12-31,price,27.90999984741211,Yahoo
CNP,2022-12-31,price,29.989999771118164,Yahoo
CNP,2023-12-31,price,28.56999969482422,Yahoo
CNP,2024-12-31,price,31.729999542236328,Yahoo
CNP,2025-12-31,price,38.34000015258789,Yahoo
CNP,2016-12-31,revenue,7.528,SEC
CNP,2017-12-31,revenue,9.614,SEC
CNP,2018-12-31,revenue,6.282,SEC
CNP,2019-12-31,revenue,7.564,SEC
CNP,2020-12-31,revenue,7.418,SEC
CNP,2021-12-31,revenue,8.352,SEC
CNP,2022-12-31,revenue,9.327,SEC
CNP,2023-12-31,revenue,8.696,SEC
CNP,2024-12-31,revenue,8.643,SEC
CNP,2025-12-31,revenue,9.357,SEC
CNP,2016-12-31,short_term_debt,1.06,SEC
CNP,2017-12-31,short_term_debt,0.645,SEC
CNP,2018-12-31,short_term_debt,0.482,SEC
CNP,2019-12-31,short_term_debt,0.868,SEC
CNP,2020-12-31,short_term_debt,1.919,SEC
CNP,2021-12-31,short_term_debt,0.545,SEC
CNP,2022-12-31,short_term_debt,2.02,SEC
CNP,2023-12-31,short_term_debt,1.059,SEC
CNP,2024-12-31,short_term_debt,0.566,SEC
CNP,2025-12-31,short_term_debt,2.414,SEC
CNP,2016-12-31,total_debt,8.592,SEC
CNP,2017-12-31,total_debt,8.84,SEC
CNP,2018-12-31,total_debt,9.164,SEC
CNP,2019-12-31,total_debt,15.112,SEC
CNP,2020-12-31,total_debt,13.44,SEC
CNP,2021-12-31,total_debt,16.103,SEC
CNP,2022-12-31,total_debt,16.856,SEC
CNP,2023-12-31,total_debt,18.618,SEC
CNP,2024-12-31,total_debt,20.963,SEC
CNP,2025-12-31,total_debt,22.98,SEC
CPK,2016-12-31,capex,-0.169861,SEC
CPK,2017-12-31,capex,-0.175329,SEC
CPK,2018-12-31,capex,-0.240351,SEC
CPK,2019-12-31,capex,-0.184727,SEC
CPK,2020-12-31,capex,-0.165511,SEC
CPK,2021-12-31,capex,-0.186924,SEC
CPK,2022-12-31,capex,-0.1283,SEC
CPK,2023-12-31,capex,-0.1886,SEC
CPK,2024-12-31,capex,-0.3553,SEC
CPK,2025-12-31,capex,-0.4486,SEC
CPK,2016-12-31,cash,0.004178,SEC
CPK,2017-12-31,cash,0.005614,SEC
CPK,2018-12-31,cash,0.006089,SEC
CPK,2019-12-31,cash,0.006985,SEC
CPK,2020-12-31,cash,0.003499,SEC
CPK,2021-12-31,cash,0.004976,SEC
CPK,2022-12-31,cash,0.006204,SEC
CPK,2023-12-31,cash,0.0049,SEC
CPK,2024-12-31,cash,0.0079,SEC
CPK,2025-12-31,cash,0.0018,SEC
CPK,2016-12-31,ebitda,0.118142,SEC
CPK,2017-12-31,ebitda,0.126116,SEC
CPK,2018-12-31,ebitda,0.135064,SEC
CPK,2019-12-31,ebitda,0.151709,SEC
CPK,2020-12-31,ebitda,0.17084,SEC
CPK,2021-12-31,ebitda,0.193773,SEC
CPK,2022-12-31,ebitda,0.2119,SEC
CPK,2023-12-31,ebitda,0.2163,SEC
CPK,2024-12-31,ebitda,0.2939,SEC
CPK,2025-12-31,ebitda,0.3476,SEC
CPK,2016-12-31,eps,2.86,SEC
CPK,2017-12-31,eps,3.55,SEC
CPK,2018-12-31,eps,3.45,SEC
CPK,2019-12-31,eps,3.96,SEC
CPK,2020-12-31,eps,4.26,SEC
CPK,2021-12-31,eps,4.73,SEC
CPK,2022-12-31,eps,5.04,SEC
CPK,2023-12-31,eps,4.73,SEC
CPK,2024-12-31,eps,5.26,SEC
CPK,2025-12-31,eps,5.97,SEC
CPK,2016-12-31,fcff_before_growth,0.08038681,SEC
CPK,2017-12-31,fcff_before_growth,0.0836017,SEC
CPK,2018-12-31,fcff_before_growth,0.08989734,SEC
CPK,2019-12-31,fcff_before_growth,0.07509696,SEC
CPK,2020-12-31,fcff_before_growth,0.11799335,SEC
CPK,2021-12-31,fcff_before_growth,0.10374965,SEC
CPK,2022-12-31,fcff_before_growth,0.109176,SEC
CPK,2023-12-31,fcff_before_growth,0.167151,SEC
CPK,2024-12-31,fcff_before_growth,0.227736,SEC
CPK,2025-12-31,fcff_before_growth,0.199275,SEC
CPK,2016-12-31,free_cf,-0.06572,SEC
CPK,2017-12-31,free_cf,-0.06524,SEC
CPK,2018-12-31,free_cf,-0.122989,SEC
CPK,2019-12-31,free_cf,-0.081763,SEC
CPK,2020-12-31,free_cf,-0.006595,SEC
CPK,2021-12-31,free_cf,-0.03642,SEC
CPK,2022-12-31,free_cf,0.0306,SEC
CPK,2023-12-31,free_cf,0.0149,SEC
CPK,2024-12-31,free_cf,-0.1159,SEC
CPK,2025-12-31,free_cf,-0.2149,SEC
CPK,2016-12-31,long_term_debt,0.136954,SEC
CPK,2017-12-31,long_term_debt,0.197395,SEC
CPK,2018-12-31,long_term_debt,0.31602,SEC
CPK,2019-12-31,long_term_debt,0.440168,SEC
CPK,2020-12-31,long_term_debt,0.508499,SEC
CPK,2021-12-31,long_term_debt,0.549903,SEC
CPK,2022-12-31,long_term_debt,0.578388,SEC
CPK,2023-12-31,long_term_debt,1.1871,SEC
CPK,2024-12-31,long_term_debt,1.2617,SEC
CPK,2025-12-31,long_term_debt,1.3271,SEC
CPK,2016-12-31,market_cap,1.0452963948026275,Yahoo price x SEC shares
CPK,2017-12-31,market_cap,1.2869123495980224,Yahoo price x SEC shares
CPK,2018-12-31,market_cap,1.3349354811094665,Yahoo price x SEC shares
CPK,2019-12-31,market_cap,1.5762584434980773,Yahoo price x SEC shares
CPK,2020-12-31,market_cap,1.8147612189959335,Yahoo price x SEC shares
CPK,2021-12-31,market_cap,2.571071915440613,Yahoo price x SEC shares
CPK,2022-12-31,market_cap,2.1040767254333494,Yahoo price x SEC shares
CPK,2023-12-31,market_cap,1.9472889993667604,Yahoo price x SEC shares
CPK,2024-12-31,market_cap,2.734136815620422,Yahoo price x SEC shares
CPK,2025-12-31,market_cap,2.9303629301757814,Yahoo price x SEC shares
CPK,2016-12-31,net_debt,0.354746,SEC
CPK,2017-12-31,net_debt,0.452171,SEC
CPK,2018-12-31,net_debt,0.616324,SEC
CPK,2019-12-31,net_debt,0.726154,SEC
CPK,2020-12-31,net_debt,0.694244,SEC
CPK,2021-12-31,net_debt,0.784523,SEC
CPK,2022-12-31,net_debt,0.795824,SEC
CPK,2023-12-31,net_debt,1.3806,SEC
CPK,2024-12-31,net_debt,1.4758,SEC
CPK,2025-12-31,net_debt,1.6179,SEC
CPK,2016-12-31,net_income,0.044675,SEC
CPK,2017-12-31,net_income,0.058124,SEC
CPK,2018-12-31,net_income,0.05658,SEC
CPK,2019-12-31,net_income,0.065153,SEC
CPK,2020-12-31,net_income,0.071498,SEC
CPK,2021-12-31,net_income,0.083466,SEC
CPK,2022-12-31,net_income,0.0898,SEC
CPK,2023-12-31,net_income,0.0872,SEC
CPK,2024-12-31,net_income,0.1186,SEC
CPK,2025-12-31,net_income,0.1403,SEC
CPK,2016-12-31,operating_cf,0.104141,SEC
CPK,2017-12-31,operating_cf,0.110089,SEC
CPK,2018-12-31,operating_cf,0.117362,SEC
CPK,2019-12-31,operating_cf,0.102964,SEC
CPK,2020-12-31,operating_cf,0.158916,SEC
CPK,2021-12-31,operating_cf,0.150504,SEC
CPK,2022-12-31,operating_cf,0.1589,SEC
CPK,2023-12-31,operating_cf,0.2035,SEC
CPK,2024-12-31,operating_cf,0.2394,SEC
CPK,2025-12-31,operating_cf,0.2337,SEC
CPK,2016-12-31,price,66.94999694824219,Yahoo
CPK,2017-12-31,price,78.55000305175781,Yahoo
CPK,2018-12-31,price,81.30000305175781,Yahoo
CPK,2019-12-31,price,95.83000183105469,Yahoo
CPK,2020-12-31,price,108.20999908447266,Yahoo
CPK,2021-12-31,price,145.80999755859375,Yahoo
CPK,2022-12-31,price,118.18000030517578,Yahoo
CPK,2023-12-31,price,105.62999725341797,Yahoo
CPK,2024-12-31,price,121.3499984741211,Yahoo
CPK,2025-12-31,price,124.76000213623047,Yahoo
CPK,2016-12-31,revenue,0.49886,SEC
CPK,2017-12-31,revenue,0.449646,SEC
CPK,2018-12-31,revenue,0.490316,SEC
CPK,2019-12-31,revenue,0.479605,SEC
CPK,2020-12-31,revenue,0.488198,SEC
CPK,2021-12-31,revenue,0.569968,SEC
CPK,2022-12-31,revenue,0.6807,SEC
CPK,2023-12-31,revenue,0.6706,SEC
CPK,2024-12-31,revenue,0.7872,SEC
CPK,2025-12-31,revenue,0.93,SEC
CPK,2016-12-31,short_term_debt,0.22197,SEC
CPK,2017-12-31,short_term_debt,0.26039,SEC
CPK,2018-12-31,short_term_debt,0.306393,SEC
CPK,2019-12-31,short_term_debt,0.292971,SEC
CPK,2020-12-31,short_term_debt,0.189244,SEC
CPK,2021-12-31,short_term_debt,0.239596,SEC
CPK,2022-12-31,short_term_debt,0.22364,SEC
CPK,2023-12-31,short_term_debt,0.1984,SEC
CPK,2024-12-31,short_term_debt,0.222,SEC
CPK,2025-12-31,short_term_debt,0.2926,SEC
CPK,2016-12-31,total_debt,0.358924,SEC
CPK,2017-12-31,total_debt,0.457785,SEC
CPK,2018-12-31,total_debt,0.622413,SEC
CPK,2019-12-31,total_debt,0.733139,SEC
CPK,2020-12-31,total_debt,0.697743,SEC
CPK,2021-12-31,total_debt,0.789499,SEC
CPK,2022-12-31,total_debt,0.802028,SEC
CPK,2023-12-31,total_debt,1.3855,SEC
CPK,2024-12-31,total_debt,1.4837,SEC
CPK,2025-12-31,total_debt,1.6197,SEC
CTRI,2022-12-31,capex,-0.129587,Yahoo
CTRI,2023-01-01,capex,-0.129587,SEC
CTRI,2023-12-31,capex,-0.10665,SEC
CTRI,2024-12-29,capex,-0.099333,SEC
CTRI,2025-12-28,capex,-0.086325,SEC
CTRI,2022-12-31,cash,0.063966,Yahoo
CTRI,2023-01-01,cash,0.063966,SEC
CTRI,2023-12-31,cash,0.033407,SEC
CTRI,2024-12-29,cash,0.049019,SEC
CTRI,2025-12-28,cash,0.12663,SEC
CTRI,2022-12-31,ebitda,0.067501,Yahoo
CTRI,2023-01-01,ebitda,0.024164,SEC
CTRI,2023-12-31,ebitda,0.041212,SEC
CTRI,2024-12-29,ebitda,0.195486,SEC
CTRI,2025-12-28,ebitda,0.204333,SEC
CTRI,2022-12-31,eps,-1.940351,Yahoo
CTRI,2023-01-01,eps,-2.35,SEC
CTRI,2023-12-31,eps,-2.6,SEC
CTRI,2024-12-29,eps,-0.08,SEC
CTRI,2025-12-28,eps,0.25,SEC
CTRI,2022-12-31,fcff_before_growth,-0.0267089099999999,Yahoo
CTRI,2023-01-01,fcff_before_growth,-0.030968,SEC
CTRI,2023-12-31,fcff_before_growth,0.048689,SEC
CTRI,2024-12-29,fcff_before_growth,0.049527,SEC
CTRI,2025-12-28,fcff_before_growth,-0.033391,SEC
CTRI,2022-12-31,free_cf,-0.034961,Yahoo
CTRI,2023-01-01,free_cf,-0.034961,SEC
CTRI,2023-12-31,free_cf,0.060815,SEC
CTRI,2024-12-29,free_cf,0.058897,SEC
CTRI,2025-12-28,free_cf,-0.008204,SEC
CTRI,2022-12-31,long_term_debt,1.26336,Yahoo
CTRI,2023-12-31,long_term_debt,1.108295,SEC
CTRI,2024-12-29,long_term_debt,0.843863,SEC
CTRI,2025-12-28,long_term_debt,0.708072,SEC
CTRI,2024-12-29,market_cap,1.6457313790626527,Yahoo price x SEC shares
CTRI,2025-12-28,market_cap,2.3422523482227326,Yahoo price x SEC shares
CTRI,2022-12-31,net_debt,1.269842,Yahoo
CTRI,2023-12-31,net_debt,1.11744,SEC
CTRI,2024-12-29,net_debt,0.824862,SEC
CTRI,2025-12-28,net_debt,0.610985,SEC
CTRI,2022-12-31,net_income,-0.168145,Yahoo
CTRI,2023-01-01,net_income,-0.168145,SEC
CTRI,2023-12-31,net_income,-0.186176,SEC
CTRI,2024-12-29,net_income,-0.006724,SEC
CTRI,2025-12-28,net_income,0.022395,SEC
CTRI,2022-12-31,operating_cf,0.094626,Yahoo
CTRI,2023-01-01,operating_cf,0.094626,SEC
CTRI,2023-12-31,operating_cf,0.167465,SEC
CTRI,2024-12-29,operating_cf,0.15823,SEC
CTRI,2025-12-28,operating_cf,0.078121,SEC
CTRI,2024-12-29,price,19.760000228881836,Yahoo
CTRI,2025-12-28,price,25.940000534057617,Yahoo
CTRI,2022-12-31,revenue,2.760327,Yahoo
CTRI,2023-01-01,revenue,2.760327,SEC
CTRI,2023-12-31,revenue,2.899276,SEC
CTRI,2024-12-29,revenue,2.637229,SEC
CTRI,2025-12-28,revenue,2.982781,SEC
CTRI,2022-12-31,short_term_debt,0.070448,Yahoo
CTRI,2023-12-31,short_term_debt,0.042552,SEC
CTRI,2024-12-29,short_term_debt,0.030018,SEC
CTRI,2025-12-28,short_term_debt,0.029543,SEC
CTRI,2022-12-31,total_debt,1.333808,Yahoo
CTRI,2023-12-31,total_debt,1.150847,SEC
CTRI,2024-12-29,total_debt,0.873881,SEC
CTRI,2025-12-28,total_debt,0.737615,SEC
CWCO,2016-12-31,capex,-0.00346215,SEC
CWCO,2017-12-31,capex,-0.004549857,SEC
CWCO,2018-12-31,capex,-0.01620252,SEC
CWCO,2019-12-31,capex,-0.003525122,SEC
CWCO,2020-12-31,capex,-0.001728393,SEC
CWCO,2021-12-31,capex,-0.001490012,SEC
CWCO,2022-12-31,capex,-0.007542761,SEC
CWCO,2023-12-31,capex,-0.005047884,SEC
CWCO,2024-12-31,capex,-0.00669658,SEC
CWCO,2025-12-31,capex,-0.008541364,SEC
CWCO,2016-12-31,cash,0.037554116,SEC
CWCO,2017-12-31,cash,0.045482966,SEC
CWCO,2018-12-31,cash,0.031337477,SEC
CWCO,2019-12-31,cash,0.042071083,SEC
CWCO,2020-12-31,cash,0.04379415,SEC
CWCO,2021-12-31,cash,0.040358059,SEC
CWCO,2022-12-31,cash,0.050711751,SEC
CWCO,2023-12-31,cash,0.042621898,SEC
CWCO,2024-12-31,cash,0.099350121,SEC
CWCO,2025-12-31,cash,0.12378839,SEC
CWCO,2016-12-31,ebitda,0.009558951,SEC
CWCO,2017-12-31,ebitda,0.009566072,SEC
CWCO,2018-12-31,ebitda,0.015010328,SEC
CWCO,2019-12-31,ebitda,0.018921327,SEC
CWCO,2020-12-31,ebitda,0.015754063,SEC
CWCO,2021-12-31,ebitda,0.008932229,SEC
CWCO,2022-12-31,ebitda,0.015459493,SEC
CWCO,2023-12-31,ebitda,0.043744081,SEC
CWCO,2024-12-31,ebitda,0.024976456,SEC
CWCO,2025-12-31,ebitda,0.025263629,SEC
CWCO,2016-12-31,eps,0.27,SEC
CWCO,2017-12-31,eps,0.41,SEC
CWCO,2018-12-31,eps,0.75,SEC
CWCO,2019-12-31,eps,0.8,SEC
CWCO,2020-12-31,eps,0.24,SEC
CWCO,2021-12-31,eps,0.06,SEC
CWCO,2022-12-31,eps,0.38,SEC
CWCO,2023-12-31,eps,1.86,SEC
CWCO,2024-12-31,eps,1.77,SEC
CWCO,2025-12-31,eps,1.14,SEC
CWCO,2016-12-31,fcff_before_growth,0.00048428192,SEC
CWCO,2017-12-31,fcff_before_growth,0.00783587138,SEC
CWCO,2018-12-31,fcff_before_growth,0.00201876933,SEC
CWCO,2019-12-31,fcff_before_growth,0.008001608280000001,SEC
CWCO,2020-12-31,fcff_before_growth,0.00993642151,SEC
CWCO,2021-12-31,fcff_before_growth,5.3172919999999995e-05,SEC
CWCO,2022-12-31,fcff_before_growth,0.01518126755,SEC
CWCO,2023-12-31,fcff_before_growth,0.00150908236,SEC
CWCO,2024-12-31,fcff_before_growth,0.029823874,SEC
CWCO,2025-12-31,fcff_before_growth,0.034810133,SEC
CWCO,2016-12-31,free_cf,0.004361202,SEC
CWCO,2017-12-31,free_cf,0.010571562,SEC
CWCO,2018-12-31,free_cf,-0.007156174,SEC
CWCO,2019-12-31,free_cf,0.011678536,SEC
CWCO,2020-12-31,free_cf,0.015606899,SEC
CWCO,2021-12-31,free_cf,0.005476298,SEC
CWCO,2022-12-31,free_cf,0.013789044,SEC
CWCO,2023-12-31,free_cf,0.002922878,SEC
CWCO,2024-12-31,free_cf,0.029818952,SEC
CWCO,2025-12-31,free_cf,0.033172207,SEC
CWCO,2016-12-31,long_term_debt,0.0,SEC
CWCO,2018-12-31,long_term_debt,0.0,SEC
CWCO,2019-12-31,long_term_debt,6.1146e-05,SEC
CWCO,2020-12-31,long_term_debt,0.000126338,SEC
CWCO,2021-12-31,long_term_debt,0.000152038,SEC
CWCO,2022-12-31,long_term_debt,0.000216117,SEC
CWCO,2023-12-31,long_term_debt,0.00019119,SEC
CWCO,2024-12-31,long_term_debt,7.032e-05,SEC
CWCO,2025-12-31,long_term_debt,2.5954e-05,SEC
CWCO,2016-12-31,market_cap,0.1621427095006943,Yahoo price x SEC shares
CWCO,2017-12-31,market_cap,0.1890841863245945,Yahoo price x SEC shares
CWCO,2018-12-31,market_cap,0.1757645517198677,Yahoo price x SEC shares
CWCO,2019-12-31,market_cap,0.24673432725132752,Yahoo price x SEC shares
CWCO,2020-12-31,market_cap,0.18344866065373897,Yahoo price x SEC shares
CWCO,2021-12-31,market_cap,0.16289994805632113,Yahoo price x SEC shares
CWCO,2022-12-31,market_cap,0.22794446733763218,Yahoo price x SEC shares
CWCO,2023-12-31,market_cap,0.5648259089905624,Yahoo price x SEC shares
CWCO,2024-12-31,market_cap,0.4125820464534607,Yahoo price x SEC shares
CWCO,2025-12-31,market_cap,0.5649245579258194,Yahoo price x SEC shares
CWCO,2016-12-31,net_debt,-0.037554116,SEC
CWCO,2018-12-31,net_debt,-0.031337477,SEC
CWCO,2019-12-31,net_debt,-0.041992184,SEC
CWCO,2020-12-31,net_debt,-0.043625601,SEC
CWCO,2021-12-31,net_debt,-0.040143532,SEC
CWCO,2022-12-31,net_debt,-0.05038067,SEC
CWCO,2023-12-31,net_debt,-0.042238674,SEC
CWCO,2024-12-31,net_debt,-0.099153483,SEC
CWCO,2025-12-31,net_debt,-0.123714887,SEC
CWCO,2016-12-31,net_income,0.003960501,SEC
CWCO,2017-12-31,net_income,0.006144062,SEC
CWCO,2018-12-31,net_income,0.011293487,SEC
CWCO,2019-12-31,net_income,0.012176093,SEC
CWCO,2020-12-31,net_income,0.003711528,SEC
CWCO,2021-12-31,net_income,0.000875579,SEC
CWCO,2022-12-31,net_income,0.005856294,SEC
CWCO,2023-12-31,net_income,0.029585391,SEC
CWCO,2024-12-31,net_income,0.028237554,SEC
CWCO,2025-12-31,net_income,0.018336673,SEC
CWCO,2016-12-31,operating_cf,0.007823352,SEC
CWCO,2017-12-31,operating_cf,0.015121419,SEC
CWCO,2018-12-31,operating_cf,0.009046346,SEC
CWCO,2019-12-31,operating_cf,0.015203658,SEC
CWCO,2020-12-31,operating_cf,0.017335292,SEC
CWCO,2021-12-31,operating_cf,0.00696631,SEC
CWCO,2022-12-31,operating_cf,0.021331805,SEC
CWCO,2023-12-31,operating_cf,0.007970762,SEC
CWCO,2024-12-31,operating_cf,0.036515532,SEC
CWCO,2025-12-31,operating_cf,0.041713571,SEC
CWCO,2016-12-31,price,10.850000381469727,Yahoo
CWCO,2017-12-31,price,12.600000381469727,Yahoo
CWCO,2018-12-31,price,11.65999984741211,Yahoo
CWCO,2019-12-31,price,16.299999237060547,Yahoo
CWCO,2020-12-31,price,12.050000190734863,Yahoo
CWCO,2021-12-31,price,10.640000343322754,Yahoo
CWCO,2022-12-31,price,14.800000190734863,Yahoo
CWCO,2023-12-31,price,35.599998474121094,Yahoo
CWCO,2024-12-31,price,25.889999389648438,Yahoo
CWCO,2025-12-31,price,35.290000915527344,Yahoo
CWCO,2016-12-31,revenue,0.057875707,SEC
CWCO,2017-12-31,revenue,0.059367022,SEC
CWCO,2018-12-31,revenue,0.065719857,SEC
CWCO,2019-12-31,revenue,0.068793651,SEC
CWCO,2020-12-31,revenue,0.072628126,SEC
CWCO,2021-12-31,revenue,0.066863502,SEC
CWCO,2022-12-31,revenue,0.094104972,SEC
CWCO,2023-12-31,revenue,0.180211233,SEC
CWCO,2024-12-31,revenue,0.133966633,SEC
CWCO,2025-12-31,revenue,0.132073368,SEC
CWCO,2018-12-31,short_term_debt,0.0,SEC
CWCO,2019-12-31,short_term_debt,1.7753e-05,SEC
CWCO,2020-12-31,short_term_debt,4.2211e-05,SEC
CWCO,2021-12-31,short_term_debt,6.2489e-05,SEC
CWCO,2022-12-31,short_term_debt,0.000114964,SEC
CWCO,2023-12-31,short_term_debt,0.000192034,SEC
CWCO,2024-12-31,short_term_debt,0.000126318,SEC
CWCO,2025-12-31,short_term_debt,4.7549e-05,SEC
CWCO,2016-12-31,total_debt,0.0,SEC
CWCO,2018-12-31,total_debt,0.0,SEC
CWCO,2019-12-31,total_debt,7.8899e-05,SEC
CWCO,2020-12-31,total_debt,0.000168549,SEC
CWCO,2021-12-31,total_debt,0.000214527,SEC
CWCO,2022-12-31,total_debt,0.000331081,SEC
CWCO,2023-12-31,total_debt,0.000383224,SEC
CWCO,2024-12-31,total_debt,0.000196638,SEC
CWCO,2025-12-31,total_debt,7.3503e-05,SEC
CWEN,2016-12-31,capex,-0.02,SEC
CWEN,2017-12-31,capex,-0.19,SEC
CWEN,2018-12-31,capex,-0.083,SEC
CWEN,2019-12-31,capex,-0.228,SEC
CWEN,2020-12-31,capex,-0.124,SEC
CWEN,2021-12-31,capex,-0.151,SEC
CWEN,2022-12-31,capex,-0.112,SEC
CWEN,2023-12-31,capex,-0.212,SEC
CWEN,2024-12-31,capex,-0.287,SEC
CWEN,2025-12-31,capex,-0.319,SEC
CWEN,2016-12-31,cash,0.322,SEC
CWEN,2017-12-31,cash,0.148,SEC
CWEN,2018-12-31,cash,0.407,SEC
CWEN,2019-12-31,cash,0.155,SEC
CWEN,2020-12-31,cash,0.268,SEC
CWEN,2021-12-31,cash,0.179,SEC
CWEN,2022-12-31,cash,0.657,SEC
CWEN,2023-12-31,cash,0.535,SEC
CWEN,2024-12-31,cash,0.332,SEC
CWEN,2025-12-31,cash,0.231,SEC
CWEN,2016-12-31,ebitda,0.525,SEC
CWEN,2017-12-31,ebitda,0.617,SEC
CWEN,2018-12-31,ebitda,0.683,SEC
CWEN,2019-12-31,ebitda,0.625,SEC
CWEN,2020-12-31,ebitda,0.761,SEC
CWEN,2021-12-31,ebitda,0.776,SEC
CWEN,2022-12-31,ebitda,1.982,SEC
CWEN,2023-12-31,ebitda,0.789,SEC
CWEN,2024-12-31,ebitda,0.823,SEC
CWEN,2025-12-31,ebitda,0.842,SEC
CWEN,2018-12-31,eps,0.46,SEC
CWEN,2019-12-31,eps,-0.1,SEC
CWEN,2020-12-31,eps,0.22,SEC
CWEN,2021-12-31,eps,0.44,SEC
CWEN,2022-12-31,eps,4.99,SEC
CWEN,2023-12-31,eps,0.67,SEC
CWEN,2024-12-31,eps,0.75,SEC
CWEN,2025-12-31,eps,1.43,Yahoo
CWEN,2016-12-31,fcff_before_growth,0.49836,SEC
CWEN,2017-12-31,fcff_before_growth,0.42553,SEC
CWEN,2018-12-31,fcff_before_growth,0.40374,SEC
CWEN,2019-12-31,fcff_before_growth,0.39516,SEC
CWEN,2020-12-31,fcff_before_growth,0.44485,SEC
CWEN,2021-12-31,fcff_before_growth,0.43848,SEC
CWEN,2022-12-31,fcff_before_growth,0.45828,SEC
CWEN,2023-12-31,fcff_before_growth,0.44223,SEC
CWEN,2024-12-31,fcff_before_growth,0.38553,SEC
CWEN,2025-12-31,fcff_before_growth,0.31173,SEC
CWEN,2016-12-31,free_cf,0.557,SEC
CWEN,2017-12-31,free_cf,0.327,SEC
CWEN,2018-12-31,free_cf,0.415,SEC
CWEN,2019-12-31,free_cf,0.249,SEC
CWEN,2020-12-31,free_cf,0.421,SEC
CWEN,2021-12-31,free_cf,0.55,SEC
CWEN,2022-12-31,free_cf,0.675,SEC
CWEN,2023-12-31,free_cf,0.49,SEC
CWEN,2024-12-31,free_cf,0.483,SEC
CWEN,2025-12-31,free_cf,0.369,SEC
CWEN,2016-12-31,long_term_debt,5.726,SEC
CWEN,2017-12-31,long_term_debt,5.659,SEC
CWEN,2018-12-31,long_term_debt,5.447,SEC
CWEN,2019-12-31,long_term_debt,4.956,SEC
CWEN,2020-12-31,long_term_debt,6.585,SEC
CWEN,2021-12-31,long_term_debt,6.939,SEC
CWEN,2022-12-31,long_term_debt,6.491,SEC
CWEN,2023-12-31,long_term_debt,7.479,SEC
CWEN,2024-12-31,long_term_debt,6.75,SEC
CWEN,2025-12-31,long_term_debt,7.898,SEC
CWEN,2020-12-31,market_cap,1.1175500106811525,Yahoo price x SEC shares
CWEN,2021-12-31,market_cap,1.2610499572753906,Yahoo price x SEC shares
CWEN,2022-12-31,market_cap,1.1154500293731688,Yahoo price x SEC shares
CWEN,2023-12-31,market_cap,0.9600500106811524,Yahoo price x SEC shares
CWEN,2024-12-31,market_cap,0.91,Yahoo price x SEC shares
CWEN,2025-12-31,market_cap,1.1640999412536621,Yahoo price x SEC shares
CWEN,2016-12-31,net_debt,5.727,SEC
CWEN,2017-12-31,net_debt,5.8500000000000005,SEC
CWEN,2018-12-31,net_debt,5.575,SEC
CWEN,2019-12-31,net_debt,6.625,SEC
CWEN,2020-12-31,net_debt,6.7010000000000005,SEC
CWEN,2021-12-31,net_debt,7.532,SEC
CWEN,2022-12-31,net_debt,5.931,SEC
CWEN,2023-12-31,net_debt,8.054,SEC
CWEN,2024-12-31,net_debt,6.543,SEC
CWEN,2025-12-31,net_debt,8.098,SEC
CWEN,2016-12-31,net_income,0.057,SEC
CWEN,2017-12-31,net_income,-0.016,SEC
CWEN,2018-12-31,net_income,0.048,SEC
CWEN,2019-12-31,net_income,-0.011,SEC
CWEN,2020-12-31,net_income,0.025,SEC
CWEN,2021-12-31,net_income,0.051,SEC
CWEN,2022-12-31,net_income,0.582,SEC
CWEN,2023-12-31,net_income,0.079,SEC
CWEN,2024-12-31,net_income,0.088,SEC
CWEN,2025-12-31,net_income,0.169,SEC
CWEN,2016-12-31,operating_cf,0.577,SEC
CWEN,2017-12-31,operating_cf,0.517,SEC
CWEN,2018-12-31,operating_cf,0.498,SEC
CWEN,2019-12-31,operating_cf,0.477,SEC
CWEN,2020-12-31,operating_cf,0.545,SEC
CWEN,2021-12-31,operating_cf,0.701,SEC
CWEN,2022-12-31,operating_cf,0.787,SEC
CWEN,2023-12-31,operating_cf,0.702,SEC
CWEN,2024-12-31,operating_cf,0.77,SEC
CWEN,2025-12-31,operating_cf,0.688,SEC
CWEN,2016-12-31,price,15.800000190734863,Yahoo
CWEN,2017-12-31,price,18.899999618530273,Yahoo
CWEN,2018-12-31,price,17.25,Yahoo
CWEN,2019-12-31,price,19.950000762939453,Yahoo
CWEN,2020-12-31,price,31.93000030517578,Yahoo
CWEN,2021-12-31,price,36.029998779296875,Yahoo
CWEN,2022-12-31,price,31.8700008392334,Yahoo
CWEN,2023-12-31,price,27.43000030517578,Yahoo
CWEN,2024-12-31,price,26.0,Yahoo
CWEN,2025-12-31,price,33.2599983215332,Yahoo
CWEN,2016-12-31,revenue,1.035,SEC
CWEN,2017-12-31,revenue,1.009,SEC
CWEN,2018-12-31,revenue,1.053,SEC
CWEN,2019-12-31,revenue,1.032,SEC
CWEN,2020-12-31,revenue,1.199,SEC
CWEN,2021-12-31,revenue,1.286,SEC
CWEN,2022-12-31,revenue,1.19,SEC
CWEN,2023-12-31,revenue,1.314,SEC
CWEN,2024-12-31,revenue,1.371,SEC
CWEN,2025-12-31,revenue,1.429,SEC
CWEN,2016-12-31,short_term_debt,0.323,SEC
CWEN,2017-12-31,short_term_debt,0.339,SEC
CWEN,2018-12-31,short_term_debt,0.535,SEC
CWEN,2019-12-31,short_term_debt,1.824,SEC
CWEN,2020-12-31,short_term_debt,0.384,SEC
CWEN,2021-12-31,short_term_debt,0.772,SEC
CWEN,2022-12-31,short_term_debt,0.097,SEC
CWEN,2023-12-31,short_term_debt,1.11,SEC
CWEN,2024-12-31,short_term_debt,0.125,SEC
CWEN,2025-12-31,short_term_debt,0.431,SEC
CWEN,2016-12-31,total_debt,6.049,SEC
CWEN,2017-12-31,total_debt,5.998,SEC
CWEN,2018-12-31,total_debt,5.982,SEC
CWEN,2019-12-31,total_debt,6.78,SEC
CWEN,2020-12-31,total_debt,6.969,SEC
CWEN,2021-12-31,total_debt,7.711,SEC
CWEN,2022-12-31,total_debt,6.588,SEC
CWEN,2023-12-31,total_debt,8.589,SEC
CWEN,2024-12-31,total_debt,6.875,SEC
CWEN,2025-12-31,total_debt,8.329,SEC
CWT,2022-12-31,capex,-0.327757,Yahoo
CWT,2023-12-31,capex,-0.383747,Yahoo
CWT,2024-12-31,capex,-0.4708,Yahoo
CWT,2025-12-31,capex,-0.516991,Yahoo
CWT,2016-12-31,cash,0.025492,SEC
CWT,2017-12-31,cash,0.094776,SEC
CWT,2018-12-31,cash,0.047176,SEC
CWT,2019-12-31,cash,0.042653,SEC
CWT,2020-12-31,cash,0.044555,SEC
CWT,2021-12-31,cash,0.07838,SEC
CWT,2022-12-31,cash,0.0621,SEC
CWT,2023-12-31,cash,0.039591,SEC
CWT,2024-12-31,cash,0.050121,SEC
CWT,2025-12-31,cash,0.05182,SEC
CWT,2016-12-31,ebitda,0.147839,SEC
CWT,2017-12-31,ebitda,0.185675,SEC
CWT,2018-12-31,ebitda,0.196247,SEC
CWT,2019-12-31,ebitda,0.1907,SEC
CWT,2020-12-31,ebitda,0.237601,SEC
CWT,2021-12-31,ebitda,0.238351,SEC
CWT,2022-12-31,ebitda,0.245024,SEC
CWT,2023-12-31,ebitda,0.200259,SEC
CWT,2024-12-31,ebitda,0.359193,SEC
CWT,2025-12-31,ebitda,0.316892,SEC
CWT,2016-12-31,eps,1.01,SEC
CWT,2017-12-31,eps,1.52,SEC
CWT,2018-12-31,eps,1.36,SEC
CWT,2019-12-31,eps,1.31,SEC
CWT,2020-12-31,eps,1.97,SEC
CWT,2021-12-31,eps,1.96,SEC
CWT,2022-12-31,eps,1.77,SEC
CWT,2023-12-31,eps,0.91,SEC
CWT,2024-12-31,eps,3.25,SEC
CWT,2025-12-31,eps,2.15,SEC
CWT,2016-12-31,fcff_before_growth,0.12167914,SEC
CWT,2017-12-31,fcff_before_growth,0.09791752,SEC
CWT,2018-12-31,fcff_before_growth,0.12484643,SEC
CWT,2019-12-31,fcff_before_growth,0.11296989,SEC
CWT,2020-12-31,fcff_before_growth,0.05257613,SEC
CWT,2021-12-31,fcff_before_growth,0.1556712,SEC
CWT,2022-12-31,fcff_before_growth,0.16328994,SEC
CWT,2023-12-31,fcff_before_growth,0.13641211,SEC
CWT,2024-12-31,fcff_before_growth,0.156728,SEC
CWT,2025-12-31,fcff_before_growth,0.156038,SEC
CWT,2022-12-31,free_cf,-0.083985,Yahoo
CWT,2023-12-31,free_cf,-0.16593,Yahoo
CWT,2024-12-31,free_cf,-0.179933,Yahoo
CWT,2025-12-31,free_cf,-0.2144299999999999,Yahoo
CWT,2016-12-31,long_term_debt,0.531745,SEC
CWT,2017-12-31,long_term_debt,0.515793,SEC
CWT,2018-12-31,long_term_debt,0.710027,SEC
CWT,2019-12-31,long_term_debt,0.786754,SEC
CWT,2020-12-31,long_term_debt,0.7811,SEC
CWT,2021-12-31,long_term_debt,1.055794,SEC
CWT,2022-12-31,long_term_debt,1.052487,SEC
CWT,2023-12-31,long_term_debt,1.052768,SEC
CWT,2024-12-31,long_term_debt,1.104571,SEC
CWT,2025-12-31,long_term_debt,1.471968,SEC
CWT,2016-12-31,market_cap,1.6257084731750489,Yahoo price x SEC shares
CWT,2017-12-31,market_cap,2.17720807674408,Yahoo price x SEC shares
CWT,2018-12-31,market_cap,2.290539592666626,Yahoo price x SEC shares
CWT,2019-12-31,market_cap,2.4835421461486815,Yahoo price x SEC shares
CWT,2020-12-31,market_cap,2.662274159851074,Yahoo price x SEC shares
CWT,2021-12-31,market_cap,3.7103474115142823,Yahoo price x SEC shares
CWT,2022-12-31,market_cap,3.296572286819458,Yahoo price x SEC shares
CWT,2023-12-31,market_cap,2.9557081491355897,Yahoo price x SEC shares
CWT,2024-12-31,market_cap,2.6584686173858643,Yahoo price x SEC shares
CWT,2025-12-31,market_cap,2.5838979991912843,Yahoo price x SEC shares
CWT,2016-12-31,net_debt,0.629561,SEC
CWT,2017-12-31,net_debt,0.712037,SEC
CWT,2018-12-31,net_debt,0.832862,SEC
CWT,2019-12-31,net_debt,0.9410689999999999,SEC
CWT,2020-12-31,net_debt,1.111672,SEC
CWT,2021-12-31,net_debt,1.0176059999999998,SEC
CWT,2022-12-31,net_debt,1.063697,SEC
CWT,2023-12-31,net_debt,1.1938490000000002,SEC
CWT,2024-12-31,net_debt,1.331872,SEC
CWT,2025-12-31,net_debt,1.552418,SEC
CWT,2016-12-31,net_income,0.048675,SEC
CWT,2017-12-31,net_income,0.07294,SEC
CWT,2018-12-31,net_income,0.065584,SEC
CWT,2019-12-31,net_income,0.063116,SEC
CWT,2020-12-31,net_income,0.096831,SEC
CWT,2021-12-31,net_income,0.101125,SEC
CWT,2022-12-31,net_income,0.096011,SEC
CWT,2023-12-31,net_income,0.051911,SEC
CWT,2024-12-31,net_income,0.190807,SEC
CWT,2025-12-31,net_income,0.128211,SEC
CWT,2016-12-31,operating_cf,0.160444,SEC
CWT,2017-12-31,operating_cf,0.147842,SEC
CWT,2018-12-31,operating_cf,0.179019,SEC
CWT,2019-12-31,operating_cf,0.168794,SEC
CWT,2020-12-31,operating_cf,0.117924,SEC
CWT,2021-12-31,operating_cf,0.231718,SEC
CWT,2022-12-31,operating_cf,0.243772,SEC
CWT,2023-12-31,operating_cf,0.217817,SEC
CWT,2024-12-31,operating_cf,0.290867,SEC
CWT,2025-12-31,operating_cf,0.302561,SEC
CWT,2016-12-31,price,33.900001525878906,Yahoo
CWT,2017-12-31,price,45.349998474121094,Yahoo
CWT,2018-12-31,price,47.65999984741211,Yahoo
CWT,2019-12-31,price,51.560001373291016,Yahoo
CWT,2020-12-31,price,54.029998779296875,Yahoo
CWT,2021-12-31,price,71.86000061035156,Yahoo
CWT,2022-12-31,price,60.63999938964844,Yahoo
CWT,2023-12-31,price,51.869998931884766,Yahoo
CWT,2024-12-31,price,45.33000183105469,Yahoo
CWT,2025-12-31,price,43.33000183105469,Yahoo
CWT,2016-12-31,revenue,0.589528,SEC
CWT,2017-12-31,revenue,0.622474,SEC
CWT,2018-12-31,revenue,0.674736,SEC
CWT,2019-12-31,revenue,0.664358,SEC
CWT,2020-12-31,revenue,0.697577,SEC
CWT,2021-12-31,revenue,0.765704,SEC
CWT,2022-12-31,revenue,0.772616,SEC
CWT,2023-12-31,revenue,0.790334,SEC
CWT,2024-12-31,revenue,0.905623,SEC
CWT,2025-12-31,revenue,0.963695,SEC
CWT,2016-12-31,short_term_debt,0.123308,SEC
CWT,2017-12-31,short_term_debt,0.29102,SEC
CWT,2018-12-31,short_term_debt,0.170011,SEC
CWT,2019-12-31,short_term_debt,0.196968,SEC
CWT,2020-12-31,short_term_debt,0.375127,SEC
CWT,2021-12-31,short_term_debt,0.040192,SEC
CWT,2022-12-31,short_term_debt,0.07331,SEC
CWT,2023-12-31,short_term_debt,0.180672,SEC
CWT,2024-12-31,short_term_debt,0.277422,SEC
CWT,2025-12-31,short_term_debt,0.13227,SEC
CWT,2016-12-31,total_debt,0.655053,SEC
CWT,2017-12-31,total_debt,0.806813,SEC
CWT,2018-12-31,total_debt,0.880038,SEC
CWT,2019-12-31,total_debt,0.983722,SEC
CWT,2020-12-31,total_debt,1.156227,SEC
CWT,2021-12-31,total_debt,1.095986,SEC
CWT,2022-12-31,total_debt,1.125797,SEC
CWT,2023-12-31,total_debt,1.23344,SEC
CWT,2024-12-31,total_debt,1.381993,SEC
CWT,2025-12-31,total_debt,1.604238,SEC
D,2016-12-31,capex,-6.085,SEC
D,2017-12-31,capex,-5.504,SEC
D,2018-12-31,capex,-4.254,SEC
D,2019-12-31,capex,-4.98,SEC
D,2022-12-31,capex,-7.591,Yahoo
D,2023-12-31,capex,-10.211,Yahoo
D,2024-12-31,capex,-12.198,Yahoo
D,2025-12-31,capex,-12.641,Yahoo
D,2016-12-31,cash,0.261,SEC
D,2017-12-31,cash,0.12,SEC
D,2018-12-31,cash,0.268,SEC
D,2019-12-31,cash,0.135,SEC
D,2020-12-31,cash,0.172,SEC
D,2021-12-31,cash,0.283,SEC
D,2022-12-31,cash,0.119,SEC
D,2023-12-31,cash,0.184,SEC
D,2024-12-31,cash,0.31,SEC
D,2025-12-31,cash,0.25,SEC
D,2016-12-31,ebitda,5.007,SEC
D,2017-12-31,ebitda,5.842,SEC
D,2018-12-31,ebitda,4.673,SEC
D,2019-12-31,ebitda,3.827,SEC
D,2020-12-31,ebitda,4.387,SEC
D,2021-12-31,ebitda,4.113,SEC
D,2022-12-31,ebitda,3.889,SEC
D,2023-12-31,ebitda,5.994,SEC
D,2024-12-31,ebitda,5.592,SEC
D,2025-12-31,ebitda,6.801,SEC
D,2016-12-31,eps,3.44,SEC
D,2017-12-31,eps,4.72,SEC
D,2018-12-31,eps,3.74,SEC
D,2019-12-31,eps,1.62,SEC
D,2020-12-31,eps,-0.57,SEC
D,2021-12-31,eps,4.12,SEC
D,2022-12-31,eps,1.33,SEC
D,2023-12-31,eps,2.25,SEC
D,2024-12-31,eps,2.33,SEC
D,2025-12-31,eps,3.45,SEC
D,2016-12-31,fcff_before_growth,2.592,SEC
D,2017-12-31,fcff_before_growth,2.597,SEC
D,2018-12-31,fcff_before_growth,3.113,SEC
D,2019-12-31,fcff_before_growth,2.921,SEC
D,2020-12-31,fcff_before_growth,2.895,SEC
D,2021-12-31,fcff_before_growth,1.92,SEC
D,2022-12-31,fcff_before_growth,1.258,SEC
D,2023-12-31,fcff_before_growth,3.992,SEC
D,2024-12-31,fcff_before_growth,2.673,SEC
D,2025-12-31,fcff_before_growth,2.974,SEC
D,2016-12-31,free_cf,-1.934,SEC
D,2017-12-31,free_cf,-1.002,SEC
D,2018-12-31,free_cf,0.519,SEC
D,2019-12-31,free_cf,0.224,SEC
D,2022-12-31,free_cf,-3.891,Yahoo
D,2023-12-31,free_cf,-3.639,Yahoo
D,2024-12-31,free_cf,-7.180000000000001,Yahoo
D,2025-12-31,free_cf,-7.28,Yahoo
D,2016-12-31,long_term_debt,30.231,SEC
D,2017-12-31,long_term_debt,30.948,SEC
D,2018-12-31,long_term_debt,31.144,SEC
D,2019-12-31,long_term_debt,28.998,SEC
D,2020-12-31,long_term_debt,33.957,SEC
D,2021-12-31,long_term_debt,37.426,SEC
D,2022-12-31,long_term_debt,34.584,SEC
D,2023-12-31,long_term_debt,33.248,SEC
D,2024-12-31,long_term_debt,37.525,SEC
D,2025-12-31,long_term_debt,44.075,SEC
D,2016-12-31,market_cap,47.263686740112306,Yahoo price x SEC shares
D,2017-12-31,market_cap,51.55415844726563,Yahoo price x SEC shares
D,2018-12-31,market_cap,46.79915340042114,Yahoo price x SEC shares
D,2019-12-31,market_cap,66.99309775314332,Yahoo price x SEC shares
D,2020-12-31,market_cap,62.49119746398926,Yahoo price x SEC shares
D,2021-12-31,market_cap,63.515758026123045,Yahoo price x SEC shares
D,2022-12-31,market_cap,50.576735748291014,Yahoo price x SEC shares
D,2023-12-31,market_cap,39.3155,Yahoo price x SEC shares
D,2024-12-31,market_cap,45.210084512329104,Yahoo price x SEC shares
D,2025-12-31,market_cap,50.11202713050842,Yahoo price x SEC shares
D,2016-12-31,net_debt,34.833999999999996,SEC
D,2017-12-31,net_debt,37.204,SEC
D,2018-12-31,net_debt,34.833999999999996,SEC
D,2019-12-31,net_debt,32.174,SEC
D,2020-12-31,net_debt,36.617000000000004,SEC
D,2021-12-31,net_debt,40.298,SEC
D,2022-12-31,net_debt,41.225,SEC
D,2023-12-31,net_debt,43.609,SEC
D,2024-12-31,net_debt,41.44,SEC
D,2025-12-31,net_debt,48.691,SEC
D,2016-12-31,net_income,2.123,SEC
D,2017-12-31,net_income,2.999,SEC
D,2018-12-31,net_income,2.447,SEC
D,2019-12-31,net_income,1.358,SEC
D,2020-12-31,net_income,-0.401,SEC
D,2021-12-31,net_income,3.399,SEC
D,2022-12-31,net_income,1.191,SEC
D,2023-12-31,net_income,1.962,SEC
D,2024-12-31,net_income,2.034,SEC
D,2025-12-31,net_income,2.998,SEC
D,2016-12-31,operating_cf,4.151,SEC
D,2017-12-31,operating_cf,4.502,SEC
D,2018-12-31,operating_cf,4.773,SEC
D,2019-12-31,operating_cf,5.204,SEC
D,2020-12-31,operating_cf,5.227,SEC
D,2021-12-31,operating_cf,4.037,SEC
D,2022-12-31,operating_cf,3.7,SEC
D,2023-12-31,operating_cf,6.572,SEC
D,2024-12-31,operating_cf,5.018,SEC
D,2025-12-31,operating_cf,5.361,SEC
D,2016-12-31,price,76.58999633789062,Yahoo
D,2017-12-31,price,81.05999755859375,Yahoo
D,2018-12-31,price,71.45999908447266,Yahoo
D,2019-12-31,price,82.81999969482422,Yahoo
D,2020-12-31,price,75.19999694824219,Yahoo
D,2021-12-31,price,78.55999755859375,Yahoo
D,2022-12-31,price,61.31999969482422,Yahoo
D,2023-12-31,price,47.0,Yahoo
D,2024-12-31,price,53.86000061035156,Yahoo
D,2025-12-31,price,58.59000015258789,Yahoo
D,2016-12-31,revenue,11.737,SEC
D,2017-12-31,revenue,12.586,SEC
D,2018-12-31,revenue,11.199,SEC
D,2019-12-31,revenue,14.401,SEC
D,2020-12-31,revenue,14.172,SEC
D,2021-12-31,revenue,11.661,SEC
D,2022-12-31,revenue,14.552,SEC
D,2023-12-31,revenue,14.393,SEC
D,2024-12-31,revenue,14.459,SEC
D,2025-12-31,revenue,16.523,SEC
D,2016-12-31,short_term_debt,4.864,SEC
D,2017-12-31,short_term_debt,6.376,SEC
D,2018-12-31,short_term_debt,3.958,SEC
D,2019-12-31,short_term_debt,3.311,SEC
D,2020-12-31,short_term_debt,2.832,SEC
D,2021-12-31,short_term_debt,3.155,SEC
D,2022-12-31,short_term_debt,6.76,SEC
D,2023-12-31,short_term_debt,10.545,SEC
D,2024-12-31,short_term_debt,4.225,SEC
D,2025-12-31,short_term_debt,4.866,SEC
D,2016-12-31,total_debt,35.095,SEC
D,2017-12-31,total_debt,37.324,SEC
D,2018-12-31,total_debt,35.102,SEC
D,2019-12-31,total_debt,32.309,SEC
D,2020-12-31,total_debt,36.789,SEC
D,2021-12-31,total_debt,40.581,SEC
D,2022-12-31,total_debt,41.344,SEC
D,2023-12-31,total_debt,43.793,SEC
D,2024-12-31,total_debt,41.75,SEC
D,2025-12-31,total_debt,48.941,SEC
DGXX,2020-12-31,capex,-0.00115426,SEC
DGXX,2021-12-31,capex,-0.03392478,SEC
DGXX,2022-12-31,capex,-0.014685038,SEC
DGXX,2023-12-31,capex,-0.003007766,SEC
DGXX,2024-12-31,capex,-0.003790777,SEC
DGXX,2025-12-31,capex,-0.017297576,SEC
DGXX,2020-12-31,cash,3.125e-05,SEC
DGXX,2021-12-31,cash,0.000915715,SEC
DGXX,2022-12-31,cash,0.001850622,SEC
DGXX,2023-12-31,cash,0.000341273,SEC
DGXX,2024-12-31,cash,0.001703896,SEC
DGXX,2025-12-31,cash,0.078478759,SEC
DGXX,2020-12-31,ebitda,-0.002355444,SEC
DGXX,2021-12-31,ebitda,0.00600563,SEC
DGXX,2022-12-31,ebitda,-0.01757023,SEC
DGXX,2023-12-31,ebitda,-0.002449297,SEC
DGXX,2024-12-31,ebitda,0.00463836,SEC
DGXX,2025-12-31,ebitda,-0.012568569,Yahoo
DGXX,2021-12-31,eps,-0.14,SEC
DGXX,2022-12-31,eps,0.16,SEC
DGXX,2023-12-31,eps,-0.77,SEC
DGXX,2024-12-31,eps,-0.4,SEC
DGXX,2025-12-31,eps,-0.64,SEC
DGXX,2020-12-31,fcff_before_growth,-0.005462512,SEC
DGXX,2021-12-31,fcff_before_growth,-0.01186650014,SEC
DGXX,2022-12-31,fcff_before_growth,-0.02596414184,SEC
DGXX,2023-12-31,fcff_before_growth,-0.028263998539999998,SEC
DGXX,2024-12-31,fcff_before_growth,-0.03301038673,SEC
DGXX,2025-12-31,fcff_before_growth,-0.032359722,SEC
DGXX,2020-12-31,free_cf,-0.003404117,SEC
DGXX,2021-12-31,free_cf,-0.042784374,SEC
DGXX,2022-12-31,free_cf,-0.030180217,SEC
DGXX,2023-12-31,free_cf,-0.016580724,SEC
DGXX,2024-12-31,free_cf,-0.021323121,SEC
DGXX,2025-12-31,free_cf,-0.042832702,SEC
DGXX,2022-12-31,long_term_debt,0.000389065,SEC
DGXX,2023-12-31,long_term_debt,0.000693573,Yahoo
DGXX,2024-12-31,long_term_debt,7.5685e-05,Yahoo
DGXX,2025-12-31,long_term_debt,0.0,Yahoo
DGXX,2024-12-31,market_cap,0.046056822,Yahoo price x SEC shares
DGXX,2025-12-31,market_cap,0.11336615368010998,Yahoo price x SEC shares
DGXX,2022-12-31,net_debt,-0.0009734949999999999,SEC
DGXX,2023-12-31,net_debt,0.001105645,Yahoo
DGXX,2024-12-31,net_debt,-0.001499535,Yahoo
DGXX,2025-12-31,net_debt,-0.078478759,Yahoo
DGXX,2020-12-31,net_income,-0.005190713,SEC
DGXX,2021-12-31,net_income,-0.003132693,SEC
DGXX,2022-12-31,net_income,0.004329342,SEC
DGXX,2023-12-31,net_income,-0.02188541,SEC
DGXX,2024-12-31,net_income,-0.012391298,SEC
DGXX,2025-12-31,net_income,-0.028356223,SEC
DGXX,2020-12-31,operating_cf,-0.002249857,SEC
DGXX,2021-12-31,operating_cf,-0.008859594,SEC
DGXX,2022-12-31,operating_cf,-0.015495179,SEC
DGXX,2023-12-31,operating_cf,-0.013572958,SEC
DGXX,2024-12-31,operating_cf,-0.017532344,SEC
DGXX,2025-12-31,operating_cf,-0.025535126,SEC
DGXX,2021-12-31,price,4.630000114440918,Yahoo
DGXX,2022-12-31,price,0.36000001430511475,Yahoo
DGXX,2023-12-31,price,2.2899999618530273,Yahoo
DGXX,2024-12-31,price,1.5,Yahoo
DGXX,2025-12-31,price,2.549999952316284,Yahoo
DGXX,2021-12-31,revenue,0.024952344,SEC
DGXX,2022-12-31,revenue,0.02419006,SEC
DGXX,2023-12-31,revenue,0.026112908,SEC
DGXX,2024-12-31,revenue,0.037002263,SEC
DGXX,2025-12-31,revenue,0.034188226,SEC
DGXX,2022-12-31,short_term_debt,0.000488062,SEC
DGXX,2023-12-31,short_term_debt,0.000389064,SEC
DGXX,2024-12-31,short_term_debt,0.000128676,Yahoo
DGXX,2022-12-31,total_debt,0.000877127,SEC
DGXX,2023-12-31,total_debt,0.001446918,Yahoo
DGXX,2024-12-31,total_debt,0.000204361,Yahoo
DGXX,2025-12-31,total_debt,0.0,Yahoo
DTE,2022-12-31,capex,-3.378,Yahoo
DTE,2023-12-31,capex,-3.934,Yahoo
DTE,2024-12-31,capex,-4.467,Yahoo
DTE,2025-12-31,capex,-4.429,Yahoo
DTE,2016-12-31,cash,0.092,SEC
DTE,2017-12-31,cash,0.066,SEC
DTE,2018-12-31,cash,0.071,SEC
DTE,2019-12-31,cash,0.093,SEC
DTE,2020-12-31,cash,0.472,SEC
DTE,2021-12-31,cash,0.028,SEC
DTE,2022-12-31,cash,0.033,SEC
DTE,2023-12-31,cash,0.026,SEC
DTE,2024-12-31,cash,0.024,SEC
DTE,2025-12-31,cash,0.208,SEC
DTE,2016-12-31,ebitda,2.462,SEC
DTE,2017-12-31,ebitda,2.741,SEC
DTE,2018-12-31,ebitda,2.718,SEC
DTE,2019-12-31,ebitda,2.599,SEC
DTE,2020-12-31,ebitda,2.847,SEC
DTE,2021-12-31,ebitda,2.872,SEC
DTE,2022-12-31,ebitda,3.216,SEC
DTE,2023-12-31,ebitda,3.849,SEC
DTE,2024-12-31,ebitda,3.823,SEC
DTE,2025-12-31,ebitda,4.215,SEC
DTE,2016-12-31,eps,4.83,SEC
DTE,2017-12-31,eps,6.32,SEC
DTE,2018-12-31,eps,6.17,SEC
DTE,2019-12-31,eps,6.31,SEC
DTE,2020-12-31,eps,7.08,SEC
DTE,2021-12-31,eps,4.67,SEC
DTE,2022-12-31,eps,5.52,SEC
DTE,2023-12-31,eps,6.76,SEC
DTE,2024-12-31,eps,6.77,SEC
DTE,2025-12-31,eps,7.03,SEC
DTE,2016-12-31,fcff_before_growth,1.48088,SEC
DTE,2017-12-31,fcff_before_growth,1.51044,SEC
DTE,2018-12-31,fcff_before_growth,1.99761,SEC
DTE,2019-12-31,fcff_before_growth,1.92872,SEC
DTE,2020-12-31,fcff_before_growth,2.87979,SEC
DTE,2021-12-31,fcff_before_growth,2.1877,SEC
DTE,2022-12-31,fcff_before_growth,1.04225,SEC
DTE,2023-12-31,fcff_before_growth,2.23889,SEC
DTE,2024-12-31,fcff_before_growth,2.66229,SEC
DTE,2025-12-31,fcff_before_growth,2.40224,SEC
DTE,2022-12-31,free_cf,-1.401,Yahoo
DTE,2023-12-31,free_cf,-0.714,Yahoo
DTE,2024-12-31,free_cf,-0.8239999999999998,Yahoo
DTE,2025-12-31,free_cf,-1.0200000000000005,Yahoo
DTE,2016-12-31,long_term_debt,10.506,SEC
DTE,2017-12-31,long_term_debt,11.039,SEC
DTE,2018-12-31,long_term_debt,10.982,SEC
DTE,2019-12-31,long_term_debt,15.935,SEC
DTE,2020-12-31,long_term_debt,19.001,SEC
DTE,2021-12-31,long_term_debt,14.531,SEC
DTE,2022-12-31,long_term_debt,16.873,SEC
DTE,2023-12-31,long_term_debt,17.42,SEC
DTE,2024-12-31,long_term_debt,20.69,SEC
DTE,2025-12-31,long_term_debt,23.785,SEC
DTE,2016-12-31,market_cap,15.007054801940917,Yahoo price x SEC shares
DTE,2017-12-31,market_cap,16.67518315887451,Yahoo price x SEC shares
DTE,2018-12-31,market_cap,16.990893058776855,Yahoo price x SEC shares
DTE,2019-12-31,market_cap,20.44761646270752,Yahoo price x SEC shares
DTE,2020-12-31,market_cap,19.942238304138183,Yahoo price x SEC shares
DTE,2021-12-31,market_cap,23.190760177612304,Yahoo price x SEC shares
DTE,2022-12-31,market_cap,23.035879760742187,Yahoo price x SEC shares
DTE,2023-12-31,market_cap,22.71356044006348,Yahoo price x SEC shares
DTE,2024-12-31,market_cap,24.99525,Yahoo price x SEC shares
DTE,2025-12-31,market_cap,26.698859115600587,Yahoo price x SEC shares
DTE,2016-12-31,net_debt,10.927,SEC
DTE,2017-12-31,net_debt,11.703,SEC
DTE,2018-12-31,net_debt,13.019,SEC
DTE,2019-12-31,net_debt,17.357,SEC
DTE,2020-12-31,net_debt,19.035999999999998,SEC
DTE,2021-12-31,net_debt,18.135,SEC
DTE,2022-12-31,net_debt,19.125999999999998,SEC
DTE,2023-12-31,net_debt,20.819,SEC
DTE,2024-12-31,net_debt,23.029,SEC
DTE,2025-12-31,net_debt,25.815,SEC
DTE,2016-12-31,net_income,0.868,SEC
DTE,2017-12-31,net_income,1.134,SEC
DTE,2018-12-31,net_income,1.12,SEC
DTE,2019-12-31,net_income,1.169,SEC
DTE,2020-12-31,net_income,1.368,SEC
DTE,2021-12-31,net_income,0.907,SEC
DTE,2022-12-31,net_income,1.083,SEC
DTE,2023-12-31,net_income,1.397,SEC
DTE,2024-12-31,net_income,1.404,SEC
DTE,2025-12-31,net_income,1.462,SEC
DTE,2016-12-31,operating_cf,2.084,SEC
DTE,2017-12-31,operating_cf,2.117,SEC
DTE,2018-12-31,operating_cf,2.68,SEC
DTE,2019-12-31,operating_cf,2.649,SEC
DTE,2020-12-31,operating_cf,3.697,SEC
DTE,2021-12-31,operating_cf,3.067,SEC
DTE,2022-12-31,operating_cf,1.977,SEC
DTE,2023-12-31,operating_cf,3.22,SEC
DTE,2024-12-31,operating_cf,3.643,SEC
DTE,2025-12-31,operating_cf,3.409,SEC
DTE,2016-12-31,price,83.83829498291016,Yahoo
DTE,2017-12-31,price,93.1574478149414,Yahoo
DTE,2018-12-31,price,93.8723373413086,Yahoo
DTE,2019-12-31,price,110.52765655517578,Yahoo
DTE,2020-12-31,price,103.3276596069336,Yahoo
DTE,2021-12-31,price,119.54000091552734,Yahoo
DTE,2022-12-31,price,117.52999877929688,Yahoo
DTE,2023-12-31,price,110.26000213623047,Yahoo
DTE,2024-12-31,price,120.75,Yahoo
DTE,2025-12-31,price,128.97999572753906,Yahoo
DTE,2016-12-31,revenue,10.63,SEC
DTE,2017-12-31,revenue,12.607,SEC
DTE,2018-12-31,revenue,14.212,SEC
DTE,2019-12-31,revenue,12.168,SEC
DTE,2020-12-31,revenue,11.423,SEC
DTE,2021-12-31,revenue,14.964,SEC
DTE,2022-12-31,revenue,19.228,SEC
DTE,2023-12-31,revenue,12.745,SEC
DTE,2024-12-31,revenue,12.457,SEC
DTE,2025-12-31,revenue,15.814,SEC
DTE,2016-12-31,short_term_debt,0.513,SEC
DTE,2017-12-31,short_term_debt,0.73,SEC
DTE,2018-12-31,short_term_debt,2.108,SEC
DTE,2019-12-31,short_term_debt,1.515,SEC
DTE,2020-12-31,short_term_debt,0.507,SEC
DTE,2021-12-31,short_term_debt,3.632,SEC
DTE,2022-12-31,short_term_debt,2.286,SEC
DTE,2023-12-31,short_term_debt,3.425,SEC
DTE,2024-12-31,short_term_debt,2.363,SEC
DTE,2025-12-31,short_term_debt,2.238,SEC
DTE,2016-12-31,total_debt,11.019,SEC
DTE,2017-12-31,total_debt,11.769,SEC
DTE,2018-12-31,total_debt,13.09,SEC
DTE,2019-12-31,total_debt,17.45,SEC
DTE,2020-12-31,total_debt,19.508,SEC
DTE,2021-12-31,total_debt,18.163,SEC
DTE,2022-12-31,total_debt,19.159,SEC
DTE,2023-12-31,total_debt,20.845,SEC
DTE,2024-12-31,total_debt,23.053,SEC
DTE,2025-12-31,total_debt,26.023,SEC
DUK,2016-12-31,capex,-7.901,SEC
DUK,2017-12-31,capex,-8.052,SEC
DUK,2018-12-31,capex,-9.389,SEC
DUK,2019-12-31,capex,-11.122,SEC
DUK,2020-12-31,capex,-9.907,SEC
DUK,2021-12-31,capex,-9.715,SEC
DUK,2022-12-31,capex,-11.367,SEC
DUK,2023-12-31,capex,-12.604,SEC
DUK,2024-12-31,capex,-12.28,SEC
DUK,2025-12-31,capex,-14.024,SEC
DUK,2016-12-31,cash,0.392,SEC
DUK,2017-12-31,cash,0.358,SEC
DUK,2018-12-31,cash,0.442,SEC
DUK,2019-12-31,cash,0.311,SEC
DUK,2020-12-31,cash,0.259,SEC
DUK,2021-12-31,cash,0.341,SEC
DUK,2022-12-31,cash,0.409,SEC
DUK,2023-12-31,cash,0.253,SEC
DUK,2024-12-31,cash,0.314,SEC
DUK,2025-12-31,cash,0.245,SEC
DUK,2016-12-31,ebitda,9.082,SEC
DUK,2017-12-31,ebitda,9.671,SEC
DUK,2018-12-31,ebitda,9.381,SEC
DUK,2019-12-31,ebitda,10.885,SEC
DUK,2020-12-31,ebitda,10.057,SEC
DUK,2021-12-31,ebitda,11.163,SEC
DUK,2022-12-31,ebitda,11.855,SEC
DUK,2023-12-31,ebitda,13.154,SEC
DUK,2024-12-31,ebitda,14.345,SEC
DUK,2025-12-31,ebitda,16.33,SEC
DUK,2016-12-31,eps,3.11,SEC
DUK,2017-12-31,eps,4.36,SEC
DUK,2018-12-31,eps,3.76,SEC
DUK,2019-12-31,eps,5.06,SEC
DUK,2020-12-31,eps,1.72,SEC
DUK,2021-12-31,eps,4.94,SEC
DUK,2022-12-31,eps,3.17,SEC
DUK,2023-12-31,eps,3.54,SEC
DUK,2024-12-31,eps,5.71,SEC
DUK,2025-12-31,eps,6.31,SEC
DUK,2016-12-31,fcff_before_growth,4.49664,SEC
DUK,2017-12-31,fcff_before_growth,4.14694,SEC
DUK,2018-12-31,fcff_before_growth,4.14426,SEC
DUK,2019-12-31,fcff_before_growth,4.77416,SEC
DUK,2020-12-31,fcff_before_growth,5.02663,SEC
DUK,2021-12-31,fcff_before_growth,4.37053,SEC
DUK,2022-12-31,fcff_before_growth,2.01081,SEC
DUK,2023-12-31,fcff_before_growth,6.17506,SEC
DUK,2024-12-31,fcff_before_growth,8.58236,SEC
DUK,2025-12-31,fcff_before_growth,7.49686,SEC
DUK,2016-12-31,free_cf,-1.038,SEC
DUK,2017-12-31,free_cf,-1.428,SEC
DUK,2018-12-31,free_cf,-2.203,SEC
DUK,2019-12-31,free_cf,-2.913,SEC
DUK,2020-12-31,free_cf,-1.051,SEC
DUK,2021-12-31,free_cf,-1.425,SEC
DUK,2022-12-31,free_cf,-5.44,SEC
DUK,2023-12-31,free_cf,-2.726,SEC
DUK,2024-12-31,free_cf,0.048,SEC
DUK,2025-12-31,free_cf,-1.694,SEC
DUK,2016-12-31,long_term_debt,45.576,SEC
DUK,2017-12-31,long_term_debt,49.035,SEC
DUK,2018-12-31,long_term_debt,51.123,SEC
DUK,2019-12-31,long_term_debt,54.985,SEC
DUK,2020-12-31,long_term_debt,55.625,SEC
DUK,2021-12-31,long_term_debt,60.448,SEC
DUK,2022-12-31,long_term_debt,65.873,SEC
DUK,2023-12-31,long_term_debt,72.452,SEC
DUK,2024-12-31,long_term_debt,76.34,SEC
DUK,2025-12-31,long_term_debt,80.108,SEC
DUK,2016-12-31,market_cap,53.635421897888186,Yahoo price x SEC shares
DUK,2017-12-31,market_cap,58.877000427246095,Yahoo price x SEC shares
DUK,2018-12-31,market_cap,61.10040216064453,Yahoo price x SEC shares
DUK,2019-12-31,market_cap,66.49208933258056,Yahoo price x SEC shares
DUK,2020-12-31,market_cap,67.57127819824218,Yahoo price x SEC shares
DUK,2021-12-31,market_cap,80.66810117340088,Yahoo price x SEC shares
DUK,2022-12-31,market_cap,79.30229835510254,Yahoo price x SEC shares
DUK,2023-12-31,market_cap,74.81784070587159,Yahoo price x SEC shares
DUK,2024-12-31,market_cap,83.17527835083008,Yahoo price x SEC shares
DUK,2025-12-31,market_cap,91.07216928863525,Yahoo price x SEC shares
DUK,2016-12-31,net_debt,49.989999999999995,SEC
DUK,2017-12-31,net_debt,54.084,SEC
DUK,2018-12-31,net_debt,57.497,SEC
DUK,2019-12-31,net_debt,60.95,SEC
DUK,2020-12-31,net_debt,62.477,SEC
DUK,2021-12-31,net_debt,66.798,SEC
DUK,2022-12-31,net_debt,73.294,SEC
DUK,2023-12-31,net_debt,79.287,SEC
DUK,2024-12-31,net_debt,83.959,SEC
DUK,2025-12-31,net_debt,89.591,SEC
DUK,2016-12-31,net_income,2.152,SEC
DUK,2017-12-31,net_income,3.059,SEC
DUK,2018-12-31,net_income,2.666,SEC
DUK,2019-12-31,net_income,3.748,SEC
DUK,2020-12-31,net_income,1.377,SEC
DUK,2021-12-31,net_income,3.908,SEC
DUK,2022-12-31,net_income,2.55,SEC
DUK,2023-12-31,net_income,2.841,SEC
DUK,2024-12-31,net_income,4.524,SEC
DUK,2025-12-31,net_income,4.968,SEC
DUK,2016-12-31,operating_cf,6.863,SEC
DUK,2017-12-31,operating_cf,6.624,SEC
DUK,2018-12-31,operating_cf,7.186,SEC
DUK,2019-12-31,operating_cf,8.209,SEC
DUK,2020-12-31,operating_cf,8.856,SEC
DUK,2021-12-31,operating_cf,8.29,SEC
DUK,2022-12-31,operating_cf,5.927,SEC
DUK,2023-12-31,operating_cf,9.878,SEC
DUK,2024-12-31,operating_cf,12.328,SEC
DUK,2025-12-31,operating_cf,12.33,SEC
DUK,2016-12-31,price,77.62000274658203,Yahoo
DUK,2017-12-31,price,84.11000061035156,Yahoo
DUK,2018-12-31,price,86.30000305175781,Yahoo
DUK,2019-12-31,price,91.20999908447266,Yahoo
DUK,2020-12-31,price,91.55999755859375,Yahoo
DUK,2021-12-31,price,104.9000015258789,Yahoo
DUK,2022-12-31,price,102.98999786376953,Yahoo
DUK,2023-12-31,price,97.04000091552734,Yahoo
DUK,2024-12-31,price,107.73999786376953,Yahoo
DUK,2025-12-31,price,117.20999908447266,Yahoo
DUK,2016-12-31,revenue,22.743,SEC
DUK,2017-12-31,revenue,23.565,SEC
DUK,2018-12-31,revenue,24.521,SEC
DUK,2019-12-31,revenue,25.079,SEC
DUK,2020-12-31,revenue,23.366,SEC
DUK,2021-12-31,revenue,24.621,SEC
DUK,2022-12-31,revenue,28.768,SEC
DUK,2023-12-31,revenue,29.06,SEC
DUK,2024-12-31,revenue,30.357,SEC
DUK,2025-12-31,revenue,32.237,SEC
DUK,2016-12-31,short_term_debt,4.806,SEC
DUK,2017-12-31,short_term_debt,5.407,SEC
DUK,2018-12-31,short_term_debt,6.816,SEC
DUK,2019-12-31,short_term_debt,6.276,SEC
DUK,2020-12-31,short_term_debt,7.111,SEC
DUK,2021-12-31,short_term_debt,6.691,SEC
DUK,2022-12-31,short_term_debt,7.83,SEC
DUK,2023-12-31,short_term_debt,7.088,SEC
DUK,2024-12-31,short_term_debt,7.933,SEC
DUK,2025-12-31,short_term_debt,9.728,SEC
DUK,2016-12-31,total_debt,50.382,SEC
DUK,2017-12-31,total_debt,54.442,SEC
DUK,2018-12-31,total_debt,57.939,SEC
DUK,2019-12-31,total_debt,61.261,SEC
DUK,2020-12-31,total_debt,62.736,SEC
DUK,2021-12-31,total_debt,67.139,SEC
DUK,2022-12-31,total_debt,73.703,SEC
DUK,2023-12-31,total_debt,79.54,SEC
DUK,2024-12-31,total_debt,84.273,SEC
DUK,2025-12-31,total_debt,89.836,SEC
ED,2016-12-31,capex,-5.235,SEC
ED,2017-12-31,capex,-3.606,SEC
ED,2018-12-31,capex,-5.249,SEC
ED,2019-12-31,capex,-3.676,SEC
ED,2020-12-31,capex,-4.085,SEC
ED,2021-12-31,capex,-3.964,SEC
ED,2022-12-31,capex,-4.465,SEC
ED,2023-12-31,capex,-4.494,Yahoo
ED,2024-12-31,capex,-4.771,Yahoo
ED,2025-12-31,capex,-4.764,Yahoo
ED,2016-12-31,cash,0.776,SEC
ED,2017-12-31,cash,0.797,SEC
ED,2018-12-31,cash,0.895,SEC
ED,2019-12-31,cash,0.981,SEC
ED,2020-12-31,cash,1.272,SEC
ED,2021-12-31,cash,0.992,SEC
ED,2022-12-31,cash,1.282,SEC
ED,2023-12-31,cash,1.189,SEC
ED,2024-12-31,cash,1.324,SEC
ED,2025-12-31,cash,1.629,SEC
ED,2016-12-31,ebitda,3.996,SEC
ED,2017-12-31,ebitda,4.115,SEC
ED,2018-12-31,ebitda,4.102,SEC
ED,2019-12-31,ebitda,4.36,SEC
ED,2020-12-31,ebitda,4.574,SEC
ED,2021-12-31,ebitda,4.858,SEC
ED,2022-12-31,ebitda,4.68,SEC
ED,2023-12-31,ebitda,5.227,SEC
ED,2024-12-31,ebitda,4.825,SEC
ED,2025-12-31,ebitda,5.256,SEC
ED,2016-12-31,eps,4.12,SEC
ED,2017-12-31,eps,4.94,SEC
ED,2018-12-31,eps,4.42,SEC
ED,2019-12-31,eps,4.08,SEC
ED,2020-12-31,eps,3.28,SEC
ED,2021-12-31,eps,3.85,SEC
ED,2022-12-31,eps,4.66,SEC
ED,2023-12-31,eps,7.21,SEC
ED,2024-12-31,eps,5.24,SEC
ED,2025-12-31,eps,5.64,SEC
ED,2016-12-31,fcff_before_growth,2.77862,SEC
ED,2017-12-31,fcff_before_growth,2.60191,SEC
ED,2018-12-31,fcff_before_growth,1.90401,SEC
ED,2019-12-31,fcff_before_growth,2.23289,SEC
ED,2020-12-31,fcff_before_growth,1.08301,SEC
ED,2021-12-31,fcff_before_growth,1.41595,SEC
ED,2022-12-31,fcff_before_growth,2.55208,SEC
ED,2023-12-31,fcff_before_growth,0.93317,SEC
ED,2024-12-31,fcff_before_growth,2.39673,SEC
ED,2025-12-31,fcff_before_growth,3.45307,SEC
ED,2016-12-31,free_cf,-1.776,SEC
ED,2017-12-31,free_cf,-0.239,SEC
ED,2018-12-31,free_cf,-2.554,SEC
ED,2019-12-31,free_cf,-0.542,SEC
ED,2020-12-31,free_cf,-1.887,SEC
ED,2021-12-31,free_cf,-1.231,SEC
ED,2022-12-31,free_cf,-0.53,SEC
ED,2023-12-31,free_cf,-2.338,Yahoo
ED,2024-12-31,free_cf,-1.157,Yahoo
ED,2025-12-31,free_cf,0.0359999999999995,Yahoo
ED,2016-12-31,long_term_debt,14.735,SEC
ED,2017-12-31,long_term_debt,14.731,SEC
ED,2018-12-31,long_term_debt,17.495,SEC
ED,2019-12-31,long_term_debt,18.527,SEC
ED,2020-12-31,long_term_debt,20.382,SEC
ED,2021-12-31,long_term_debt,22.604,SEC
ED,2022-12-31,long_term_debt,22.439,SEC
ED,2023-12-31,long_term_debt,21.989,SEC
ED,2024-12-31,long_term_debt,24.71,SEC
ED,2025-12-31,long_term_debt,25.551,SEC
ED,2016-12-31,market_cap,22.24399209213257,Yahoo price x SEC shares
ED,2017-12-31,market_cap,26.232559057617188,Yahoo price x SEC shares
ED,2018-12-31,market_cap,23.924333713531492,Yahoo price x SEC shares
ED,2019-12-31,market_cap,29.80986540222168,Yahoo price x SEC shares
ED,2020-12-31,market_cap,24.26103787307739,Yahoo price x SEC shares
ED,2021-12-31,market_cap,29.81080789337158,Yahoo price x SEC shares
ED,2022-12-31,market_cap,33.91129713134766,Yahoo price x SEC shares
ED,2023-12-31,market_cap,31.7758214263916,Yahoo price x SEC shares
ED,2024-12-31,market_cap,30.989580165863035,Yahoo price x SEC shares
ED,2025-12-31,market_cap,35.626083890533444,Yahoo price x SEC shares
ED,2016-12-31,net_debt,15.052,SEC
ED,2017-12-31,net_debt,15.232,SEC
ED,2018-12-31,net_debt,18.075,SEC
ED,2019-12-31,net_debt,18.991999999999997,SEC
ED,2020-12-31,net_debt,21.242,SEC
ED,2021-12-31,net_debt,22.052,SEC
ED,2022-12-31,net_debt,22.559,SEC
ED,2023-12-31,net_debt,23.339,SEC
ED,2024-12-31,net_debt,25.555999999999997,SEC
ED,2025-12-31,net_debt,25.747,SEC
ED,2016-12-31,net_income,1.245,SEC
ED,2017-12-31,net_income,1.525,SEC
ED,2018-12-31,net_income,1.382,SEC
ED,2019-12-31,net_income,1.343,SEC
ED,2020-12-31,net_income,1.101,SEC
ED,2021-12-31,net_income,1.346,SEC
ED,2022-12-31,net_income,1.66,SEC
ED,2023-12-31,net_income,2.519,SEC
ED,2024-12-31,net_income,1.82,SEC
ED,2025-12-31,net_income,2.023,SEC
ED,2016-12-31,operating_cf,3.459,SEC
ED,2017-12-31,operating_cf,3.367,SEC
ED,2018-12-31,operating_cf,2.695,SEC
ED,2019-12-31,operating_cf,3.134,SEC
ED,2020-12-31,operating_cf,2.198,SEC
ED,2021-12-31,operating_cf,2.733,SEC
ED,2022-12-31,operating_cf,3.935,SEC
ED,2023-12-31,operating_cf,2.156,SEC
ED,2024-12-31,operating_cf,3.614,SEC
ED,2025-12-31,operating_cf,4.8,SEC
ED,2016-12-31,price,73.68000030517578,Yahoo
ED,2017-12-31,price,84.94999694824219,Yahoo
ED,2018-12-31,price,76.45999908447266,Yahoo
ED,2019-12-31,price,90.47000122070312,Yahoo
ED,2020-12-31,price,72.2699966430664,Yahoo
ED,2021-12-31,price,85.31999969482422,Yahoo
ED,2022-12-31,price,95.30999755859375,Yahoo
ED,2023-12-31,price,90.97000122070312,Yahoo
ED,2024-12-31,price,89.2300033569336,Yahoo
ED,2025-12-31,price,99.31999969482422,Yahoo
ED,2016-12-31,revenue,12.075,SEC
ED,2017-12-31,revenue,12.033,SEC
ED,2018-12-31,revenue,12.337,SEC
ED,2019-12-31,revenue,12.574,SEC
ED,2020-12-31,revenue,12.246,SEC
ED,2021-12-31,revenue,13.676,SEC
ED,2022-12-31,revenue,15.67,SEC
ED,2023-12-31,revenue,14.663,SEC
ED,2024-12-31,revenue,15.469,SEC
ED,2025-12-31,revenue,17.049,SEC
ED,2016-12-31,short_term_debt,1.093,SEC
ED,2017-12-31,short_term_debt,1.298,SEC
ED,2018-12-31,short_term_debt,1.475,SEC
ED,2019-12-31,short_term_debt,1.446,SEC
ED,2020-12-31,short_term_debt,2.132,SEC
ED,2021-12-31,short_term_debt,0.44,SEC
ED,2022-12-31,short_term_debt,1.402,SEC
ED,2023-12-31,short_term_debt,2.539,SEC
ED,2024-12-31,short_term_debt,2.17,SEC
ED,2025-12-31,short_term_debt,1.825,SEC
ED,2016-12-31,total_debt,15.828,SEC
ED,2017-12-31,total_debt,16.029,SEC
ED,2018-12-31,total_debt,18.97,SEC
ED,2019-12-31,total_debt,19.973,SEC
ED,2020-12-31,total_debt,22.514,SEC
ED,2021-12-31,total_debt,23.044,SEC
ED,2022-12-31,total_debt,23.841,SEC
ED,2023-12-31,total_debt,24.528,SEC
ED,2024-12-31,total_debt,26.88,SEC
ED,2025-12-31,total_debt,27.376,SEC
EIX,2016-12-31,capex,-3.749,SEC
EIX,2017-12-31,capex,-3.844,SEC
EIX,2018-12-31,capex,-4.509,SEC
EIX,2019-12-31,capex,-4.877,SEC
EIX,2020-12-31,capex,-5.484,SEC
EIX,2021-12-31,capex,-5.505,SEC
EIX,2022-12-31,capex,-5.778,SEC
EIX,2023-12-31,capex,-5.448,SEC
EIX,2024-12-31,capex,-5.707,SEC
EIX,2025-12-31,capex,-6.515,SEC
EIX,2016-12-31,cash,0.096,SEC
EIX,2017-12-31,cash,1.091,SEC
EIX,2018-12-31,cash,0.144,SEC
EIX,2019-12-31,cash,0.068,SEC
EIX,2020-12-31,cash,0.087,SEC
EIX,2021-12-31,cash,0.39,SEC
EIX,2022-12-31,cash,0.914,SEC
EIX,2023-12-31,cash,0.345,SEC
EIX,2024-12-31,cash,0.193,SEC
EIX,2025-12-31,cash,0.158,SEC
EIX,2016-12-31,ebitda,4.16,SEC
EIX,2017-12-31,ebitda,3.571,SEC
EIX,2018-12-31,ebitda,1.388,SEC
EIX,2019-12-31,ebitda,3.578,SEC
EIX,2020-12-31,ebitda,3.246,SEC
EIX,2021-12-31,ebitda,3.765,SEC
EIX,2022-12-31,ebitda,4.116,SEC
EIX,2023-12-31,ebitda,5.262,SEC
EIX,2024-12-31,ebitda,5.796,SEC
EIX,2025-12-31,ebitda,10.33,SEC
EIX,2016-12-31,eps,3.97,SEC
EIX,2017-12-31,eps,1.72,SEC
EIX,2018-12-31,eps,-1.3,SEC
EIX,2019-12-31,eps,3.77,SEC
EIX,2020-12-31,eps,1.98,SEC
EIX,2021-12-31,eps,2.0,SEC
EIX,2022-12-31,eps,1.6,SEC
EIX,2023-12-31,eps,3.11,SEC
EIX,2024-12-31,eps,3.31,SEC
EIX,2025-12-31,eps,11.55,SEC
EIX,2016-12-31,fcff_before_growth,1.61499,SEC
EIX,2017-12-31,fcff_before_growth,1.98681,SEC
EIX,2018-12-31,fcff_before_growth,1.81686,SEC
EIX,2019-12-31,fcff_before_growth,-1.44561,SEC
EIX,2020-12-31,fcff_before_growth,-0.05342,SEC
EIX,2021-12-31,fcff_before_growth,-1.54625,SEC
EIX,2022-12-31,fcff_before_growth,1.50651,SEC
EIX,2023-12-31,fcff_before_growth,2.03948,SEC
EIX,2024-12-31,fcff_before_growth,2.148,SEC
EIX,2025-12-31,fcff_before_growth,2.563,SEC
EIX,2016-12-31,free_cf,-0.495,SEC
EIX,2017-12-31,free_cf,-0.247,SEC
EIX,2018-12-31,free_cf,-1.332,SEC
EIX,2019-12-31,free_cf,-5.184,SEC
EIX,2020-12-31,free_cf,-4.221,SEC
EIX,2021-12-31,free_cf,-5.494,SEC
EIX,2022-12-31,free_cf,-2.562,SEC
EIX,2023-12-31,free_cf,-2.047,SEC
EIX,2024-12-31,free_cf,-0.693,SEC
EIX,2025-12-31,free_cf,-0.715,SEC
EIX,2016-12-31,long_term_debt,10.175,SEC
EIX,2017-12-31,long_term_debt,11.642,SEC
EIX,2018-12-31,long_term_debt,14.632,SEC
EIX,2019-12-31,long_term_debt,17.864,SEC
EIX,2020-12-31,long_term_debt,19.632,SEC
EIX,2021-12-31,long_term_debt,24.17,SEC
EIX,2022-12-31,long_term_debt,27.025,SEC
EIX,2023-12-31,long_term_debt,30.316,SEC
EIX,2024-12-31,long_term_debt,33.534,SEC
EIX,2025-12-31,long_term_debt,36.07,SEC
EIX,2016-12-31,market_cap,23.756699295043944,Yahoo price x SEC shares
EIX,2017-12-31,market_cap,20.742720550537108,Yahoo price x SEC shares
EIX,2018-12-31,market_cap,18.507020149230957,Yahoo price x SEC shares
EIX,2019-12-31,market_cap,25.7148112487793,Yahoo price x SEC shares
EIX,2020-12-31,market_cap,23.494679885864258,Yahoo price x SEC shares
EIX,2021-12-31,market_cap,25.935,Yahoo price x SEC shares
EIX,2022-12-31,market_cap,24.366459590911866,Yahoo price x SEC shares
EIX,2023-12-31,market_cap,27.52364917755127,Yahoo price x SEC shares
EIX,2024-12-31,market_cap,30.977918579101562,Yahoo price x SEC shares
EIX,2025-12-31,market_cap,23.16772017669678,Yahoo price x SEC shares
EIX,2016-12-31,net_debt,12.366999999999999,SEC
EIX,2017-12-31,net_debt,13.425,SEC
EIX,2018-12-31,net_debt,15.286999999999999,SEC
EIX,2019-12-31,net_debt,18.825,SEC
EIX,2020-12-31,net_debt,22.972,SEC
EIX,2021-12-31,net_debt,27.211,SEC
EIX,2022-12-31,net_debt,30.74,SEC
EIX,2023-12-31,net_debt,33.745000000000005,SEC
EIX,2024-12-31,net_debt,36.388000000000005,SEC
EIX,2025-12-31,net_debt,40.23,SEC
EIX,2016-12-31,net_income,1.311,SEC
EIX,2017-12-31,net_income,0.565,SEC
EIX,2018-12-31,net_income,-0.423,SEC
EIX,2019-12-31,net_income,1.284,SEC
EIX,2020-12-31,net_income,0.739,SEC
EIX,2021-12-31,net_income,0.759,SEC
EIX,2022-12-31,net_income,0.612,SEC
EIX,2023-12-31,net_income,1.197,SEC
EIX,2024-12-31,net_income,1.284,SEC
EIX,2025-12-31,net_income,4.459,SEC
EIX,2016-12-31,operating_cf,3.254,SEC
EIX,2017-12-31,operating_cf,3.597,SEC
EIX,2018-12-31,operating_cf,3.177,SEC
EIX,2019-12-31,operating_cf,-0.307,SEC
EIX,2020-12-31,operating_cf,1.263,SEC
EIX,2021-12-31,operating_cf,0.011,SEC
EIX,2022-12-31,operating_cf,3.216,SEC
EIX,2023-12-31,operating_cf,3.401,SEC
EIX,2024-12-31,operating_cf,5.014,SEC
EIX,2025-12-31,operating_cf,5.8,SEC
EIX,2016-12-31,price,71.98999786376953,Yahoo
EIX,2017-12-31,price,63.2400016784668,Yahoo
EIX,2018-12-31,price,56.77000045776367,Yahoo
EIX,2019-12-31,price,75.41000366210938,Yahoo
EIX,2020-12-31,price,62.81999969482422,Yahoo
EIX,2021-12-31,price,68.25,Yahoo
EIX,2022-12-31,price,63.619998931884766,Yahoo
EIX,2023-12-31,price,71.48999786376953,Yahoo
EIX,2024-12-31,price,79.83999633789062,Yahoo
EIX,2025-12-31,price,60.02000045776367,Yahoo
EIX,2016-12-31,revenue,11.869,SEC
EIX,2017-12-31,revenue,12.32,SEC
EIX,2018-12-31,revenue,12.657,SEC
EIX,2019-12-31,revenue,12.347,SEC
EIX,2020-12-31,revenue,13.578,SEC
EIX,2021-12-31,revenue,14.905,SEC
EIX,2022-12-31,revenue,17.22,SEC
EIX,2023-12-31,revenue,16.338,SEC
EIX,2024-12-31,revenue,17.599,SEC
EIX,2025-12-31,revenue,19.317,SEC
EIX,2016-12-31,short_term_debt,2.288,SEC
EIX,2017-12-31,short_term_debt,2.874,SEC
EIX,2018-12-31,short_term_debt,0.799,SEC
EIX,2019-12-31,short_term_debt,1.029,SEC
EIX,2020-12-31,short_term_debt,3.427,SEC
EIX,2021-12-31,short_term_debt,3.431,SEC
EIX,2022-12-31,short_term_debt,4.629,SEC
EIX,2023-12-31,short_term_debt,3.774,SEC
EIX,2024-12-31,short_term_debt,3.047,SEC
EIX,2025-12-31,short_term_debt,4.318,SEC
EIX,2016-12-31,total_debt,12.463,SEC
EIX,2017-12-31,total_debt,14.516,SEC
EIX,2018-12-31,total_debt,15.431,SEC
EIX,2019-12-31,total_debt,18.893,SEC
EIX,2020-12-31,total_debt,23.059,SEC
EIX,2021-12-31,total_debt,27.601,SEC
EIX,2022-12-31,total_debt,31.654,SEC
EIX,2023-12-31,total_debt,34.09,SEC
EIX,2024-12-31,total_debt,36.581,SEC
EIX,2025-12-31,total_debt,40.388,SEC
ELLO,2016-12-31,capex,-0.005835042095184326,SEC
ELLO,2017-12-31,capex,-0.008630667495727539,SEC
ELLO,2018-12-31,capex,-0.004224196815490723,SEC
ELLO,2019-12-31,capex,-0.0849703796863556,SEC
ELLO,2020-12-31,capex,-0.1462975606918335,SEC
ELLO,2021-12-31,capex,-0.09079061203002929,SEC
ELLO,2022-12-31,capex,-0.05313738842010498,SEC
ELLO,2023-12-31,capex,-0.06704032745361328,SEC
ELLO,2024-12-31,capex,-0.08307359228134155,SEC
ELLO,2016-12-31,cash,0.02561631326675415,SEC
ELLO,2017-12-31,cash,0.027297789669036867,SEC
ELLO,2018-12-31,cash,0.04201640424728394,SEC
ELLO,2019-12-31,cash,0.05070517153739929,SEC
ELLO,2020-12-31,cash,0.07615060305595397,SEC
ELLO,2021-12-31,cash,0.04696855731010437,SEC
ELLO,2022-12-31,cash,0.052925495052337644,SEC
ELLO,2023-12-31,cash,0.058244474267959596,SEC
ELLO,2024-12-31,cash,0.04686033220291138,SEC
ELLO,2025-12-31,cash,0.0998108899116516,Yahoo
ELLO,2016-12-31,ebitda,0.007726133441925049,SEC
ELLO,2017-12-31,ebitda,0.008517885541915893,SEC
ELLO,2018-12-31,ebitda,0.009940760898590088,SEC
ELLO,2019-12-31,ebitda,0.027416267681121827,SEC
ELLO,2020-12-31,ebitda,0.00035999088287353516,SEC
ELLO,2021-12-31,ebitda,0.02271815881729126,SEC
ELLO,2022-12-31,ebitda,0.023523581457138062,SEC
ELLO,2023-12-31,ebitda,0.023930280017852783,SEC
ELLO,2024-12-31,ebitda,0.028501936388015747,SEC
ELLO,2025-12-31,ebitda,0.0282046021461486,Yahoo
ELLO,2016-12-31,eps,-0.02278423309326172,SEC
ELLO,2017-12-31,eps,-0.6493506431579589,SEC
ELLO,2018-12-31,eps,0.1139211654663086,SEC
ELLO,2019-12-31,eps,1.2417407035827637,SEC
ELLO,2020-12-31,eps,-0.43290042877197266,SEC
ELLO,2021-12-31,eps,-1.3442697525024414,SEC
ELLO,2022-12-31,eps,-0.03417634963989258,SEC
ELLO,2023-12-31,eps,0.19366598129272464,SEC
ELLO,2024-12-31,eps,-0.5809979438781738,SEC
ELLO,2025-12-31,eps,-0.159489631652832,Yahoo
ELLO,2016-12-31,fcff_before_growth,0.003764137580871582,SEC
ELLO,2017-12-31,fcff_before_growth,-0.001822693078994751,SEC
ELLO,2018-12-31,fcff_before_growth,0.002978696713447571,SEC
ELLO,2019-12-31,fcff_before_growth,-0.0030273296589851378,SEC
ELLO,2020-12-31,fcff_before_growth,-0.009989302707195282,SEC
ELLO,2021-12-31,fcff_before_growth,0.0029841079688072204,SEC
ELLO,2022-12-31,fcff_before_growth,-0.004060252866268158,SEC
ELLO,2023-12-31,fcff_before_growth,-0.008964456510543823,SEC
ELLO,2024-12-31,fcff_before_growth,-0.009076099252700805,SEC
ELLO,2025-12-31,fcff_before_growth,-0.0005332194070816,Yahoo
ELLO,2016-12-31,free_cf,0.0025005695819854735,SEC
ELLO,2017-12-31,free_cf,-0.006004784631729126,SEC
ELLO,2018-12-31,free_cf,0.0032832079887390136,SEC
ELLO,2019-12-31,free_cf,-0.08074162602424621,SEC
ELLO,2020-12-31,free_cf,-0.15293460779190063,SEC
ELLO,2021-12-31,free_cf,-0.07243563385009766,SEC
ELLO,2022-12-31,free_cf,-0.04024151248931885,SEC
ELLO,2023-12-31,free_cf,-0.05723855037689209,SEC
ELLO,2024-12-31,free_cf,-0.07399635381698609,SEC
ELLO,2016-12-31,long_term_debt,0.0193221688747406,SEC
ELLO,2017-12-31,long_term_debt,0.04795055775642395,SEC
ELLO,2018-12-31,long_term_debt,0.06861243953704833,SEC
ELLO,2019-12-31,long_term_debt,0.04648553156852722,SEC
ELLO,2020-12-31,long_term_debt,0.2095192506790161,SEC
ELLO,2021-12-31,long_term_debt,0.08693779821395874,SEC
ELLO,2022-12-31,long_term_debt,0.10448165769577027,SEC
ELLO,2023-12-31,long_term_debt,0.00569605827331543,SEC
ELLO,2024-12-31,long_term_debt,0.006682615566253662,SEC
ELLO,2025-12-31,long_term_debt,0.6558555417060852,Yahoo
ELLO,2016-12-31,net_debt,-0.004163818597793582,SEC
ELLO,2017-12-31,net_debt,0.02734677577018738,SEC
ELLO,2018-12-31,net_debt,0.039956709575653074,SEC
ELLO,2019-12-31,net_debt,0.005208475685119632,SEC
ELLO,2020-12-31,net_debt,0.1379494176864624,SEC
ELLO,2021-12-31,net_debt,0.05865345125198365,SEC
ELLO,2022-12-31,net_debt,0.06294827919006349,SEC
ELLO,2023-12-31,net_debt,0.06694007682800293,SEC
ELLO,2024-12-31,net_debt,0.13733766102790831,SEC
ELLO,2025-12-31,net_debt,0.6261608507156371,Yahoo
ELLO,2016-12-31,net_income,-0.0007199817657470703,SEC
ELLO,2017-12-31,net_income,-0.007565504598617554,SEC
ELLO,2018-12-31,net_income,0.0006880838394165039,SEC
ELLO,2019-12-31,net_income,0.011146046829223632,SEC
ELLO,2020-12-31,net_income,-0.007026657485961914,SEC
ELLO,2021-12-31,net_income,-0.017190703868865967,SEC
ELLO,2022-12-31,net_income,-0.00040669856071472166,SEC
ELLO,2023-12-31,net_income,0.002527910661697388,SEC
ELLO,2024-12-31,net_income,-0.007432216835021973,SEC
ELLO,2025-12-31,net_income,-0.0024299384593963,Yahoo
ELLO,2016-12-31,operating_cf,0.008335611677169799,SEC
ELLO,2017-12-31,operating_cf,0.002625882863998413,SEC
ELLO,2018-12-31,operating_cf,0.007507404804229736,SEC
ELLO,2019-12-31,operating_cf,0.004228753662109375,SEC
ELLO,2020-12-31,operating_cf,-0.006637047100067139,SEC
ELLO,2021-12-31,operating_cf,0.01835497817993164,SEC
ELLO,2022-12-31,operating_cf,0.012895875930786133,SEC
ELLO,2023-12-31,operating_cf,0.009801777076721191,SEC
ELLO,2024-12-31,operating_cf,0.009077238464355469,SEC
ELLO,2025-12-31,operating_cf,0.0027751195907592,Yahoo
ELLO,2016-12-31,price,8.09000015258789,Yahoo
ELLO,2017-12-31,price,9.0,Yahoo
ELLO,2018-12-31,price,7.820000171661377,Yahoo
ELLO,2019-12-31,price,18.450000762939453,Yahoo
ELLO,2020-12-31,price,33.619998931884766,Yahoo
ELLO,2021-12-31,price,28.399999618530273,Yahoo
ELLO,2022-12-31,price,14.90999984741211,Yahoo
ELLO,2023-12-31,price,14.949999809265137,Yahoo
ELLO,2024-12-31,price,16.25,Yahoo
ELLO,2025-12-31,price,24.299999237060547,Yahoo
ELLO,2016-12-31,revenue,0.013251309967041016,SEC
ELLO,2017-12-31,revenue,0.01553429012298584,SEC
ELLO,2018-12-31,revenue,0.020639097547531127,SEC
ELLO,2019-12-31,revenue,0.021631350898742675,SEC
ELLO,2020-12-31,revenue,0.010987696409225464,SEC
ELLO,2021-12-31,revenue,0.05092845702171326,SEC
ELLO,2022-12-31,revenue,0.059513556051254274,SEC
ELLO,2023-12-31,revenue,0.05563226194381714,SEC
ELLO,2024-12-31,revenue,0.0461004780292511,SEC
ELLO,2025-12-31,revenue,0.0386090221881866,Yahoo
ELLO,2016-12-31,short_term_debt,0.002130325794219971,SEC
ELLO,2017-12-31,short_term_debt,0.006694007682800293,SEC
ELLO,2018-12-31,short_term_debt,0.013360674285888672,SEC
ELLO,2019-12-31,short_term_debt,0.009428115653991698,SEC
ELLO,2020-12-31,short_term_debt,0.004580770063400268,SEC
ELLO,2021-12-31,short_term_debt,0.01868421034812927,SEC
ELLO,2022-12-31,short_term_debt,0.01139211654663086,SEC
ELLO,2023-12-31,short_term_debt,0.11948849282264709,SEC
ELLO,2024-12-31,short_term_debt,0.17751537766456604,SEC
ELLO,2025-12-31,short_term_debt,0.0701161989212036,Yahoo
ELLO,2016-12-31,total_debt,0.02145249466896057,SEC
ELLO,2017-12-31,total_debt,0.054644565439224246,SEC
ELLO,2018-12-31,total_debt,0.08197311382293701,SEC
ELLO,2019-12-31,total_debt,0.055913647222518924,SEC
ELLO,2020-12-31,total_debt,0.21410002074241638,SEC
ELLO,2021-12-31,total_debt,0.10562200856208802,SEC
ELLO,2022-12-31,total_debt,0.11587377424240113,SEC
ELLO,2023-12-31,total_debt,0.12518455109596252,SEC
ELLO,2024-12-31,total_debt,0.1841979932308197,SEC
ELLO,2025-12-31,total_debt,0.7259717406272888,Yahoo
ELPC,2016-12-31,capex,-0.2476450796328187,SEC
ELPC,2017-12-31,capex,-0.2324274036682248,SEC
ELPC,2018-12-31,capex,-0.2870988634650558,SEC
ELPC,2019-12-31,capex,-0.07092950900672376,SEC
ELPC,2020-12-31,capex,-0.0436364853117615,SEC
ELPC,2021-12-31,capex,-0.06519434544952214,SEC
ELPC,2022-12-31,capex,-0.10325492374607921,SEC
ELPC,2023-12-31,capex,-0.0420685988716632,Yahoo
ELPC,2024-12-31,capex,-0.816704758635953,Yahoo
ELPC,2025-12-31,capex,-0.0396961391267776,Yahoo
ELPC,2016-12-31,cash,0.18934812344892324,SEC
ELPC,2017-12-31,cash,0.20053117181323468,SEC
ELPC,2018-12-31,cash,0.3756620820050985,SEC
ELPC,2019-12-31,cash,0.5671782923968285,SEC
ELPC,2020-12-31,cash,0.6213642703864575,SEC
ELPC,2021-12-31,cash,0.6695802489010244,SEC
ELPC,2022-12-31,cash,0.5164186437145024,SEC
ELPC,2023-12-31,cash,1.0863808407237978,SEC
ELPC,2024-12-31,cash,0.8024406938780397,SEC
ELPC,2025-12-31,cash,0.6809318084247857,Yahoo
ELPC,2016-12-31,ebitda,-0.03287779971855879,SEC
ELPC,2017-12-31,ebitda,-0.09364573876230418,SEC
ELPC,2018-12-31,ebitda,-0.05588747796919942,SEC
ELPC,2019-12-31,ebitda,-0.029322484180510044,SEC
ELPC,2020-12-31,ebitda,-0.004289707993820309,SEC
ELPC,2021-12-31,ebitda,0.32309701170139016,SEC
ELPC,2022-12-31,ebitda,-0.14419619452929497,SEC
ELPC,2023-12-31,ebitda,0.03445686882141232,SEC
ELPC,2024-12-31,ebitda,0.12310222209134698,SEC
ELPC,2025-12-31,ebitda,0.9581415347281248,Yahoo
ELPC,2022-12-31,eps,0.3133653958408982,Yahoo
ELPC,2023-12-31,eps,0.5840247810330839,Yahoo
ELPC,2024-12-31,eps,0.7278322816293686,Yahoo
ELPC,2025-12-31,eps,0.6981579291811287,Yahoo
ELPC,2016-12-31,fcff_before_growth,0.14817452320674063,SEC
ELPC,2017-12-31,fcff_before_growth,0.04966779662744701,SEC
ELPC,2018-12-31,fcff_before_growth,0.19700612658643724,SEC
ELPC,2019-12-31,fcff_before_growth,0.38597987183872234,SEC
ELPC,2020-12-31,fcff_before_growth,0.56509696749264,SEC
ELPC,2021-12-31,fcff_before_growth,0.4568578538347334,SEC
ELPC,2022-12-31,fcff_before_growth,0.5147017193725109,SEC
ELPC,2023-12-31,fcff_before_growth,0.41191453941684963,SEC
ELPC,2024-12-31,fcff_before_growth,0.3717383170097172,SEC
ELPC,2025-12-31,fcff_before_growth,0.3348845176924383,Yahoo
ELPC,2016-12-31,free_cf,0.037092121141046284,SEC
ELPC,2017-12-31,free_cf,-0.04170400550493598,SEC
ELPC,2018-12-31,free_cf,0.054352368299245835,SEC
ELPC,2019-12-31,free_cf,0.496880989444837,SEC
ELPC,2020-12-31,free_cf,0.7161760909477919,SEC
ELPC,2021-12-31,free_cf,0.5878022073899954,SEC
ELPC,2022-12-31,free_cf,0.649193483480081,SEC
ELPC,2023-12-31,free_cf,0.6363095135497897,Yahoo
ELPC,2024-12-31,free_cf,-0.1624156442255526,Yahoo
ELPC,2025-12-31,free_cf,0.5442019693299234,Yahoo
ELPC,2022-12-31,long_term_debt,2.1281607878754585,Yahoo
ELPC,2023-12-31,long_term_debt,2.5607129314071235,Yahoo
ELPC,2024-12-31,long_term_debt,2.749556099791288,Yahoo
ELPC,2025-12-31,long_term_debt,3.5054175328121637,Yahoo
ELPC,2022-12-31,net_debt,1.937592404554501,Yahoo
ELPC,2023-12-31,net_debt,1.850565259707064,Yahoo
ELPC,2024-12-31,net_debt,2.5860343359756173,Yahoo
ELPC,2025-12-31,net_debt,3.3119850381941496,Yahoo
ELPC,2016-12-31,net_income,0.16860216318809987,SEC
ELPC,2017-12-31,net_income,0.2156046299891919,SEC
ELPC,2018-12-31,net_income,0.27841051291781665,SEC
ELPC,2019-12-31,net_income,0.3977304885389954,SEC
ELPC,2020-12-31,net_income,0.7538175121955574,SEC
ELPC,2021-12-31,net_income,0.9733933370945752,SEC
ELPC,2022-12-31,net_income,0.2215942955263406,SEC
ELPC,2023-12-31,net_income,0.448688533082962,SEC
ELPC,2024-12-31,net_income,0.5397312178821861,SEC
ELPC,2025-12-31,net_income,0.5183769593283832,Yahoo
ELPC,2016-12-31,operating_cf,0.284737200773865,SEC
ELPC,2017-12-31,operating_cf,0.19072339816328884,SEC
ELPC,2018-12-31,operating_cf,0.34145123176430164,SEC
ELPC,2019-12-31,operating_cf,0.5678104984515607,SEC
ELPC,2020-12-31,operating_cf,0.7598125762595535,SEC
ELPC,2021-12-31,operating_cf,0.6529965528395176,SEC
ELPC,2022-12-31,operating_cf,0.7524484072261601,SEC
ELPC,2023-12-31,operating_cf,0.678378112421453,SEC
ELPC,2024-12-31,operating_cf,0.6542891144104004,SEC
ELPC,2025-12-31,operating_cf,0.583898108456701,Yahoo
ELPC,2023-12-31,price,7.869999885559082,Yahoo
ELPC,2024-12-31,price,5.214000225067139,Yahoo
ELPC,2025-12-31,price,9.510000228881836,Yahoo
ELPC,2016-12-31,revenue,2.5260773327861576,SEC
ELPC,2017-12-31,revenue,2.7040012094034105,SEC
ELPC,2018-12-31,revenue,2.8794932424804567,SEC
ELPC,2019-12-31,revenue,3.1319696180326044,SEC
ELPC,2020-12-31,revenue,3.5925748207175285,SEC
ELPC,2021-12-31,revenue,4.044309472574115,SEC
ELPC,2022-12-31,revenue,3.9593067752944378,SEC
ELPC,2023-12-31,revenue,4.141338738038003,SEC
ELPC,2024-12-31,revenue,4.367222355949104,SEC
ELPC,2025-12-31,revenue,5.035448153025031,Yahoo
ELPC,2022-12-31,short_term_debt,0.325850260393545,Yahoo
ELPC,2023-12-31,short_term_debt,0.3762331690237373,Yahoo
ELPC,2024-12-31,short_term_debt,0.6389189300623684,Yahoo
ELPC,2025-12-31,short_term_debt,0.4101156731494963,Yahoo
ELPC,2022-12-31,total_debt,2.4540110482690034,Yahoo
ELPC,2023-12-31,total_debt,2.936946100430861,Yahoo
ELPC,2024-12-31,total_debt,3.388475029853657,Yahoo
ELPC,2025-12-31,total_debt,3.915533205961659,Yahoo
EMA,2016-12-31,capex,-0.7631052875518799,SEC
EMA,2017-12-31,capex,-1.0803592450618744,SEC
EMA,2018-12-31,capex,-1.5276237330436706,SEC
EMA,2019-12-31,capex,-1.7629145300388336,SEC
EMA,2020-12-31,capex,-1.8533566381931306,SEC
EMA,2021-12-31,capex,-1.6668197901248931,SEC
EMA,2022-12-31,capex,-1.8342790060043335,SEC
EMA,2023-12-31,capex,-2.07522243475914,SEC
EMA,2024-12-31,capex,-2.226430334329605,SEC
EMA,2025-12-31,capex,-2.4956369218826295,SEC
EMA,2016-12-31,cash,0.34693027424812317,SEC
EMA,2017-12-31,cash,0.3554092218875885,SEC
EMA,2018-12-31,cash,0.2628473768234253,SEC
EMA,2019-12-31,cash,0.19360263776779174,SEC
EMA,2022-12-31,cash,0.2190456706285476,Yahoo
EMA,2023-12-31,cash,0.4006415975689887,Yahoo
EMA,2024-12-31,cash,0.138493391752243,Yahoo
EMA,2025-12-31,cash,0.2466030291914939,Yahoo
EMA,2016-12-31,ebitda,0.8076197626590729,SEC
EMA,2017-12-31,ebitda,1.6067605776786804,SEC
EMA,2018-12-31,ebitda,1.6435026841163636,SEC
EMA,2019-12-31,ebitda,1.5926289982795716,SEC
EMA,2020-12-31,ebitda,1.4456605725288392,SEC
EMA,2021-12-31,ebitda,1.3036381995677948,SEC
EMA,2022-12-31,ebitda,1.82862637424469,SEC
EMA,2023-12-31,ebitda,2.0165763802528383,SEC
EMA,2024-12-31,ebitda,1.5862697875499725,SEC
EMA,2025-12-31,ebitda,2.312632968664169,SEC
EMA,2016-12-31,eps,0.9326842403411866,SEC
EMA,2017-12-31,eps,0.876157922744751,SEC
EMA,2018-12-31,eps,2.1480000686645506,SEC
EMA,2019-12-31,eps,1.9501579570770262,SEC
EMA,2020-12-31,eps,2.6708685064315794,SEC
EMA,2021-12-31,eps,1.3990263605117799,SEC
EMA,2022-12-31,eps,2.5083553433418273,SEC
EMA,2023-12-31,eps,2.5224869227409363,SEC
EMA,2024-12-31,eps,1.2082500386238098,SEC
EMA,2025-12-31,eps,2.388236918449402,SEC
EMA,2016-12-31,fcff_before_growth,0.6623612580156326,SEC
EMA,2017-12-31,fcff_before_growth,0.6316462701916694,SEC
EMA,2018-12-31,fcff_before_growth,0.9425480827617645,SEC
EMA,2019-12-31,fcff_before_growth,0.43383948755264284,SEC
EMA,2020-12-31,fcff_before_growth,0.5214552798271179,SEC
EMA,2021-12-31,fcff_before_growth,0.19077632188796997,SEC
EMA,2022-12-31,fcff_before_growth,0.3733068671965599,SEC
EMA,2023-12-31,fcff_before_growth,1.3669900700139999,SEC
EMA,2024-12-31,fcff_before_growth,1.6068736303138733,SEC
EMA,2025-12-31,fcff_before_growth,0.9411066616630555,SEC
EMA,2016-12-31,free_cf,-0.019077632188796996,SEC
EMA,2017-12-31,free_cf,-0.2374105339050293,SEC
EMA,2018-12-31,free_cf,-0.3335052738189697,SEC
EMA,2019-12-31,free_cf,-0.685381600856781,SEC
EMA,2020-12-31,free_cf,-0.6966868643760681,SEC
EMA,2021-12-31,free_cf,-0.8295237107276916,SEC
EMA,2022-12-31,free_cf,-1.1891724064350129,SEC
EMA,2023-12-31,free_cf,-0.4917789630889893,SEC
EMA,2024-12-31,free_cf,-0.35682237982749937,SEC
EMA,2025-12-31,free_cf,-1.2223816180229188,SEC
EMA,2016-12-31,long_term_debt,10.08146874332428,SEC
EMA,2017-12-31,long_term_debt,9.284447665214538,SEC
EMA,2018-12-31,long_term_debt,10.098426638603211,SEC
EMA,2019-12-31,long_term_debt,9.665293730020522,SEC
EMA,2020-12-31,long_term_debt,8.718477910280228,SEC
EMA,2021-12-31,long_term_debt,10.030595057487488,SEC
EMA,2022-12-31,long_term_debt,11.124379302978516,SEC
EMA,2023-12-31,long_term_debt,12.498675399541854,SEC
EMA,2024-12-31,long_term_debt,12.84065962100029,SEC
EMA,2025-12-31,long_term_debt,13.038501732587815,SEC
EMA,2016-12-31,net_debt,10.74989244890213,SEC
EMA,2017-12-31,net_debt,10.32947796177864,SEC
EMA,2018-12-31,net_debt,11.464243787527085,SEC
EMA,2019-12-31,net_debt,10.911699033021925,SEC
EMA,2022-12-31,net_debt,13.237424495339392,Yahoo
EMA,2023-12-31,net_debt,13.58860416728258,Yahoo
EMA,2024-12-31,net_debt,13.85711176353693,Yahoo
EMA,2025-12-31,net_debt,14.917716768741606,Yahoo
EMA,2016-12-31,net_income,0.16039342617988586,SEC
EMA,2017-12-31,net_income,0.1879500060081482,SEC
EMA,2018-12-31,net_income,0.5013884370803833,SEC
EMA,2019-12-31,net_income,0.4683205412864685,SEC
EMA,2020-12-31,net_income,0.6624884422302246,SEC
EMA,2021-12-31,net_income,0.36070856416225433,SEC
EMA,2022-12-31,net_income,0.6677877845048904,SEC
EMA,2023-12-31,net_income,0.6908222589254379,SEC
EMA,2024-12-31,net_income,0.3487673795700073,SEC
EMA,2025-12-31,net_income,0.7166123913288116,SEC
EMA,2016-12-31,operating_cf,0.7440276553630829,SEC
EMA,2017-12-31,operating_cf,0.8429487111568451,SEC
EMA,2018-12-31,operating_cf,1.194118459224701,SEC
EMA,2019-12-31,operating_cf,1.0775329291820526,SEC
EMA,2020-12-31,operating_cf,1.1566697738170624,SEC
EMA,2021-12-31,operating_cf,0.8372960793972015,SEC
EMA,2022-12-31,operating_cf,0.6451065995693207,SEC
EMA,2023-12-31,operating_cf,1.5834434716701506,SEC
EMA,2024-12-31,operating_cf,1.8696079545021058,SEC
EMA,2025-12-31,operating_cf,1.2732553038597108,SEC
EMA,2016-12-31,price,33.939998626708984,Yahoo
EMA,2017-12-31,price,37.45000076293945,Yahoo
EMA,2018-12-31,price,32.040000915527344,Yahoo
EMA,2019-12-31,price,42.97999954223633,Yahoo
EMA,2020-12-31,price,42.5099983215332,Yahoo
EMA,2021-12-31,price,49.970001220703125,Yahoo
EMA,2022-12-31,price,38.5099983215332,Yahoo
EMA,2023-12-31,price,37.790000915527344,Yahoo
EMA,2024-12-31,price,37.380001068115234,Yahoo
EMA,2025-12-31,price,49.2400016784668,Yahoo
EMA,2016-12-31,revenue,3.0220382544994355,SEC
EMA,2017-12-31,revenue,4.399160666942596,SEC
EMA,2018-12-31,revenue,4.609721199989319,SEC
EMA,2019-12-31,revenue,4.31790408539772,SEC
EMA,2020-12-31,revenue,3.8904238085746767,SEC
EMA,2021-12-31,revenue,4.073427761793137,SEC
EMA,2022-12-31,revenue,5.361521224021912,SEC
EMA,2023-12-31,revenue,5.343856749773026,SEC
EMA,2024-12-31,revenue,5.087368583679199,SEC
EMA,2025-12-31,revenue,6.20093704032898,SEC
EMA,2016-12-31,short_term_debt,1.0153539798259734,SEC
EMA,2017-12-31,short_term_debt,1.4004395184516907,SEC
EMA,2018-12-31,short_term_debt,1.6286645257472991,SEC
EMA,2019-12-31,short_term_debt,1.4400079407691955,SEC
EMA,2020-12-31,short_term_debt,2.124682962656021,SEC
EMA,2021-12-31,short_term_debt,1.5573000497817993,SEC
EMA,2022-12-31,short_term_debt,2.331710600852966,SEC
EMA,2023-12-31,short_term_debt,1.490175047636032,SEC
EMA,2024-12-31,short_term_debt,1.1545500369071962,SEC
EMA,2025-12-31,short_term_debt,2.1253895416259767,SEC
EMA,2016-12-31,total_debt,11.096822723150254,SEC
EMA,2017-12-31,total_debt,10.684887183666229,SEC
EMA,2018-12-31,total_debt,11.72709116435051,SEC
EMA,2019-12-31,total_debt,11.105301670789718,SEC
EMA,2020-12-31,total_debt,10.843160872936249,SEC
EMA,2021-12-31,total_debt,11.587895107269286,SEC
EMA,2022-12-31,total_debt,13.456089903831481,SEC
EMA,2023-12-31,total_debt,13.988850447177887,SEC
EMA,2024-12-31,total_debt,13.995209657907486,SEC
EMA,2025-12-31,total_debt,15.16389127421379,SEC
ENIC,2016-12-31,capex,-0.23149973567202686,SEC
ENIC,2017-12-31,capex,-0.2769327528057131,SEC
ENIC,2018-12-31,capex,-0.3128559632151481,SEC
ENIC,2019-12-31,capex,-0.3126556009609206,SEC
ENIC,2020-12-31,capex,-0.5359058579761419,SEC
ENIC,2021-12-31,capex,-0.7786694221418886,SEC
ENIC,2022-12-31,capex,-0.9532210552089871,SEC
ENIC,2023-12-31,capex,-0.6628903692930448,SEC
ENIC,2024-12-31,capex,-0.7120368409897713,SEC
ENIC,2025-12-31,capex,-0.499108,Yahoo
ENIC,2016-12-31,cash,0.25608109483497216,SEC
ENIC,2017-12-31,cash,0.4366467934301449,SEC
ENIC,2018-12-31,cash,0.255219922513878,SEC
ENIC,2019-12-31,cash,0.24534367086715067,SEC
ENIC,2020-12-31,cash,0.345644004122091,SEC
ENIC,2021-12-31,cash,0.3226789997864049,SEC
ENIC,2022-12-31,cash,0.911083001664842,SEC
ENIC,2023-12-31,cash,0.5863769270193531,SEC
ENIC,2024-12-31,cash,0.3991123571190541,SEC
ENIC,2025-12-31,cash,0.4627,Yahoo
ENIC,2016-12-31,ebitda,0.759345207558442,SEC
ENIC,2017-12-31,ebitda,0.7612865001739003,SEC
ENIC,2018-12-31,ebitda,0.9220948601073563,SEC
ENIC,2019-12-31,ebitda,0.7939395931874821,SEC
ENIC,2020-12-31,ebitda,0.2037221783091221,SEC
ENIC,2021-12-31,ebitda,0.4770764952320326,SEC
ENIC,2022-12-31,ebitda,1.1745874079869898,SEC
ENIC,2023-12-31,ebitda,1.0436214825495962,SEC
ENIC,2024-12-31,ebitda,0.6728040921810992,SEC
ENIC,2025-12-31,ebitda,1.335611,Yahoo
ENIC,2016-12-31,eps,0.008150900644250215,SEC
ENIC,2017-12-31,eps,0.007411802373826504,SEC
ENIC,2018-12-31,eps,0.005891966493800283,SEC
ENIC,2019-12-31,eps,0.004455409292131662,SEC
ENIC,2020-12-31,eps,-0.0007703277748078108,SEC
ENIC,2021-12-31,eps,0.001280409679748118,SEC
ENIC,2022-12-31,eps,0.018841800978407264,SEC
ENIC,2023-12-31,eps,0.009535408671945333,SEC
ENIC,2024-12-31,eps,0.0021860653068870306,SEC
ENIC,2025-12-31,eps,0.3885,Yahoo
ENIC,2016-12-31,fcff_before_growth,0.47159075588535976,SEC
ENIC,2017-12-31,fcff_before_growth,0.5027217499208311,SEC
ENIC,2018-12-31,fcff_before_growth,0.5416634928388009,SEC
ENIC,2019-12-31,fcff_before_growth,0.527866412310088,SEC
ENIC,2020-12-31,fcff_before_growth,0.5474627670406388,SEC
ENIC,2021-12-31,fcff_before_growth,0.22297081853294276,SEC
ENIC,2022-12-31,fcff_before_growth,0.5504638432972064,SEC
ENIC,2023-12-31,fcff_before_growth,0.49018800069690216,SEC
ENIC,2024-12-31,fcff_before_growth,1.3091921765375159,SEC
ENIC,2016-12-31,free_cf,0.40837704450437795,SEC
ENIC,2017-12-31,free_cf,0.3847306290387664,SEC
ENIC,2018-12-31,free_cf,0.4528139539154106,SEC
ENIC,2019-12-31,free_cf,0.4615360120063251,SEC
ENIC,2020-12-31,free_cf,0.25093836683166915,SEC
ENIC,2021-12-31,free_cf,-0.3488548229350196,SEC
ENIC,2022-12-31,free_cf,-0.17791861501669978,SEC
ENIC,2023-12-31,free_cf,0.07169236983767713,SEC
ENIC,2024-12-31,free_cf,0.8816108845497993,SEC
ENIC,2022-12-31,long_term_debt,2.755439348686276,Yahoo
ENIC,2023-12-31,long_term_debt,2.441499,Yahoo
ENIC,2024-12-31,long_term_debt,2.645832,Yahoo
ENIC,2025-12-31,long_term_debt,2.530045,Yahoo
ENIC,2022-12-31,net_debt,1.819187716741036,Yahoo
ENIC,2023-12-31,net_debt,2.444996,Yahoo
ENIC,2024-12-31,net_debt,2.3495,Yahoo
ENIC,2025-12-31,net_debt,2.3691000000000004,Yahoo
ENIC,2016-12-31,net_income,0.39990407294043107,SEC
ENIC,2017-12-31,net_income,0.36370155833558643,SEC
ENIC,2018-12-31,net_income,0.3765340687771398,SEC
ENIC,2019-12-31,net_income,0.30829101019048827,SEC
ENIC,2020-12-31,net_income,-0.05294474559367402,SEC
ENIC,2021-12-31,net_income,0.08864387494030176,SEC
ENIC,2022-12-31,net_income,1.3033969455155126,SEC
ENIC,2023-12-31,net_income,0.6594169967498748,SEC
ENIC,2024-12-31,net_income,0.1510593539433251,SEC
ENIC,2025-12-31,net_income,0.537629,Yahoo
ENIC,2016-12-31,operating_cf,0.6398767801764048,SEC
ENIC,2017-12-31,operating_cf,0.6616633818444796,SEC
ENIC,2018-12-31,operating_cf,0.7656699171305588,SEC
ENIC,2019-12-31,operating_cf,0.7741916129672457,SEC
ENIC,2020-12-31,operating_cf,0.786844224807811,SEC
ENIC,2021-12-31,operating_cf,0.429814599206869,SEC
ENIC,2022-12-31,operating_cf,0.7753024401922873,SEC
ENIC,2023-12-31,operating_cf,0.7345827391307219,SEC
ENIC,2024-12-31,operating_cf,1.5936477255395707,SEC
ENIC,2016-12-31,price,4.550000190734863,Yahoo
ENIC,2017-12-31,price,5.679999828338623,Yahoo
ENIC,2018-12-31,price,4.949999809265137,Yahoo
ENIC,2019-12-31,price,4.75,Yahoo
ENIC,2020-12-31,price,3.890000104904175,Yahoo
ENIC,2021-12-31,price,1.809999942779541,Yahoo
ENIC,2022-12-31,price,2.25,Yahoo
ENIC,2023-12-31,price,3.240000009536743,Yahoo
ENIC,2024-12-31,price,2.880000114440918,Yahoo
ENIC,2025-12-31,price,4.019999980926514,Yahoo
ENIC,2016-12-31,revenue,2.6189519160057415,SEC
ENIC,2017-12-31,revenue,2.5859087081873278,SEC
ENIC,2018-12-31,revenue,2.5091454173867613,SEC
ENIC,2019-12-31,revenue,2.732140592851157,SEC
ENIC,2020-12-31,revenue,2.652825973337477,SEC
ENIC,2021-12-31,revenue,2.9456526347109957,SEC
ENIC,2022-12-31,revenue,4.558466750287708,SEC
ENIC,2023-12-31,revenue,4.437286911712966,SEC
ENIC,2024-12-31,revenue,4.0647624302332055,SEC
ENIC,2025-12-31,revenue,4.509547,Yahoo
ENIC,2022-12-31,short_term_debt,0.08774838953596,Yahoo
ENIC,2023-12-31,short_term_debt,0.645703,Yahoo
ENIC,2024-12-31,short_term_debt,0.088429,Yahoo
ENIC,2025-12-31,short_term_debt,0.300979,Yahoo
ENIC,2022-12-31,total_debt,2.843187738222236,Yahoo
ENIC,2023-12-31,total_debt,3.087202,Yahoo
ENIC,2024-12-31,total_debt,2.734261,Yahoo
ENIC,2025-12-31,total_debt,2.831024,Yahoo
ENLT,2020-12-31,capex,-0.341929,SEC
ENLT,2021-12-31,capex,-0.492756,SEC
ENLT,2022-12-31,capex,-0.656143,SEC
ENLT,2023-12-31,capex,-0.730976,SEC
ENLT,2024-12-31,capex,-0.899257,SEC
ENLT,2025-12-31,capex,-1.81257,SEC
ENLT,2020-12-31,cash,0.09933,SEC
ENLT,2021-12-31,cash,0.265933,SEC
ENLT,2022-12-31,cash,0.193869,SEC
ENLT,2023-12-31,cash,0.403805,SEC
ENLT,2024-12-31,cash,0.387427,SEC
ENLT,2025-12-31,cash,0.528497,SEC
ENLT,2020-12-31,ebitda,0.044241,SEC
ENLT,2021-12-31,ebitda,0.0549,SEC
ENLT,2022-12-31,ebitda,0.13288,SEC
ENLT,2023-12-31,ebitda,0.223939,SEC
ENLT,2024-12-31,ebitda,0.284424,SEC
ENLT,2025-12-31,ebitda,0.4821,SEC
ENLT,2020-12-31,eps,-0.56,SEC
ENLT,2021-12-31,eps,0.12,SEC
ENLT,2022-12-31,eps,0.25,SEC
ENLT,2023-12-31,eps,0.57,SEC
ENLT,2024-12-31,eps,0.36,SEC
ENLT,2025-12-31,eps,1.0,SEC
ENLT,2020-12-31,fcff_before_growth,0.04195593,SEC
ENLT,2021-12-31,fcff_before_growth,0.053959,SEC
ENLT,2022-12-31,fcff_before_growth,0.08951664,SEC
ENLT,2023-12-31,fcff_before_growth,0.16897334,SEC
ENLT,2024-12-31,fcff_before_growth,0.21477161,SEC
ENLT,2025-12-31,fcff_before_growth,0.22209949,SEC
ENLT,2020-12-31,free_cf,-0.303119,SEC
ENLT,2021-12-31,free_cf,-0.440733,SEC
ENLT,2022-12-31,free_cf,-0.565767,SEC
ENLT,2023-12-31,free_cf,-0.539377,SEC
ENLT,2024-12-31,free_cf,-0.643978,SEC
ENLT,2025-12-31,free_cf,-1.529922,SEC
ENLT,2022-12-31,long_term_debt,1.973643,Yahoo
ENLT,2023-12-31,long_term_debt,2.339476,Yahoo
ENLT,2024-12-31,long_term_debt,2.850726,Yahoo
ENLT,2025-12-31,long_term_debt,4.050983,Yahoo
ENLT,2022-12-31,net_debt,1.967083,Yahoo
ENLT,2023-12-31,net_debt,2.295753,Yahoo
ENLT,2024-12-31,net_debt,2.730747,Yahoo
ENLT,2025-12-31,net_debt,4.592573,Yahoo
ENLT,2020-12-31,net_income,-0.043869,SEC
ENLT,2021-12-31,net_income,0.011217,SEC
ENLT,2022-12-31,net_income,0.024749,SEC
ENLT,2023-12-31,net_income,0.070924,SEC
ENLT,2024-12-31,net_income,0.044209,SEC
ENLT,2025-12-31,net_income,0.132104,SEC
ENLT,2020-12-31,operating_cf,0.03881,SEC
ENLT,2021-12-31,operating_cf,0.052023,SEC
ENLT,2022-12-31,operating_cf,0.090376,SEC
ENLT,2023-12-31,operating_cf,0.191599,SEC
ENLT,2024-12-31,operating_cf,0.255279,SEC
ENLT,2025-12-31,operating_cf,0.282648,SEC
ENLT,2023-12-31,price,19.139999389648438,Yahoo
ENLT,2024-12-31,price,17.2450008392334,Yahoo
ENLT,2025-12-31,price,45.459999084472656,Yahoo
ENLT,2020-12-31,revenue,0.070324,SEC
ENLT,2021-12-31,revenue,0.102461,SEC
ENLT,2022-12-31,revenue,0.192172,SEC
ENLT,2023-12-31,revenue,0.255702,SEC
ENLT,2024-12-31,revenue,0.377935,SEC
ENLT,2025-12-31,revenue,0.488596,SEC
ENLT,2021-12-31,short_term_debt,0.123644,SEC
ENLT,2022-12-31,short_term_debt,0.331254,SEC
ENLT,2023-12-31,short_term_debt,0.649332,SEC
ENLT,2024-12-31,short_term_debt,0.424492,SEC
ENLT,2025-12-31,short_term_debt,1.76824,SEC
ENLT,2022-12-31,total_debt,2.160952,Yahoo
ENLT,2023-12-31,total_debt,2.699558,Yahoo
ENLT,2024-12-31,total_debt,3.118174,Yahoo
ENLT,2025-12-31,total_debt,5.12107,Yahoo
ES,2016-12-31,capex,-1.976867,SEC
ES,2017-12-31,capex,-2.348105,SEC
ES,2018-12-31,capex,-2.569936,SEC
ES,2019-12-31,capex,-2.911489,SEC
ES,2020-12-31,capex,-2.942996,SEC
ES,2021-12-31,capex,-3.17508,SEC
ES,2022-12-31,capex,-3.441852,SEC
ES,2023-12-31,capex,-4.336849,SEC
ES,2024-12-31,capex,-4.480529,SEC
ES,2025-12-31,capex,-4.158669,SEC
ES,2016-12-31,cash,0.10675,SEC
ES,2017-12-31,cash,0.08589,SEC
ES,2018-12-31,cash,0.209324,SEC
ES,2019-12-31,cash,0.117063,SEC
ES,2020-12-31,cash,0.26495,SEC
ES,2021-12-31,cash,0.0668,SEC
ES,2022-12-31,cash,0.3746,SEC
ES,2023-12-31,cash,0.0539,SEC
ES,2024-12-31,cash,0.0267,SEC
ES,2025-12-31,cash,0.1354,SEC
ES,2016-12-31,ebitda,2.628374,SEC
ES,2017-12-31,ebitda,2.752049,SEC
ES,2018-12-31,ebitda,2.77193,SEC
ES,2019-12-31,ebitda,2.671191,SEC
ES,2020-12-31,ebitda,3.147834,SEC
ES,2021-12-31,ebitda,3.328321,SEC
ES,2022-12-31,ebitda,3.841254,SEC
ES,2023-12-31,ebitda,3.215035,SEC
ES,2024-12-31,ebitda,4.185109,SEC
ES,2025-12-31,ebitda,5.393089,SEC
ES,2016-12-31,eps,2.96,SEC
ES,2017-12-31,eps,3.11,SEC
ES,2018-12-31,eps,3.25,SEC
ES,2019-12-31,eps,2.81,SEC
ES,2020-12-31,eps,3.55,SEC
ES,2021-12-31,eps,3.54,SEC
ES,2022-12-31,eps,4.05,SEC
ES,2023-12-31,eps,-1.26,SEC
ES,2024-12-31,eps,2.27,SEC
ES,2025-12-31,eps,4.56,SEC
ES,2016-12-31,fcff_before_growth,1.73790119,SEC
ES,2017-12-31,fcff_before_growth,1.46558845,SEC
ES,2018-12-31,fcff_before_growth,1.15259895,SEC
ES,2019-12-31,fcff_before_growth,1.35010263,SEC
ES,2020-12-31,fcff_before_growth,0.94884908,SEC
ES,2021-12-31,fcff_before_growth,1.08764386,SEC
ES,2022-12-31,fcff_before_growth,1.29402946,SEC
ES,2023-12-31,fcff_before_growth,1.50625939,SEC
ES,2024-12-31,fcff_before_growth,0.383337,SEC
ES,2025-12-31,fcff_before_growth,1.709072,SEC
ES,2016-12-31,free_cf,0.231375,SEC
ES,2017-12-31,free_cf,-0.351903,SEC
ES,2018-12-31,free_cf,-0.739393,SEC
ES,2019-12-31,free_cf,-0.901912,SEC
ES,2020-12-31,free_cf,-1.260424,SEC
ES,2021-12-31,free_cf,-1.21248,SEC
ES,2022-12-31,free_cf,-1.040559,SEC
ES,2023-12-31,free_cf,-2.690688,SEC
ES,2024-12-31,free_cf,-2.320792,SEC
ES,2025-12-31,free_cf,-0.045097,SEC
ES,2016-12-31,long_term_debt,8.829354,SEC
ES,2017-12-31,long_term_debt,11.775889,SEC
ES,2018-12-31,long_term_debt,12.248743,SEC
ES,2019-12-31,long_term_debt,13.770828,SEC
ES,2020-12-31,long_term_debt,15.125876,SEC
ES,2021-12-31,long_term_debt,17.023577,SEC
ES,2022-12-31,long_term_debt,19.723994,SEC
ES,2023-12-31,long_term_debt,23.588616,SEC
ES,2024-12-31,long_term_debt,25.701627,SEC
ES,2025-12-31,long_term_debt,26.872433,SEC
ES,2016-12-31,market_cap,17.588227474193218,Yahoo price x SEC shares
ES,2017-12-31,market_cap,20.093235321455534,Yahoo price x SEC shares
ES,2018-12-31,market_cap,20.68232575849214,Yahoo price x SEC shares
ES,2019-12-31,market_cap,27.472644875966033,Yahoo price x SEC shares
ES,2020-12-31,market_cap,29.40017005961165,Yahoo price x SEC shares
ES,2021-12-31,market_cap,31.35453463178357,Yahoo price x SEC shares
ES,2022-12-31,market_cap,29.113167757464357,Yahoo price x SEC shares
ES,2023-12-31,market_cap,21.592154914371367,Yahoo price x SEC shares
ES,2024-12-31,market_cap,20.54727151062561,Yahoo price x SEC shares
ES,2025-12-31,market_cap,24.996886924916016,Yahoo price x SEC shares
ES,2016-12-31,net_debt,9.496487,SEC
ES,2017-12-31,net_debt,12.23963,SEC
ES,2018-12-31,net_debt,12.876738,SEC
ES,2019-12-31,net_debt,13.981176,SEC
ES,2020-12-31,net_debt,15.914111999999998,SEC
ES,2021-12-31,net_debt,18.149874,SEC
ES,2022-12-31,net_debt,20.669522999999998,SEC
ES,2023-12-31,net_debt,24.359563,SEC
ES,2024-12-31,net_debt,26.678077,SEC
ES,2025-12-31,net_debt,28.129981,SEC
ES,2016-12-31,net_income,0.949821,SEC
ES,2017-12-31,net_income,0.995515,SEC
ES,2018-12-31,net_income,1.040519,SEC
ES,2019-12-31,net_income,0.916572,SEC
ES,2020-12-31,net_income,1.212686,SEC
ES,2021-12-31,net_income,1.228,SEC
ES,2022-12-31,net_income,1.4124,SEC
ES,2023-12-31,net_income,-0.4347,SEC
ES,2024-12-31,net_income,0.811653,SEC
ES,2025-12-31,net_income,1.692372,SEC
ES,2016-12-31,operating_cf,2.208242,SEC
ES,2017-12-31,operating_cf,1.996202,SEC
ES,2018-12-31,operating_cf,1.830543,SEC
ES,2019-12-31,operating_cf,2.009577,SEC
ES,2020-12-31,operating_cf,1.682572,SEC
ES,2021-12-31,operating_cf,1.9626,SEC
ES,2022-12-31,operating_cf,2.401293,SEC
ES,2023-12-31,operating_cf,1.646161,SEC
ES,2024-12-31,operating_cf,2.159737,SEC
ES,2025-12-31,operating_cf,4.113572,SEC
ES,2016-12-31,price,55.22999954223633,Yahoo
ES,2017-12-31,price,63.18000030517578,Yahoo
ES,2018-12-31,price,65.04000091552734,Yahoo
ES,2019-12-31,price,85.06999969482422,Yahoo
ES,2020-12-31,price,86.51000213623047,Yahoo
ES,2021-12-31,price,90.9800033569336,Yahoo
ES,2022-12-31,price,83.83999633789062,Yahoo
ES,2023-12-31,price,61.720001220703125,Yahoo
ES,2024-12-31,price,57.43000030517578,Yahoo
ES,2025-12-31,price,67.33000183105469,Yahoo
ES,2016-12-31,revenue,7.639129,SEC
ES,2017-12-31,revenue,7.751952,SEC
ES,2018-12-31,revenue,8.4727,SEC
ES,2019-12-31,revenue,8.52647,SEC
ES,2020-12-31,revenue,8.90443,SEC
ES,2021-12-31,revenue,9.863085,SEC
ES,2022-12-31,revenue,12.289336,SEC
ES,2023-12-31,revenue,11.910705,SEC
ES,2024-12-31,revenue,11.900809,SEC
ES,2025-12-31,revenue,13.547244,SEC
ES,2016-12-31,short_term_debt,0.773883,SEC
ES,2017-12-31,short_term_debt,0.549631,SEC
ES,2018-12-31,short_term_debt,0.837319,SEC
ES,2019-12-31,short_term_debt,0.327411,SEC
ES,2020-12-31,short_term_debt,1.053186,SEC
ES,2021-12-31,short_term_debt,1.193097,SEC
ES,2022-12-31,short_term_debt,1.320129,SEC
ES,2023-12-31,short_term_debt,0.824847,SEC
ES,2024-12-31,short_term_debt,1.00315,SEC
ES,2025-12-31,short_term_debt,1.392948,SEC
ES,2016-12-31,total_debt,9.603237,SEC
ES,2017-12-31,total_debt,12.32552,SEC
ES,2018-12-31,total_debt,13.086062,SEC
ES,2019-12-31,total_debt,14.098239,SEC
ES,2020-12-31,total_debt,16.179062,SEC
ES,2021-12-31,total_debt,18.216674,SEC
ES,2022-12-31,total_debt,21.044123,SEC
ES,2023-12-31,total_debt,24.413463,SEC
ES,2024-12-31,total_debt,26.704777,SEC
ES,2025-12-31,total_debt,28.265381,SEC
ETR,2016-12-31,capex,-0.949329,SEC
ETR,2017-12-31,capex,-0.016762,SEC
ETR,2018-12-31,capex,-0.026623,SEC
ETR,2019-12-31,capex,-0.305472,SEC
ETR,2020-12-31,capex,-0.247121,SEC
ETR,2021-12-31,capex,-0.168304,SEC
ETR,2022-12-31,capex,-5.065126,SEC
ETR,2023-12-31,capex,-4.440652,SEC
ETR,2024-12-31,capex,-4.838339,SEC
ETR,2025-12-31,capex,-7.684922,SEC
ETR,2016-12-31,cash,1.187844,SEC
ETR,2017-12-31,cash,0.781273,SEC
ETR,2018-12-31,cash,0.480975,SEC
ETR,2019-12-31,cash,0.425722,SEC
ETR,2020-12-31,cash,1.759099,SEC
ETR,2021-12-31,cash,0.442559,SEC
ETR,2022-12-31,cash,0.224164,SEC
ETR,2023-12-31,cash,0.132548,SEC
ETR,2024-12-31,cash,0.859703,SEC
ETR,2025-12-31,cash,1.928916,SEC
ETR,2016-12-31,ebitda,1.30806,SEC
ETR,2017-12-31,ebitda,3.438985,SEC
ETR,2018-12-31,ebitda,2.50992,SEC
ETR,2019-12-31,ebitda,3.57281,SEC
ETR,2020-12-31,ebitda,4.026945,SEC
ETR,2021-12-31,ebitda,3.836323,SEC
ETR,2022-12-31,ebitda,4.035874,SEC
ETR,2023-12-31,ebitda,4.669652,SEC
ETR,2024-12-31,ebitda,4.884338,SEC
ETR,2025-12-31,ebitda,5.507846,SEC
ETR,2016-12-31,eps,-3.26,SEC
ETR,2017-12-31,eps,2.28,SEC
ETR,2018-12-31,eps,4.63,SEC
ETR,2019-12-31,eps,6.3,SEC
ETR,2020-12-31,eps,6.9,SEC
ETR,2021-12-31,eps,5.54,SEC
ETR,2022-12-31,eps,2.68,SEC
ETR,2023-12-31,eps,5.55,SEC
ETR,2024-12-31,eps,2.45,SEC
ETR,2025-12-31,eps,3.91,SEC
ETR,2016-12-31,fcff_before_growth,1.4018403,SEC
ETR,2017-12-31,fcff_before_growth,1.06817297,SEC
ETR,2018-12-31,fcff_before_growth,0.90349692,SEC
ETR,2019-12-31,fcff_before_growth,1.22082975,SEC
ETR,2020-12-31,fcff_before_growth,1.05278977,SEC
ETR,2021-12-31,fcff_before_growth,0.96942426,SEC
ETR,2022-12-31,fcff_before_growth,1.32105823,SEC
ETR,2023-12-31,fcff_before_growth,3.03771174,SEC
ETR,2024-12-31,fcff_before_growth,3.20609652,SEC
ETR,2025-12-31,fcff_before_growth,3.96131745,SEC
ETR,2016-12-31,free_cf,2.04937,SEC
ETR,2017-12-31,free_cf,2.606738,SEC
ETR,2018-12-31,free_cf,2.358624,SEC
ETR,2019-12-31,free_cf,2.511155,SEC
ETR,2020-12-31,free_cf,2.442745,SEC
ETR,2021-12-31,free_cf,2.132409,SEC
ETR,2022-12-31,free_cf,-2.479636,SEC
ETR,2023-12-31,free_cf,-0.146324,SEC
ETR,2024-12-31,free_cf,-0.349829,SEC
ETR,2025-12-31,free_cf,-2.534271,SEC
ETR,2016-12-31,long_term_debt,14.467655,SEC
ETR,2017-12-31,long_term_debt,14.315259,SEC
ETR,2018-12-31,long_term_debt,15.518303,SEC
ETR,2019-12-31,long_term_debt,17.078643,SEC
ETR,2020-12-31,long_term_debt,21.205761,SEC
ETR,2021-12-31,long_term_debt,24.841572,SEC
ETR,2022-12-31,long_term_debt,23.623512,SEC
ETR,2023-12-31,long_term_debt,23.008839,SEC
ETR,2024-12-31,long_term_debt,26.613505,SEC
ETR,2025-12-31,long_term_debt,27.902021,SEC
ETR,2016-12-31,market_cap,6.571364829283142,Yahoo price x SEC shares
ETR,2017-12-31,market_cap,7.346908110539818,Yahoo price x SEC shares
ETR,2018-12-31,market_cap,7.8916942789736595,Yahoo price x SEC shares
ETR,2019-12-31,market_cap,11.800257412197052,Yahoo price x SEC shares
ETR,2020-12-31,market_cap,10.039022454170837,Yahoo price x SEC shares
ETR,2021-12-31,market_cap,11.370498230816894,Yahoo price x SEC shares
ETR,2022-12-31,market_cap,23.124102525,Yahoo price x SEC shares
ETR,2023-12-31,market_cap,21.490378047547303,Yahoo price x SEC shares
ETR,2024-12-31,market_cap,32.72252405901172,Yahoo price x SEC shares
ETR,2025-12-31,market_cap,41.607538775495456,Yahoo price x SEC shares
ETR,2016-12-31,net_debt,14.059722,SEC
ETR,2017-12-31,net_debt,15.872300999999998,SEC
ETR,2018-12-31,net_debt,17.629676,SEC
ETR,2019-12-31,net_debt,19.39466,SEC
ETR,2020-12-31,net_debt,22.238166,SEC
ETR,2021-12-31,net_debt,26.639519,SEC
ETR,2022-12-31,net_debt,26.536006,SEC
ETR,2023-12-31,net_debt,26.113519,SEC
ETR,2024-12-31,net_debt,28.059183,SEC
ETR,2025-12-31,net_debt,29.006019,SEC
ETR,2016-12-31,net_income,-0.583618,SEC
ETR,2017-12-31,net_income,0.411612,SEC
ETR,2018-12-31,net_income,0.848661,SEC
ETR,2019-12-31,net_income,1.241226,SEC
ETR,2020-12-31,net_income,1.388334,SEC
ETR,2021-12-31,net_income,1.118492,SEC
ETR,2022-12-31,net_income,1.103166,SEC
ETR,2023-12-31,net_income,2.356536,SEC
ETR,2024-12-31,net_income,1.05559,SEC
ETR,2025-12-31,net_income,1.758272,SEC
ETR,2016-12-31,operating_cf,2.998699,SEC
ETR,2017-12-31,operating_cf,2.6235,SEC
ETR,2018-12-31,operating_cf,2.385247,SEC
ETR,2019-12-31,operating_cf,2.816627,SEC
ETR,2020-12-31,operating_cf,2.689866,SEC
ETR,2021-12-31,operating_cf,2.300713,SEC
ETR,2022-12-31,operating_cf,2.58549,SEC
ETR,2023-12-31,operating_cf,4.294328,SEC
ETR,2024-12-31,operating_cf,4.48851,SEC
ETR,2025-12-31,operating_cf,5.150651,SEC
ETR,2016-12-31,price,36.73500061035156,Yahoo
ETR,2017-12-31,price,40.69499969482422,Yahoo
ETR,2018-12-31,price,43.03499984741211,Yahoo
ETR,2019-12-31,price,59.900001525878906,Yahoo
ETR,2020-12-31,price,49.91999816894531,Yahoo
ETR,2021-12-31,price,56.32500076293945,Yahoo
ETR,2022-12-31,price,56.25,Yahoo
ETR,2023-12-31,price,50.595001220703125,Yahoo
ETR,2024-12-31,price,75.81999969482422,Yahoo
ETR,2025-12-31,price,92.43000030517578,Yahoo
ETR,2016-12-31,revenue,10.845645,SEC
ETR,2017-12-31,revenue,11.074481,SEC
ETR,2018-12-31,revenue,11.009452,SEC
ETR,2019-12-31,revenue,10.878673,SEC
ETR,2020-12-31,revenue,10.113636,SEC
ETR,2021-12-31,revenue,11.742896,SEC
ETR,2022-12-31,revenue,13.764237,SEC
ETR,2023-12-31,revenue,12.147412,SEC
ETR,2024-12-31,revenue,11.879653,SEC
ETR,2025-12-31,revenue,12.946686,SEC
ETR,2016-12-31,short_term_debt,0.779911,SEC
ETR,2017-12-31,short_term_debt,2.338315,SEC
ETR,2018-12-31,short_term_debt,2.592348,SEC
ETR,2019-12-31,short_term_debt,2.741739,SEC
ETR,2020-12-31,short_term_debt,2.791504,SEC
ETR,2021-12-31,short_term_debt,2.240506,SEC
ETR,2022-12-31,short_term_debt,3.136658,SEC
ETR,2023-12-31,short_term_debt,3.237228,SEC
ETR,2024-12-31,short_term_debt,2.305381,SEC
ETR,2025-12-31,short_term_debt,3.032914,SEC
ETR,2016-12-31,total_debt,15.247566,SEC
ETR,2017-12-31,total_debt,16.653574,SEC
ETR,2018-12-31,total_debt,18.110651,SEC
ETR,2019-12-31,total_debt,19.820382,SEC
ETR,2020-12-31,total_debt,23.997265,SEC
ETR,2021-12-31,total_debt,27.082078,SEC
ETR,2022-12-31,total_debt,26.76017,SEC
ETR,2023-12-31,total_debt,26.246067,SEC
ETR,2024-12-31,total_debt,28.918886,SEC
ETR,2025-12-31,total_debt,30.934935,SEC
EVRG,2016-12-31,capex,-1.087,SEC
EVRG,2017-12-31,capex,-0.7646,SEC
EVRG,2018-12-31,capex,-1.0697,SEC
EVRG,2019-12-31,capex,-1.2101,SEC
EVRG,2020-12-31,capex,-1.5603,SEC
EVRG,2021-12-31,capex,-1.9725,SEC
EVRG,2022-12-31,capex,-2.1665,SEC
EVRG,2023-12-31,capex,-2.334,SEC
EVRG,2024-12-31,capex,-2.3366,SEC
EVRG,2025-12-31,capex,-2.7969,SEC
EVRG,2016-12-31,cash,0.0032,SEC
EVRG,2017-12-31,cash,0.0034,SEC
EVRG,2018-12-31,cash,0.1603,SEC
EVRG,2019-12-31,cash,0.0232,SEC
EVRG,2020-12-31,cash,0.1449,SEC
EVRG,2021-12-31,cash,0.0262,SEC
EVRG,2022-12-31,cash,0.0252,SEC
EVRG,2023-12-31,cash,0.0277,SEC
EVRG,2024-12-31,cash,0.022,SEC
EVRG,2025-12-31,cash,0.0198,SEC
EVRG,2016-12-31,ebitda,1.0409,SEC
EVRG,2017-12-31,ebitda,1.0505,SEC
EVRG,2018-12-31,ebitda,1.5524,SEC
EVRG,2019-12-31,ebitda,2.0475,SEC
EVRG,2020-12-31,ebitda,2.024,SEC
EVRG,2021-12-31,ebitda,2.2513,SEC
EVRG,2022-12-31,ebitda,2.1966,SEC
EVRG,2023-12-31,ebitda,2.3589,SEC
EVRG,2024-12-31,ebitda,2.582,SEC
EVRG,2025-12-31,ebitda,2.6958,SEC
EVRG,2016-12-31,eps,2.43,SEC
EVRG,2017-12-31,eps,2.27,SEC
EVRG,2018-12-31,eps,2.5,SEC
EVRG,2019-12-31,eps,2.79,SEC
EVRG,2020-12-31,eps,2.72,SEC
EVRG,2021-12-31,eps,3.83,SEC
EVRG,2022-12-31,eps,3.27,SEC
EVRG,2023-12-31,eps,3.17,SEC
EVRG,2024-12-31,eps,3.79,SEC
EVRG,2025-12-31,eps,3.66,SEC
EVRG,2016-12-31,fcff_before_growth,0.593043,SEC
EVRG,2017-12-31,fcff_before_growth,0.67609,SEC
EVRG,2018-12-31,fcff_before_growth,1.099884,SEC
EVRG,2019-12-31,fcff_before_growth,1.18276,SEC
EVRG,2020-12-31,fcff_before_growth,1.176981,SEC
EVRG,2021-12-31,fcff_before_growth,0.749654,SEC
EVRG,2022-12-31,fcff_before_growth,1.19166,SEC
EVRG,2023-12-31,fcff_before_growth,1.319082,SEC
EVRG,2024-12-31,fcff_before_growth,1.314549,SEC
EVRG,2025-12-31,fcff_before_growth,1.369177,SEC
EVRG,2016-12-31,free_cf,-0.2832,SEC
EVRG,2017-12-31,free_cf,0.1481,SEC
EVRG,2018-12-31,free_cf,0.4281,SEC
EVRG,2019-12-31,free_cf,0.5389,SEC
EVRG,2020-12-31,free_cf,0.1935,SEC
EVRG,2021-12-31,free_cf,-0.6208,SEC
EVRG,2022-12-31,free_cf,-0.3646,SEC
EVRG,2023-12-31,free_cf,-0.3538,SEC
EVRG,2024-12-31,free_cf,-0.3529,SEC
EVRG,2025-12-31,free_cf,-0.7517,SEC
EVRG,2017-12-31,long_term_debt,3.6876,SEC
EVRG,2018-12-31,long_term_debt,6.6363,SEC
EVRG,2019-12-31,long_term_debt,8.7467,SEC
EVRG,2020-12-31,long_term_debt,9.1909,SEC
EVRG,2021-12-31,long_term_debt,9.2979,SEC
EVRG,2022-12-31,long_term_debt,9.9057,SEC
EVRG,2023-12-31,long_term_debt,11.0533,SEC
EVRG,2024-12-31,long_term_debt,11.8092,SEC
EVRG,2025-12-31,long_term_debt,13.0392,SEC
EVRG,2016-12-31,market_cap,8.029874782562256,Yahoo price x SEC shares
EVRG,2017-12-31,market_cap,7.529279891204834,Yahoo price x SEC shares
EVRG,2018-12-31,market_cap,12.154457098007201,Yahoo price x SEC shares
EVRG,2019-12-31,market_cap,15.61509012145996,Yahoo price x SEC shares
EVRG,2020-12-31,market_cap,12.628524618148804,Yahoo price x SEC shares
EVRG,2021-12-31,market_cap,15.75285614013672,Yahoo price x SEC shares
EVRG,2022-12-31,market_cap,14.492779070281982,Yahoo price x SEC shares
EVRG,2023-12-31,market_cap,12.032100175857543,Yahoo price x SEC shares
EVRG,2024-12-31,market_cap,14.193429824066163,Yahoo price x SEC shares
EVRG,2025-12-31,market_cap,16.93366350097656,Yahoo price x SEC shares
EVRG,2017-12-31,net_debt,3.9598999999999998,SEC
EVRG,2018-12-31,net_debt,7.919999999999999,SEC
EVRG,2019-12-31,net_debt,9.5365,SEC
EVRG,2020-12-31,net_debt,9.7974,SEC
EVRG,2021-12-31,net_debt,10.820300000000001,SEC
EVRG,2022-12-31,net_debt,11.6519,SEC
EVRG,2023-12-31,net_debt,12.7774,SEC
EVRG,2024-12-31,net_debt,13.6465,SEC
EVRG,2025-12-31,net_debt,14.7804,SEC
EVRG,2016-12-31,net_income,0.3466,SEC
EVRG,2017-12-31,net_income,0.3239,SEC
EVRG,2018-12-31,net_income,0.5358,SEC
EVRG,2019-12-31,net_income,0.6699,SEC
EVRG,2020-12-31,net_income,0.6183,SEC
EVRG,2021-12-31,net_income,0.8797,SEC
EVRG,2022-12-31,net_income,0.7527,SEC
EVRG,2023-12-31,net_income,0.7313,SEC
EVRG,2024-12-31,net_income,0.8735,SEC
EVRG,2025-12-31,net_income,0.8556,SEC
EVRG,2016-12-31,operating_cf,0.8038,SEC
EVRG,2017-12-31,operating_cf,0.9127,SEC
EVRG,2018-12-31,operating_cf,1.4978,SEC
EVRG,2019-12-31,operating_cf,1.749,SEC
EVRG,2020-12-31,operating_cf,1.7538,SEC
EVRG,2021-12-31,operating_cf,1.3517,SEC
EVRG,2022-12-31,operating_cf,1.8019,SEC
EVRG,2023-12-31,operating_cf,1.9802,SEC
EVRG,2024-12-31,operating_cf,1.9837,SEC
EVRG,2025-12-31,operating_cf,2.0452,SEC
EVRG,2016-12-31,price,56.349998474121094,Yahoo
EVRG,2017-12-31,price,52.79999923706055,Yahoo
EVRG,2018-12-31,price,56.77000045776367,Yahoo
EVRG,2019-12-31,price,65.08999633789062,Yahoo
EVRG,2020-12-31,price,55.5099983215332,Yahoo
EVRG,2021-12-31,price,68.61000061035156,Yahoo
EVRG,2022-12-31,price,62.93000030517578,Yahoo
EVRG,2023-12-31,price,52.20000076293945,Yahoo
EVRG,2024-12-31,price,61.54999923706055,Yahoo
EVRG,2025-12-31,price,72.48999786376953,Yahoo
EVRG,2016-12-31,revenue,2.5621,SEC
EVRG,2017-12-31,revenue,2.571,SEC
EVRG,2018-12-31,revenue,4.2759,SEC
EVRG,2019-12-31,revenue,5.1478,SEC
EVRG,2020-12-31,revenue,4.9134,SEC
EVRG,2021-12-31,revenue,5.5867,SEC
EVRG,2022-12-31,revenue,5.8591,SEC
EVRG,2023-12-31,revenue,5.5082,SEC
EVRG,2024-12-31,revenue,5.8473,SEC
EVRG,2025-12-31,revenue,5.9616,SEC
EVRG,2017-12-31,short_term_debt,0.2757,SEC
EVRG,2018-12-31,short_term_debt,1.444,SEC
EVRG,2019-12-31,short_term_debt,0.813,SEC
EVRG,2020-12-31,short_term_debt,0.7514,SEC
EVRG,2021-12-31,short_term_debt,1.5486,SEC
EVRG,2022-12-31,short_term_debt,1.7714,SEC
EVRG,2023-12-31,short_term_debt,1.7518,SEC
EVRG,2024-12-31,short_term_debt,1.8593,SEC
EVRG,2025-12-31,short_term_debt,1.761,SEC
EVRG,2017-12-31,total_debt,3.9633,SEC
EVRG,2018-12-31,total_debt,8.0803,SEC
EVRG,2019-12-31,total_debt,9.5597,SEC
EVRG,2020-12-31,total_debt,9.9423,SEC
EVRG,2021-12-31,total_debt,10.8465,SEC
EVRG,2022-12-31,total_debt,11.6771,SEC
EVRG,2023-12-31,total_debt,12.8051,SEC
EVRG,2024-12-31,total_debt,13.6685,SEC
EVRG,2025-12-31,total_debt,14.8002,SEC
EXC,2016-12-31,capex,-8.553,SEC
EXC,2017-12-31,capex,-7.584,SEC
EXC,2018-12-31,capex,-7.594,SEC
EXC,2019-12-31,capex,-7.248,SEC
EXC,2020-12-31,capex,-8.048,SEC
EXC,2021-12-31,capex,-7.981,SEC
EXC,2022-12-31,capex,-7.147,SEC
EXC,2023-12-31,capex,-7.408,SEC
EXC,2024-12-31,capex,-7.097,SEC
EXC,2025-12-31,capex,-8.529,SEC
EXC,2016-12-31,cash,0.635,SEC
EXC,2017-12-31,cash,0.898,SEC
EXC,2018-12-31,cash,1.349,SEC
EXC,2019-12-31,cash,0.587,SEC
EXC,2020-12-31,cash,0.432,SEC
EXC,2021-12-31,cash,0.672,SEC
EXC,2022-12-31,cash,0.407,SEC
EXC,2023-12-31,cash,0.445,SEC
EXC,2024-12-31,cash,0.357,SEC
EXC,2025-12-31,cash,0.626,SEC
EXC,2016-12-31,ebitda,7.148,SEC
EXC,2017-12-31,ebitda,8.216,SEC
EXC,2018-12-31,ebitda,8.244,SEC
EXC,2019-12-31,ebitda,8.626,SEC
EXC,2020-12-31,ebitda,5.082,SEC
EXC,2021-12-31,ebitda,5.715,SEC
EXC,2022-12-31,ebitda,6.64,SEC
EXC,2023-12-31,ebitda,7.529,SEC
EXC,2024-12-31,ebitda,7.915,SEC
EXC,2025-12-31,ebitda,8.791,SEC
EXC,2016-12-31,eps,1.21,SEC
EXC,2017-12-31,eps,3.98,SEC
EXC,2018-12-31,eps,2.07,SEC
EXC,2019-12-31,eps,3.01,SEC
EXC,2020-12-31,eps,2.01,SEC
EXC,2021-12-31,eps,1.74,SEC
EXC,2022-12-31,eps,2.08,Yahoo
EXC,2023-12-31,eps,2.33033,Yahoo
EXC,2024-12-31,eps,2.447649,Yahoo
EXC,2025-12-31,eps,2.707353,Yahoo
EXC,2016-12-31,fcff_before_growth,5.70605,SEC
EXC,2017-12-31,fcff_before_growth,4.85596,SEC
EXC,2018-12-31,fcff_before_growth,5.49891,SEC
EXC,2019-12-31,fcff_before_growth,3.66389,SEC
EXC,2020-12-31,fcff_before_growth,2.6159,SEC
EXC,2021-12-31,fcff_before_growth,-0.021,SEC
EXC,2022-12-31,fcff_before_growth,1.545,SEC
EXC,2023-12-31,fcff_before_growth,1.197,SEC
EXC,2024-12-31,fcff_before_growth,1.973,SEC
EXC,2025-12-31,fcff_before_growth,2.611,SEC
EXC,2016-12-31,free_cf,-0.092,SEC
EXC,2017-12-31,free_cf,-0.104,SEC
EXC,2018-12-31,free_cf,1.05,SEC
EXC,2019-12-31,free_cf,-0.589,SEC
EXC,2020-12-31,free_cf,-3.813,SEC
EXC,2021-12-31,free_cf,-4.969,SEC
EXC,2022-12-31,free_cf,-2.277,SEC
EXC,2023-12-31,free_cf,-2.705,SEC
EXC,2024-12-31,free_cf,-1.528,SEC
EXC,2025-12-31,free_cf,-2.275,SEC
EXC,2016-12-31,long_term_debt,31.575,SEC
EXC,2017-12-31,long_term_debt,32.176,SEC
EXC,2018-12-31,long_term_debt,34.075,SEC
EXC,2019-12-31,long_term_debt,31.329,SEC
EXC,2020-12-31,long_term_debt,35.093,SEC
EXC,2021-12-31,long_term_debt,30.749,SEC
EXC,2022-12-31,long_term_debt,35.272,SEC
EXC,2023-12-31,long_term_debt,39.876,SEC
EXC,2024-12-31,long_term_debt,43.215,SEC
EXC,2025-12-31,long_term_debt,47.763,SEC
EXC,2016-12-31,market_cap,23.465926946640014,Yahoo price x SEC shares
EXC,2017-12-31,market_cap,26.676240343093873,Yahoo price x SEC shares
EXC,2018-12-31,market_cap,31.171112880706787,Yahoo price x SEC shares
EXC,2019-12-31,market_cap,31.67237003326416,Yahoo price x SEC shares
EXC,2020-12-31,market_cap,29.421497575759886,Yahoo price x SEC shares
EXC,2021-12-31,market_cap,40.374322204589845,Yahoo price x SEC shares
EXC,2022-12-31,market_cap,42.66800954818726,Yahoo price x SEC shares
EXC,2023-12-31,market_cap,35.79230152130127,Yahoo price x SEC shares
EXC,2024-12-31,market_cap,37.752919387817386,Yahoo price x SEC shares
EXC,2025-12-31,market_cap,44.113080154418945,Yahoo price x SEC shares
EXC,2016-12-31,net_debt,34.637,SEC
EXC,2017-12-31,net_debt,34.294999999999995,SEC
EXC,2018-12-31,net_debt,34.789,SEC
EXC,2019-12-31,net_debt,27.402,SEC
EXC,2020-12-31,net_debt,38.510999999999996,SEC
EXC,2021-12-31,net_debt,33.478,SEC
EXC,2022-12-31,net_debt,39.253,SEC
EXC,2023-12-31,net_debt,43.357,SEC
EXC,2024-12-31,net_debt,46.17,SEC
EXC,2025-12-31,net_debt,49.414,SEC
EXC,2016-12-31,net_income,1.121,SEC
EXC,2017-12-31,net_income,3.779,SEC
EXC,2018-12-31,net_income,2.005,SEC
EXC,2019-12-31,net_income,2.936,SEC
EXC,2020-12-31,net_income,1.963,SEC
EXC,2021-12-31,net_income,1.706,SEC
EXC,2022-12-31,net_income,2.17,SEC
EXC,2023-12-31,net_income,2.328,SEC
EXC,2024-12-31,net_income,2.46,SEC
EXC,2025-12-31,net_income,2.768,SEC
EXC,2016-12-31,operating_cf,8.461,SEC
EXC,2017-12-31,operating_cf,7.48,SEC
EXC,2018-12-31,operating_cf,8.644,SEC
EXC,2019-12-31,operating_cf,6.659,SEC
EXC,2020-12-31,operating_cf,4.235,SEC
EXC,2021-12-31,operating_cf,3.012,SEC
EXC,2022-12-31,operating_cf,4.87,SEC
EXC,2023-12-31,operating_cf,4.703,SEC
EXC,2024-12-31,operating_cf,5.569,SEC
EXC,2025-12-31,operating_cf,6.254,SEC
EXC,2016-12-31,price,25.3138370513916,Yahoo
EXC,2017-12-31,price,28.10984230041504,Yahoo
EXC,2018-12-31,price,32.168331146240234,Yahoo
EXC,2019-12-31,price,32.5178337097168,Yahoo
EXC,2020-12-31,price,30.11412239074707,Yahoo
EXC,2021-12-31,price,41.19828796386719,Yahoo
EXC,2022-12-31,price,43.22999954223633,Yahoo
EXC,2023-12-31,price,35.900001525878906,Yahoo
EXC,2024-12-31,price,37.63999938964844,Yahoo
EXC,2025-12-31,price,43.59000015258789,Yahoo
EXC,2016-12-31,revenue,31.366,SEC
EXC,2017-12-31,revenue,33.558,SEC
EXC,2018-12-31,revenue,35.978,SEC
EXC,2019-12-31,revenue,34.438,SEC
EXC,2020-12-31,revenue,16.663,SEC
EXC,2021-12-31,revenue,17.938,SEC
EXC,2022-12-31,revenue,19.078,SEC
EXC,2023-12-31,revenue,21.727,SEC
EXC,2024-12-31,revenue,23.028,SEC
EXC,2025-12-31,revenue,24.258,SEC
EXC,2016-12-31,short_term_debt,3.697,SEC
EXC,2017-12-31,short_term_debt,3.017,SEC
EXC,2018-12-31,short_term_debt,2.063,SEC
EXC,2019-12-31,short_term_debt,-3.34,SEC
EXC,2020-12-31,short_term_debt,3.85,SEC
EXC,2021-12-31,short_term_debt,3.401,SEC
EXC,2022-12-31,short_term_debt,4.388,SEC
EXC,2023-12-31,short_term_debt,3.926,SEC
EXC,2024-12-31,short_term_debt,3.312,SEC
EXC,2025-12-31,short_term_debt,2.277,SEC
EXC,2016-12-31,total_debt,35.272,SEC
EXC,2017-12-31,total_debt,35.193,SEC
EXC,2018-12-31,total_debt,36.138,SEC
EXC,2019-12-31,total_debt,27.989,SEC
EXC,2020-12-31,total_debt,38.943,SEC
EXC,2021-12-31,total_debt,34.15,SEC
EXC,2022-12-31,total_debt,39.66,SEC
EXC,2023-12-31,total_debt,43.802,SEC
EXC,2024-12-31,total_debt,46.527,SEC
EXC,2025-12-31,total_debt,50.04,SEC
FE,2016-12-31,capex,-2.835,SEC
FE,2017-12-31,capex,-2.587,SEC
FE,2018-12-31,capex,-2.675,SEC
FE,2019-12-31,capex,-2.665,SEC
FE,2020-12-31,capex,-2.657,SEC
FE,2021-12-31,capex,-2.487,SEC
FE,2022-12-31,capex,-2.848,SEC
FE,2023-12-31,capex,-3.356,SEC
FE,2024-12-31,capex,-4.03,SEC
FE,2025-12-31,capex,-4.705,SEC
FE,2016-12-31,cash,0.199,SEC
FE,2017-12-31,cash,0.588,SEC
FE,2018-12-31,cash,0.367,SEC
FE,2019-12-31,cash,0.627,SEC
FE,2020-12-31,cash,1.734,SEC
FE,2021-12-31,cash,1.462,SEC
FE,2022-12-31,cash,0.16,SEC
FE,2023-12-31,cash,0.137,SEC
FE,2024-12-31,cash,0.111,SEC
FE,2025-12-31,cash,0.057,SEC
FE,2016-12-31,ebitda,4.028,SEC
FE,2017-12-31,ebitda,4.128,SEC
FE,2018-12-31,ebitda,3.886,SEC
FE,2019-12-31,ebitda,3.727,SEC
FE,2020-12-31,ebitda,3.361,SEC
FE,2021-12-31,ebitda,3.39,SEC
FE,2022-12-31,ebitda,3.227,SEC
FE,2023-12-31,ebitda,3.727,SEC
FE,2024-12-31,ebitda,3.956,SEC
FE,2025-12-31,ebitda,3.87,SEC
FE,2016-12-31,eps,-14.49,SEC
FE,2017-12-31,eps,-3.88,SEC
FE,2018-12-31,eps,1.99,SEC
FE,2019-12-31,eps,1.68,SEC
FE,2020-12-31,eps,1.99,SEC
FE,2021-12-31,eps,2.35,SEC
FE,2022-12-31,eps,0.71,SEC
FE,2023-12-31,eps,1.92,SEC
FE,2024-12-31,eps,1.7,SEC
FE,2025-12-31,eps,1.76,SEC
FE,2016-12-31,fcff_before_growth,2.17767,SEC
FE,2017-12-31,fcff_before_growth,2.90195,SEC
FE,2018-12-31,fcff_before_growth,0.90764,SEC
FE,2019-12-31,fcff_before_growth,2.06607,SEC
FE,2020-12-31,fcff_before_growth,1.06535,SEC
FE,2021-12-31,fcff_before_growth,2.04681,SEC
FE,2022-12-31,fcff_before_growth,2.18681,SEC
FE,2023-12-31,fcff_before_growth,0.81396,SEC
FE,2024-12-31,fcff_before_growth,1.31,SEC
FE,2025-12-31,fcff_before_growth,2.036,SEC
FE,2016-12-31,free_cf,0.548,SEC
FE,2017-12-31,free_cf,1.221,SEC
FE,2018-12-31,free_cf,-1.265,SEC
FE,2019-12-31,free_cf,-0.198,SEC
FE,2020-12-31,free_cf,-1.234,SEC
FE,2021-12-31,free_cf,0.324,SEC
FE,2022-12-31,free_cf,-0.165,SEC
FE,2023-12-31,free_cf,-1.969,SEC
FE,2024-12-31,free_cf,-1.139,SEC
FE,2025-12-31,free_cf,-1.005,SEC
FE,2016-12-31,long_term_debt,18.192,SEC
FE,2017-12-31,long_term_debt,18.687,SEC
FE,2018-12-31,long_term_debt,17.751,SEC
FE,2019-12-31,long_term_debt,19.618,SEC
FE,2020-12-31,long_term_debt,22.131,SEC
FE,2021-12-31,long_term_debt,22.248,SEC
FE,2022-12-31,long_term_debt,21.203,SEC
FE,2023-12-31,long_term_debt,22.885,SEC
FE,2024-12-31,long_term_debt,22.496,SEC
FE,2025-12-31,long_term_debt,25.508,SEC
FE,2016-12-31,market_cap,13.193219707489014,Yahoo price x SEC shares
FE,2017-12-31,market_cap,13.595280372619628,Yahoo price x SEC shares
FE,2018-12-31,market_cap,18.54969962310791,Yahoo price x SEC shares
FE,2019-12-31,market_cap,26.34119917297363,Yahoo price x SEC shares
FE,2020-12-31,market_cap,16.621230331420897,Yahoo price x SEC shares
FE,2021-12-31,market_cap,22.708140083312987,Yahoo price x SEC shares
FE,2022-12-31,market_cap,23.98967921447754,Yahoo price x SEC shares
FE,2023-12-31,market_cap,21.04283991241455,Yahoo price x SEC shares
FE,2024-12-31,market_cap,22.953059295654295,Yahoo price x SEC shares
FE,2025-12-31,market_cap,25.877060264587403,Yahoo price x SEC shares
FE,2016-12-31,net_debt,22.352999999999998,SEC
FE,2017-12-31,net_debt,18.957,SEC
FE,2018-12-31,net_debt,19.137,SEC
FE,2019-12-31,net_debt,20.371000000000002,SEC
FE,2020-12-31,net_debt,22.743000000000002,SEC
FE,2021-12-31,net_debt,22.392,SEC
FE,2022-12-31,net_debt,21.494,SEC
FE,2023-12-31,net_debt,24.773,SEC
FE,2024-12-31,net_debt,23.912,SEC
FE,2025-12-31,net_debt,26.499000000000002,SEC
FE,2016-12-31,net_income,-6.177,SEC
FE,2017-12-31,net_income,-1.724,SEC
FE,2018-12-31,net_income,1.348,SEC
FE,2019-12-31,net_income,0.912,SEC
FE,2020-12-31,net_income,1.079,SEC
FE,2021-12-31,net_income,1.283,SEC
FE,2022-12-31,net_income,0.406,SEC
FE,2023-12-31,net_income,1.102,SEC
FE,2024-12-31,net_income,0.978,SEC
FE,2025-12-31,net_income,1.02,SEC
FE,2016-12-31,operating_cf,3.383,SEC
FE,2017-12-31,operating_cf,3.808,SEC
FE,2018-12-31,operating_cf,1.41,SEC
FE,2019-12-31,operating_cf,2.467,SEC
FE,2020-12-31,operating_cf,1.423,SEC
FE,2021-12-31,operating_cf,2.811,SEC
FE,2022-12-31,operating_cf,2.683,SEC
FE,2023-12-31,operating_cf,1.387,SEC
FE,2024-12-31,operating_cf,2.891,SEC
FE,2025-12-31,operating_cf,3.7,SEC
FE,2016-12-31,price,30.969999313354492,Yahoo
FE,2017-12-31,price,30.6200008392334,Yahoo
FE,2018-12-31,price,37.54999923706055,Yahoo
FE,2019-12-31,price,48.599998474121094,Yahoo
FE,2020-12-31,price,30.610000610351562,Yahoo
FE,2021-12-31,price,41.59000015258789,Yahoo
FE,2022-12-31,price,41.939998626708984,Yahoo
FE,2023-12-31,price,36.65999984741211,Yahoo
FE,2024-12-31,price,39.779998779296875,Yahoo
FE,2025-12-31,price,44.77000045776367,Yahoo
FE,2016-12-31,revenue,14.562,SEC
FE,2017-12-31,revenue,14.017,SEC
FE,2018-12-31,revenue,11.261,SEC
FE,2019-12-31,revenue,11.035,SEC
FE,2020-12-31,revenue,10.79,SEC
FE,2021-12-31,revenue,11.132,SEC
FE,2022-12-31,revenue,12.459,SEC
FE,2023-12-31,revenue,12.87,SEC
FE,2024-12-31,revenue,13.472,SEC
FE,2025-12-31,revenue,15.09,SEC
FE,2016-12-31,short_term_debt,4.36,SEC
FE,2017-12-31,short_term_debt,0.858,SEC
FE,2018-12-31,short_term_debt,1.753,SEC
FE,2019-12-31,short_term_debt,1.38,SEC
FE,2020-12-31,short_term_debt,2.346,SEC
FE,2021-12-31,short_term_debt,1.606,SEC
FE,2022-12-31,short_term_debt,0.451,SEC
FE,2023-12-31,short_term_debt,2.025,SEC
FE,2024-12-31,short_term_debt,1.527,SEC
FE,2025-12-31,short_term_debt,1.048,SEC
FE,2016-12-31,total_debt,22.552,SEC
FE,2017-12-31,total_debt,19.545,SEC
FE,2018-12-31,total_debt,19.504,SEC
FE,2019-12-31,total_debt,20.998,SEC
FE,2020-12-31,total_debt,24.477,SEC
FE,2021-12-31,total_debt,23.854,SEC
FE,2022-12-31,total_debt,21.654,SEC
FE,2023-12-31,total_debt,24.91,SEC
FE,2024-12-31,total_debt,24.023,SEC
FE,2025-12-31,total_debt,26.556,SEC
FLNC,2020-09-30,capex,-0.00178,SEC
FLNC,2021-09-30,capex,-0.004292,SEC
FLNC,2022-09-30,capex,-0.007934,SEC
FLNC,2023-09-30,capex,-0.002989,SEC
FLNC,2024-09-30,capex,-0.008115,SEC
FLNC,2025-09-30,capex,-0.014884,SEC
FLNC,2020-09-30,cash,0.095051,SEC
FLNC,2021-09-30,cash,0.036829,SEC
FLNC,2022-09-30,cash,0.357296,SEC
FLNC,2023-09-30,cash,0.345896,SEC
FLNC,2024-09-30,cash,0.448685,SEC
FLNC,2025-09-30,cash,0.690768,SEC
FLNC,2022-09-30,ebitda,-0.276413,Yahoo
FLNC,2023-09-30,ebitda,-0.101944,Yahoo
FLNC,2024-09-30,ebitda,0.041103,Yahoo
FLNC,2025-09-30,ebitda,-0.016994,Yahoo
FLNC,2022-09-30,eps,-1.5,SEC
FLNC,2023-09-30,eps,-0.6,SEC
FLNC,2024-09-30,eps,0.13,SEC
FLNC,2025-09-30,eps,-0.37,SEC
FLNC,2020-09-30,fcff_before_growth,-0.01693288,SEC
FLNC,2021-09-30,fcff_before_growth,-0.26924735,SEC
FLNC,2022-09-30,fcff_before_growth,-0.28789878,SEC
FLNC,2023-09-30,fcff_before_growth,-0.120696,SEC
FLNC,2024-09-30,fcff_before_growth,0.068442,SEC
FLNC,2025-09-30,fcff_before_growth,-0.174486,SEC
FLNC,2020-09-30,free_cf,-0.015796,SEC
FLNC,2021-09-30,free_cf,-0.269561,SEC
FLNC,2022-09-30,free_cf,-0.290319,SEC
FLNC,2023-09-30,free_cf,-0.114916,SEC
FLNC,2024-09-30,free_cf,0.07157,SEC
FLNC,2025-09-30,free_cf,-0.160422,SEC
FLNC,2022-09-30,long_term_debt,0.0,SEC
FLNC,2023-09-30,long_term_debt,0.028024,SEC
FLNC,2024-09-30,long_term_debt,0.0,SEC
FLNC,2025-09-30,long_term_debt,0.390804,Yahoo
FLNC,2022-09-30,market_cap,1.0171280584975204,Yahoo price x SEC shares
FLNC,2023-09-30,market_cap,2.67715333332703,Yahoo price x SEC shares
FLNC,2024-09-30,market_cap,4.179430866231079,Yahoo price x SEC shares
FLNC,2025-09-30,market_cap,1.4073173744541188,Yahoo price x SEC shares
FLNC,2022-09-30,net_debt,-0.357296,SEC
FLNC,2023-09-30,net_debt,-0.29533299999999996,SEC
FLNC,2024-09-30,net_debt,-0.418325,SEC
FLNC,2025-09-30,net_debt,-0.299964,Yahoo
FLNC,2020-09-30,net_income,-0.04671,SEC
FLNC,2021-09-30,net_income,-0.162003,SEC
FLNC,2022-09-30,net_income,-0.104485,SEC
FLNC,2023-09-30,net_income,-0.06962,SEC
FLNC,2024-09-30,net_income,0.022716,SEC
FLNC,2025-09-30,net_income,-0.048314,SEC
FLNC,2020-09-30,operating_cf,-0.014016,SEC
FLNC,2021-09-30,operating_cf,-0.265269,SEC
FLNC,2022-09-30,operating_cf,-0.282385,SEC
FLNC,2023-09-30,operating_cf,-0.111927,SEC
FLNC,2024-09-30,operating_cf,0.079685,SEC
FLNC,2025-09-30,operating_cf,-0.145538,SEC
FLNC,2022-09-30,price,14.59000015258789,Yahoo
FLNC,2023-09-30,price,22.989999771118164,Yahoo
FLNC,2024-09-30,price,22.709999084472656,Yahoo
FLNC,2025-09-30,price,10.800000190734863,Yahoo
FLNC,2020-09-30,revenue,0.561323,SEC
FLNC,2021-09-30,revenue,0.680766,SEC
FLNC,2022-09-30,revenue,1.198603,SEC
FLNC,2023-09-30,revenue,2.217978,SEC
FLNC,2024-09-30,revenue,2.698562,SEC
FLNC,2025-09-30,revenue,2.26283,SEC
FLNC,2021-09-30,short_term_debt,0.1,Yahoo
FLNC,2022-09-30,short_term_debt,0.0,SEC
FLNC,2023-09-30,short_term_debt,0.022539,SEC
FLNC,2024-09-30,short_term_debt,0.03036,SEC
FLNC,2025-09-30,short_term_debt,0.0,SEC
FLNC,2022-09-30,total_debt,0.0,SEC
FLNC,2023-09-30,total_debt,0.050563,SEC
FLNC,2024-09-30,total_debt,0.03036,SEC
FLNC,2025-09-30,total_debt,0.390804,Yahoo
FRVO,2024-12-31,capex,-0.178693,Yahoo
FRVO,2025-12-31,capex,-0.465659,Yahoo
FRVO,2024-12-31,cash,0.193428,Yahoo
FRVO,2025-12-31,cash,0.461836,Yahoo
FRVO,2024-12-31,ebitda,-0.040164,Yahoo
FRVO,2025-12-31,ebitda,-0.049091,Yahoo
FRVO,2024-12-31,eps,-0.144977,Yahoo
FRVO,2025-12-31,eps,-0.203793,Yahoo
FRVO,2024-12-31,fcff_before_growth,-0.05426686,Yahoo
FRVO,2025-12-31,fcff_before_growth,-0.02540626,Yahoo
FRVO,2024-12-31,free_cf,-0.2334409999999999,Yahoo
FRVO,2025-12-31,free_cf,-0.4974159999999999,Yahoo
FRVO,2024-12-31,long_term_debt,0.07987,Yahoo
FRVO,2025-12-31,long_term_debt,0.245476,Yahoo
FRVO,2024-12-31,net_debt,-0.11163,Yahoo
FRVO,2025-12-31,net_debt,-0.211538,Yahoo
FRVO,2024-12-31,net_income,-0.04111,Yahoo
FRVO,2025-12-31,net_income,-0.057788,Yahoo
FRVO,2024-12-31,operating_cf,-0.054748,Yahoo
FRVO,2025-12-31,operating_cf,-0.031757,Yahoo
FRVO,2024-12-31,revenue,0.000199,Yahoo
FRVO,2025-12-31,revenue,0.000138,Yahoo
FRVO,2024-12-31,short_term_debt,0.001928,Yahoo
FRVO,2025-12-31,short_term_debt,0.004822,Yahoo
FRVO,2024-12-31,total_debt,0.081798,Yahoo
FRVO,2025-12-31,total_debt,0.250298,Yahoo
FTS,2016-12-31,capex,-1.3509789905548095,SEC
FTS,2017-12-31,capex,-1.987606642484665,SEC
FTS,2018-12-31,capex,-2.1423474369049074,SEC
FTS,2019-12-31,capex,-2.4723198158740995,SEC
FTS,2020-12-31,capex,-2.7252750871181486,SEC
FTS,2021-12-31,capex,-2.253280335187912,SEC
FTS,2022-12-31,capex,-2.534498765230179,SEC
FTS,2023-12-31,capex,-2.816423774242401,SEC
FTS,2024-12-31,capex,-3.541373797416687,SEC
FTS,2025-12-31,capex,-4.19849223947525,SEC
FTS,2016-12-31,cash,0.19006974291801454,SEC
FTS,2017-12-31,cash,0.23105132317543028,SEC
FTS,2018-12-31,cash,0.2345842180252075,SEC
FTS,2019-12-31,cash,0.2614342188835144,SEC
FTS,2020-12-31,cash,0.17593816351890565,SEC
FTS,2021-12-31,cash,0.0925618450641632,SEC
FTS,2022-12-31,cash,0.14767500472068787,SEC
FTS,2023-12-31,cash,0.4416118562221527,SEC
FTS,2024-12-31,cash,0.15544737339019776,SEC
FTS,2025-12-31,cash,0.2593144819736481,SEC
FTS,2016-12-31,ebitda,1.7424237399101257,SEC
FTS,2017-12-31,ebitda,2.6072763991355896,SEC
FTS,2018-12-31,ebitda,2.549336923599243,SEC
FTS,2019-12-31,ebitda,3.10046852016449,SEC
FTS,2020-12-31,ebitda,2.781094825744629,SEC
FTS,2021-12-31,ebitda,2.807944826602936,SEC
FTS,2022-12-31,ebitda,3.1146000995635985,SEC
FTS,2023-12-31,ebitda,3.431854057073593,SEC
FTS,2024-12-31,ebitda,3.687635644197464,SEC
FTS,2025-12-31,ebitda,3.920806704282761,SEC
FTS,2016-12-31,eps,1.3354342532157897,SEC
FTS,2017-12-31,eps,1.6321974205970764,SEC
FTS,2018-12-31,eps,1.8300395321846008,SEC
FTS,2019-12-31,eps,2.6708685064315794,SEC
FTS,2020-12-31,eps,1.8371053218841553,SEC
FTS,2021-12-31,eps,1.8441711115837096,SEC
FTS,2022-12-31,eps,1.964289536476135,SEC
FTS,2023-12-31,eps,2.1903948068618777,SEC
FTS,2024-12-31,eps,2.2893158626556396,SEC
FTS,2025-12-31,eps,2.4023684978485105,SEC
FTS,2016-12-31,fcff_before_growth,1.0150854798173905,SEC
FTS,2017-12-31,fcff_before_growth,1.6244674466657638,SEC
FTS,2018-12-31,fcff_before_growth,1.5053382323312758,SEC
FTS,2019-12-31,fcff_before_growth,1.5054724823355674,SEC
FTS,2020-12-31,fcff_before_growth,1.4811167052412033,SEC
FTS,2021-12-31,fcff_before_growth,1.5504956943011283,SEC
FTS,2022-12-31,fcff_before_growth,1.6085835514211655,SEC
FTS,2023-12-31,fcff_before_growth,1.9805055238366127,SEC
FTS,2024-12-31,fcff_before_growth,1.3813618862628936,SEC
FTS,2025-12-31,fcff_before_growth,1.416690834760666,SEC
FTS,2016-12-31,free_cf,-0.01978421115875244,SEC
FTS,2017-12-31,free_cf,-0.040275001287460324,SEC
FTS,2018-12-31,free_cf,-0.3024157991409302,SEC
FTS,2019-12-31,free_cf,-0.5907000188827515,SEC
FTS,2020-12-31,free_cf,-0.8168052892684936,SEC
FTS,2021-12-31,free_cf,-0.1992552695274353,SEC
FTS,2022-12-31,free_cf,-0.36247501158714296,SEC
FTS,2023-12-31,free_cf,-0.31160132575035093,SEC
FTS,2024-12-31,free_cf,-0.7984342360496521,SEC
FTS,2025-12-31,free_cf,-1.3283684635162354,SEC
FTS,2016-12-31,long_term_debt,14.708854417562485,SEC
FTS,2017-12-31,long_term_debt,14.619825467348099,SEC
FTS,2018-12-31,long_term_debt,16.363662365198135,SEC
FTS,2019-12-31,long_term_debt,15.192154433012009,SEC
FTS,2020-12-31,long_term_debt,16.331159732580186,SEC
FTS,2021-12-31,long_term_debt,16.75086764073372,SEC
FTS,2022-12-31,long_term_debt,18.322299269914627,SEC
FTS,2023-12-31,long_term_debt,19.243678246736525,SEC
FTS,2024-12-31,long_term_debt,22.062221757888793,SEC
FTS,2025-12-31,long_term_debt,21.708225693941117,SEC
FTS,2016-12-31,net_debt,15.512234706401825,SEC
FTS,2017-12-31,net_debt,15.034587322711944,SEC
FTS,2018-12-31,net_debt,16.825765011548995,SEC
FTS,2019-12-31,net_debt,15.780028136014938,SEC
FTS,2020-12-31,net_debt,17.134540021419525,SEC
FTS,2021-12-31,net_debt,17.983141364336014,SEC
FTS,2022-12-31,net_debt,20.106411169052123,SEC
FTS,2023-12-31,net_debt,20.50845460295677,SEC
FTS,2024-12-31,net_debt,23.382111273765563,SEC
FTS,2025-12-31,net_debt,23.96291918706894,SEC
FTS,2016-12-31,net_income,0.41334869742393493,SEC
FTS,2017-12-31,net_income,0.6804355480670929,SEC
FTS,2018-12-31,net_income,0.7772368669509888,SEC
FTS,2019-12-31,net_income,1.1693881952762604,SEC
FTS,2020-12-31,net_income,0.8542539746761322,SEC
FTS,2021-12-31,net_income,0.869798712015152,SEC
FTS,2022-12-31,net_income,0.939750030040741,SEC
FTS,2023-12-31,net_income,1.0641079287528992,SEC
FTS,2024-12-31,net_income,1.1347658257484436,SEC
FTS,2025-12-31,net_income,1.2110763545036316,SEC
FTS,2016-12-31,operating_cf,1.3311947793960572,SEC
FTS,2017-12-31,operating_cf,1.9473316411972046,SEC
FTS,2018-12-31,operating_cf,1.839931637763977,SEC
FTS,2019-12-31,operating_cf,1.8816197969913482,SEC
FTS,2020-12-31,operating_cf,1.9084697978496552,SEC
FTS,2021-12-31,operating_cf,2.054025065660477,SEC
FTS,2022-12-31,operating_cf,2.172023753643036,SEC
FTS,2023-12-31,operating_cf,2.50482244849205,SEC
FTS,2024-12-31,operating_cf,2.742939561367035,SEC
FTS,2025-12-31,operating_cf,2.870123775959015,SEC
FTS,2016-12-31,price,30.8799991607666,Yahoo
FTS,2017-12-31,price,36.66999816894531,Yahoo
FTS,2018-12-31,price,33.36000061035156,Yahoo
FTS,2019-12-31,price,41.52000045776367,Yahoo
FTS,2020-12-31,price,40.81999969482422,Yahoo
FTS,2021-12-31,price,48.27000045776367,Yahoo
FTS,2022-12-31,price,40.040000915527344,Yahoo
FTS,2023-12-31,price,41.130001068115234,Yahoo
FTS,2024-12-31,price,41.56999969482422,Yahoo
FTS,2025-12-31,price,51.939998626708984,Yahoo
FTS,2016-12-31,revenue,4.831586996555329,SEC
FTS,2017-12-31,revenue,5.865312029600143,SEC
FTS,2018-12-31,revenue,5.928197557926178,SEC
FTS,2019-12-31,revenue,6.2058830931186675,SEC
FTS,2020-12-31,revenue,6.313283096551896,SEC
FTS,2021-12-31,revenue,6.675758108139038,SEC
FTS,2022-12-31,revenue,7.802751565217972,SEC
FTS,2023-12-31,revenue,8.137669996976852,SEC
FTS,2024-12-31,revenue,8.131310786247253,SEC
FTS,2025-12-31,revenue,8.599066064357757,SEC
FTS,2016-12-31,short_term_debt,0.9934500317573547,SEC
FTS,2017-12-31,short_term_debt,0.6458131785392761,SEC
FTS,2018-12-31,short_term_debt,0.6966868643760681,SEC
FTS,2019-12-31,short_term_debt,0.8493079218864441,SEC
FTS,2020-12-31,short_term_debt,0.9793184523582459,SEC
FTS,2021-12-31,short_term_debt,1.3248355686664581,SEC
FTS,2022-12-31,short_term_debt,1.9317869038581847,SEC
FTS,2023-12-31,short_term_debt,1.7063882124423981,SEC
FTS,2024-12-31,short_term_debt,1.4753368892669678,SEC
FTS,2025-12-31,short_term_debt,2.514007975101471,SEC
FTS,2016-12-31,total_debt,15.70230444931984,SEC
FTS,2017-12-31,total_debt,15.265638645887375,SEC
FTS,2018-12-31,total_debt,17.060349229574204,SEC
FTS,2019-12-31,total_debt,16.041462354898453,SEC
FTS,2020-12-31,total_debt,17.310478184938432,SEC
FTS,2021-12-31,total_debt,18.075703209400178,SEC
FTS,2022-12-31,total_debt,20.254086173772812,SEC
FTS,2023-12-31,total_debt,20.950066459178924,SEC
FTS,2024-12-31,total_debt,23.537558647155763,SEC
FTS,2025-12-31,total_debt,24.222233669042588,SEC
GNE,2016-12-31,capex,-0.000586,SEC
GNE,2017-12-31,capex,-0.003292,SEC
GNE,2018-12-31,capex,-0.000584,SEC
GNE,2022-12-31,capex,-0.001019,Yahoo
GNE,2023-12-31,capex,-0.009028,Yahoo
GNE,2024-12-31,capex,-0.00804,Yahoo
GNE,2025-12-31,capex,-0.008174,Yahoo
GNE,2016-12-31,cash,0.035192,SEC
GNE,2017-12-31,cash,0.029913,SEC
GNE,2018-12-31,cash,0.041601,SEC
GNE,2019-12-31,cash,0.031242,SEC
GNE,2020-12-31,cash,0.031902,SEC
GNE,2021-12-31,cash,0.093568,SEC
GNE,2022-12-31,cash,0.098571,SEC
GNE,2023-12-31,cash,0.159039,SEC
GNE,2024-12-31,cash,0.192829,SEC
GNE,2025-12-31,cash,0.203516,SEC
GNE,2016-12-31,ebitda,-0.029932,SEC
GNE,2017-12-31,ebitda,-0.003835,SEC
GNE,2018-12-31,ebitda,0.01404,SEC
GNE,2019-12-31,ebitda,0.013452,SEC
GNE,2020-12-31,ebitda,0.024834,SEC
GNE,2021-12-31,ebitda,0.024525,SEC
GNE,2022-12-31,ebitda,0.078139,SEC
GNE,2023-12-31,ebitda,0.05556,SEC
GNE,2024-12-31,ebitda,0.045786,SEC
GNE,2025-12-31,ebitda,0.028722,SEC
GNE,2016-12-31,eps,-1.14,SEC
GNE,2017-12-31,eps,-0.36,SEC
GNE,2018-12-31,eps,0.83,SEC
GNE,2019-12-31,eps,0.1,SEC
GNE,2020-12-31,eps,0.44,SEC
GNE,2021-12-31,eps,1.05,SEC
GNE,2022-12-31,eps,3.26,SEC
GNE,2023-12-31,eps,1.99,SEC
GNE,2024-12-31,eps,1.31,SEC
GNE,2025-12-31,eps,0.9,SEC
GNE,2016-12-31,fcff_before_growth,0.01498401,SEC
GNE,2017-12-31,fcff_before_growth,0.0074849,SEC
GNE,2018-12-31,fcff_before_growth,0.01762879,SEC
GNE,2019-12-31,fcff_before_growth,0.0125437,SEC
GNE,2020-12-31,fcff_before_growth,0.02041612,SEC
GNE,2021-12-31,fcff_before_growth,0.06828333,SEC
GNE,2022-12-31,fcff_before_growth,0.08040091,SEC
GNE,2023-12-31,fcff_before_growth,0.06209321,SEC
GNE,2024-12-31,fcff_before_growth,0.07022456,SEC
GNE,2025-12-31,fcff_before_growth,0.04533,SEC
GNE,2016-12-31,free_cf,0.014964,SEC
GNE,2017-12-31,free_cf,0.006088,SEC
GNE,2018-12-31,free_cf,0.01879,SEC
GNE,2022-12-31,free_cf,0.079665,Yahoo
GNE,2023-12-31,free_cf,0.05345,Yahoo
GNE,2024-12-31,free_cf,0.062702,Yahoo
GNE,2025-12-31,free_cf,0.038161,Yahoo
GNE,2024-12-31,long_term_debt,0.008668,SEC
GNE,2025-12-31,long_term_debt,0.006529,SEC
GNE,2016-12-31,market_cap,0.000131123,Yahoo price x SEC shares
GNE,2017-12-31,market_cap,0.10259516314172745,Yahoo price x SEC shares
GNE,2018-12-31,market_cap,0.00015494085539102554,Yahoo price x SEC shares
GNE,2019-12-31,market_cap,0.00021229672052383423,Yahoo price x SEC shares
GNE,2020-12-31,market_cap,0.1933217310228348,Yahoo price x SEC shares
GNE,2021-12-31,market_cap,0.1465801245174408,Yahoo price x SEC shares
GNE,2022-12-31,market_cap,0.27262444402313235,Yahoo price x SEC shares
GNE,2023-12-31,market_cap,0.7331240381278992,Yahoo price x SEC shares
GNE,2024-12-31,market_cap,0.4234711741447449,Yahoo price x SEC shares
GNE,2025-12-31,market_cap,0.36565229291439055,Yahoo price x SEC shares
GNE,2022-12-31,net_debt,-0.098321,Yahoo
GNE,2023-12-31,net_debt,-0.1072999999999999,Yahoo
GNE,2024-12-31,net_debt,-0.183804,SEC
GNE,2025-12-31,net_debt,-0.194848,SEC
GNE,2016-12-31,net_income,-0.024525,SEC
GNE,2017-12-31,net_income,-0.006994,SEC
GNE,2018-12-31,net_income,0.022785,SEC
GNE,2019-12-31,net_income,0.004175,SEC
GNE,2020-12-31,net_income,0.013155,SEC
GNE,2021-12-31,net_income,0.029214,SEC
GNE,2022-12-31,net_income,0.087805,SEC
GNE,2023-12-31,net_income,0.052243,SEC
GNE,2024-12-31,net_income,0.035509,SEC
GNE,2025-12-31,net_income,0.024006,SEC
GNE,2016-12-31,operating_cf,0.01555,SEC
GNE,2017-12-31,operating_cf,0.00938,SEC
GNE,2018-12-31,operating_cf,0.019374,SEC
GNE,2019-12-31,operating_cf,0.015752,SEC
GNE,2020-12-31,operating_cf,0.023119,SEC
GNE,2021-12-31,operating_cf,0.068382,SEC
GNE,2022-12-31,operating_cf,0.080684,SEC
GNE,2023-12-31,operating_cf,0.062478,SEC
GNE,2024-12-31,operating_cf,0.070742,SEC
GNE,2025-12-31,operating_cf,0.046335,SEC
GNE,2016-12-31,price,5.75,Yahoo
GNE,2017-12-31,price,4.360000133514404,Yahoo
GNE,2018-12-31,price,6.03000020980835,Yahoo
GNE,2019-12-31,price,7.730000019073486,Yahoo
GNE,2020-12-31,price,7.210000038146973,Yahoo
GNE,2021-12-31,price,5.570000171661377,Yahoo
GNE,2022-12-31,price,10.34000015258789,Yahoo
GNE,2023-12-31,price,28.1299991607666,Yahoo
GNE,2024-12-31,price,15.59000015258789,Yahoo
GNE,2025-12-31,price,13.779999732971191,Yahoo
GNE,2016-12-31,revenue,0.212112,SEC
GNE,2017-12-31,revenue,0.264202,SEC
GNE,2018-12-31,revenue,0.280309,SEC
GNE,2019-12-31,revenue,0.315291,SEC
GNE,2020-12-31,revenue,0.35693,SEC
GNE,2021-12-31,revenue,0.323269,SEC
GNE,2022-12-31,revenue,0.315539,SEC
GNE,2023-12-31,revenue,0.428708,SEC
GNE,2024-12-31,revenue,0.425202,SEC
GNE,2025-12-31,revenue,0.501971,SEC
GNE,2019-12-31,short_term_debt,0.002514,SEC
GNE,2022-12-31,short_term_debt,0.00025,Yahoo
GNE,2023-12-31,short_term_debt,0.000309,Yahoo
GNE,2024-12-31,short_term_debt,0.000357,SEC
GNE,2025-12-31,short_term_debt,0.002139,SEC
GNE,2022-12-31,total_debt,0.00025,Yahoo
GNE,2023-12-31,total_debt,0.000309,Yahoo
GNE,2024-12-31,total_debt,0.009025,SEC
GNE,2025-12-31,total_debt,0.008668,SEC
GWRS,2016-12-31,capex,-0.008588,SEC
GWRS,2017-12-31,capex,-0.020885,SEC
GWRS,2018-12-31,capex,-0.004787,SEC
GWRS,2019-12-31,capex,-0.011187,SEC
GWRS,2020-12-31,capex,-0.009131,SEC
GWRS,2021-12-31,capex,-0.01825,SEC
GWRS,2022-12-31,capex,-0.033984,SEC
GWRS,2023-12-31,capex,-0.022312,SEC
GWRS,2024-12-31,capex,-0.032324,SEC
GWRS,2025-12-31,capex,-0.067321,SEC
GWRS,2016-12-31,cash,0.020498,SEC
GWRS,2017-12-31,cash,0.005248,SEC
GWRS,2018-12-31,cash,0.012756,SEC
GWRS,2019-12-31,cash,0.007513,SEC
GWRS,2020-12-31,cash,0.018033,SEC
GWRS,2021-12-31,cash,0.012637,SEC
GWRS,2022-12-31,cash,0.006561,SEC
GWRS,2023-12-31,cash,0.003087,SEC
GWRS,2024-12-31,cash,0.009047,SEC
GWRS,2025-12-31,cash,0.00408,SEC
GWRS,2016-12-31,ebitda,0.012091,SEC
GWRS,2017-12-31,ebitda,0.014252,SEC
GWRS,2018-12-31,ebitda,0.016738,SEC
GWRS,2019-12-31,ebitda,0.015314,SEC
GWRS,2020-12-31,ebitda,0.016366,SEC
GWRS,2021-12-31,ebitda,0.016469,SEC
GWRS,2022-12-31,ebitda,0.017709,SEC
GWRS,2023-12-31,ebitda,0.023723,SEC
GWRS,2024-12-31,ebitda,0.022084,SEC
GWRS,2025-12-31,ebitda,0.022154,SEC
GWRS,2016-12-31,eps,-0.13,SEC
GWRS,2017-12-31,eps,0.23,SEC
GWRS,2018-12-31,eps,0.15,SEC
GWRS,2019-12-31,eps,0.1,SEC
GWRS,2020-12-31,eps,0.05,SEC
GWRS,2021-12-31,eps,0.16,SEC
GWRS,2022-12-31,eps,0.24,SEC
GWRS,2023-12-31,eps,0.33,SEC
GWRS,2024-12-31,eps,0.24,SEC
GWRS,2025-12-31,eps,0.11,SEC
GWRS,2016-12-31,fcff_before_growth,0.00499014,SEC
GWRS,2017-12-31,fcff_before_growth,0.00829675,SEC
GWRS,2018-12-31,fcff_before_growth,0.00798945,SEC
GWRS,2019-12-31,fcff_before_growth,0.00746952,SEC
GWRS,2020-12-31,fcff_before_growth,0.00978283,SEC
GWRS,2021-12-31,fcff_before_growth,0.01500479,SEC
GWRS,2022-12-31,fcff_before_growth,0.01663444,SEC
GWRS,2023-12-31,fcff_before_growth,0.01781278,SEC
GWRS,2024-12-31,fcff_before_growth,0.01388242,SEC
GWRS,2025-12-31,fcff_before_growth,0.00988156,SEC
GWRS,2016-12-31,free_cf,-0.006693,SEC
GWRS,2017-12-31,free_cf,-0.009729,SEC
GWRS,2018-12-31,free_cf,0.00652,SEC
GWRS,2019-12-31,free_cf,0.000379,SEC
GWRS,2020-12-31,free_cf,0.005435,SEC
GWRS,2021-12-31,free_cf,0.002136,SEC
GWRS,2022-12-31,free_cf,-0.010648,SEC
GWRS,2023-12-31,free_cf,0.003081,SEC
GWRS,2024-12-31,free_cf,-0.010539,SEC
GWRS,2025-12-31,free_cf,-0.047153,SEC
GWRS,2016-12-31,long_term_debt,0.115,SEC
GWRS,2017-12-31,long_term_debt,0.115064,SEC
GWRS,2018-12-31,long_term_debt,0.114507,SEC
GWRS,2019-12-31,long_term_debt,0.114664,SEC
GWRS,2020-12-31,long_term_debt,0.112659,SEC
GWRS,2021-12-31,long_term_debt,0.108734,SEC
GWRS,2022-12-31,long_term_debt,0.104945,SEC
GWRS,2023-12-31,long_term_debt,0.101341,SEC
GWRS,2024-12-31,long_term_debt,0.118518,SEC
GWRS,2025-12-31,long_term_debt,0.129756,SEC
GWRS,2016-12-31,market_cap,0.1742334667038231,Yahoo price x SEC shares
GWRS,2017-12-31,market_cap,0.1834821361175537,Yahoo price x SEC shares
GWRS,2018-12-31,market_cap,0.20794541822066975,Yahoo price x SEC shares
GWRS,2019-12-31,market_cap,0.2831404528863487,Yahoo price x SEC shares
GWRS,2020-12-31,market_cap,0.32529267668546674,Yahoo price x SEC shares
GWRS,2021-12-31,market_cap,0.3916407957367897,Yahoo price x SEC shares
GWRS,2022-12-31,market_cap,0.3098536814495888,Yahoo price x SEC shares
GWRS,2023-12-31,market_cap,0.31561440751906206,Yahoo price x SEC shares
GWRS,2024-12-31,market_cap,0.27948841,Yahoo price x SEC shares
GWRS,2025-12-31,market_cap,0.2287958874855795,Yahoo price x SEC shares
GWRS,2016-12-31,net_debt,0.094527,SEC
GWRS,2017-12-31,net_debt,0.10982399999999999,SEC
GWRS,2018-12-31,net_debt,0.101798,SEC
GWRS,2019-12-31,net_debt,0.10726799999999999,SEC
GWRS,2020-12-31,net_debt,0.096661,SEC
GWRS,2021-12-31,net_debt,0.09993,SEC
GWRS,2022-12-31,net_debt,0.102217,SEC
GWRS,2023-12-31,net_debt,0.102181,SEC
GWRS,2024-12-31,net_debt,0.11344800000000001,SEC
GWRS,2025-12-31,net_debt,0.129618,SEC
GWRS,2016-12-31,net_income,-0.002512,SEC
GWRS,2017-12-31,net_income,0.004551,SEC
GWRS,2018-12-31,net_income,0.003103,SEC
GWRS,2019-12-31,net_income,0.002224,SEC
GWRS,2020-12-31,net_income,0.001105,SEC
GWRS,2021-12-31,net_income,0.003609,SEC
GWRS,2022-12-31,net_income,0.005506,SEC
GWRS,2023-12-31,net_income,0.007982,SEC
GWRS,2024-12-31,net_income,0.005789,SEC
GWRS,2025-12-31,net_income,0.002957,SEC
GWRS,2016-12-31,operating_cf,0.001895,SEC
GWRS,2017-12-31,operating_cf,0.011156,SEC
GWRS,2018-12-31,operating_cf,0.011307,SEC
GWRS,2019-12-31,operating_cf,0.011566,SEC
GWRS,2020-12-31,operating_cf,0.014566,SEC
GWRS,2021-12-31,operating_cf,0.020386,SEC
GWRS,2022-12-31,operating_cf,0.023336,SEC
GWRS,2023-12-31,operating_cf,0.025393,SEC
GWRS,2024-12-31,operating_cf,0.021785,SEC
GWRS,2025-12-31,operating_cf,0.020168,SEC
GWRS,2016-12-31,price,9.100000381469727,Yahoo
GWRS,2017-12-31,price,9.34000015258789,Yahoo
GWRS,2018-12-31,price,10.140000343322754,Yahoo
GWRS,2019-12-31,price,13.149999618530273,Yahoo
GWRS,2020-12-31,price,14.40999984741211,Yahoo
GWRS,2021-12-31,price,17.100000381469727,Yahoo
GWRS,2022-12-31,price,13.279999732971191,Yahoo
GWRS,2023-12-31,price,13.079999923706055,Yahoo
GWRS,2024-12-31,price,11.5,Yahoo
GWRS,2025-12-31,price,8.449999809265137,Yahoo
GWRS,2016-12-31,revenue,0.029799,SEC
GWRS,2017-12-31,revenue,0.031208,SEC
GWRS,2018-12-31,revenue,0.035515,SEC
GWRS,2019-12-31,revenue,0.035471,SEC
GWRS,2020-12-31,revenue,0.038627,SEC
GWRS,2021-12-31,revenue,0.041914,SEC
GWRS,2022-12-31,revenue,0.044728,SEC
GWRS,2023-12-31,revenue,0.053028,SEC
GWRS,2024-12-31,revenue,0.052692,SEC
GWRS,2025-12-31,revenue,0.055758,SEC
GWRS,2016-12-31,short_term_debt,2.5e-05,SEC
GWRS,2017-12-31,short_term_debt,8e-06,SEC
GWRS,2018-12-31,short_term_debt,4.7e-05,SEC
GWRS,2019-12-31,short_term_debt,0.000117,SEC
GWRS,2020-12-31,short_term_debt,0.002035,SEC
GWRS,2021-12-31,short_term_debt,0.003833,SEC
GWRS,2022-12-31,short_term_debt,0.003833,SEC
GWRS,2023-12-31,short_term_debt,0.003927,SEC
GWRS,2024-12-31,short_term_debt,0.003977,SEC
GWRS,2025-12-31,short_term_debt,0.003942,SEC
GWRS,2016-12-31,total_debt,0.115025,SEC
GWRS,2017-12-31,total_debt,0.115072,SEC
GWRS,2018-12-31,total_debt,0.114554,SEC
GWRS,2019-12-31,total_debt,0.114781,SEC
GWRS,2020-12-31,total_debt,0.114694,SEC
GWRS,2021-12-31,total_debt,0.112567,SEC
GWRS,2022-12-31,total_debt,0.108778,SEC
GWRS,2023-12-31,total_debt,0.105268,SEC
GWRS,2024-12-31,total_debt,0.122495,SEC
GWRS,2025-12-31,total_debt,0.133698,SEC
HE,2016-12-31,capex,-0.330043,SEC
HE,2017-12-31,capex,-0.495187,SEC
HE,2018-12-31,capex,-0.537369,SEC
HE,2019-12-31,capex,-0.45752,SEC
HE,2020-12-31,capex,-0.383895,SEC
HE,2021-12-31,capex,-0.314524,SEC
HE,2022-12-31,capex,-0.339333,SEC
HE,2023-12-31,capex,-0.442727,SEC
HE,2024-12-31,capex,-0.344251,SEC
HE,2025-12-31,capex,-0.341202,SEC
HE,2016-12-31,cash,0.278452,SEC
HE,2017-12-31,cash,0.261881,SEC
HE,2018-12-31,cash,0.169208,SEC
HE,2019-12-31,cash,0.196813,SEC
HE,2020-12-31,cash,0.341421,SEC
HE,2021-12-31,cash,0.305551,SEC
HE,2022-12-31,cash,0.043728,SEC
HE,2023-12-31,cash,0.244091,SEC
HE,2024-12-31,cash,0.750535,SEC
HE,2025-12-31,cash,0.501778,SEC
HE,2016-12-31,ebitda,0.560584,SEC
HE,2017-12-31,ebitda,0.568231,SEC
HE,2018-12-31,ebitda,0.588985,SEC
HE,2019-12-31,ebitda,0.626134,SEC
HE,2020-12-31,ebitda,0.602271,SEC
HE,2021-12-31,ebitda,0.664768,SEC
HE,2022-12-31,ebitda,0.54996,SEC
HE,2023-12-31,ebitda,0.557298,SEC
HE,2024-12-31,ebitda,-1.413227,SEC
HE,2025-12-31,ebitda,0.534241,SEC
HE,2016-12-31,eps,2.29,SEC
HE,2017-12-31,eps,1.52,SEC
HE,2018-12-31,eps,1.85,SEC
HE,2019-12-31,eps,1.99,SEC
HE,2020-12-31,eps,1.81,SEC
HE,2021-12-31,eps,2.25,SEC
HE,2022-12-31,eps,2.2,SEC
HE,2023-12-31,eps,1.81,SEC
HE,2024-12-31,eps,-11.23,SEC
HE,2025-12-31,eps,0.71,SEC
HE,2016-12-31,fcff_before_growth,0.36087282,SEC
HE,2017-12-31,fcff_before_growth,0.27043412,SEC
HE,2018-12-31,fcff_before_growth,0.32601364,SEC
HE,2019-12-31,fcff_before_growth,0.32073481,SEC
HE,2020-12-31,fcff_before_growth,0.21747732,SEC
HE,2021-12-31,fcff_before_growth,0.17549937,SEC
HE,2022-12-31,fcff_before_growth,0.27626637,SEC
HE,2023-12-31,fcff_before_growth,0.43374491,SEC
HE,2024-12-31,fcff_before_growth,0.193948,SEC
HE,2025-12-31,fcff_before_growth,0.092154,SEC
HE,2016-12-31,free_cf,0.165615,SEC
HE,2017-12-31,free_cf,-0.074746,SEC
HE,2018-12-31,free_cf,-0.038057,SEC
HE,2019-12-31,free_cf,0.05495,SEC
HE,2020-12-31,free_cf,0.045512,SEC
HE,2021-12-31,free_cf,0.061149,SEC
HE,2022-12-31,free_cf,0.115143,SEC
HE,2023-12-31,free_cf,0.108744,SEC
HE,2024-12-31,free_cf,0.14323,SEC
HE,2025-12-31,free_cf,0.049871,SEC
HE,2022-12-31,long_term_debt,3.255413,Yahoo
HE,2023-12-31,long_term_debt,2.809437,SEC
HE,2024-12-31,long_term_debt,2.581216,SEC
HE,2025-12-31,long_term_debt,2.160057,SEC
HE,2016-12-31,market_cap,3.5817785969467164,Yahoo price x SEC shares
HE,2017-12-31,market_cap,3.937928116218567,Yahoo price x SEC shares
HE,2018-12-31,market_cap,3.9969264034194945,Yahoo price x SEC shares
HE,2019-12-31,market_cap,5.1268120867767335,Yahoo price x SEC shares
HE,2020-12-31,market_cap,3.8701087732543944,Yahoo price x SEC shares
HE,2021-12-31,market_cap,4.54757,Yahoo price x SEC shares
HE,2022-12-31,market_cap,4.5942091324920655,Yahoo price x SEC shares
HE,2023-12-31,market_cap,1.5614391738262177,Yahoo price x SEC shares
HE,2024-12-31,market_cap,1.2349996518974304,Yahoo price x SEC shares
HE,2025-12-31,market_cap,2.1281091330003736,Yahoo price x SEC shares
HE,2022-12-31,net_debt,3.228104,Yahoo
HE,2023-12-31,net_debt,2.581842,SEC
HE,2024-12-31,net_debt,1.988475,SEC
HE,2025-12-31,net_debt,1.7832380000000003,SEC
HE,2016-12-31,net_income,0.248256,SEC
HE,2017-12-31,net_income,0.165297,SEC
HE,2018-12-31,net_income,0.201774,SEC
HE,2019-12-31,net_income,0.217882,SEC
HE,2020-12-31,net_income,0.199714,SEC
HE,2021-12-31,net_income,0.248056,SEC
HE,2022-12-31,net_income,0.243028,SEC
HE,2023-12-31,net_income,0.201128,SEC
HE,2024-12-31,net_income,-1.424119,SEC
HE,2025-12-31,net_income,0.126281,SEC
HE,2016-12-31,operating_cf,0.495658,SEC
HE,2017-12-31,operating_cf,0.420441,SEC
HE,2018-12-31,operating_cf,0.499312,SEC
HE,2019-12-31,operating_cf,0.51247,SEC
HE,2020-12-31,operating_cf,0.429407,SEC
HE,2021-12-31,operating_cf,0.375673,SEC
HE,2022-12-31,operating_cf,0.454476,SEC
HE,2023-12-31,operating_cf,0.551471,SEC
HE,2024-12-31,operating_cf,0.487481,SEC
HE,2025-12-31,operating_cf,0.391073,SEC
HE,2016-12-31,price,33.06999969482422,Yahoo
HE,2017-12-31,price,36.150001525878906,Yahoo
HE,2018-12-31,price,36.619998931884766,Yahoo
HE,2019-12-31,price,46.86000061035156,Yahoo
HE,2020-12-31,price,35.38999938964844,Yahoo
HE,2021-12-31,price,41.5,Yahoo
HE,2022-12-31,price,41.849998474121094,Yahoo
HE,2023-12-31,price,14.1899995803833,Yahoo
HE,2024-12-31,price,9.729999542236328,Yahoo
HE,2025-12-31,price,12.300000190734863,Yahoo
HE,2016-12-31,revenue,2.380654,SEC
HE,2017-12-31,revenue,2.555625,SEC
HE,2018-12-31,revenue,2.860849,SEC
HE,2019-12-31,revenue,2.873948,SEC
HE,2020-12-31,revenue,2.579775,SEC
HE,2021-12-31,revenue,2.850379,SEC
HE,2022-12-31,revenue,3.465215,SEC
HE,2023-12-31,revenue,3.287503,SEC
HE,2024-12-31,revenue,3.21985,SEC
HE,2025-12-31,revenue,3.086896,SEC
HE,2016-12-31,short_term_debt,0.0,SEC
HE,2017-12-31,short_term_debt,0.117945,SEC
HE,2018-12-31,short_term_debt,0.073992,SEC
HE,2019-12-31,short_term_debt,0.18571,SEC
HE,2020-12-31,short_term_debt,0.129379,SEC
HE,2021-12-31,short_term_debt,0.053998,SEC
HE,2022-12-31,short_term_debt,0.172568,SEC
HE,2023-12-31,short_term_debt,0.016496,SEC
HE,2024-12-31,short_term_debt,0.157794,SEC
HE,2025-12-31,short_term_debt,0.124959,SEC
HE,2022-12-31,total_debt,3.427981,Yahoo
HE,2023-12-31,total_debt,2.825933,SEC
HE,2024-12-31,total_debt,2.73901,SEC
HE,2025-12-31,total_debt,2.285016,SEC
HNRG,2019-12-31,capex,-0.035533,SEC
HNRG,2020-12-31,capex,-0.020688,SEC
HNRG,2021-12-31,capex,-0.02805,SEC
HNRG,2022-12-31,capex,-0.05402,SEC
HNRG,2023-12-31,capex,-0.075352,SEC
HNRG,2024-12-31,capex,-0.053367,SEC
HNRG,2025-12-31,capex,-0.069215,SEC
HNRG,2016-12-31,cash,0.009788,SEC
HNRG,2017-12-31,cash,0.012483,SEC
HNRG,2018-12-31,cash,0.015502,SEC
HNRG,2019-12-31,cash,0.008799,SEC
HNRG,2020-12-31,cash,0.008041,SEC
HNRG,2021-12-31,cash,0.002546,SEC
HNRG,2022-12-31,cash,0.003009,SEC
HNRG,2023-12-31,cash,0.002842,SEC
HNRG,2024-12-31,cash,0.007232,SEC
HNRG,2025-12-31,cash,0.01007,SEC
HNRG,2020-12-31,ebitda,0.042742,SEC
HNRG,2021-12-31,ebitda,0.033929,SEC
HNRG,2022-12-31,ebitda,0.077305,SEC
HNRG,2023-12-31,ebitda,0.132223,SEC
HNRG,2024-12-31,ebitda,-0.152765,SEC
HNRG,2025-12-31,ebitda,0.102278,SEC
HNRG,2016-12-31,eps,0.42,SEC
HNRG,2017-12-31,eps,1.08,SEC
HNRG,2018-12-31,eps,0.25,SEC
HNRG,2019-12-31,eps,-1.95,SEC
HNRG,2020-12-31,eps,-0.2,SEC
HNRG,2021-12-31,eps,-0.12,SEC
HNRG,2022-12-31,eps,0.55,SEC
HNRG,2023-12-31,eps,1.25,SEC
HNRG,2024-12-31,eps,-5.72,SEC
HNRG,2025-12-31,eps,0.96,SEC
HNRG,2016-12-31,fcff_before_growth,0.03707818,SEC
HNRG,2017-12-31,fcff_before_growth,0.03708227,SEC
HNRG,2018-12-31,fcff_before_growth,0.02027052,SEC
HNRG,2019-12-31,fcff_before_growth,0.00230942,SEC
HNRG,2020-12-31,fcff_before_growth,0.0232257,SEC
HNRG,2021-12-31,fcff_before_growth,0.01435892,SEC
HNRG,2022-12-31,fcff_before_growth,0.01599348,SEC
HNRG,2023-12-31,fcff_before_growth,0.00303469,SEC
HNRG,2024-12-31,fcff_before_growth,0.0112495,SEC
HNRG,2025-12-31,fcff_before_growth,0.05325984,SEC
HNRG,2019-12-31,free_cf,0.00271,SEC
HNRG,2020-12-31,free_cf,0.031888,SEC
HNRG,2021-12-31,free_cf,0.019924,SEC
HNRG,2022-12-31,free_cf,0.000149,SEC
HNRG,2023-12-31,free_cf,-0.015938,SEC
HNRG,2024-12-31,free_cf,0.012567,SEC
HNRG,2025-12-31,free_cf,0.011919,SEC
HNRG,2016-12-31,long_term_debt,0.207992,SEC
HNRG,2017-12-31,long_term_debt,0.166992,SEC
HNRG,2018-12-31,long_term_debt,0.1609,SEC
HNRG,2019-12-31,long_term_debt,0.140594,SEC
HNRG,2020-12-31,long_term_debt,0.097307,SEC
HNRG,2021-12-31,long_term_debt,0.084667,SEC
HNRG,2022-12-31,long_term_debt,0.049713,SEC
HNRG,2023-12-31,long_term_debt,0.063453,SEC
HNRG,2024-12-31,long_term_debt,0.037394,SEC
HNRG,2025-12-31,long_term_debt,0.029678,SEC
HNRG,2016-12-31,market_cap,0.2659734044647217,Yahoo price x SEC shares
HNRG,2017-12-31,market_cap,0.18063549452590943,Yahoo price x SEC shares
HNRG,2018-12-31,market_cap,0.15247518516254424,Yahoo price x SEC shares
HNRG,2019-12-31,market_cap,0.08985141086554527,Yahoo price x SEC shares
HNRG,2020-12-31,market_cap,0.04475562087106705,Yahoo price x SEC shares
HNRG,2021-12-31,market_cap,0.07531044116783142,Yahoo price x SEC shares
HNRG,2022-12-31,market_cap,0.3361535022983551,Yahoo price x SEC shares
HNRG,2023-12-31,market_cap,0.32555068561935424,Yahoo price x SEC shares
HNRG,2024-12-31,market_cap,0.45232079246520995,Yahoo price x SEC shares
HNRG,2025-12-31,market_cap,0.8269453197631836,Yahoo price x SEC shares
HNRG,2016-12-31,net_debt,0.228829,SEC
HNRG,2017-12-31,net_debt,0.189509,SEC
HNRG,2018-12-31,net_debt,0.172961,SEC
HNRG,2019-12-31,net_debt,0.16483899999999999,SEC
HNRG,2020-12-31,net_debt,0.12906700000000002,SEC
HNRG,2021-12-31,net_debt,0.105219,SEC
HNRG,2022-12-31,net_debt,0.079735,SEC
HNRG,2023-12-31,net_debt,0.085049,SEC
HNRG,2024-12-31,net_debt,0.034256999999999996,SEC
HNRG,2025-12-31,net_debt,0.019608,SEC
HNRG,2016-12-31,net_income,0.01251,SEC
HNRG,2017-12-31,net_income,0.033076,SEC
HNRG,2018-12-31,net_income,0.007621,SEC
HNRG,2019-12-31,net_income,-0.059854,SEC
HNRG,2020-12-31,net_income,-0.00622,SEC
HNRG,2021-12-31,net_income,-0.003754,SEC
HNRG,2022-12-31,net_income,0.018105,SEC
HNRG,2023-12-31,net_income,0.044793,SEC
HNRG,2024-12-31,net_income,-0.226138,SEC
HNRG,2025-12-31,net_income,0.041871,SEC
HNRG,2016-12-31,operating_cf,0.060918,SEC
HNRG,2017-12-31,operating_cf,0.065771,SEC
HNRG,2018-12-31,operating_cf,0.05157,SEC
HNRG,2019-12-31,operating_cf,0.038243,SEC
HNRG,2020-12-31,operating_cf,0.052576,SEC
HNRG,2021-12-31,operating_cf,0.047974,SEC
HNRG,2022-12-31,operating_cf,0.054169,SEC
HNRG,2023-12-31,operating_cf,0.059414,SEC
HNRG,2024-12-31,operating_cf,0.065934,SEC
HNRG,2025-12-31,operating_cf,0.081134,SEC
HNRG,2016-12-31,price,9.09000015258789,Yahoo
HNRG,2017-12-31,price,6.090000152587891,Yahoo
HNRG,2018-12-31,price,5.070000171661377,Yahoo
HNRG,2019-12-31,price,2.9700000286102295,Yahoo
HNRG,2020-12-31,price,1.4700000286102295,Yahoo
HNRG,2021-12-31,price,2.4600000381469727,Yahoo
HNRG,2022-12-31,price,9.989999771118164,Yahoo
HNRG,2023-12-31,price,8.84000015258789,Yahoo
HNRG,2024-12-31,price,11.449999809265137,Yahoo
HNRG,2025-12-31,price,19.040000915527344,Yahoo
HNRG,2016-12-31,revenue,0.28145,SEC
HNRG,2017-12-31,revenue,0.271633,SEC
HNRG,2018-12-31,revenue,0.293557,SEC
HNRG,2019-12-31,revenue,0.323462,SEC
HNRG,2020-12-31,revenue,0.244241,SEC
HNRG,2021-12-31,revenue,0.247666,SEC
HNRG,2022-12-31,revenue,0.361991,SEC
HNRG,2023-12-31,revenue,0.634878,SEC
HNRG,2024-12-31,revenue,0.404159,SEC
HNRG,2025-12-31,revenue,0.469466,SEC
HNRG,2016-12-31,short_term_debt,0.030625,SEC
HNRG,2017-12-31,short_term_debt,0.035,SEC
HNRG,2018-12-31,short_term_debt,0.027563,SEC
HNRG,2019-12-31,short_term_debt,0.033044,SEC
HNRG,2020-12-31,short_term_debt,0.039801,SEC
HNRG,2021-12-31,short_term_debt,0.023098,SEC
HNRG,2022-12-31,short_term_debt,0.033031,SEC
HNRG,2023-12-31,short_term_debt,0.024438,SEC
HNRG,2024-12-31,short_term_debt,0.004095,SEC
HNRG,2025-12-31,short_term_debt,0.0,SEC
HNRG,2016-12-31,total_debt,0.238617,SEC
HNRG,2017-12-31,total_debt,0.201992,SEC
HNRG,2018-12-31,total_debt,0.188463,SEC
HNRG,2019-12-31,total_debt,0.173638,SEC
HNRG,2020-12-31,total_debt,0.137108,SEC
HNRG,2021-12-31,total_debt,0.107765,SEC
HNRG,2022-12-31,total_debt,0.082744,SEC
HNRG,2023-12-31,total_debt,0.087891,SEC
HNRG,2024-12-31,total_debt,0.041489,SEC
HNRG,2025-12-31,total_debt,0.029678,SEC
HTO,2022-12-31,capex,-0.244239,Yahoo
HTO,2023-12-31,capex,-0.290724,Yahoo
HTO,2024-12-31,capex,-0.380638,Yahoo
HTO,2025-12-31,capex,-0.522902,Yahoo
HTO,2016-12-31,cash,0.006349,SEC
HTO,2017-12-31,cash,0.007799,SEC
HTO,2018-12-31,cash,0.420722,SEC
HTO,2019-12-31,cash,0.012944,SEC
HTO,2020-12-31,cash,0.005269,SEC
HTO,2021-12-31,cash,0.010908,SEC
HTO,2022-12-31,cash,0.012344,SEC
HTO,2023-12-31,cash,0.009723,SEC
HTO,2024-12-31,cash,0.011114,SEC
HTO,2025-12-31,cash,0.020686,SEC
HTO,2016-12-31,ebitda,0.143732,SEC
HTO,2017-12-31,ebitda,0.152352,SEC
HTO,2018-12-31,ebitda,0.130347,SEC
HTO,2019-12-31,ebitda,0.125968,SEC
HTO,2020-12-31,ebitda,0.209292,SEC
HTO,2021-12-31,ebitda,0.207633,SEC
HTO,2022-12-31,ebitda,0.237417,SEC
HTO,2023-12-31,ebitda,0.257573,SEC
HTO,2024-12-31,ebitda,0.285553,SEC
HTO,2025-12-31,ebitda,0.298017,SEC
HTO,2016-12-31,eps,2.57,SEC
HTO,2017-12-31,eps,2.86,SEC
HTO,2018-12-31,eps,1.82,SEC
HTO,2019-12-31,eps,0.82,SEC
HTO,2020-12-31,eps,2.14,SEC
HTO,2021-12-31,eps,2.03,SEC
HTO,2022-12-31,eps,2.43,SEC
HTO,2023-12-31,eps,2.68,SEC
HTO,2024-12-31,eps,2.87,SEC
HTO,2025-12-31,eps,2.92,SEC
HTO,2016-12-31,fcff_before_growth,0.08552802,SEC
HTO,2017-12-31,fcff_before_growth,0.06872491,SEC
HTO,2018-12-31,fcff_before_growth,0.05365828,SEC
HTO,2019-12-31,fcff_before_growth,0.08663484,SEC
HTO,2020-12-31,fcff_before_growth,0.05529045,SEC
HTO,2021-12-31,fcff_before_growth,0.07649381,SEC
HTO,2022-12-31,fcff_before_growth,0.10562898,SEC
HTO,2023-12-31,fcff_before_growth,0.13494676,SEC
HTO,2024-12-31,fcff_before_growth,0.1368741,SEC
HTO,2025-12-31,fcff_before_growth,0.18164725,SEC
HTO,2022-12-31,free_cf,-0.07804,Yahoo
HTO,2023-12-31,free_cf,-0.0998929999999999,Yahoo
HTO,2024-12-31,free_cf,-0.1851119999999999,Yahoo
HTO,2025-12-31,free_cf,-0.278099,Yahoo
HTO,2016-12-31,long_term_debt,0.433335,SEC
HTO,2017-12-31,long_term_debt,0.431092,SEC
HTO,2018-12-31,long_term_debt,0.431424,SEC
HTO,2019-12-31,long_term_debt,1.283597,SEC
HTO,2020-12-31,long_term_debt,1.28758,SEC
HTO,2021-12-31,long_term_debt,1.492935,SEC
HTO,2022-12-31,long_term_debt,1.491965,SEC
HTO,2023-12-31,long_term_debt,1.526699,SEC
HTO,2024-12-31,long_term_debt,1.706904,SEC
HTO,2025-12-31,long_term_debt,1.866819,SEC
HTO,2016-12-31,market_cap,1.1525706991151161,Yahoo price x SEC shares
HTO,2017-12-31,market_cap,1.3203311198155823,Yahoo price x SEC shares
HTO,2018-12-31,market_cap,1.1865073421545524,Yahoo price x SEC shares
HTO,2019-12-31,market_cap,2.0296544490272215,Yahoo price x SEC shares
HTO,2020-12-31,market_cap,1.9902842464740296,Yahoo price x SEC shares
HTO,2021-12-31,market_cap,2.176640924854355,Yahoo price x SEC shares
HTO,2022-12-31,market_cap,2.470103118926697,Yahoo price x SEC shares
HTO,2023-12-31,market_cap,2.069194907585678,Yahoo price x SEC shares
HTO,2024-12-31,market_cap,1.6134106230741272,Yahoo price x SEC shares
HTO,2025-12-31,market_cap,1.719670897048359,Yahoo price x SEC shares
HTO,2016-12-31,net_debt,0.427111,SEC
HTO,2017-12-31,net_debt,0.423293,SEC
HTO,2018-12-31,net_debt,0.01070199999999999,SEC
HTO,2019-12-31,net_debt,1.2929249999999999,SEC
HTO,2020-12-31,net_debt,1.358552,SEC
HTO,2021-12-31,net_debt,1.521133,SEC
HTO,2022-12-31,net_debt,1.483981,SEC
HTO,2023-12-31,net_debt,1.565951,SEC
HTO,2024-12-31,net_debt,1.699438,SEC
HTO,2025-12-31,net_debt,1.869637,SEC
HTO,2016-12-31,net_income,0.052839,SEC
HTO,2017-12-31,net_income,0.059204,SEC
HTO,2018-12-31,net_income,0.038767,SEC
HTO,2019-12-31,net_income,0.023403,SEC
HTO,2020-12-31,net_income,0.061515,SEC
HTO,2021-12-31,net_income,0.060478,SEC
HTO,2022-12-31,net_income,0.073828,SEC
HTO,2023-12-31,net_income,0.084987,SEC
HTO,2024-12-31,net_income,0.093967,SEC
HTO,2025-12-31,net_income,0.102578,SEC
HTO,2016-12-31,operating_cf,0.114571,SEC
HTO,2017-12-31,operating_cf,0.101112,SEC
HTO,2018-12-31,operating_cf,0.091343,SEC
HTO,2019-12-31,operating_cf,0.130005,SEC
HTO,2020-12-31,operating_cf,0.104051,SEC
HTO,2021-12-31,operating_cf,0.13004,SEC
HTO,2022-12-31,operating_cf,0.166199,SEC
HTO,2023-12-31,operating_cf,0.190831,SEC
HTO,2024-12-31,operating_cf,0.195526,SEC
HTO,2025-12-31,operating_cf,0.244803,SEC
HTO,2016-12-31,price,55.97999954223633,Yahoo
HTO,2017-12-31,price,63.83000183105469,Yahoo
HTO,2018-12-31,price,55.619998931884766,Yahoo
HTO,2019-12-31,price,71.05999755859375,Yahoo
HTO,2020-12-31,price,69.36000061035156,Yahoo
HTO,2021-12-31,price,73.19999694824219,Yahoo
HTO,2022-12-31,price,81.19000244140625,Yahoo
HTO,2023-12-31,price,65.3499984741211,Yahoo
HTO,2024-12-31,price,49.220001220703125,Yahoo
HTO,2025-12-31,price,48.9900016784668,Yahoo
HTO,2016-12-31,revenue,0.339706,SEC
HTO,2017-12-31,revenue,0.389225,SEC
HTO,2018-12-31,revenue,0.397699,SEC
HTO,2019-12-31,revenue,0.44772,SEC
HTO,2020-12-31,revenue,0.564526,SEC
HTO,2021-12-31,revenue,0.573686,SEC
HTO,2022-12-31,revenue,0.620698,SEC
HTO,2023-12-31,revenue,0.678168,SEC
HTO,2024-12-31,revenue,0.748439,SEC
HTO,2025-12-31,revenue,0.805594,SEC
HTO,2016-12-31,short_term_debt,0.000125,SEC
HTO,2017-12-31,short_term_debt,0.0,SEC
HTO,2018-12-31,short_term_debt,0.0,SEC
HTO,2019-12-31,short_term_debt,0.022272,SEC
HTO,2020-12-31,short_term_debt,0.076241,SEC
HTO,2021-12-31,short_term_debt,0.039106,SEC
HTO,2022-12-31,short_term_debt,0.00436,SEC
HTO,2023-12-31,short_term_debt,0.048975,SEC
HTO,2024-12-31,short_term_debt,0.003648,SEC
HTO,2025-12-31,short_term_debt,0.023504,SEC
HTO,2016-12-31,total_debt,0.43346,SEC
HTO,2017-12-31,total_debt,0.431092,SEC
HTO,2018-12-31,total_debt,0.431424,SEC
HTO,2019-12-31,total_debt,1.305869,SEC
HTO,2020-12-31,total_debt,1.363821,SEC
HTO,2021-12-31,total_debt,1.532041,SEC
HTO,2022-12-31,total_debt,1.496325,SEC
HTO,2023-12-31,total_debt,1.575674,SEC
HTO,2024-12-31,total_debt,1.710552,SEC
HTO,2025-12-31,total_debt,1.890323,SEC
HTOO,2021-12-31,capex,-0.018928001642227174,SEC
HTOO,2022-12-31,capex,-0.009783549690246583,SEC
HTOO,2023-12-31,capex,-0.009784688901901244,SEC
HTOO,2024-12-31,capex,-1.2531328201293946e-05,SEC
HTOO,2025-12-31,capex,-0.0003668261528015,Yahoo
HTOO,2020-12-31,cash,0.06608225045204162,SEC
HTOO,2021-12-31,cash,0.008750284719467163,SEC
HTOO,2022-12-31,cash,0.005968329858779907,SEC
HTOO,2023-12-31,cash,0.0013066757678985596,SEC
HTOO,2024-12-31,cash,0.0002437912940979004,SEC
HTOO,2025-12-31,cash,0.0006550467014312,Yahoo
HTOO,2020-12-31,ebitda,-0.0054545454025268555,SEC
HTOO,2021-12-31,ebitda,-0.007404875755310058,SEC
HTOO,2022-12-31,ebitda,-0.038442697286605834,SEC
HTOO,2023-12-31,ebitda,-0.03933242158889771,SEC
HTOO,2024-12-31,ebitda,-0.016574390363693237,SEC
HTOO,2025-12-31,ebitda,0.001774891757965,Yahoo
HTOO,2019-12-31,eps,0.0,SEC
HTOO,2020-12-31,eps,-78.07017469406128,SEC
HTOO,2021-12-31,eps,2.039188861846924,SEC
HTOO,2022-12-31,eps,-2.335383892059326,SEC
HTOO,2023-12-31,eps,-2.415128707885742,SEC
HTOO,2024-12-31,eps,-0.8544087409973145,SEC
HTOO,2025-12-31,eps,-1.4467988014221191,Yahoo
HTOO,2020-12-31,fcff_before_growth,-0.004762018637657166,SEC
HTOO,2021-12-31,fcff_before_growth,-0.017075449825763703,SEC
HTOO,2022-12-31,fcff_before_growth,-0.03509229859447479,SEC
HTOO,2023-12-31,fcff_before_growth,-0.012856333894252777,SEC
HTOO,2024-12-31,fcff_before_growth,-0.011952050467014313,SEC
HTOO,2025-12-31,fcff_before_growth,-0.0095318294830322,Yahoo
HTOO,2021-12-31,free_cf,-0.035624287652969364,SEC
HTOO,2022-12-31,free_cf,-0.04379015679359436,SEC
HTOO,2023-12-31,free_cf,-0.0202449303150177,SEC
HTOO,2024-12-31,free_cf,-0.009444064617156982,SEC
HTOO,2025-12-31,free_cf,-0.0097527909755706,Yahoo
HTOO,2022-12-31,long_term_debt,0.0087161083698272,Yahoo
HTOO,2023-12-31,long_term_debt,0.011344269657135,Yahoo
HTOO,2024-12-31,long_term_debt,0.00012198336634635926,SEC
HTOO,2025-12-31,long_term_debt,0.0003201184749603,Yahoo
HTOO,2022-12-31,net_debt,0.0035121895313262,Yahoo
HTOO,2023-12-31,net_debt,0.0115481885433197,Yahoo
HTOO,2024-12-31,net_debt,0.002158893804883957,SEC
HTOO,2025-12-31,net_debt,0.0018466620922088,Yahoo
HTOO,2019-12-31,net_income,2.278423309326172e-06,SEC
HTOO,2020-12-31,net_income,-0.20862383031845091,SEC
HTOO,2021-12-31,net_income,0.026844383430480956,SEC
HTOO,2022-12-31,net_income,-0.03115402112007141,SEC
HTOO,2023-12-31,net_income,0.004,SEC
HTOO,2024-12-31,net_income,-0.0157051718711853,SEC
HTOO,2025-12-31,net_income,-0.0019298245429992,Yahoo
HTOO,2019-12-31,operating_cf,-1.139211654663086e-06,SEC
HTOO,2020-12-31,operating_cf,-0.004771018409729004,SEC
HTOO,2021-12-31,operating_cf,-0.016696286010742186,SEC
HTOO,2022-12-31,operating_cf,-0.034006607103347776,SEC
HTOO,2023-12-31,operating_cf,-0.010460241413116455,SEC
HTOO,2024-12-31,operating_cf,-0.009431533288955688,SEC
HTOO,2025-12-31,operating_cf,-0.0093859648227691,Yahoo
HTOO,2020-12-31,price,645.0499877929688,Yahoo
HTOO,2021-12-31,price,289.79998779296875,Yahoo
HTOO,2022-12-31,price,155.0500030517578,Yahoo
HTOO,2023-12-31,price,39.20000076293945,Yahoo
HTOO,2024-12-31,price,19.704999923706055,Yahoo
HTOO,2025-12-31,price,3.3299999237060547,Yahoo
HTOO,2020-12-31,revenue,0.0,SEC
HTOO,2021-12-31,revenue,0.0,SEC
HTOO,2022-12-31,revenue,0.0,Yahoo
HTOO,2023-12-31,revenue,0.004720893096923828,SEC
HTOO,2024-12-31,revenue,0.001828434705734253,SEC
HTOO,2025-12-31,revenue,0.0164217360019683,Yahoo
HTOO,2022-12-31,short_term_debt,0.0007644110202789,Yahoo
HTOO,2023-12-31,short_term_debt,0.001510594654083252,SEC
HTOO,2024-12-31,short_term_debt,0.002280701732635498,SEC
HTOO,2025-12-31,short_term_debt,0.0021815903186798,Yahoo
HTOO,2022-12-31,total_debt,0.0094805193901062,Yahoo
HTOO,2023-12-31,total_debt,0.0128548643112182,Yahoo
HTOO,2024-12-31,total_debt,0.0024026850989818573,SEC
HTOO,2025-12-31,total_debt,0.0025017087936401,Yahoo
IDA,2016-12-31,capex,-0.29695,SEC
IDA,2017-12-31,capex,-0.285488,SEC
IDA,2018-12-31,capex,-0.277853,SEC
IDA,2019-12-31,capex,-0.278705,SEC
IDA,2020-12-31,capex,-0.310938,SEC
IDA,2021-12-31,capex,-0.299999,SEC
IDA,2022-12-31,capex,-0.432589,SEC
IDA,2023-12-31,capex,-0.611137,SEC
IDA,2024-12-31,capex,-1.009279,SEC
IDA,2025-12-31,capex,-1.179327,SEC
IDA,2016-12-31,cash,0.06148,SEC
IDA,2017-12-31,cash,0.076649,SEC
IDA,2018-12-31,cash,0.267492,SEC
IDA,2019-12-31,cash,0.217254,SEC
IDA,2020-12-31,cash,0.275116,SEC
IDA,2021-12-31,cash,0.215243,SEC
IDA,2022-12-31,cash,0.177577,SEC
IDA,2023-12-31,cash,0.327429,SEC
IDA,2024-12-31,cash,0.368865,SEC
IDA,2025-12-31,cash,0.215718,SEC
IDA,2016-12-31,ebitda,0.430876,SEC
IDA,2017-12-31,ebitda,0.481478,SEC
IDA,2018-12-31,ebitda,0.466042,SEC
IDA,2019-12-31,ebitda,0.472126,SEC
IDA,2020-12-31,ebitda,0.485462,SEC
IDA,2021-12-31,ebitda,0.509095,SEC
IDA,2022-12-31,ebitda,0.500733,SEC
IDA,2023-12-31,ebitda,0.513385,SEC
IDA,2024-12-31,ebitda,0.55593,SEC
IDA,2025-12-31,ebitda,0.612378,SEC
IDA,2016-12-31,eps,3.94,SEC
IDA,2017-12-31,eps,4.21,SEC
IDA,2018-12-31,eps,4.49,SEC
IDA,2019-12-31,eps,4.61,SEC
IDA,2020-12-31,eps,4.69,SEC
IDA,2021-12-31,eps,4.85,SEC
IDA,2022-12-31,eps,5.11,SEC
IDA,2023-12-31,eps,5.14,SEC
IDA,2024-12-31,eps,5.5,SEC
IDA,2025-12-31,eps,5.9,SEC
IDA,2016-12-31,fcff_before_growth,0.26170865,SEC
IDA,2017-12-31,fcff_before_growth,0.33538734,SEC
IDA,2018-12-31,fcff_before_growth,0.39040492,SEC
IDA,2019-12-31,fcff_before_growth,0.26114025,SEC
IDA,2020-12-31,fcff_before_growth,0.28125654,SEC
IDA,2021-12-31,fcff_before_growth,0.25231142,SEC
IDA,2022-12-31,fcff_before_growth,0.24833625,SEC
IDA,2023-12-31,fcff_before_growth,0.15912003,SEC
IDA,2024-12-31,fcff_before_growth,0.47365935,SEC
IDA,2025-12-31,fcff_before_growth,0.47630689,SEC
IDA,2016-12-31,free_cf,0.047245,SEC
IDA,2017-12-31,free_cf,0.149673,SEC
IDA,2018-12-31,free_cf,0.213773,SEC
IDA,2019-12-31,free_cf,0.08792,SEC
IDA,2020-12-31,free_cf,0.077193,SEC
IDA,2021-12-31,free_cf,0.063265,SEC
IDA,2022-12-31,free_cf,-0.081304,SEC
IDA,2023-12-31,free_cf,-0.34411,SEC
IDA,2024-12-31,free_cf,-0.414862,SEC
IDA,2025-12-31,free_cf,-0.577489,SEC
IDA,2016-12-31,long_term_debt,1.744614,SEC
IDA,2017-12-31,long_term_debt,1.746123,SEC
IDA,2018-12-31,long_term_debt,1.834788,SEC
IDA,2019-12-31,long_term_debt,1.736659,SEC
IDA,2020-12-31,long_term_debt,2.000414,SEC
IDA,2021-12-31,long_term_debt,2.00064,SEC
IDA,2022-12-31,long_term_debt,2.194145,SEC
IDA,2023-12-31,long_term_debt,2.77579,SEC
IDA,2024-12-31,long_term_debt,3.053777,SEC
IDA,2025-12-31,long_term_debt,3.331038,SEC
IDA,2016-12-31,market_cap,4.057545303726196,Yahoo price x SEC shares
IDA,2017-12-31,market_cap,4.6067366707763675,Yahoo price x SEC shares
IDA,2018-12-31,market_cap,4.700460476684571,Yahoo price x SEC shares
IDA,2019-12-31,market_cap,5.397351754226684,Yahoo price x SEC shares
IDA,2020-12-31,market_cap,4.856429098266601,Yahoo price x SEC shares
IDA,2021-12-31,market_cap,5.73858482635498,Yahoo price x SEC shares
IDA,2022-12-31,market_cap,5.467887072639465,Yahoo price x SEC shares
IDA,2023-12-31,market_cap,4.995245904495239,Yahoo price x SEC shares
IDA,2024-12-31,market_cap,5.749767135772705,Yahoo price x SEC shares
IDA,2025-12-31,market_cap,6.936247226196289,Yahoo price x SEC shares
IDA,2016-12-31,net_debt,1.7059980000000001,SEC
IDA,2017-12-31,net_debt,1.6694740000000001,SEC
IDA,2018-12-31,net_debt,1.567296,SEC
IDA,2019-12-31,net_debt,1.619405,SEC
IDA,2020-12-31,net_debt,1.725298,SEC
IDA,2021-12-31,net_debt,1.7853970000000001,SEC
IDA,2022-12-31,net_debt,2.016568,SEC
IDA,2023-12-31,net_debt,2.498161,SEC
IDA,2024-12-31,net_debt,2.704797,SEC
IDA,2025-12-31,net_debt,3.23162,SEC
IDA,2016-12-31,net_income,0.198288,SEC
IDA,2017-12-31,net_income,0.212419,SEC
IDA,2018-12-31,net_income,0.226801,SEC
IDA,2019-12-31,net_income,0.232854,SEC
IDA,2020-12-31,net_income,0.237417,SEC
IDA,2021-12-31,net_income,0.24555,SEC
IDA,2022-12-31,net_income,0.258982,SEC
IDA,2023-12-31,net_income,0.261195,SEC
IDA,2024-12-31,net_income,0.289174,SEC
IDA,2025-12-31,net_income,0.323472,SEC
IDA,2016-12-31,operating_cf,0.344195,SEC
IDA,2017-12-31,operating_cf,0.435161,SEC
IDA,2018-12-31,operating_cf,0.491626,SEC
IDA,2019-12-31,operating_cf,0.366625,SEC
IDA,2020-12-31,operating_cf,0.388131,SEC
IDA,2021-12-31,operating_cf,0.363264,SEC
IDA,2022-12-31,operating_cf,0.351285,SEC
IDA,2023-12-31,operating_cf,0.267027,SEC
IDA,2024-12-31,operating_cf,0.594417,SEC
IDA,2025-12-31,operating_cf,0.601838,SEC
IDA,2016-12-31,price,80.55000305175781,Yahoo
IDA,2017-12-31,price,91.36000061035156,Yahoo
IDA,2018-12-31,price,93.05999755859375,Yahoo
IDA,2019-12-31,price,106.80000305175781,Yahoo
IDA,2020-12-31,price,96.02999877929688,Yahoo
IDA,2021-12-31,price,113.30999755859375,Yahoo
IDA,2022-12-31,price,107.8499984741211,Yahoo
IDA,2023-12-31,price,98.31999969482422,Yahoo
IDA,2024-12-31,price,109.27999877929688,Yahoo
IDA,2025-12-31,price,126.55999755859375,Yahoo
IDA,2016-12-31,revenue,1.26202,SEC
IDA,2017-12-31,revenue,1.349486,SEC
IDA,2018-12-31,revenue,1.370752,SEC
IDA,2019-12-31,revenue,1.346383,SEC
IDA,2020-12-31,revenue,1.350729,SEC
IDA,2021-12-31,revenue,1.458084,SEC
IDA,2022-12-31,revenue,1.643981,SEC
IDA,2023-12-31,revenue,1.766356,SEC
IDA,2024-12-31,revenue,1.826633,SEC
IDA,2025-12-31,revenue,1.812997,SEC
IDA,2016-12-31,short_term_debt,0.022864,SEC
IDA,2017-12-31,short_term_debt,0.0,SEC
IDA,2018-12-31,short_term_debt,0.0,SEC
IDA,2019-12-31,short_term_debt,0.1,SEC
IDA,2020-12-31,short_term_debt,0.0,SEC
IDA,2022-12-31,short_term_debt,0.0,SEC
IDA,2023-12-31,short_term_debt,0.0498,SEC
IDA,2024-12-31,short_term_debt,0.019885,SEC
IDA,2025-12-31,short_term_debt,0.1163,SEC
IDA,2016-12-31,total_debt,1.767478,SEC
IDA,2017-12-31,total_debt,1.746123,SEC
IDA,2018-12-31,total_debt,1.834788,SEC
IDA,2019-12-31,total_debt,1.836659,SEC
IDA,2020-12-31,total_debt,2.000414,SEC
IDA,2021-12-31,total_debt,2.00064,SEC
IDA,2022-12-31,total_debt,2.194145,SEC
IDA,2023-12-31,total_debt,2.82559,SEC
IDA,2024-12-31,total_debt,3.073662,SEC
IDA,2025-12-31,total_debt,3.447338,SEC
IMSR,2023-12-31,capex,-0.00110258,Yahoo
IMSR,2024-12-31,capex,-0.000607866,SEC
IMSR,2025-12-31,capex,-0.001055307,SEC
IMSR,2023-12-31,cash,0.00460053,Yahoo
IMSR,2024-12-31,cash,0.003021795,SEC
IMSR,2025-12-31,cash,0.097164391,SEC
IMSR,2023-12-31,ebitda,-0.011898284,Yahoo
IMSR,2024-12-31,ebitda,-0.009097151,SEC
IMSR,2025-12-31,ebitda,-0.024034771,SEC
IMSR,2023-12-31,eps,-0.230219,Yahoo
IMSR,2024-12-31,eps,-0.19,SEC
IMSR,2025-12-31,eps,-0.39,SEC
IMSR,2023-12-31,fcff_before_growth,-0.0106490064599999,Yahoo
IMSR,2024-12-31,fcff_before_growth,-0.009459325,SEC
IMSR,2025-12-31,fcff_before_growth,-0.017634616,SEC
IMSR,2023-12-31,free_cf,-0.010265892,Yahoo
IMSR,2024-12-31,free_cf,-0.0088108,SEC
IMSR,2025-12-31,free_cf,-0.017528219,SEC
IMSR,2023-12-31,long_term_debt,0.010817875,Yahoo
IMSR,2024-12-31,long_term_debt,0.016728363,Yahoo
IMSR,2025-12-31,long_term_debt,0.001656651,Yahoo
IMSR,2024-12-31,market_cap,0.6053500611554146,Yahoo price x SEC shares
IMSR,2025-12-31,market_cap,0.4377630879159045,Yahoo price x SEC shares
IMSR,2023-12-31,net_debt,0.0063696429999999,Yahoo
IMSR,2024-12-31,net_debt,0.013961871,Yahoo
IMSR,2025-12-31,net_debt,-0.095091155,Yahoo
IMSR,2023-12-31,net_income,-0.013908462,Yahoo
IMSR,2024-12-31,net_income,-0.01148541,SEC
IMSR,2025-12-31,net_income,-0.028016641,SEC
IMSR,2023-12-31,operating_cf,-0.009163312,Yahoo
IMSR,2024-12-31,operating_cf,-0.008202934,SEC
IMSR,2025-12-31,operating_cf,-0.016472912,SEC
IMSR,2024-12-31,price,10.020000457763672,Yahoo
IMSR,2025-12-31,price,6.110000133514404,Yahoo
IMSR,2023-12-31,revenue,1.8614e-05,Yahoo
IMSR,2024-12-31,revenue,0.000248357,SEC
IMSR,2025-12-31,revenue,0.0,Yahoo
IMSR,2023-12-31,short_term_debt,0.000152298,Yahoo
IMSR,2024-12-31,short_term_debt,0.000255303,Yahoo
IMSR,2025-12-31,short_term_debt,0.000416585,Yahoo
IMSR,2023-12-31,total_debt,0.010970173,Yahoo
IMSR,2024-12-31,total_debt,0.016983666,Yahoo
IMSR,2025-12-31,total_debt,0.002073236,Yahoo
KEP,2016-12-31,capex,-8.862487827292934,SEC
KEP,2017-12-31,capex,-9.236156289586216,SEC
KEP,2018-12-31,capex,-9.037899497113541,SEC
KEP,2019-12-31,capex,-10.31508751340065,SEC
KEP,2020-12-31,capex,-9.785299784184316,SEC
KEP,2021-12-31,capex,-9.347238092147164,SEC
KEP,2022-12-31,capex,-9.096847237080219,SEC
KEP,2023-12-31,capex,-10.247314705574246,SEC
KEP,2024-12-31,capex,-10.47399325608305,SEC
KEP,2025-12-31,capex,-11.73800470717193,Yahoo
KEP,2016-12-31,cash,2.248154724409396,SEC
KEP,2017-12-31,cash,1.7459598835228827,SEC
KEP,2018-12-31,cash,1.0007920188611024,SEC
KEP,2019-12-31,cash,1.3336543045463622,SEC
KEP,2020-12-31,cash,1.49534283912275,SEC
KEP,2021-12-31,cash,1.9415723974391585,SEC
KEP,2022-12-31,cash,2.3832987987378145,SEC
KEP,2023-12-31,cash,3.199722197538649,SEC
KEP,2024-12-31,cash,1.7557147589998203,SEC
KEP,2025-12-31,cash,4.164697267821175,Yahoo
KEP,2016-12-31,ebitda,15.661841594405704,SEC
KEP,2017-12-31,ebitda,11.12054330824758,SEC
KEP,2018-12-31,ebitda,6.881228411542542,SEC
KEP,2019-12-31,ebitda,6.941296046579082,SEC
KEP,2020-12-31,ebitda,11.527443183192808,SEC
KEP,2021-12-31,ebitda,4.582360859795299,SEC
KEP,2022-12-31,ebitda,-14.572722272547836,SEC
KEP,2023-12-31,ebitda,6.474206969040387,SEC
KEP,2024-12-31,ebitda,16.546902772619795,SEC
KEP,2025-12-31,ebitda,21.885194356885624,Yahoo
KEP,2016-12-31,eps,8.089768333593383,SEC
KEP,2017-12-31,eps,1.490491925214883,SEC
KEP,2018-12-31,eps,-1.5089112520217896,SEC
KEP,2019-12-31,eps,-2.6921688060974702,SEC
KEP,2020-12-31,eps,2.2854700702009723,SEC
KEP,2021-12-31,eps,-6.087955896218773,SEC
KEP,2022-12-31,eps,-28.07989533059299,SEC
KEP,2023-12-31,eps,-5.534639318939298,SEC
KEP,2024-12-31,eps,4.007308740110602,SEC
KEP,2025-12-31,eps,4.901751090364996,Yahoo
KEP,2016-12-31,fcff_before_growth,9.37240136812292,SEC
KEP,2017-12-31,fcff_before_growth,4.085925882388189,SEC
KEP,2018-12-31,fcff_before_growth,-0.8332940507130088,SEC
KEP,2019-12-31,fcff_before_growth,-0.5311995779838128,SEC
KEP,2020-12-31,fcff_before_growth,2.9954073768919516,SEC
KEP,2021-12-31,fcff_before_growth,-5.422762250891867,SEC
KEP,2022-12-31,fcff_before_growth,-26.36006272430136,SEC
KEP,2023-12-31,fcff_before_growth,-8.24290525363582,SEC
KEP,2024-12-31,fcff_before_growth,1.65507898399945,SEC
KEP,2025-12-31,fcff_before_growth,7.747657765332493,Yahoo
KEP,2016-12-31,free_cf,7.058821666430158,SEC
KEP,2017-12-31,free_cf,2.000131857996748,SEC
KEP,2018-12-31,free_cf,-2.5388853787296113,SEC
KEP,2019-12-31,free_cf,-2.7166643004314404,SEC
KEP,2020-12-31,free_cf,1.6493004138517438,SEC
KEP,2021-12-31,free_cf,-6.038111724333139,SEC
KEP,2022-12-31,free_cf,-26.394437041446217,SEC
KEP,2023-12-31,free_cf,-9.125826732332062,SEC
KEP,2024-12-31,free_cf,1.2231015050513077,SEC
KEP,2025-12-31,free_cf,3.64015134969668,Yahoo
KEP,2016-12-31,long_term_debt,1.306955121953215,SEC
KEP,2017-12-31,long_term_debt,1.793765404317528,SEC
KEP,2018-12-31,long_term_debt,2.4004177210721536,SEC
KEP,2019-12-31,long_term_debt,2.4974713643369615,SEC
KEP,2020-12-31,long_term_debt,2.213265572344826,SEC
KEP,2021-12-31,long_term_debt,1.6692507551028393,SEC
KEP,2022-12-31,long_term_debt,2.1825598177846404,SEC
KEP,2023-12-31,long_term_debt,2.4997465195841504,SEC
KEP,2024-12-31,long_term_debt,2.297844910722924,SEC
KEP,2025-12-31,long_term_debt,63.72394035932783,Yahoo
KEP,2016-12-31,net_debt,-0.1193137680974905,SEC
KEP,2017-12-31,net_debt,0.9068718714726856,SEC
KEP,2018-12-31,net_debt,2.2635834893159332,SEC
KEP,2019-12-31,net_debt,2.132772377425572,SEC
KEP,2020-12-31,net_debt,2.274857590867905,SEC
KEP,2021-12-31,net_debt,2.956378576908027,SEC
KEP,2022-12-31,net_debt,8.977871647822905,SEC
KEP,2023-12-31,net_debt,11.417599159393287,SEC
KEP,2024-12-31,net_debt,13.465560851696065,SEC
KEP,2025-12-31,net_debt,96.24486518968536,Yahoo
KEP,2016-12-31,net_income,5.1932046785581045,SEC
KEP,2017-12-31,net_income,0.9568619244266301,SEC
KEP,2018-12-31,net_income,-0.9685375673029921,SEC
KEP,2019-12-31,net_income,-1.728113766166207,SEC
KEP,2020-12-31,net_income,1.4677086915008841,SEC
KEP,2021-12-31,net_income,-3.9082289708970346,SEC
KEP,2022-12-31,net_income,-18.026518453741737,SEC
KEP,2023-12-31,net_income,-3.5531242429328267,SEC
KEP,2024-12-31,net_income,2.572589062920888,SEC
KEP,2025-12-31,net_income,6.293300446785288,Yahoo
KEP,2016-12-31,operating_cf,15.921309493723093,SEC
KEP,2017-12-31,operating_cf,11.236288147582965,SEC
KEP,2018-12-31,operating_cf,6.499014118383929,SEC
KEP,2019-12-31,operating_cf,7.59842321296921,SEC
KEP,2020-12-31,operating_cf,11.43460019803606,SEC
KEP,2021-12-31,operating_cf,3.309126367814024,SEC
KEP,2022-12-31,operating_cf,-17.297589804365998,SEC
KEP,2023-12-31,operating_cf,1.1214879732421832,SEC
KEP,2024-12-31,operating_cf,11.697094761134357,SEC
KEP,2025-12-31,operating_cf,15.37815605686861,Yahoo
KEP,2016-12-31,price,18.479999542236328,Yahoo
KEP,2017-12-31,price,17.709999084472656,Yahoo
KEP,2018-12-31,price,14.75,Yahoo
KEP,2019-12-31,price,11.829999923706055,Yahoo
KEP,2020-12-31,price,12.270000457763672,Yahoo
KEP,2021-12-31,price,9.140000343322754,Yahoo
KEP,2022-12-31,price,8.640000343322754,Yahoo
KEP,2023-12-31,price,7.25,Yahoo
KEP,2024-12-31,price,6.880000114440918,Yahoo
KEP,2025-12-31,price,16.5,Yahoo
KEP,2016-12-31,revenue,44.031833217703685,SEC
KEP,2017-12-31,revenue,43.71708523477341,SEC
KEP,2018-12-31,revenue,44.23074352789146,SEC
KEP,2019-12-31,revenue,43.15138571246818,SEC
KEP,2020-12-31,revenue,42.678784098802716,SEC
KEP,2021-12-31,revenue,44.215501903345285,SEC
KEP,2022-12-31,revenue,51.97641083935509,SEC
KEP,2023-12-31,revenue,64.45026334739813,SEC
KEP,2024-12-31,revenue,68.20917273005615,SEC
KEP,2025-12-31,revenue,71.12166929147556,Yahoo
KEP,2016-12-31,short_term_debt,0.8218858343586908,SEC
KEP,2017-12-31,short_term_debt,0.8590663506780402,SEC
KEP,2018-12-31,short_term_debt,0.8639577871048822,SEC
KEP,2019-12-31,short_term_debt,0.9689553176349727,SEC
KEP,2020-12-31,short_term_debt,1.5569348576458286,SEC
KEP,2021-12-31,short_term_debt,3.228700219244347,SEC
KEP,2022-12-31,short_term_debt,9.178610628776077,SEC
KEP,2023-12-31,short_term_debt,12.117574837347783,SEC
KEP,2024-12-31,short_term_debt,12.92343069997296,SEC
KEP,2025-12-31,short_term_debt,34.17127382931358,Yahoo
KEP,2016-12-31,total_debt,2.1288409563119055,SEC
KEP,2017-12-31,total_debt,2.6528317549955682,SEC
KEP,2018-12-31,total_debt,3.264375508177036,SEC
KEP,2019-12-31,total_debt,3.466426681971934,SEC
KEP,2020-12-31,total_debt,3.770200429990655,SEC
KEP,2021-12-31,total_debt,4.897950974347186,SEC
KEP,2022-12-31,total_debt,11.361170446560719,SEC
KEP,2023-12-31,total_debt,14.617321356931935,SEC
KEP,2024-12-31,total_debt,15.221275610695885,SEC
KEP,2025-12-31,total_debt,97.8952141886414,Yahoo
LNT,2016-12-31,capex,-1.1968,SEC
LNT,2017-12-31,capex,-1.4669,SEC
LNT,2018-12-31,capex,-1.634,SEC
LNT,2019-12-31,capex,-1.64,SEC
LNT,2020-12-31,capex,-1.366,SEC
LNT,2021-12-31,capex,-1.169,SEC
LNT,2022-12-31,capex,-1.484,SEC
LNT,2023-12-31,capex,-1.731,SEC
LNT,2024-12-31,capex,-2.052,SEC
LNT,2025-12-31,capex,-2.277,SEC
LNT,2016-12-31,cash,0.0082,SEC
LNT,2017-12-31,cash,0.0279,SEC
LNT,2018-12-31,cash,0.0209,SEC
LNT,2019-12-31,cash,0.016,SEC
LNT,2020-12-31,cash,0.054,SEC
LNT,2021-12-31,cash,0.039,SEC
LNT,2022-12-31,cash,0.02,SEC
LNT,2023-12-31,cash,0.062,SEC
LNT,2024-12-31,cash,0.081,SEC
LNT,2025-12-31,cash,0.556,SEC
LNT,2016-12-31,ebitda,0.9657,SEC
LNT,2017-12-31,ebitda,1.133,SEC
LNT,2018-12-31,ebitda,1.201,SEC
LNT,2019-12-31,ebitda,1.345,SEC
LNT,2020-12-31,ebitda,1.355,SEC
LNT,2021-12-31,ebitda,1.452,SEC
LNT,2022-12-31,ebitda,1.599,SEC
LNT,2023-12-31,ebitda,1.619,SEC
LNT,2024-12-31,ebitda,1.658,SEC
LNT,2025-12-31,ebitda,1.871,SEC
LNT,2016-12-31,eps,1.64,SEC
LNT,2017-12-31,eps,1.99,SEC
LNT,2018-12-31,eps,2.19,SEC
LNT,2019-12-31,eps,2.33,SEC
LNT,2020-12-31,eps,2.47,SEC
LNT,2021-12-31,eps,2.63,SEC
LNT,2022-12-31,eps,2.73,SEC
LNT,2023-12-31,eps,2.78,SEC
LNT,2024-12-31,eps,2.69,SEC
LNT,2025-12-31,eps,3.14,SEC
LNT,2016-12-31,fcff_before_growth,0.136198,SEC
LNT,2017-12-31,fcff_before_growth,0.230124,SEC
LNT,2018-12-31,fcff_before_growth,0.21613,SEC
LNT,2019-12-31,fcff_before_growth,0.30867,SEC
LNT,2020-12-31,fcff_before_growth,0.10325,SEC
LNT,2021-12-31,fcff_before_growth,0.14383,SEC
LNT,2022-12-31,fcff_before_growth,0.07175,SEC
LNT,2023-12-31,fcff_before_growth,0.50226,SEC
LNT,2024-12-31,fcff_before_growth,0.74971,SEC
LNT,2025-12-31,fcff_before_growth,0.72748,SEC
LNT,2016-12-31,free_cf,-0.804,SEC
LNT,2017-12-31,free_cf,-0.9453,SEC
LNT,2018-12-31,free_cf,-1.106,SEC
LNT,2019-12-31,free_cf,-0.98,SEC
LNT,2020-12-31,free_cf,-0.865,SEC
LNT,2021-12-31,free_cf,-0.587,SEC
LNT,2022-12-31,free_cf,-0.998,SEC
LNT,2023-12-31,free_cf,-0.864,SEC
LNT,2024-12-31,free_cf,-0.885,SEC
LNT,2025-12-31,free_cf,-1.108,SEC
LNT,2016-12-31,long_term_debt,4.3156,SEC
LNT,2017-12-31,long_term_debt,4.0106,SEC
LNT,2018-12-31,long_term_debt,5.2463,SEC
LNT,2019-12-31,long_term_debt,5.533,SEC
LNT,2020-12-31,long_term_debt,6.769,SEC
LNT,2021-12-31,long_term_debt,6.735,SEC
LNT,2022-12-31,long_term_debt,7.668,SEC
LNT,2023-12-31,long_term_debt,8.225,SEC
LNT,2024-12-31,long_term_debt,8.677,SEC
LNT,2025-12-31,long_term_debt,10.954,SEC
LNT,2016-12-31,market_cap,8.60481886138916,Yahoo price x SEC shares
LNT,2017-12-31,market_cap,9.787517140197753,Yahoo price x SEC shares
LNT,2018-12-31,market_cap,9.8696,Yahoo price x SEC shares
LNT,2019-12-31,market_cap,13.078080291748046,Yahoo price x SEC shares
LNT,2020-12-31,market_cap,12.815510696411133,Yahoo price x SEC shares
LNT,2021-12-31,market_cap,15.410529306030273,Yahoo price x SEC shares
LNT,2022-12-31,market_cap,13.86875177001953,Yahoo price x SEC shares
LNT,2023-12-31,market_cap,12.994289806747437,Yahoo price x SEC shares
LNT,2024-12-31,market_cap,15.187151843261718,Yahoo price x SEC shares
LNT,2025-12-31,market_cap,16.759578550720214,Yahoo price x SEC shares
LNT,2016-12-31,net_debt,4.5561,SEC
LNT,2017-12-31,net_debt,5.1586,SEC
LNT,2018-12-31,net_debt,5.9231,SEC
LNT,2019-12-31,net_debt,6.511,SEC
LNT,2020-12-31,net_debt,7.112,SEC
LNT,2021-12-31,net_debt,7.844,SEC
LNT,2022-12-31,net_debt,8.698,SEC
LNT,2023-12-31,net_debt,9.447000000000001,SEC
LNT,2024-12-31,net_debt,10.325000000000001,SEC
LNT,2025-12-31,net_debt,11.559999999999999,SEC
LNT,2016-12-31,net_income,0.3817,SEC
LNT,2017-12-31,net_income,0.4675,SEC
LNT,2018-12-31,net_income,0.522,SEC
LNT,2019-12-31,net_income,0.567,SEC
LNT,2020-12-31,net_income,0.624,SEC
LNT,2021-12-31,net_income,0.674,SEC
LNT,2022-12-31,net_income,0.686,SEC
LNT,2023-12-31,net_income,0.703,SEC
LNT,2024-12-31,net_income,0.69,SEC
LNT,2025-12-31,net_income,0.81,SEC
LNT,2016-12-31,operating_cf,0.3928,SEC
LNT,2017-12-31,operating_cf,0.5216,SEC
LNT,2018-12-31,operating_cf,0.528,SEC
LNT,2019-12-31,operating_cf,0.66,SEC
LNT,2020-12-31,operating_cf,0.501,SEC
LNT,2021-12-31,operating_cf,0.582,SEC
LNT,2022-12-31,operating_cf,0.486,SEC
LNT,2023-12-31,operating_cf,0.867,SEC
LNT,2024-12-31,operating_cf,1.167,SEC
LNT,2025-12-31,operating_cf,1.169,SEC
LNT,2016-12-31,price,37.88999938964844,Yahoo
LNT,2017-12-31,price,42.61000061035156,Yahoo
LNT,2018-12-31,price,42.25,Yahoo
LNT,2019-12-31,price,54.720001220703125,Yahoo
LNT,2020-12-31,price,51.529998779296875,Yahoo
LNT,2021-12-31,price,61.470001220703125,Yahoo
LNT,2022-12-31,price,55.209999084472656,Yahoo
LNT,2023-12-31,price,51.29999923706055,Yahoo
LNT,2024-12-31,price,59.13999938964844,Yahoo
LNT,2025-12-31,price,65.01000213623047,Yahoo
LNT,2016-12-31,revenue,3.32,SEC
LNT,2017-12-31,revenue,3.3822,SEC
LNT,2018-12-31,revenue,3.534,SEC
LNT,2019-12-31,revenue,3.648,SEC
LNT,2020-12-31,revenue,3.416,SEC
LNT,2021-12-31,revenue,3.669,SEC
LNT,2022-12-31,revenue,4.205,SEC
LNT,2023-12-31,revenue,4.027,SEC
LNT,2024-12-31,revenue,3.981,SEC
LNT,2025-12-31,revenue,4.362,SEC
LNT,2016-12-31,short_term_debt,0.2487,SEC
LNT,2017-12-31,short_term_debt,1.1759,SEC
LNT,2018-12-31,short_term_debt,0.6977,SEC
LNT,2019-12-31,short_term_debt,0.994,SEC
LNT,2020-12-31,short_term_debt,0.397,SEC
LNT,2021-12-31,short_term_debt,1.148,SEC
LNT,2022-12-31,short_term_debt,1.05,SEC
LNT,2023-12-31,short_term_debt,1.284,SEC
LNT,2024-12-31,short_term_debt,1.729,SEC
LNT,2025-12-31,short_term_debt,1.162,SEC
LNT,2016-12-31,total_debt,4.5643,SEC
LNT,2017-12-31,total_debt,5.1865,SEC
LNT,2018-12-31,total_debt,5.944,SEC
LNT,2019-12-31,total_debt,6.527,SEC
LNT,2020-12-31,total_debt,7.166,SEC
LNT,2021-12-31,total_debt,7.883,SEC
LNT,2022-12-31,total_debt,8.718,SEC
LNT,2023-12-31,total_debt,9.509,SEC
LNT,2024-12-31,total_debt,10.406,SEC
LNT,2025-12-31,total_debt,12.116,SEC
MDU,2016-12-31,capex,-0.388183,SEC
MDU,2017-12-31,capex,-0.341382,SEC
MDU,2018-12-31,capex,-0.56823,SEC
MDU,2019-12-31,capex,-0.576065,SEC
MDU,2020-12-31,capex,-0.558007,SEC
MDU,2021-12-31,capex,-0.485197,SEC
MDU,2022-12-31,capex,-0.442582,SEC
MDU,2023-12-31,capex,-0.484136,SEC
MDU,2024-12-31,capex,-0.522824,SEC
MDU,2025-12-31,capex,-0.770394,SEC
MDU,2016-12-31,cash,0.046107,SEC
MDU,2017-12-31,cash,0.034599,SEC
MDU,2018-12-31,cash,0.053948,SEC
MDU,2019-12-31,cash,0.066459,SEC
MDU,2020-12-31,cash,0.059547,SEC
MDU,2021-12-31,cash,0.054161,SEC
MDU,2022-12-31,cash,0.070428,SEC
MDU,2023-12-31,cash,0.060473,SEC
MDU,2024-12-31,cash,0.066904,SEC
MDU,2025-12-31,cash,0.028212,SEC
MDU,2016-12-31,ebitda,0.625227,SEC
MDU,2017-12-31,ebitda,0.631534,SEC
MDU,2018-12-31,ebitda,0.621928,SEC
MDU,2019-12-31,ebitda,0.737237,SEC
MDU,2020-12-31,ebitda,0.830025,SEC
MDU,2021-12-31,ebitda,0.529291,SEC
MDU,2022-12-31,ebitda,0.38943,SEC
MDU,2023-12-31,ebitda,0.415394,SEC
MDU,2024-12-31,ebitda,0.46572,SEC
MDU,2025-12-31,ebitda,0.497085,SEC
MDU,2016-12-31,eps,0.33,SEC
MDU,2017-12-31,eps,1.43,SEC
MDU,2018-12-31,eps,1.39,SEC
MDU,2019-12-31,eps,1.69,SEC
MDU,2020-12-31,eps,1.95,SEC
MDU,2021-12-31,eps,1.87,SEC
MDU,2022-12-31,eps,1.81,SEC
MDU,2023-12-31,eps,2.03,SEC
MDU,2024-12-31,eps,1.37,SEC
MDU,2025-12-31,eps,0.93,SEC
MDU,2016-12-31,fcff_before_growth,0.31529092,SEC
MDU,2017-12-31,fcff_before_growth,0.30592752,SEC
MDU,2018-12-31,fcff_before_growth,0.34652106,SEC
MDU,2019-12-31,fcff_before_growth,0.36414673,SEC
MDU,2020-12-31,fcff_before_growth,0.55952401,SEC
MDU,2021-12-31,fcff_before_growth,0.35339711,SEC
MDU,2022-12-31,fcff_before_growth,0.38525542,SEC
MDU,2023-12-31,fcff_before_growth,0.23248032,SEC
MDU,2024-12-31,fcff_before_growth,0.30224,SEC
MDU,2025-12-31,fcff_before_growth,0.266657,SEC
MDU,2016-12-31,free_cf,0.074026,SEC
MDU,2017-12-31,free_cf,0.106629,SEC
MDU,2018-12-31,free_cf,-0.068349,SEC
MDU,2019-12-31,free_cf,-0.033785,SEC
MDU,2020-12-31,free_cf,0.210367,SEC
MDU,2021-12-31,free_cf,0.01058,SEC
MDU,2022-12-31,free_cf,0.067482,SEC
MDU,2023-12-31,free_cf,-0.151509,SEC
MDU,2024-12-31,free_cf,-0.020506,SEC
MDU,2025-12-31,free_cf,-0.297029,SEC
MDU,2016-12-31,long_term_debt,1.746561,SEC
MDU,2017-12-31,long_term_debt,1.566354,SEC
MDU,2018-12-31,long_term_debt,1.856841,SEC
MDU,2019-12-31,long_term_debt,2.226567,SEC
MDU,2020-12-31,long_term_debt,2.211575,SEC
MDU,2021-12-31,long_term_debt,2.593847,SEC
MDU,2022-12-31,long_term_debt,2.317848,SEC
MDU,2023-12-31,long_term_debt,2.104904,SEC
MDU,2024-12-31,long_term_debt,2.13091,SEC
MDU,2025-12-31,long_term_debt,2.532155,SEC
MDU,2016-12-31,market_cap,2.1399908794670104,Yahoo price x SEC shares
MDU,2017-12-31,market_cap,2.0001126660833357,Yahoo price x SEC shares
MDU,2018-12-31,market_cap,1.7781065890312195,Yahoo price x SEC shares
MDU,2019-12-31,market_cap,2.2438923046245574,Yahoo price x SEC shares
MDU,2020-12-31,market_cap,2.00884832130146,Yahoo price x SEC shares
MDU,2021-12-31,market_cap,2.3732947279014587,Yahoo price x SEC shares
MDU,2022-12-31,market_cap,2.3472649711589813,Yahoo price x SEC shares
MDU,2023-12-31,market_cap,2.237103836183548,Yahoo price x SEC shares
MDU,2024-12-31,market_cap,3.687847153682709,Yahoo price x SEC shares
MDU,2025-12-31,market_cap,4.007456093978882,Yahoo price x SEC shares
MDU,2016-12-31,net_debt,1.7440520000000002,SEC
MDU,2017-12-31,net_debt,1.680254,SEC
MDU,2018-12-31,net_debt,2.054747,SEC
MDU,2019-12-31,net_debt,2.176648,SEC
MDU,2020-12-31,net_debt,2.203583,SEC
MDU,2021-12-31,net_debt,2.6877389999999997,SEC
MDU,2022-12-31,net_debt,2.333739,SEC
MDU,2023-12-31,net_debt,2.20075,SEC
MDU,2024-12-31,net_debt,2.2257059999999997,SEC
MDU,2025-12-31,net_debt,2.6486430000000003,SEC
MDU,2016-12-31,net_income,0.063748,SEC
MDU,2017-12-31,net_income,0.281203,SEC
MDU,2018-12-31,net_income,0.272318,SEC
MDU,2019-12-31,net_income,0.335453,SEC
MDU,2020-12-31,net_income,0.390205,SEC
MDU,2021-12-31,net_income,0.378131,SEC
MDU,2022-12-31,net_income,0.367489,SEC
MDU,2023-12-31,net_income,0.414707,SEC
MDU,2024-12-31,net_income,0.281108,SEC
MDU,2025-12-31,net_income,0.190395,SEC
MDU,2016-12-31,operating_cf,0.462209,SEC
MDU,2017-12-31,operating_cf,0.448011,SEC
MDU,2018-12-31,operating_cf,0.499881,SEC
MDU,2019-12-31,operating_cf,0.54228,SEC
MDU,2020-12-31,operating_cf,0.768374,SEC
MDU,2021-12-31,operating_cf,0.495777,SEC
MDU,2022-12-31,operating_cf,0.510064,SEC
MDU,2023-12-31,operating_cf,0.332627,SEC
MDU,2024-12-31,operating_cf,0.502318,SEC
MDU,2025-12-31,operating_cf,0.473365,SEC
MDU,2016-12-31,price,10.939641952514648,Yahoo
MDU,2017-12-31,price,10.220978736877441,Yahoo
MDU,2018-12-31,price,9.065034866333008,Yahoo
MDU,2019-12-31,price,11.297072410583496,Yahoo
MDU,2020-12-31,price,10.015646934509277,Yahoo
MDU,2021-12-31,price,11.726749420166016,Yahoo
MDU,2022-12-31,price,11.536625862121582,Yahoo
MDU,2023-12-31,price,10.969529151916504,Yahoo
MDU,2024-12-31,price,18.020000457763672,Yahoo
MDU,2025-12-31,price,19.520000457763672,Yahoo
MDU,2016-12-31,revenue,4.128828,SEC
MDU,2017-12-31,revenue,4.443351,SEC
MDU,2018-12-31,revenue,4.531552,SEC
MDU,2019-12-31,revenue,5.336776,SEC
MDU,2020-12-31,revenue,5.53275,SEC
MDU,2021-12-31,revenue,3.454436,SEC
MDU,2022-12-31,revenue,1.754158,SEC
MDU,2023-12-31,revenue,1.805807,SEC
MDU,2024-12-31,revenue,1.757978,SEC
MDU,2025-12-31,revenue,1.875066,SEC
MDU,2016-12-31,short_term_debt,0.043598,SEC
MDU,2017-12-31,short_term_debt,0.148499,SEC
MDU,2018-12-31,short_term_debt,0.251854,SEC
MDU,2019-12-31,short_term_debt,0.01654,SEC
MDU,2020-12-31,short_term_debt,0.051555,SEC
MDU,2021-12-31,short_term_debt,0.148053,SEC
MDU,2022-12-31,short_term_debt,0.086319,SEC
MDU,2023-12-31,short_term_debt,0.156319,SEC
MDU,2024-12-31,short_term_debt,0.1617,SEC
MDU,2025-12-31,short_term_debt,0.1447,SEC
MDU,2016-12-31,total_debt,1.790159,SEC
MDU,2017-12-31,total_debt,1.714853,SEC
MDU,2018-12-31,total_debt,2.108695,SEC
MDU,2019-12-31,total_debt,2.243107,SEC
MDU,2020-12-31,total_debt,2.26313,SEC
MDU,2021-12-31,total_debt,2.7419,SEC
MDU,2022-12-31,total_debt,2.404167,SEC
MDU,2023-12-31,total_debt,2.261223,SEC
MDU,2024-12-31,total_debt,2.29261,SEC
MDU,2025-12-31,total_debt,2.676855,SEC
MGEE,2016-12-31,capex,-0.083659,SEC
MGEE,2017-12-31,capex,-0.108131,SEC
MGEE,2018-12-31,capex,-0.212197,SEC
MGEE,2019-12-31,capex,-0.164036,SEC
MGEE,2020-12-31,capex,-0.203139,SEC
MGEE,2021-12-31,capex,-0.153169,SEC
MGEE,2022-12-31,capex,-0.17503,SEC
MGEE,2023-12-31,capex,-0.222071,SEC
MGEE,2024-12-31,capex,-0.236925,SEC
MGEE,2025-12-31,capex,-0.34322,SEC
MGEE,2016-12-31,cash,0.095959,SEC
MGEE,2017-12-31,cash,0.107952,SEC
MGEE,2018-12-31,cash,0.083102,SEC
MGEE,2019-12-31,cash,0.023481,SEC
MGEE,2020-12-31,cash,0.044738,SEC
MGEE,2021-12-31,cash,0.017438,SEC
MGEE,2022-12-31,cash,0.011604,SEC
MGEE,2023-12-31,cash,0.01114,SEC
MGEE,2024-12-31,cash,0.021302,SEC
MGEE,2025-12-31,cash,0.005666,SEC
MGEE,2016-12-31,ebitda,0.168528,SEC
MGEE,2017-12-31,ebitda,0.177702,SEC
MGEE,2018-12-31,ebitda,0.170619,SEC
MGEE,2019-12-31,ebitda,0.182472,SEC
MGEE,2020-12-31,ebitda,0.184185,SEC
MGEE,2021-12-31,ebitda,0.194277,SEC
MGEE,2022-12-31,ebitda,0.223292,SEC
MGEE,2023-12-31,ebitda,0.246737,SEC
MGEE,2024-12-31,ebitda,0.254843,SEC
MGEE,2025-12-31,ebitda,0.284977,SEC
MGEE,2016-12-31,eps,2.18,SEC
MGEE,2017-12-31,eps,2.82,SEC
MGEE,2018-12-31,eps,2.43,SEC
MGEE,2019-12-31,eps,2.51,SEC
MGEE,2020-12-31,eps,2.6,SEC
MGEE,2021-12-31,eps,2.92,SEC
MGEE,2022-12-31,eps,3.07,SEC
MGEE,2023-12-31,eps,3.25,SEC
MGEE,2024-12-31,eps,3.33,SEC
MGEE,2025-12-31,eps,3.72,SEC
MGEE,2016-12-31,fcff_before_growth,0.103218,SEC
MGEE,2017-12-31,fcff_before_growth,0.078296,SEC
MGEE,2018-12-31,fcff_before_growth,0.096628,SEC
MGEE,2019-12-31,fcff_before_growth,0.058913,SEC
MGEE,2020-12-31,fcff_before_growth,0.098255,SEC
MGEE,2021-12-31,fcff_before_growth,0.060544,SEC
MGEE,2022-12-31,fcff_before_growth,0.068186,SEC
MGEE,2023-12-31,fcff_before_growth,0.137209,SEC
MGEE,2024-12-31,fcff_before_growth,0.169203,SEC
MGEE,2025-12-31,fcff_before_growth,0.14891,SEC
MGEE,2016-12-31,free_cf,0.064205,SEC
MGEE,2017-12-31,free_cf,0.023242,SEC
MGEE,2018-12-31,free_cf,-0.059157,SEC
MGEE,2019-12-31,free_cf,-0.033561,SEC
MGEE,2020-12-31,free_cf,-0.030696,SEC
MGEE,2021-12-31,free_cf,-0.015642,SEC
MGEE,2022-12-31,free_cf,-0.021295,SEC
MGEE,2023-12-31,free_cf,0.01549,SEC
MGEE,2024-12-31,free_cf,0.040859,SEC
MGEE,2025-12-31,free_cf,-0.079986,SEC
MGEE,2016-12-31,long_term_debt,0.382791,SEC
MGEE,2017-12-31,long_term_debt,0.398161,SEC
MGEE,2018-12-31,long_term_debt,0.493343,SEC
MGEE,2019-12-31,long_term_debt,0.523741,SEC
MGEE,2020-12-31,long_term_debt,0.519303,SEC
MGEE,2021-12-31,long_term_debt,0.614211,SEC
MGEE,2022-12-31,long_term_debt,0.585246,SEC
MGEE,2023-12-31,long_term_debt,0.718822,SEC
MGEE,2024-12-31,long_term_debt,0.763697,SEC
MGEE,2025-12-31,long_term_debt,0.792205,SEC
MGEE,2016-12-31,market_cap,2.26382050579834,Yahoo price x SEC shares
MGEE,2017-12-31,market_cap,2.18755074710083,Yahoo price x SEC shares
MGEE,2018-12-31,market_cap,2.078693248260498,Yahoo price x SEC shares
MGEE,2019-12-31,market_cap,2.732531749420166,Yahoo price x SEC shares
MGEE,2020-12-31,market_cap,2.4939083165283202,Yahoo price x SEC shares
MGEE,2021-12-31,market_cap,2.97473575,Yahoo price x SEC shares
MGEE,2022-12-31,market_cap,2.5466496551971436,Yahoo price x SEC shares
MGEE,2023-12-31,market_cap,2.6166095716552733,Yahoo price x SEC shares
MGEE,2024-12-31,market_cap,3.4050164068222046,Yahoo price x SEC shares
MGEE,2025-12-31,market_cap,2.867897753036499,Yahoo price x SEC shares
MGEE,2016-12-31,net_debt,0.291165,SEC
MGEE,2017-12-31,net_debt,0.318661,SEC
MGEE,2018-12-31,net_debt,0.427794,SEC
MGEE,2019-12-31,net_debt,0.519919,SEC
MGEE,2020-12-31,net_debt,0.531836,SEC
MGEE,2021-12-31,net_debt,0.6071620000000001,SEC
MGEE,2022-12-31,net_debt,0.6984560000000001,SEC
MGEE,2023-12-31,net_debt,0.7508279999999999,SEC
MGEE,2024-12-31,net_debt,0.74768,SEC
MGEE,2025-12-31,net_debt,0.902699,SEC
MGEE,2016-12-31,net_income,0.07556,SEC
MGEE,2017-12-31,net_income,0.097606,SEC
MGEE,2018-12-31,net_income,0.084219,SEC
MGEE,2019-12-31,net_income,0.086874,SEC
MGEE,2020-12-31,net_income,0.092418,SEC
MGEE,2021-12-31,net_income,0.105761,SEC
MGEE,2022-12-31,net_income,0.110952,SEC
MGEE,2023-12-31,net_income,0.117699,SEC
MGEE,2024-12-31,net_income,0.120569,SEC
MGEE,2025-12-31,net_income,0.135889,SEC
MGEE,2016-12-31,operating_cf,0.147864,SEC
MGEE,2017-12-31,operating_cf,0.131373,SEC
MGEE,2018-12-31,operating_cf,0.15304,SEC
MGEE,2019-12-31,operating_cf,0.130475,SEC
MGEE,2020-12-31,operating_cf,0.172443,SEC
MGEE,2021-12-31,operating_cf,0.137527,SEC
MGEE,2022-12-31,operating_cf,0.153735,SEC
MGEE,2023-12-31,operating_cf,0.237561,SEC
MGEE,2024-12-31,operating_cf,0.277784,SEC
MGEE,2025-12-31,operating_cf,0.263234,SEC
MGEE,2016-12-31,price,65.30000305175781,Yahoo
MGEE,2017-12-31,price,63.099998474121094,Yahoo
MGEE,2018-12-31,price,59.959999084472656,Yahoo
MGEE,2019-12-31,price,78.81999969482422,Yahoo
MGEE,2020-12-31,price,70.02999877929688,Yahoo
MGEE,2021-12-31,price,82.25,Yahoo
MGEE,2022-12-31,price,70.4000015258789,Yahoo
MGEE,2023-12-31,price,72.30999755859375,Yahoo
MGEE,2024-12-31,price,93.95999908447266,Yahoo
MGEE,2025-12-31,price,78.41999816894531,Yahoo
MGEE,2016-12-31,revenue,0.544745,SEC
MGEE,2017-12-31,revenue,0.563099,SEC
MGEE,2018-12-31,revenue,0.559768,SEC
MGEE,2019-12-31,revenue,0.568855,SEC
MGEE,2020-12-31,revenue,0.538633,SEC
MGEE,2021-12-31,revenue,0.606584,SEC
MGEE,2022-12-31,revenue,0.714519,SEC
MGEE,2023-12-31,revenue,0.690431,SEC
MGEE,2024-12-31,revenue,0.676944,SEC
MGEE,2025-12-31,revenue,0.743654,SEC
MGEE,2016-12-31,short_term_debt,0.004333,SEC
MGEE,2017-12-31,short_term_debt,0.028452,SEC
MGEE,2018-12-31,short_term_debt,0.017553,SEC
MGEE,2019-12-31,short_term_debt,0.019659,SEC
MGEE,2020-12-31,short_term_debt,0.057271,SEC
MGEE,2021-12-31,short_term_debt,0.010389,SEC
MGEE,2022-12-31,short_term_debt,0.124814,SEC
MGEE,2023-12-31,short_term_debt,0.043146,SEC
MGEE,2024-12-31,short_term_debt,0.005285,SEC
MGEE,2025-12-31,short_term_debt,0.11616,SEC
MGEE,2016-12-31,total_debt,0.387124,SEC
MGEE,2017-12-31,total_debt,0.426613,SEC
MGEE,2018-12-31,total_debt,0.510896,SEC
MGEE,2019-12-31,total_debt,0.5434,SEC
MGEE,2020-12-31,total_debt,0.576574,SEC
MGEE,2021-12-31,total_debt,0.6246,SEC
MGEE,2022-12-31,total_debt,0.71006,SEC
MGEE,2023-12-31,total_debt,0.761968,SEC
MGEE,2024-12-31,total_debt,0.768982,SEC
MGEE,2025-12-31,total_debt,0.908365,SEC
MSEX,2020-12-31,capex,-0.105619,SEC
MSEX,2021-12-31,capex,-0.079378,SEC
MSEX,2022-12-31,capex,-0.091335,SEC
MSEX,2023-12-31,capex,-0.090179,SEC
MSEX,2024-12-31,capex,-0.074622,SEC
MSEX,2025-12-31,capex,-0.096354,Yahoo
MSEX,2016-12-31,cash,0.003879,SEC
MSEX,2017-12-31,cash,0.004937,SEC
MSEX,2018-12-31,cash,0.003705,SEC
MSEX,2019-12-31,cash,0.00223,SEC
MSEX,2020-12-31,cash,0.004491,SEC
MSEX,2021-12-31,cash,0.003533,SEC
MSEX,2022-12-31,cash,0.003828,SEC
MSEX,2023-12-31,cash,0.00239,SEC
MSEX,2024-12-31,cash,0.004226,SEC
MSEX,2025-12-31,cash,0.0028,SEC
MSEX,2016-12-31,ebitda,0.053834,SEC
MSEX,2017-12-31,ebitda,0.052644,SEC
MSEX,2018-12-31,ebitda,0.052922,SEC
MSEX,2019-12-31,ebitda,0.052752,SEC
MSEX,2020-12-31,ebitda,0.058258,SEC
MSEX,2021-12-31,ebitda,0.06001,SEC
MSEX,2022-12-31,ebitda,0.074808,SEC
MSEX,2023-12-31,ebitda,0.068665,SEC
MSEX,2024-12-31,ebitda,0.081248,SEC
MSEX,2025-12-31,ebitda,0.086871,SEC
MSEX,2016-12-31,eps,1.38,SEC
MSEX,2017-12-31,eps,1.38,SEC
MSEX,2018-12-31,eps,1.96,SEC
MSEX,2019-12-31,eps,2.01,SEC
MSEX,2020-12-31,eps,2.18,SEC
MSEX,2021-12-31,eps,2.07,SEC
MSEX,2022-12-31,eps,2.39,SEC
MSEX,2023-12-31,eps,1.76,SEC
MSEX,2024-12-31,eps,2.47,SEC
MSEX,2025-12-31,eps,2.36,SEC
MSEX,2016-12-31,fcff_before_growth,0.03772047,SEC
MSEX,2017-12-31,fcff_before_growth,0.03234674,SEC
MSEX,2018-12-31,fcff_before_growth,0.03542282,SEC
MSEX,2019-12-31,fcff_before_growth,0.02455956,SEC
MSEX,2020-12-31,fcff_before_growth,0.03843647,SEC
MSEX,2021-12-31,fcff_before_growth,0.01263906,SEC
MSEX,2022-12-31,fcff_before_growth,0.04128593,SEC
MSEX,2023-12-31,fcff_before_growth,0.03372297,SEC
MSEX,2024-12-31,fcff_before_growth,0.030692,SEC
MSEX,2025-12-31,fcff_before_growth,0.030101,SEC
MSEX,2020-12-31,free_cf,-0.052264,SEC
MSEX,2021-12-31,free_cf,-0.04635,SEC
MSEX,2022-12-31,free_cf,-0.029974,SEC
MSEX,2023-12-31,free_cf,-0.037397,SEC
MSEX,2024-12-31,free_cf,-0.015892,SEC
MSEX,2025-12-31,free_cf,-0.0337579999999999,Yahoo
MSEX,2016-12-31,long_term_debt,0.134538,SEC
MSEX,2017-12-31,long_term_debt,0.139045,SEC
MSEX,2018-12-31,long_term_debt,0.152851,SEC
MSEX,2019-12-31,long_term_debt,0.230777,SEC
MSEX,2020-12-31,long_term_debt,0.273244,SEC
MSEX,2021-12-31,long_term_debt,0.30652,SEC
MSEX,2022-12-31,long_term_debt,0.29028,SEC
MSEX,2023-12-31,long_term_debt,0.358153,SEC
MSEX,2024-12-31,long_term_debt,0.352822,SEC
MSEX,2025-12-31,long_term_debt,0.378874,SEC
MSEX,2016-12-31,market_cap,0.7053324174423218,Yahoo price x SEC shares
MSEX,2017-12-31,market_cap,0.657956257484436,Yahoo price x SEC shares
MSEX,2018-12-31,market_cap,0.0008824089747619629,Yahoo price x SEC shares
MSEX,2019-12-31,market_cap,1.0698195248641968,Yahoo price x SEC shares
MSEX,2020-12-31,market_cap,0.0012735878014526367,Yahoo price x SEC shares
MSEX,2021-12-31,market_cap,0.0021181221537323,Yahoo price x SEC shares
MSEX,2022-12-31,market_cap,1.3934030075683594,Yahoo price x SEC shares
MSEX,2023-12-31,market_cap,1.1711201890182494,Yahoo price x SEC shares
MSEX,2024-12-31,market_cap,0.9444979991683959,Yahoo price x SEC shares
MSEX,2025-12-31,market_cap,0.9144675067901611,Yahoo price x SEC shares
MSEX,2016-12-31,net_debt,0.148818,SEC
MSEX,2017-12-31,net_debt,0.168973,SEC
MSEX,2018-12-31,net_debt,0.20498899999999998,SEC
MSEX,2019-12-31,net_debt,0.255725,SEC
MSEX,2020-12-31,net_debt,0.278008,SEC
MSEX,2021-12-31,net_debt,0.322718,SEC
MSEX,2022-12-31,net_debt,0.359414,SEC
MSEX,2023-12-31,net_debt,0.763299,SEC
MSEX,2024-12-31,net_debt,0.379307,SEC
MSEX,2025-12-31,net_debt,0.412174,SEC
MSEX,2016-12-31,net_income,0.022742,SEC
MSEX,2017-12-31,net_income,0.022809,SEC
MSEX,2018-12-31,net_income,0.032452,SEC
MSEX,2019-12-31,net_income,0.033888,SEC
MSEX,2020-12-31,net_income,0.038425,SEC
MSEX,2021-12-31,net_income,0.036543,SEC
MSEX,2022-12-31,net_income,0.042429,SEC
MSEX,2023-12-31,net_income,0.031524,SEC
MSEX,2024-12-31,net_income,0.044351,SEC
MSEX,2025-12-31,net_income,0.042822,SEC
MSEX,2016-12-31,operating_cf,0.047071,SEC
MSEX,2017-12-31,operating_cf,0.042843,SEC
MSEX,2018-12-31,operating_cf,0.045864,SEC
MSEX,2019-12-31,operating_cf,0.036053,SEC
MSEX,2020-12-31,operating_cf,0.053355,SEC
MSEX,2021-12-31,operating_cf,0.033028,SEC
MSEX,2022-12-31,operating_cf,0.061361,SEC
MSEX,2023-12-31,operating_cf,0.052782,SEC
MSEX,2024-12-31,operating_cf,0.05873,SEC
MSEX,2025-12-31,operating_cf,0.062596,SEC
MSEX,2016-12-31,price,42.939998626708984,Yahoo
MSEX,2017-12-31,price,39.90999984741211,Yahoo
MSEX,2018-12-31,price,53.349998474121094,Yahoo
MSEX,2019-12-31,price,63.56999969482422,Yahoo
MSEX,2020-12-31,price,72.47000122070312,Yahoo
MSEX,2021-12-31,price,120.30000305175781,Yahoo
MSEX,2022-12-31,price,78.66999816894531,Yahoo
MSEX,2023-12-31,price,65.62000274658203,Yahoo
MSEX,2024-12-31,price,52.630001068115234,Yahoo
MSEX,2025-12-31,price,50.41999816894531,Yahoo
MSEX,2016-12-31,revenue,0.132906,SEC
MSEX,2017-12-31,revenue,0.130775,SEC
MSEX,2018-12-31,revenue,0.138077,SEC
MSEX,2019-12-31,revenue,0.134598,SEC
MSEX,2020-12-31,revenue,0.141592,SEC
MSEX,2021-12-31,revenue,0.143141,SEC
MSEX,2022-12-31,revenue,0.162434,SEC
MSEX,2023-12-31,revenue,0.166274,SEC
MSEX,2024-12-31,revenue,0.191877,SEC
MSEX,2025-12-31,revenue,0.194694,SEC
MSEX,2016-12-31,short_term_debt,0.018159,SEC
MSEX,2017-12-31,short_term_debt,0.034865,SEC
MSEX,2018-12-31,short_term_debt,0.055843,SEC
MSEX,2019-12-31,short_term_debt,0.027178,SEC
MSEX,2020-12-31,short_term_debt,0.009255,SEC
MSEX,2021-12-31,short_term_debt,0.019731,SEC
MSEX,2022-12-31,short_term_debt,0.072962,SEC
MSEX,2023-12-31,short_term_debt,0.407536,SEC
MSEX,2024-12-31,short_term_debt,0.030711,SEC
MSEX,2025-12-31,short_term_debt,0.0361,SEC
MSEX,2016-12-31,total_debt,0.152697,SEC
MSEX,2017-12-31,total_debt,0.17391,SEC
MSEX,2018-12-31,total_debt,0.208694,SEC
MSEX,2019-12-31,total_debt,0.257955,SEC
MSEX,2020-12-31,total_debt,0.282499,SEC
MSEX,2021-12-31,total_debt,0.326251,SEC
MSEX,2022-12-31,total_debt,0.363242,SEC
MSEX,2023-12-31,total_debt,0.765689,SEC
MSEX,2024-12-31,total_debt,0.383533,SEC
MSEX,2025-12-31,total_debt,0.414974,SEC
MWH,2022-12-31,capex,-0.027256,Yahoo
MWH,2023-12-31,capex,-0.014404,Yahoo
MWH,2024-12-31,capex,-0.008569,Yahoo
MWH,2025-12-31,capex,-0.021411,Yahoo
MWH,2023-12-31,cash,0.178016,Yahoo
MWH,2024-12-31,cash,0.207987,Yahoo
MWH,2025-12-31,cash,0.394876,Yahoo
MWH,2022-12-31,ebitda,0.006172,Yahoo
MWH,2023-12-31,ebitda,0.031895,Yahoo
MWH,2024-12-31,ebitda,0.150752,Yahoo
MWH,2025-12-31,ebitda,0.291619,Yahoo
MWH,2022-12-31,eps,-1.084476,Yahoo
MWH,2023-12-31,eps,-0.97836,Yahoo
MWH,2024-12-31,eps,0.049755,Yahoo
MWH,2025-12-31,eps,0.748102,Yahoo
MWH,2022-12-31,fcff_before_growth,0.0269964,Yahoo
MWH,2023-12-31,fcff_before_growth,0.0156245799999999,Yahoo
MWH,2024-12-31,fcff_before_growth,0.07653826,Yahoo
MWH,2025-12-31,fcff_before_growth,0.2877587,Yahoo
MWH,2022-12-31,free_cf,0.056673,Yahoo
MWH,2023-12-31,free_cf,0.035888,Yahoo
MWH,2024-12-31,free_cf,0.109044,Yahoo
MWH,2025-12-31,free_cf,0.310234,Yahoo
MWH,2023-12-31,long_term_debt,0.424859,Yahoo
MWH,2024-12-31,long_term_debt,0.406623,Yahoo
MWH,2025-12-31,long_term_debt,0.449864,Yahoo
MWH,2023-12-31,net_debt,0.258207,Yahoo
MWH,2024-12-31,net_debt,0.214441,Yahoo
MWH,2025-12-31,net_debt,0.07699,Yahoo
MWH,2022-12-31,net_income,-0.121758,Yahoo
MWH,2023-12-31,net_income,-0.109844,Yahoo
MWH,2024-12-31,net_income,0.009922,Yahoo
MWH,2025-12-31,net_income,0.149183,Yahoo
MWH,2022-12-31,operating_cf,0.083929,Yahoo
MWH,2023-12-31,operating_cf,0.050292,Yahoo
MWH,2024-12-31,operating_cf,0.117613,Yahoo
MWH,2025-12-31,operating_cf,0.331645,Yahoo
MWH,2022-12-31,revenue,2.318265,Yahoo
MWH,2023-12-31,revenue,2.100643,Yahoo
MWH,2024-12-31,revenue,1.847803,Yahoo
MWH,2025-12-31,revenue,2.490496,Yahoo
MWH,2023-12-31,short_term_debt,0.011364,Yahoo
MWH,2024-12-31,short_term_debt,0.015805,Yahoo
MWH,2025-12-31,short_term_debt,0.022002,Yahoo
MWH,2023-12-31,total_debt,0.436223,Yahoo
MWH,2024-12-31,total_debt,0.422428,Yahoo
MWH,2025-12-31,total_debt,0.471866,Yahoo
NEE,2022-12-31,capex,-9.742,Yahoo
NEE,2023-12-31,capex,-9.548,Yahoo
NEE,2024-12-31,capex,-8.514,Yahoo
NEE,2025-12-31,capex,-9.274,Yahoo
NEE,2016-12-31,cash,1.292,SEC
NEE,2017-12-31,cash,1.714,SEC
NEE,2018-12-31,cash,0.638,SEC
NEE,2019-12-31,cash,0.6,SEC
NEE,2020-12-31,cash,1.105,SEC
NEE,2021-12-31,cash,0.639,SEC
NEE,2022-12-31,cash,1.601,SEC
NEE,2023-12-31,cash,2.69,SEC
NEE,2024-12-31,cash,1.487,SEC
NEE,2025-12-31,cash,2.812,SEC
NEE,2016-12-31,ebitda,7.579,SEC
NEE,2017-12-31,ebitda,7.53,SEC
NEE,2018-12-31,ebitda,8.191,SEC
NEE,2019-12-31,ebitda,9.569,SEC
NEE,2020-12-31,ebitda,9.168,SEC
NEE,2021-12-31,ebitda,6.837,SEC
NEE,2022-12-31,ebitda,8.584,SEC
NEE,2023-12-31,ebitda,16.116,SEC
NEE,2024-12-31,ebitda,12.941,SEC
NEE,2025-12-31,ebitda,14.86,SEC
NEE,2016-12-31,eps,6.24,SEC
NEE,2017-12-31,eps,11.39,SEC
NEE,2018-12-31,eps,3.47,SEC
NEE,2019-12-31,eps,1.94,SEC
NEE,2020-12-31,eps,1.48,SEC
NEE,2021-12-31,eps,1.81,SEC
NEE,2022-12-31,eps,2.1,SEC
NEE,2023-12-31,eps,3.6,SEC
NEE,2024-12-31,eps,3.37,SEC
NEE,2025-12-31,eps,3.3,SEC
NEE,2016-12-31,fcff_before_growth,3.249,SEC
NEE,2017-12-31,fcff_before_growth,4.101,SEC
NEE,2018-12-31,fcff_before_growth,2.682,SEC
NEE,2019-12-31,fcff_before_growth,3.939,SEC
NEE,2020-12-31,fcff_before_growth,3.931,SEC
NEE,2021-12-31,fcff_before_growth,3.629,SEC
NEE,2022-12-31,fcff_before_growth,3.759,SEC
NEE,2023-12-31,fcff_before_growth,5.422,SEC
NEE,2024-12-31,fcff_before_growth,7.798,SEC
NEE,2025-12-31,fcff_before_growth,5.905,SEC
NEE,2022-12-31,free_cf,-1.4800000000000004,Yahoo
NEE,2023-12-31,free_cf,1.753,Yahoo
NEE,2024-12-31,free_cf,4.746,Yahoo
NEE,2025-12-31,free_cf,3.2110000000000003,Yahoo
NEE,2016-12-31,long_term_debt,27.818,SEC
NEE,2017-12-31,long_term_debt,31.41,SEC
NEE,2018-12-31,long_term_debt,26.782,SEC
NEE,2019-12-31,long_term_debt,37.543,SEC
NEE,2020-12-31,long_term_debt,41.944,SEC
NEE,2021-12-31,long_term_debt,50.96,SEC
NEE,2022-12-31,long_term_debt,55.256,SEC
NEE,2023-12-31,long_term_debt,61.405,SEC
NEE,2024-12-31,long_term_debt,72.385,SEC
NEE,2025-12-31,long_term_debt,89.556,SEC
NEE,2016-12-31,market_cap,13.911116893386842,Yahoo price x SEC shares
NEE,2017-12-31,market_cap,18.449944038391113,Yahoo price x SEC shares
NEE,2018-12-31,market_cap,82.90779799346925,Yahoo price x SEC shares
NEE,2019-12-31,market_cap,117.56262777786255,Yahoo price x SEC shares
NEE,2020-12-31,market_cap,151.8929230041504,Yahoo price x SEC shares
NEE,2021-12-31,market_cap,184.12459320373534,Yahoo price x SEC shares
NEE,2022-12-31,market_cap,165.410956980896,Yahoo price x SEC shares
NEE,2023-12-31,market_cap,123.35079540863038,Yahoo price x SEC shares
NEE,2024-12-31,market_cap,147.62405302734376,Yahoo price x SEC shares
NEE,2025-12-31,market_cap,166.2277654724121,Yahoo price x SEC shares
NEE,2016-12-31,net_debt,29.548,SEC
NEE,2017-12-31,net_debt,33.311,SEC
NEE,2018-12-31,net_debt,37.074000000000005,SEC
NEE,2019-12-31,net_debt,41.983,SEC
NEE,2020-12-31,net_debt,46.528000000000006,SEC
NEE,2021-12-31,net_debt,53.488,SEC
NEE,2022-12-31,net_debt,61.997,SEC
NEE,2023-12-31,net_debt,70.266,SEC
NEE,2024-12-31,net_debt,80.629,SEC
NEE,2025-12-31,net_debt,92.199,SEC
NEE,2016-12-31,net_income,2.906,SEC
NEE,2017-12-31,net_income,5.38,SEC
NEE,2018-12-31,net_income,6.638,SEC
NEE,2019-12-31,net_income,3.769,SEC
NEE,2020-12-31,net_income,2.919,SEC
NEE,2021-12-31,net_income,3.573,SEC
NEE,2022-12-31,net_income,4.147,SEC
NEE,2023-12-31,net_income,7.31,SEC
NEE,2024-12-31,net_income,6.946,SEC
NEE,2025-12-31,net_income,6.835,SEC
NEE,2016-12-31,operating_cf,6.369,SEC
NEE,2017-12-31,operating_cf,6.458,SEC
NEE,2018-12-31,operating_cf,6.593,SEC
NEE,2019-12-31,operating_cf,8.155,SEC
NEE,2020-12-31,operating_cf,7.983,SEC
NEE,2021-12-31,operating_cf,7.553,SEC
NEE,2022-12-31,operating_cf,8.262,SEC
NEE,2023-12-31,operating_cf,11.301,SEC
NEE,2024-12-31,operating_cf,13.26,SEC
NEE,2025-12-31,operating_cf,12.485,SEC
NEE,2016-12-31,price,29.864999771118164,Yahoo
NEE,2017-12-31,price,39.04750061035156,Yahoo
NEE,2018-12-31,price,43.45500183105469,Yahoo
NEE,2019-12-31,price,60.540000915527344,Yahoo
NEE,2020-12-31,price,77.1500015258789,Yahoo
NEE,2021-12-31,price,93.36000061035156,Yahoo
NEE,2022-12-31,price,83.5999984741211,Yahoo
NEE,2023-12-31,price,60.7400016784668,Yahoo
NEE,2024-12-31,price,71.69000244140625,Yahoo
NEE,2025-12-31,price,80.27999877929688,Yahoo
NEE,2016-12-31,revenue,16.138,SEC
NEE,2017-12-31,revenue,17.173,SEC
NEE,2018-12-31,revenue,16.727,SEC
NEE,2019-12-31,revenue,19.204,SEC
NEE,2020-12-31,revenue,17.997,SEC
NEE,2021-12-31,revenue,18.8,SEC
NEE,2022-12-31,revenue,23.0,SEC
NEE,2023-12-31,revenue,28.114,SEC
NEE,2024-12-31,revenue,24.753,SEC
NEE,2025-12-31,revenue,27.412,SEC
NEE,2016-12-31,short_term_debt,3.022,SEC
NEE,2017-12-31,short_term_debt,3.615,SEC
NEE,2018-12-31,short_term_debt,10.93,SEC
NEE,2019-12-31,short_term_debt,5.04,SEC
NEE,2020-12-31,short_term_debt,5.689,SEC
NEE,2021-12-31,short_term_debt,3.167,SEC
NEE,2022-12-31,short_term_debt,8.342,SEC
NEE,2023-12-31,short_term_debt,11.551,SEC
NEE,2024-12-31,short_term_debt,9.731,SEC
NEE,2025-12-31,short_term_debt,5.455,SEC
NEE,2016-12-31,total_debt,30.84,SEC
NEE,2017-12-31,total_debt,35.025,SEC
NEE,2018-12-31,total_debt,37.712,SEC
NEE,2019-12-31,total_debt,42.583,SEC
NEE,2020-12-31,total_debt,47.633,SEC
NEE,2021-12-31,total_debt,54.127,SEC
NEE,2022-12-31,total_debt,63.598,SEC
NEE,2023-12-31,total_debt,72.956,SEC
NEE,2024-12-31,total_debt,82.116,SEC
NEE,2025-12-31,total_debt,95.011,SEC
NGG,2016-03-31,capex,-3.7810063153505324,SEC
NGG,2017-03-31,capex,-4.365042667388916,SEC
NGG,2018-03-31,capex,-4.950403364896775,SEC
NGG,2019-03-31,capex,-4.8139957815408705,SEC
NGG,2020-03-31,capex,-5.682766409516335,SEC
NGG,2021-03-31,capex,-5.5741700810194015,SEC
NGG,2022-03-31,capex,-6.751513203382492,SEC
NGG,2023-03-31,capex,-8.376485094428062,SEC
NGG,2024-03-31,capex,-9.143281121253967,SEC
NGG,2025-03-31,capex,-11.627753221988678,SEC
NGG,2026-03-31,capex,-14.005694594979287,Yahoo
NGG,2016-03-31,cash,0.16421883821487426,SEC
NGG,2017-03-31,cash,1.5084294897317887,SEC
NGG,2018-03-31,cash,0.43570965945720674,SEC
NGG,2019-03-31,cash,0.3337350583076477,SEC
NGG,2020-03-31,cash,0.09667721927165986,SEC
NGG,2021-03-31,cash,0.20792223870754242,SEC
NGG,2022-03-31,cash,0.2701664757728577,SEC
NGG,2023-03-31,cash,0.21586831152439118,SEC
NGG,2024-03-31,cash,0.740309117436409,SEC
NGG,2025-03-31,cash,1.5600789630413054,SEC
NGG,2026-03-31,cash,3.745447216510773,Yahoo
NGG,2016-03-31,ebitda,6.007231049537658,SEC
NGG,2017-03-31,ebitda,6.209855906367302,SEC
NGG,2018-03-31,ebitda,6.652187293171883,SEC
NGG,2023-03-31,ebitda,9.60731050515175,Yahoo
NGG,2024-03-31,ebitda,9.048407136917117,Yahoo
NGG,2025-03-31,ebitda,10.514535166859629,Yahoo
NGG,2026-03-31,ebitda,10.698628930330278,Yahoo
NGG,2016-03-31,eps,0.9058523011207581,SEC
NGG,2017-03-31,eps,2.7308003580570217,SEC
NGG,2018-03-31,eps,1.352156724333763,SEC
NGG,2019-03-31,eps,0.5880093884468078,SEC
NGG,2020-03-31,eps,0.4807374054193497,SEC
NGG,2021-03-31,eps,0.613171952366829,SEC
NGG,2022-03-31,eps,0.8608245551586151,SEC
NGG,2023-03-31,eps,2.598365811109543,SEC
NGG,2024-03-31,eps,0.7562012630701065,SEC
NGG,2025-03-31,eps,0.8131481182575225,SEC
NGG,2026-03-31,eps,4.317594740390778,Yahoo
NGG,2023-03-31,fcff_before_growth,8.265942421388626,Yahoo
NGG,2024-03-31,fcff_before_growth,8.263253857792616,Yahoo
NGG,2025-03-31,fcff_before_growth,7.627176794612408,Yahoo
NGG,2026-03-31,fcff_before_growth,9.118217081323865,Yahoo
NGG,2023-03-31,free_cf,0.007946493387223,Yahoo
NGG,2024-03-31,free_cf,-0.6807496001720441,Yahoo
NGG,2025-03-31,free_cf,-3.308390080213547,Yahoo
NGG,2026-03-31,free_cf,-3.636845140218736,Yahoo
NGG,2017-03-31,long_term_debt,30.64800285458565,SEC
NGG,2018-03-31,long_term_debt,29.41371287703514,SEC
NGG,2019-03-31,long_term_debt,32.125972398519515,SEC
NGG,2020-03-31,long_term_debt,35.389159635305404,SEC
NGG,2021-03-31,long_term_debt,36.39698653757572,SEC
NGG,2022-03-31,long_term_debt,44.15897533416748,SEC
NGG,2023-03-31,long_term_debt,53.01354914307594,SEC
NGG,2024-03-31,long_term_debt,55.90459530293941,SEC
NGG,2025-03-31,long_term_debt,56.783960694670675,SEC
NGG,2026-03-31,long_term_debt,56.75782901823521,Yahoo
NGG,2017-03-31,net_debt,36.418176065087316,SEC
NGG,2018-03-31,net_debt,34.86736752033233,SEC
NGG,2019-03-31,net_debt,37.71471027970314,SEC
NGG,2020-03-31,net_debt,40.6852171677351,SEC
NGG,2021-03-31,net_debt,41.138143318295484,SEC
NGG,2022-03-31,net_debt,59.94120029389858,SEC
NGG,2023-03-31,net_debt,56.71112169384956,SEC
NGG,2024-03-31,net_debt,61.59928082168102,SEC
NGG,2025-03-31,net_debt,61.397980310320854,SEC
NGG,2026-03-31,net_debt,61.42639388322831,Yahoo
NGG,2016-03-31,net_income,3.4313791114091874,SEC
NGG,2017-03-31,net_income,10.323272934556007,SEC
NGG,2018-03-31,net_income,4.701426416635513,SEC
NGG,2019-03-31,net_income,2.0010860043764116,SEC
NGG,2020-03-31,net_income,1.6739726734161378,SEC
NGG,2021-03-31,net_income,2.17192656993866,SEC
NGG,2022-03-31,net_income,3.116184889674187,SEC
NGG,2023-03-31,net_income,10.325921625494956,SEC
NGG,2024-03-31,net_income,3.032751125097275,SEC
NGG,2025-03-31,net_income,3.8432505524158476,SEC
NGG,2026-03-31,net_income,4.292430844664574,Yahoo
NGG,2023-03-31,operating_cf,9.13581856417656,Yahoo
NGG,2024-03-31,operating_cf,9.19011960232258,Yahoo
NGG,2025-03-31,operating_cf,9.016621163368226,Yahoo
NGG,2026-03-31,operating_cf,10.368849454760552,Yahoo
NGG,2016-03-31,price,77.96942901611328,Yahoo
NGG,2017-03-31,price,69.30130767822266,Yahoo
NGG,2018-03-31,price,56.43000030517578,Yahoo
NGG,2019-03-31,price,55.84000015258789,Yahoo
NGG,2020-03-31,price,58.27000045776367,Yahoo
NGG,2021-03-31,price,59.2400016784668,Yahoo
NGG,2022-03-31,price,76.87000274658203,Yahoo
NGG,2023-03-31,price,67.98999786376953,Yahoo
NGG,2024-03-31,price,68.22000122070312,Yahoo
NGG,2025-03-31,price,65.61000061035156,Yahoo
NGG,2026-03-31,price,84.5999984741211,Yahoo
NGG,2016-03-31,revenue,17.497252342700957,SEC
NGG,2017-03-31,revenue,19.911534133553506,SEC
NGG,2018-03-31,revenue,20.196268409490585,SEC
NGG,2019-03-31,revenue,19.776450895667075,SEC
NGG,2020-03-31,revenue,17.69325547218323,SEC
NGG,2021-03-31,revenue,18.09718084037304,SEC
NGG,2022-03-31,revenue,24.432849566340447,SEC
NGG,2023-03-31,revenue,28.683998523354532,SEC
NGG,2024-03-31,revenue,26.28825756907463,SEC
NGG,2025-03-31,revenue,24.338821038007737,SEC
NGG,2026-03-31,revenue,23.424938089966776,Yahoo
NGG,2017-03-31,short_term_debt,7.27860270023346,SEC
NGG,2018-03-31,short_term_debt,5.8893643027544025,SEC
NGG,2019-03-31,short_term_debt,5.922472939491272,SEC
NGG,2020-03-31,short_term_debt,5.392734751701355,SEC
NGG,2021-03-31,short_term_debt,4.949079019427299,SEC
NGG,2022-03-31,short_term_debt,16.05239143550396,SEC
NGG,2023-03-31,short_term_debt,3.9134408622980117,SEC
NGG,2024-03-31,short_term_debt,6.434994636178017,SEC
NGG,2025-03-31,short_term_debt,6.174098578691482,SEC
NGG,2026-03-31,short_term_debt,5.165220701694489,Yahoo
NGG,2017-03-31,total_debt,37.926605554819105,SEC
NGG,2018-03-31,total_debt,35.30307717978954,SEC
NGG,2019-03-31,total_debt,38.04844533801079,SEC
NGG,2020-03-31,total_debt,40.78189438700676,SEC
NGG,2021-03-31,total_debt,41.34606555700302,SEC
NGG,2022-03-31,total_debt,60.21136676967144,SEC
NGG,2023-03-31,total_debt,56.92699000537395,SEC
NGG,2024-03-31,total_debt,62.33958993911743,SEC
NGG,2025-03-31,total_debt,62.95805927336216,SEC
NGG,2026-03-31,total_debt,61.9230497199297,Yahoo
NI,2016-12-31,capex,-1.4752,SEC
NI,2017-12-31,capex,-1.6958,SEC
NI,2018-12-31,capex,-1.8182,SEC
NI,2019-12-31,capex,-1.8024,SEC
NI,2020-12-31,capex,-1.7581,SEC
NI,2021-12-31,capex,-1.838,SEC
NI,2022-12-31,capex,-2.2031,SEC
NI,2023-12-31,capex,-2.6458,SEC
NI,2024-12-31,capex,-2.614,SEC
NI,2025-12-31,capex,-2.7823,SEC
NI,2016-12-31,cash,0.0264,SEC
NI,2017-12-31,cash,0.029,SEC
NI,2018-12-31,cash,0.1128,SEC
NI,2019-12-31,cash,0.1393,SEC
NI,2020-12-31,cash,0.1165,SEC
NI,2021-12-31,cash,0.0842,SEC
NI,2022-12-31,cash,0.0408,SEC
NI,2023-12-31,cash,2.2454,SEC
NI,2024-12-31,cash,0.1566,SEC
NI,2025-12-31,cash,0.1101,SEC
NI,2016-12-31,ebitda,1.4132,SEC
NI,2017-12-31,ebitda,1.4915,SEC
NI,2018-12-31,ebitda,0.7243,SEC
NI,2019-12-31,ebitda,1.6081,SEC
NI,2020-12-31,ebitda,1.2767,SEC
NI,2021-12-31,ebitda,1.7553,SEC
NI,2022-12-31,ebitda,2.0866,SEC
NI,2023-12-31,ebitda,2.2037,SEC
NI,2024-12-31,ebitda,2.4987,SEC
NI,2025-12-31,ebitda,3.0029,SEC
NI,2016-12-31,eps,1.02,SEC
NI,2017-12-31,eps,0.39,SEC
NI,2018-12-31,eps,-0.18,SEC
NI,2019-12-31,eps,0.87,SEC
NI,2020-12-31,eps,-0.19,SEC
NI,2021-12-31,eps,1.27,SEC
NI,2022-12-31,eps,1.7,SEC
NI,2023-12-31,eps,1.48,SEC
NI,2024-12-31,eps,1.62,SEC
NI,2025-12-31,eps,1.95,SEC
NI,2016-12-31,fcff_before_growth,0.532305,SEC
NI,2017-12-31,fcff_before_growth,0.450928,SEC
NI,2018-12-31,fcff_before_growth,0.219607,SEC
NI,2019-12-31,fcff_before_growth,1.165231,SEC
NI,2020-12-31,fcff_before_growth,0.670953,SEC
NI,2021-12-31,fcff_before_growth,0.738969,SEC
NI,2022-12-31,fcff_before_growth,0.874264,SEC
NI,2023-12-31,fcff_before_growth,1.413684,SEC
NI,2024-12-31,fcff_before_growth,1.138198,SEC
NI,2025-12-31,fcff_before_growth,1.706462,SEC
NI,2016-12-31,free_cf,-0.6719,SEC
NI,2017-12-31,free_cf,-0.9536,SEC
NI,2018-12-31,free_cf,-1.2781,SEC
NI,2019-12-31,free_cf,-0.2191,SEC
NI,2020-12-31,free_cf,-0.6541,SEC
NI,2021-12-31,free_cf,-0.6201,SEC
NI,2022-12-31,free_cf,-0.7937,SEC
NI,2023-12-31,free_cf,-0.7107,SEC
NI,2024-12-31,free_cf,-0.8325,SEC
NI,2025-12-31,free_cf,-0.42,SEC
NI,2016-12-31,long_term_debt,6.0582,SEC
NI,2017-12-31,long_term_debt,7.5122,SEC
NI,2018-12-31,long_term_debt,7.1054,SEC
NI,2019-12-31,long_term_debt,7.8562,SEC
NI,2020-12-31,long_term_debt,9.2198,SEC
NI,2021-12-31,long_term_debt,9.1834,SEC
NI,2022-12-31,long_term_debt,9.5236,SEC
NI,2023-12-31,long_term_debt,11.0555,SEC
NI,2024-12-31,long_term_debt,12.0745,SEC
NI,2025-12-31,long_term_debt,15.4578,SEC
NI,2016-12-31,market_cap,7.162821162536621,Yahoo price x SEC shares
NI,2017-12-31,market_cap,8.49050654523468,Yahoo price x SEC shares
NI,2018-12-31,market_cap,9.037046985990525,Yahoo price x SEC shares
NI,2019-12-31,market_cap,10.467840057373047,Yahoo price x SEC shares
NI,2020-12-31,market_cap,8.815842205238342,Yahoo price x SEC shares
NI,2021-12-31,market_cap,11.521653254699707,Yahoo price x SEC shares
NI,2022-12-31,market_cap,12.13883403377533,Yahoo price x SEC shares
NI,2023-12-31,market_cap,11.89174465827942,Yahoo price x SEC shares
NI,2024-12-31,market_cap,16.76255923461914,Yahoo price x SEC shares
NI,2025-12-31,market_cap,19.815119203567505,Yahoo price x SEC shares
NI,2016-12-31,net_debt,7.8829,SEC
NI,2017-12-31,net_debt,8.9732,SEC
NI,2018-12-31,net_debt,9.0198,SEC
NI,2019-12-31,net_debt,9.503499999999999,SEC
NI,2020-12-31,net_debt,9.6296,SEC
NI,2021-12-31,net_debt,9.717300000000002,SEC
NI,2022-12-31,net_debt,11.2747,SEC
NI,2023-12-31,net_debt,11.8825,SEC
NI,2024-12-31,net_debt,13.803700000000001,SEC
NI,2025-12-31,net_debt,16.1034,SEC
NI,2016-12-31,net_income,0.3315,SEC
NI,2017-12-31,net_income,0.1285,SEC
NI,2018-12-31,net_income,-0.0506,SEC
NI,2019-12-31,net_income,0.3831,SEC
NI,2020-12-31,net_income,-0.0176,SEC
NI,2021-12-31,net_income,0.5849,SEC
NI,2022-12-31,net_income,0.8041,SEC
NI,2023-12-31,net_income,0.7143,SEC
NI,2024-12-31,net_income,0.7604,SEC
NI,2025-12-31,net_income,0.9295,SEC
NI,2016-12-31,operating_cf,0.8033,SEC
NI,2017-12-31,operating_cf,0.7422,SEC
NI,2018-12-31,operating_cf,0.5401,SEC
NI,2019-12-31,operating_cf,1.5833,SEC
NI,2020-12-31,operating_cf,1.104,SEC
NI,2021-12-31,operating_cf,1.2179,SEC
NI,2022-12-31,operating_cf,1.4094,SEC
NI,2023-12-31,operating_cf,1.9351,SEC
NI,2024-12-31,operating_cf,1.7815,SEC
NI,2025-12-31,operating_cf,2.3623,SEC
NI,2016-12-31,price,22.139999389648438,Yahoo
NI,2017-12-31,price,25.670000076293945,Yahoo
NI,2018-12-31,price,25.350000381469727,Yahoo
NI,2019-12-31,price,27.84000015258789,Yahoo
NI,2020-12-31,price,22.940000534057617,Yahoo
NI,2021-12-31,price,27.610000610351562,Yahoo
NI,2022-12-31,price,27.420000076293945,Yahoo
NI,2023-12-31,price,26.549999237060547,Yahoo
NI,2024-12-31,price,36.7599983215332,Yahoo
NI,2025-12-31,price,41.7599983215332,Yahoo
NI,2016-12-31,revenue,4.4925,SEC
NI,2017-12-31,revenue,4.8746,SEC
NI,2018-12-31,revenue,5.1145,SEC
NI,2019-12-31,revenue,5.2089,SEC
NI,2020-12-31,revenue,4.6817,SEC
NI,2021-12-31,revenue,4.8996,SEC
NI,2022-12-31,revenue,5.8506,SEC
NI,2023-12-31,revenue,5.5054,SEC
NI,2024-12-31,revenue,5.4551,SEC
NI,2025-12-31,revenue,6.6422,SEC
NI,2016-12-31,short_term_debt,1.8511,SEC
NI,2017-12-31,short_term_debt,1.49,SEC
NI,2018-12-31,short_term_debt,2.0272,SEC
NI,2019-12-31,short_term_debt,1.7866,SEC
NI,2020-12-31,short_term_debt,0.5263,SEC
NI,2021-12-31,short_term_debt,0.6181,SEC
NI,2022-12-31,short_term_debt,1.7919,SEC
NI,2023-12-31,short_term_debt,3.0724,SEC
NI,2024-12-31,short_term_debt,1.8858,SEC
NI,2025-12-31,short_term_debt,0.7557,SEC
NI,2016-12-31,total_debt,7.9093,SEC
NI,2017-12-31,total_debt,9.0022,SEC
NI,2018-12-31,total_debt,9.1326,SEC
NI,2019-12-31,total_debt,9.6428,SEC
NI,2020-12-31,total_debt,9.7461,SEC
NI,2021-12-31,total_debt,9.8015,SEC
NI,2022-12-31,total_debt,11.3155,SEC
NI,2023-12-31,total_debt,14.1279,SEC
NI,2024-12-31,total_debt,13.9603,SEC
NI,2025-12-31,total_debt,16.2135,SEC
NJR,2016-09-30,capex,-0.176067,SEC
NJR,2017-09-30,capex,-0.144106,SEC
NJR,2018-09-30,capex,-0.20688,SEC
NJR,2019-09-30,capex,-0.300031,SEC
NJR,2022-09-30,capex,-0.598428,Yahoo
NJR,2023-09-30,capex,-0.540919,Yahoo
NJR,2024-09-30,capex,-0.571319,Yahoo
NJR,2025-09-30,capex,-0.706078,Yahoo
NJR,2016-09-30,cash,0.037546,SEC
NJR,2017-09-30,cash,0.002226,SEC
NJR,2018-09-30,cash,0.001458,SEC
NJR,2019-09-30,cash,0.002676,SEC
NJR,2020-09-30,cash,0.117012,SEC
NJR,2021-09-30,cash,0.004749,SEC
NJR,2022-09-30,cash,0.001107,SEC
NJR,2023-09-30,cash,0.000954,SEC
NJR,2024-09-30,cash,0.001017,SEC
NJR,2025-09-30,cash,0.000591,SEC
NJR,2016-09-30,ebitda,0.240283,SEC
NJR,2017-09-30,ebitda,0.253065,SEC
NJR,2018-09-30,ebitda,0.285583,SEC
NJR,2019-09-30,ebitda,0.245665,SEC
NJR,2020-09-30,ebitda,0.336277,SEC
NJR,2021-09-30,ebitda,0.399737,SEC
NJR,2022-09-30,ebitda,0.535724,SEC
NJR,2023-09-30,ebitda,0.559941,SEC
NJR,2024-09-30,ebitda,0.624671,SEC
NJR,2025-09-30,ebitda,0.697641,SEC
NJR,2016-09-30,eps,1.52,SEC
NJR,2017-09-30,eps,1.52,SEC
NJR,2018-09-30,eps,2.64,SEC
NJR,2019-09-30,eps,1.38,SEC
NJR,2020-09-30,eps,1.71,SEC
NJR,2021-09-30,eps,1.22,SEC
NJR,2022-09-30,eps,2.85,SEC
NJR,2023-09-30,eps,2.71,SEC
NJR,2024-09-30,eps,2.92,SEC
NJR,2025-09-30,eps,3.33,SEC
NJR,2016-09-30,fcff_before_growth,0.09440676,SEC
NJR,2017-09-30,fcff_before_growth,0.20166494,SEC
NJR,2018-09-30,fcff_before_growth,0.34915094,SEC
NJR,2019-09-30,fcff_before_growth,0.15021378,SEC
NJR,2020-09-30,fcff_before_growth,0.15951463,SEC
NJR,2021-09-30,fcff_before_growth,0.34162861,SEC
NJR,2022-09-30,fcff_before_growth,0.2620367,SEC
NJR,2023-09-30,fcff_before_growth,0.42323306,SEC
NJR,2024-09-30,fcff_before_growth,0.26084,SEC
NJR,2025-09-30,fcff_before_growth,0.277575,SEC
NJR,2016-09-30,free_cf,-0.033437,SEC
NJR,2017-09-30,free_cf,0.10394,SEC
NJR,2018-09-30,free_cf,0.191406,SEC
NJR,2019-09-30,free_cf,-0.105903,SEC
NJR,2022-09-30,free_cf,-0.2749479999999999,Yahoo
NJR,2023-09-30,free_cf,-0.061926,Yahoo
NJR,2024-09-30,free_cf,-0.143912,Yahoo
NJR,2025-09-30,free_cf,-0.2397289999999999,Yahoo
NJR,2016-09-30,long_term_debt,1.055038,SEC
NJR,2017-09-30,long_term_debt,0.99708,SEC
NJR,2018-09-30,long_term_debt,1.180619,SEC
NJR,2019-09-30,long_term_debt,1.537177,SEC
NJR,2020-09-30,long_term_debt,2.259466,SEC
NJR,2021-09-30,long_term_debt,2.162164,SEC
NJR,2022-09-30,long_term_debt,2.485402,SEC
NJR,2023-09-30,long_term_debt,2.768017,SEC
NJR,2024-09-30,long_term_debt,2.879464,SEC
NJR,2025-09-30,long_term_debt,3.250387,SEC
NJR,2016-09-30,market_cap,2.8499807129364014,Yahoo price x SEC shares
NJR,2017-09-30,market_cap,3.6731197329711915,Yahoo price x SEC shares
NJR,2018-09-30,market_cap,4.071321365242005,Yahoo price x SEC shares
NJR,2019-09-30,market_cap,4.051531229370117,Yahoo price x SEC shares
NJR,2020-09-30,market_cap,2.5696831035346985,Yahoo price x SEC shares
NJR,2021-09-30,market_cap,3.3612537326049803,Yahoo price x SEC shares
NJR,2022-09-30,market_cap,3.734085673614502,Yahoo price x SEC shares
NJR,2023-09-30,market_cap,3.966585114276886,Yahoo price x SEC shares
NJR,2024-09-30,market_cap,4.6864408757514955,Yahoo price x SEC shares
NJR,2025-09-30,market_cap,4.852942353790283,Yahoo price x SEC shares
NJR,2016-09-30,net_debt,1.2006439999999998,SEC
NJR,2017-09-30,net_debt,1.426229,SEC
NJR,2018-09-30,net_debt,1.454656,SEC
NJR,2019-09-30,net_debt,1.5813700000000002,SEC
NJR,2020-09-30,net_debt,2.29504,SEC
NJR,2021-09-30,net_debt,2.607555,SEC
NJR,2022-09-30,net_debt,2.983314,SEC
NJR,2023-09-30,net_debt,3.135318,SEC
NJR,2024-09-30,net_debt,3.359253,SEC
NJR,2025-09-30,net_debt,3.603588,SEC
NJR,2016-09-30,net_income,0.131672,SEC
NJR,2017-09-30,net_income,0.132065,SEC
NJR,2018-09-30,net_income,0.233436,SEC
NJR,2019-09-30,net_income,0.123935,SEC
NJR,2020-09-30,net_income,0.163007,SEC
NJR,2021-09-30,net_income,0.11789,SEC
NJR,2022-09-30,net_income,0.274922,SEC
NJR,2023-09-30,net_income,0.264724,SEC
NJR,2024-09-30,net_income,0.289775,SEC
NJR,2025-09-30,net_income,0.335627,SEC
NJR,2016-09-30,operating_cf,0.14263,SEC
NJR,2017-09-30,operating_cf,0.248046,SEC
NJR,2018-09-30,operating_cf,0.398286,SEC
NJR,2019-09-30,operating_cf,0.194128,SEC
NJR,2020-09-30,operating_cf,0.213481,SEC
NJR,2021-09-30,operating_cf,0.390954,SEC
NJR,2022-09-30,operating_cf,0.32348,SEC
NJR,2023-09-30,operating_cf,0.478993,SEC
NJR,2024-09-30,operating_cf,0.427407,SEC
NJR,2025-09-30,operating_cf,0.466349,SEC
NJR,2016-09-30,price,32.86000061035156,Yahoo
NJR,2017-09-30,price,42.150001525878906,Yahoo
NJR,2018-09-30,price,46.099998474121094,Yahoo
NJR,2019-09-30,price,45.220001220703125,Yahoo
NJR,2020-09-30,price,27.020000457763672,Yahoo
NJR,2021-09-30,price,34.810001373291016,Yahoo
NJR,2022-09-30,price,38.70000076293945,Yahoo
NJR,2023-09-30,price,40.630001068115234,Yahoo
NJR,2024-09-30,price,47.20000076293945,Yahoo
NJR,2025-09-30,price,48.150001525878906,Yahoo
NJR,2016-09-30,revenue,1.880905,SEC
NJR,2017-09-30,revenue,2.268617,SEC
NJR,2018-09-30,revenue,2.915109,SEC
NJR,2019-09-30,revenue,2.592045,SEC
NJR,2020-09-30,revenue,1.953668,SEC
NJR,2021-09-30,revenue,2.156613,SEC
NJR,2022-09-30,revenue,2.905979,SEC
NJR,2023-09-30,revenue,1.962994,SEC
NJR,2024-09-30,revenue,1.796539,SEC
NJR,2025-09-30,revenue,2.036412,SEC
NJR,2016-09-30,short_term_debt,0.183152,SEC
NJR,2017-09-30,short_term_debt,0.431375,SEC
NJR,2018-09-30,short_term_debt,0.275495,SEC
NJR,2019-09-30,short_term_debt,0.046869,SEC
NJR,2020-09-30,short_term_debt,0.152586,SEC
NJR,2021-09-30,short_term_debt,0.45014,SEC
NJR,2022-09-30,short_term_debt,0.499019,SEC
NJR,2023-09-30,short_term_debt,0.368255,SEC
NJR,2024-09-30,short_term_debt,0.480806,SEC
NJR,2025-09-30,short_term_debt,0.353792,SEC
NJR,2016-09-30,total_debt,1.23819,SEC
NJR,2017-09-30,total_debt,1.428455,SEC
NJR,2018-09-30,total_debt,1.456114,SEC
NJR,2019-09-30,total_debt,1.584046,SEC
NJR,2020-09-30,total_debt,2.412052,SEC
NJR,2021-09-30,total_debt,2.612304,SEC
NJR,2022-09-30,total_debt,2.984421,SEC
NJR,2023-09-30,total_debt,3.136272,SEC
NJR,2024-09-30,total_debt,3.36027,SEC
NJR,2025-09-30,total_debt,3.604179,SEC
NKLR,2025-12-31,capex,-0.000108,Yahoo
NKLR,2023-12-31,cash,1.677e-06,Yahoo
NKLR,2024-12-31,cash,6.9e-05,SEC
NKLR,2025-12-31,cash,0.102882,SEC
NKLR,2023-12-31,ebitda,-4.3702e-05,Yahoo
NKLR,2024-12-31,ebitda,-2.4e-05,Yahoo
NKLR,2025-12-31,ebitda,-0.033689,SEC
NKLR,2023-12-31,eps,-6.4e-05,Yahoo
NKLR,2024-12-31,eps,-0.000484,Yahoo
NKLR,2025-12-31,eps,9.74,SEC
NKLR,2024-12-31,fcff_before_growth,-4.2e-05,Yahoo
NKLR,2025-12-31,fcff_before_growth,-0.010307,SEC
NKLR,2025-12-31,free_cf,-0.010405,Yahoo
NKLR,2024-12-31,long_term_debt,0.000107,Yahoo
NKLR,2025-12-31,market_cap,0.25604335969761083,Yahoo price x SEC shares
NKLR,2024-12-31,net_debt,3.8e-05,Yahoo
NKLR,2023-12-31,net_income,-4.472e-06,Yahoo
NKLR,2024-12-31,net_income,-3.4e-05,SEC
NKLR,2025-12-31,net_income,0.539524,SEC
NKLR,2023-12-31,operating_cf,-3.889e-06,Yahoo
NKLR,2024-12-31,operating_cf,-4.2e-05,SEC
NKLR,2025-12-31,operating_cf,-0.010297,SEC
NKLR,2025-12-31,price,4.619999885559082,Yahoo
NKLR,2023-12-31,revenue,0.0,Yahoo
NKLR,2024-12-31,revenue,0.0,Yahoo
NKLR,2025-12-31,revenue,0.0,Yahoo
NKLR,2024-12-31,total_debt,0.000107,Yahoo
NRG,2016-12-31,capex,-0.544,SEC
NRG,2017-12-31,capex,-0.254,SEC
NRG,2018-12-31,capex,-0.388,SEC
NRG,2019-12-31,capex,-0.228,SEC
NRG,2020-12-31,capex,-0.23,SEC
NRG,2021-12-31,capex,-0.269,SEC
NRG,2022-12-31,capex,-0.367,SEC
NRG,2023-12-31,capex,-0.598,SEC
NRG,2024-12-31,capex,-0.472,SEC
NRG,2025-12-31,capex,-1.147,SEC
NRG,2016-12-31,cash,0.591,SEC
NRG,2017-12-31,cash,0.77,SEC
NRG,2018-12-31,cash,0.563,SEC
NRG,2019-12-31,cash,0.345,SEC
NRG,2020-12-31,cash,3.905,SEC
NRG,2021-12-31,cash,0.25,SEC
NRG,2022-12-31,cash,0.43,SEC
NRG,2023-12-31,cash,0.541,SEC
NRG,2024-12-31,cash,0.966,SEC
NRG,2025-12-31,cash,4.708,SEC
NRG,2016-12-31,ebitda,0.789,SEC
NRG,2017-12-31,ebitda,-0.145,SEC
NRG,2018-12-31,ebitda,1.403,SEC
NRG,2019-12-31,ebitda,1.663,SEC
NRG,2020-12-31,ebitda,1.54,SEC
NRG,2021-12-31,ebitda,4.126,SEC
NRG,2022-12-31,ebitda,2.738,SEC
NRG,2023-12-31,ebitda,1.679,SEC
NRG,2024-12-31,ebitda,3.827,SEC
NRG,2025-12-31,ebitda,3.251,SEC
NRG,2016-12-31,eps,-2.22,SEC
NRG,2017-12-31,eps,-6.79,SEC
NRG,2018-12-31,eps,0.87,SEC
NRG,2019-12-31,eps,16.81,SEC
NRG,2020-12-31,eps,2.07,SEC
NRG,2021-12-31,eps,8.93,SEC
NRG,2022-12-31,eps,5.17,SEC
NRG,2023-12-31,eps,-1.12,SEC
NRG,2024-12-31,eps,4.99,SEC
NRG,2025-12-31,eps,4.01,SEC
NRG,2016-12-31,fcff_before_growth,1.61257,SEC
NRG,2017-12-31,fcff_before_growth,1.45403,SEC
NRG,2018-12-31,fcff_before_growth,1.33757,SEC
NRG,2019-12-31,fcff_before_growth,1.36627,SEC
NRG,2020-12-31,fcff_before_growth,1.71879,SEC
NRG,2021-12-31,fcff_before_growth,0.09115,SEC
NRG,2022-12-31,fcff_before_growth,-0.03057,SEC
NRG,2023-12-31,fcff_before_growth,-0.98907,SEC
NRG,2024-12-31,fcff_before_growth,0.903,SEC
NRG,2025-12-31,fcff_before_growth,0.507,SEC
NRG,2016-12-31,free_cf,1.364,SEC
NRG,2017-12-31,free_cf,1.356,SEC
NRG,2018-12-31,free_cf,0.989,SEC
NRG,2019-12-31,free_cf,1.185,SEC
NRG,2020-12-31,free_cf,1.607,SEC
NRG,2021-12-31,free_cf,0.224,SEC
NRG,2022-12-31,free_cf,-0.007,SEC
NRG,2023-12-31,free_cf,-0.819,SEC
NRG,2024-12-31,free_cf,1.834,SEC
NRG,2025-12-31,free_cf,0.766,SEC
NRG,2016-12-31,long_term_debt,15.957,SEC
NRG,2017-12-31,long_term_debt,9.18,SEC
NRG,2018-12-31,long_term_debt,6.449,SEC
NRG,2019-12-31,long_term_debt,5.803,SEC
NRG,2020-12-31,long_term_debt,8.691,SEC
NRG,2021-12-31,long_term_debt,7.966,SEC
NRG,2022-12-31,long_term_debt,7.976,SEC
NRG,2023-12-31,long_term_debt,10.133,SEC
NRG,2024-12-31,long_term_debt,9.812,SEC
NRG,2025-12-31,long_term_debt,16.412,SEC
NRG,2016-12-31,market_cap,3.87416007232666,Yahoo price x SEC shares
NRG,2017-12-31,market_cap,9.028159854888916,Yahoo price x SEC shares
NRG,2018-12-31,market_cap,12.196799530029297,Yahoo price x SEC shares
NRG,2019-12-31,market_cap,10.494,Yahoo price x SEC shares
NRG,2020-12-31,market_cap,9.237299812316895,Yahoo price x SEC shares
NRG,2021-12-31,market_cap,10.554600448608399,Yahoo price x SEC shares
NRG,2022-12-31,market_cap,7.509519927978515,Yahoo price x SEC shares
NRG,2023-12-31,market_cap,11.787600173950196,Yahoo price x SEC shares
NRG,2024-12-31,market_cap,19.126640258789063,Yahoo price x SEC shares
NRG,2025-12-31,market_cap,31.68876109313965,Yahoo price x SEC shares
NRG,2016-12-31,net_debt,15.882,SEC
NRG,2017-12-31,net_debt,8.614,SEC
NRG,2018-12-31,net_debt,5.958,SEC
NRG,2019-12-31,net_debt,5.546,SEC
NRG,2020-12-31,net_debt,4.787000000000001,SEC
NRG,2021-12-31,net_debt,7.72,SEC
NRG,2022-12-31,net_debt,7.609,SEC
NRG,2023-12-31,net_debt,10.212,SEC
NRG,2024-12-31,net_debt,9.842,SEC
NRG,2025-12-31,net_debt,11.735000000000001,SEC
NRG,2016-12-31,net_income,-0.774,SEC
NRG,2017-12-31,net_income,-2.153,SEC
NRG,2018-12-31,net_income,0.268,SEC
NRG,2019-12-31,net_income,4.438,SEC
NRG,2020-12-31,net_income,0.51,SEC
NRG,2021-12-31,net_income,2.187,SEC
NRG,2022-12-31,net_income,1.221,SEC
NRG,2023-12-31,net_income,-0.202,SEC
NRG,2024-12-31,net_income,1.125,SEC
NRG,2025-12-31,net_income,0.864,SEC
NRG,2016-12-31,operating_cf,1.908,SEC
NRG,2017-12-31,operating_cf,1.61,SEC
NRG,2018-12-31,operating_cf,1.377,SEC
NRG,2019-12-31,operating_cf,1.413,SEC
NRG,2020-12-31,operating_cf,1.837,SEC
NRG,2021-12-31,operating_cf,0.493,SEC
NRG,2022-12-31,operating_cf,0.36,SEC
NRG,2023-12-31,operating_cf,-0.221,SEC
NRG,2024-12-31,operating_cf,2.306,SEC
NRG,2025-12-31,operating_cf,1.913,SEC
NRG,2016-12-31,price,12.260000228881836,Yahoo
NRG,2017-12-31,price,28.479999542236328,Yahoo
NRG,2018-12-31,price,39.599998474121094,Yahoo
NRG,2019-12-31,price,39.75,Yahoo
NRG,2020-12-31,price,37.54999923706055,Yahoo
NRG,2021-12-31,price,43.08000183105469,Yahoo
NRG,2022-12-31,price,31.81999969482422,Yahoo
NRG,2023-12-31,price,51.70000076293945,Yahoo
NRG,2024-12-31,price,90.22000122070312,Yahoo
NRG,2025-12-31,price,159.24000549316406,Yahoo
NRG,2016-12-31,revenue,8.915,SEC
NRG,2017-12-31,revenue,9.074,SEC
NRG,2018-12-31,revenue,9.478,SEC
NRG,2019-12-31,revenue,9.821,SEC
NRG,2020-12-31,revenue,9.093,SEC
NRG,2021-12-31,revenue,26.989,SEC
NRG,2022-12-31,revenue,31.543,SEC
NRG,2023-12-31,revenue,28.823,SEC
NRG,2024-12-31,revenue,28.13,SEC
NRG,2025-12-31,revenue,30.713,SEC
NRG,2016-12-31,short_term_debt,0.516,SEC
NRG,2017-12-31,short_term_debt,0.204,SEC
NRG,2018-12-31,short_term_debt,0.072,SEC
NRG,2019-12-31,short_term_debt,0.088,SEC
NRG,2020-12-31,short_term_debt,0.001,SEC
NRG,2021-12-31,short_term_debt,0.004,SEC
NRG,2022-12-31,short_term_debt,0.063,SEC
NRG,2023-12-31,short_term_debt,0.62,SEC
NRG,2024-12-31,short_term_debt,0.996,SEC
NRG,2025-12-31,short_term_debt,0.031,SEC
NRG,2016-12-31,total_debt,16.473,SEC
NRG,2017-12-31,total_debt,9.384,SEC
NRG,2018-12-31,total_debt,6.521,SEC
NRG,2019-12-31,total_debt,5.891,SEC
NRG,2020-12-31,total_debt,8.692,SEC
NRG,2021-12-31,total_debt,7.97,SEC
NRG,2022-12-31,total_debt,8.039,SEC
NRG,2023-12-31,total_debt,10.753,SEC
NRG,2024-12-31,total_debt,10.808,SEC
NRG,2025-12-31,total_debt,16.443,SEC
NRGV,2021-12-31,capex,-0.00017,SEC
NRGV,2022-12-31,capex,-0.002319,SEC
NRGV,2023-12-31,capex,-0.030431,SEC
NRGV,2024-12-31,capex,-0.058853,SEC
NRGV,2025-12-31,capex,-0.041093,SEC
NRGV,2021-12-31,cash,0.105125,SEC
NRGV,2022-12-31,cash,0.203037,SEC
NRGV,2023-12-31,cash,0.109923,SEC
NRGV,2024-12-31,cash,0.027091,SEC
NRGV,2025-12-31,cash,0.05826,SEC
NRGV,2021-12-31,ebitda,-0.027217,SEC
NRGV,2022-12-31,ebitda,-0.05534,SEC
NRGV,2023-12-31,ebitda,-0.105843,SEC
NRGV,2024-12-31,ebitda,-0.128938,SEC
NRGV,2025-12-31,ebitda,-0.070932,SEC
NRGV,2021-12-31,eps,-2.45,SEC
NRGV,2022-12-31,eps,-0.64,SEC
NRGV,2023-12-31,eps,-0.69,SEC
NRGV,2024-12-31,eps,-0.91,SEC
NRGV,2025-12-31,eps,-0.65,SEC
NRGV,2021-12-31,fcff_before_growth,-0.02438047,SEC
NRGV,2022-12-31,fcff_before_growth,-0.03108742,SEC
NRGV,2023-12-31,fcff_before_growth,-0.09352035,SEC
NRGV,2024-12-31,fcff_before_growth,-0.056918,SEC
NRGV,2025-12-31,fcff_before_growth,-0.009084,SEC
NRGV,2021-12-31,free_cf,-0.022236,SEC
NRGV,2022-12-31,free_cf,-0.025665,SEC
NRGV,2023-12-31,free_cf,-0.123086,SEC
NRGV,2024-12-31,free_cf,-0.114713,SEC
NRGV,2025-12-31,free_cf,-0.046742,SEC
NRGV,2022-12-31,long_term_debt,0.000725,Yahoo
NRGV,2023-12-31,long_term_debt,0.001137,Yahoo
NRGV,2024-12-31,long_term_debt,0.0,SEC
NRGV,2025-12-31,long_term_debt,0.03797,SEC
NRGV,2021-12-31,market_cap,0.1265219951248169,Yahoo price x SEC shares
NRGV,2022-12-31,market_cap,0.38451190589618683,Yahoo price x SEC shares
NRGV,2023-12-31,market_cap,0.3328428191013336,Yahoo price x SEC shares
NRGV,2024-12-31,market_cap,0.34164887571287156,Yahoo price x SEC shares
NRGV,2025-12-31,market_cap,0.7400571514334678,Yahoo price x SEC shares
NRGV,2022-12-31,net_debt,-0.201487,Yahoo
NRGV,2023-12-31,net_debt,-0.108062,Yahoo
NRGV,2024-12-31,net_debt,-0.027091,SEC
NRGV,2025-12-31,net_debt,0.036338,SEC
NRGV,2021-12-31,net_income,-0.031338,SEC
NRGV,2022-12-31,net_income,-0.078299,SEC
NRGV,2023-12-31,net_income,-0.098443,SEC
NRGV,2024-12-31,net_income,-0.13575,SEC
NRGV,2025-12-31,net_income,-0.103611,SEC
NRGV,2021-12-31,operating_cf,-0.022066,SEC
NRGV,2022-12-31,operating_cf,-0.023346,SEC
NRGV,2023-12-31,operating_cf,-0.092655,SEC
NRGV,2024-12-31,operating_cf,-0.05586,SEC
NRGV,2025-12-31,operating_cf,-0.005649,SEC
NRGV,2021-12-31,price,9.899999618530273,Yahoo
NRGV,2022-12-31,price,3.119999885559082,Yahoo
NRGV,2023-12-31,price,2.3299999237060547,Yahoo
NRGV,2024-12-31,price,2.2799999713897705,Yahoo
NRGV,2025-12-31,price,4.610000133514404,Yahoo
NRGV,2021-12-31,revenue,0.0,SEC
NRGV,2022-12-31,revenue,0.145877,SEC
NRGV,2023-12-31,revenue,0.341543,SEC
NRGV,2024-12-31,revenue,0.046199,SEC
NRGV,2025-12-31,revenue,0.203671,SEC
NRGV,2022-12-31,short_term_debt,0.000825,Yahoo
NRGV,2023-12-31,short_term_debt,0.000724,Yahoo
NRGV,2024-12-31,short_term_debt,0.0,SEC
NRGV,2025-12-31,short_term_debt,0.056628,SEC
NRGV,2022-12-31,total_debt,0.00155,Yahoo
NRGV,2023-12-31,total_debt,0.001861,Yahoo
NRGV,2024-12-31,total_debt,0.0,SEC
NRGV,2025-12-31,total_debt,0.094598,SEC
NWE,2021-12-31,capex,-0.434328,SEC
NWE,2022-12-31,capex,-0.51514,SEC
NWE,2023-12-31,capex,-0.566889,SEC
NWE,2024-12-31,capex,-0.549244,SEC
NWE,2025-12-31,capex,-0.524456,SEC
NWE,2021-12-31,cash,0.00282,SEC
NWE,2022-12-31,cash,0.008489,SEC
NWE,2023-12-31,cash,0.009164,SEC
NWE,2024-12-31,cash,0.004283,SEC
NWE,2025-12-31,cash,0.008781,SEC
NWE,2021-12-31,ebitda,0.463148,SEC
NWE,2022-12-31,ebitda,0.458099,SEC
NWE,2023-12-31,ebitda,0.510929,SEC
NWE,2024-12-31,ebitda,0.550956,SEC
NWE,2025-12-31,ebitda,0.575344,SEC
NWE,2021-12-31,eps,3.6,SEC
NWE,2022-12-31,eps,3.25,SEC
NWE,2023-12-31,eps,3.22,SEC
NWE,2024-12-31,eps,3.65,SEC
NWE,2025-12-31,eps,2.94,SEC
NWE,2021-12-31,fcff_before_growth,0.032511,SEC
NWE,2022-12-31,fcff_before_growth,0.112222,SEC
NWE,2023-12-31,fcff_before_growth,0.278757,SEC
NWE,2024-12-31,fcff_before_growth,0.179106,SEC
NWE,2025-12-31,fcff_before_growth,0.144929,SEC
NWE,2021-12-31,free_cf,-0.21435,SEC
NWE,2022-12-31,free_cf,-0.207898,SEC
NWE,2023-12-31,free_cf,-0.077658,SEC
NWE,2024-12-31,free_cf,-0.142503,SEC
NWE,2025-12-31,free_cf,-0.130001,SEC
NWE,2022-12-31,long_term_debt,2.474357,SEC
NWE,2023-12-31,long_term_debt,2.684635,SEC
NWE,2024-12-31,long_term_debt,2.695343,SEC
NWE,2025-12-31,long_term_debt,3.18104,SEC
NWE,2021-12-31,market_cap,2.9650164302449267,Yahoo price x SEC shares
NWE,2022-12-31,market_cap,3.3403738159894942,Yahoo price x SEC shares
NWE,2023-12-31,market_cap,3.0716080489305266,Yahoo price x SEC shares
NWE,2024-12-31,market_cap,3.281064943110237,Yahoo price x SEC shares
NWE,2025-12-31,market_cap,3.971883174062851,Yahoo price x SEC shares
NWE,2022-12-31,net_debt,2.754918,SEC
NWE,2023-12-31,net_debt,2.7754209999999997,SEC
NWE,2024-12-31,net_debt,3.09101,SEC
NWE,2025-12-31,net_debt,3.427226,SEC
NWE,2021-12-31,net_income,0.18684,SEC
NWE,2022-12-31,net_income,0.183008,SEC
NWE,2023-12-31,net_income,0.194131,SEC
NWE,2024-12-31,net_income,0.224111,SEC
NWE,2025-12-31,net_income,0.181092,SEC
NWE,2021-12-31,operating_cf,0.219978,SEC
NWE,2022-12-31,operating_cf,0.307242,SEC
NWE,2023-12-31,operating_cf,0.489231,SEC
NWE,2024-12-31,operating_cf,0.406741,SEC
NWE,2025-12-31,operating_cf,0.394455,SEC
NWE,2021-12-31,price,57.15999984741211,Yahoo
NWE,2022-12-31,price,59.34000015258789,Yahoo
NWE,2023-12-31,price,50.88999938964844,Yahoo
NWE,2024-12-31,price,53.459999084472656,Yahoo
NWE,2025-12-31,price,64.54000091552734,Yahoo
NWE,2021-12-31,revenue,1.372316,SEC
NWE,2022-12-31,revenue,1.477837,SEC
NWE,2023-12-31,revenue,1.5548,SEC
NWE,2024-12-31,revenue,1.513898,SEC
NWE,2025-12-31,revenue,1.610559,SEC
NWE,2022-12-31,short_term_debt,0.28905,SEC
NWE,2023-12-31,short_term_debt,0.09995,SEC
NWE,2024-12-31,short_term_debt,0.39995,SEC
NWE,2025-12-31,short_term_debt,0.254967,SEC
NWE,2022-12-31,total_debt,2.763407,SEC
NWE,2023-12-31,total_debt,2.784585,SEC
NWE,2024-12-31,total_debt,3.095293,SEC
NWE,2025-12-31,total_debt,3.436007,SEC
NWN,2016-12-31,capex,-0.138357,SEC
NWN,2017-12-31,capex,-0.213325,SEC
NWN,2018-12-31,capex,-0.214636,SEC
NWN,2019-12-31,capex,-0.223471,SEC
NWN,2020-12-31,capex,-0.273016,SEC
NWN,2021-12-31,capex,-0.293892,SEC
NWN,2022-12-31,capex,-0.338602,SEC
NWN,2023-12-31,capex,-0.327347,SEC
NWN,2024-12-31,capex,-0.3944,SEC
NWN,2025-12-31,capex,-0.466893,SEC
NWN,2016-12-31,cash,0.003521,SEC
NWN,2017-12-31,cash,0.003472,SEC
NWN,2018-12-31,cash,0.012633,SEC
NWN,2019-12-31,cash,0.009648,SEC
NWN,2020-12-31,cash,0.030168,SEC
NWN,2021-12-31,cash,0.018559,SEC
NWN,2022-12-31,cash,0.02927,SEC
NWN,2023-12-31,cash,0.03292,SEC
NWN,2024-12-31,cash,0.03849,SEC
NWN,2025-12-31,cash,0.036673,SEC
NWN,2016-12-31,ebitda,0.228321,SEC
NWN,2017-12-31,ebitda,0.231955,SEC
NWN,2018-12-31,ebitda,0.217318,SEC
NWN,2019-12-31,ebitda,0.23497,SEC
NWN,2020-12-31,ebitda,0.252034,SEC
NWN,2021-12-31,ebitda,0.276651,SEC
NWN,2022-12-31,ebitda,0.284184,SEC
NWN,2023-12-31,ebitda,0.310522,SEC
NWN,2024-12-31,ebitda,0.32904,SEC
NWN,2025-12-31,ebitda,0.446397,SEC
NWN,2016-12-31,eps,2.12,SEC
NWN,2017-12-31,eps,-1.93,SEC
NWN,2018-12-31,eps,2.24,SEC
NWN,2019-12-31,eps,2.07,SEC
NWN,2020-12-31,eps,2.51,SEC
NWN,2021-12-31,eps,2.56,SEC
NWN,2022-12-31,eps,2.54,SEC
NWN,2023-12-31,eps,2.59,SEC
NWN,2024-12-31,eps,2.03,SEC
NWN,2025-12-31,eps,2.77,SEC
NWN,2016-12-31,fcff_before_growth,0.144543,SEC
NWN,2017-12-31,fcff_before_growth,0.125651,SEC
NWN,2018-12-31,fcff_before_growth,0.083615,SEC
NWN,2019-12-31,fcff_before_growth,0.094517,SEC
NWN,2020-12-31,fcff_before_growth,0.041635,SEC
NWN,2021-12-31,fcff_before_growth,0.046819,SEC
NWN,2022-12-31,fcff_before_growth,0.030965,SEC
NWN,2023-12-31,fcff_before_growth,0.154368,SEC
NWN,2024-12-31,fcff_before_growth,0.062384,SEC
NWN,2025-12-31,fcff_before_growth,0.103618,SEC
NWN,2016-12-31,free_cf,0.08379,SEC
NWN,2017-12-31,free_cf,-0.006621,SEC
NWN,2018-12-31,free_cf,-0.045865,SEC
NWN,2019-12-31,free_cf,-0.037458,SEC
NWN,2020-12-31,free_cf,-0.127698,SEC
NWN,2021-12-31,free_cf,-0.133539,SEC
NWN,2022-12-31,free_cf,-0.19093,SEC
NWN,2023-12-31,free_cf,-0.047398,SEC
NWN,2024-12-31,free_cf,-0.194118,SEC
NWN,2025-12-31,free_cf,-0.197769,SEC
NWN,2017-12-31,long_term_debt,0.683184,SEC
NWN,2018-12-31,long_term_debt,0.706247,SEC
NWN,2019-12-31,long_term_debt,0.805955,SEC
NWN,2020-12-31,long_term_debt,0.860081,SEC
NWN,2021-12-31,long_term_debt,1.044587,SEC
NWN,2022-12-31,long_term_debt,1.246167,SEC
NWN,2023-12-31,long_term_debt,1.425435,SEC
NWN,2024-12-31,long_term_debt,1.679355,SEC
NWN,2025-12-31,long_term_debt,2.272202,SEC
NWN,2016-12-31,market_cap,1.6611841788063049,Yahoo price x SEC shares
NWN,2017-12-31,market_cap,1.715116493873596,Yahoo price x SEC shares
NWN,2018-12-31,market_cap,1.745661553565979,Yahoo price x SEC shares
NWN,2019-12-31,market_cap,2.20150417023468,Yahoo price x SEC shares
NWN,2020-12-31,market_cap,1.4072480613594056,Yahoo price x SEC shares
NWN,2021-12-31,market_cap,1.5000825224609375,Yahoo price x SEC shares
NWN,2022-12-31,market_cap,1.617298565185547,Yahoo price x SEC shares
NWN,2023-12-31,market_cap,1.4121590501976014,Yahoo price x SEC shares
NWN,2024-12-31,market_cap,1.5376576933784485,Yahoo price x SEC shares
NWN,2025-12-31,market_cap,1.9141432887382508,Yahoo price x SEC shares
NWN,2017-12-31,net_debt,0.830615,SEC
NWN,2018-12-31,net_debt,0.941223,SEC
NWN,2019-12-31,net_debt,1.020516,SEC
NWN,2020-12-31,net_debt,1.229782,SEC
NWN,2021-12-31,net_debt,1.415873,SEC
NWN,2022-12-31,net_debt,1.5657940000000001,SEC
NWN,2023-12-31,net_debt,1.63316,SEC
NWN,2024-12-31,net_debt,1.8417620000000001,SEC
NWN,2025-12-31,net_debt,2.568145,SEC
NWN,2016-12-31,net_income,0.058895,SEC
NWN,2017-12-31,net_income,-0.055623,SEC
NWN,2018-12-31,net_income,0.064569,SEC
NWN,2019-12-31,net_income,0.061735,SEC
NWN,2020-12-31,net_income,0.076781,SEC
NWN,2021-12-31,net_income,0.078666,SEC
NWN,2022-12-31,net_income,0.086303,SEC
NWN,2023-12-31,net_income,0.093868,SEC
NWN,2024-12-31,net_income,0.078871,SEC
NWN,2025-12-31,net_income,0.113319,SEC
NWN,2016-12-31,operating_cf,0.222147,SEC
NWN,2017-12-31,operating_cf,0.206704,SEC
NWN,2018-12-31,operating_cf,0.168771,SEC
NWN,2019-12-31,operating_cf,0.186013,SEC
NWN,2020-12-31,operating_cf,0.145318,SEC
NWN,2021-12-31,operating_cf,0.160353,SEC
NWN,2022-12-31,operating_cf,0.147672,SEC
NWN,2023-12-31,operating_cf,0.279949,SEC
NWN,2024-12-31,operating_cf,0.200282,SEC
NWN,2025-12-31,operating_cf,0.269124,SEC
NWN,2016-12-31,price,59.79999923706055,Yahoo
NWN,2017-12-31,price,59.650001525878906,Yahoo
NWN,2018-12-31,price,60.459999084472656,Yahoo
NWN,2019-12-31,price,73.7300033569336,Yahoo
NWN,2020-12-31,price,45.9900016784668,Yahoo
NWN,2021-12-31,price,48.779998779296875,Yahoo
NWN,2022-12-31,price,47.59000015258789,Yahoo
NWN,2023-12-31,price,38.939998626708984,Yahoo
NWN,2024-12-31,price,39.560001373291016,Yahoo
NWN,2025-12-31,price,46.7400016784668,Yahoo
NWN,2016-12-31,revenue,0.668173,SEC
NWN,2017-12-31,revenue,0.755038,SEC
NWN,2018-12-31,revenue,0.706143,SEC
NWN,2019-12-31,revenue,0.755987,SEC
NWN,2020-12-31,revenue,0.773679,SEC
NWN,2021-12-31,revenue,0.8604,SEC
NWN,2022-12-31,revenue,1.039765,SEC
NWN,2023-12-31,revenue,1.197475,SEC
NWN,2024-12-31,revenue,1.152994,SEC
NWN,2025-12-31,revenue,1.289363,SEC
NWN,2017-12-31,short_term_debt,0.150903,SEC
NWN,2018-12-31,short_term_debt,0.247609,SEC
NWN,2019-12-31,short_term_debt,0.224209,SEC
NWN,2020-12-31,short_term_debt,0.399869,SEC
NWN,2021-12-31,short_term_debt,0.389845,SEC
NWN,2022-12-31,short_term_debt,0.348897,SEC
NWN,2023-12-31,short_term_debt,0.240645,SEC
NWN,2024-12-31,short_term_debt,0.200897,SEC
NWN,2025-12-31,short_term_debt,0.332616,SEC
NWN,2017-12-31,total_debt,0.834087,SEC
NWN,2018-12-31,total_debt,0.953856,SEC
NWN,2019-12-31,total_debt,1.030164,SEC
NWN,2020-12-31,total_debt,1.25995,SEC
NWN,2021-12-31,total_debt,1.434432,SEC
NWN,2022-12-31,total_debt,1.595064,SEC
NWN,2023-12-31,total_debt,1.66608,SEC
NWN,2024-12-31,total_debt,1.880252,SEC
NWN,2025-12-31,total_debt,2.604818,SEC
NXXT,2020-12-31,capex,-2.4075e-05,SEC
NXXT,2021-12-31,capex,-0.001998151,SEC
NXXT,2022-12-31,capex,-0.003258417,SEC
NXXT,2023-12-31,capex,-8.8734e-05,Yahoo
NXXT,2024-12-31,capex,-0.003929161,SEC
NXXT,2020-12-31,cash,0.00088287,SEC
NXXT,2021-12-31,cash,0.013561266,SEC
NXXT,2022-12-31,cash,0.002066793,SEC
NXXT,2023-12-31,cash,0.000226985,SEC
NXXT,2024-12-31,cash,0.001612117,Yahoo
NXXT,2025-12-31,cash,0.00038414,Yahoo
NXXT,2020-12-31,ebitda,-0.006481135,SEC
NXXT,2021-12-31,ebitda,-0.007896251,SEC
NXXT,2022-12-31,ebitda,-0.015716658,SEC
NXXT,2023-12-31,ebitda,-0.007426258,SEC
NXXT,2024-12-31,ebitda,-0.010163635,SEC
NXXT,2025-12-31,ebitda,-0.06780752,SEC
NXXT,2020-12-31,eps,-0.72,SEC
NXXT,2021-12-31,eps,-0.46,SEC
NXXT,2022-12-31,eps,-5.3,SEC
NXXT,2023-12-31,eps,-6.98,SEC
NXXT,2024-12-31,eps,-5.97,SEC
NXXT,2025-12-31,eps,-0.72,SEC
NXXT,2020-12-31,fcff_before_growth,-0.00180534498,SEC
NXXT,2021-12-31,fcff_before_growth,-0.00656664664,SEC
NXXT,2022-12-31,fcff_before_growth,-0.013291123140000001,SEC
NXXT,2023-12-31,fcff_before_growth,-0.00639245516,SEC
NXXT,2024-12-31,fcff_before_growth,-0.007803015,SEC
NXXT,2025-12-31,fcff_before_growth,-0.016882328,SEC
NXXT,2020-12-31,free_cf,-0.001631744,SEC
NXXT,2021-12-31,free_cf,-0.008304912,SEC
NXXT,2022-12-31,free_cf,-0.014857998,SEC
NXXT,2023-12-31,free_cf,-0.006732131,Yahoo
NXXT,2024-12-31,free_cf,-0.01018637,SEC
NXXT,2023-12-31,long_term_debt,0.000638578,Yahoo
NXXT,2024-12-31,long_term_debt,0.000364001,Yahoo
NXXT,2025-12-31,long_term_debt,0.004876157,Yahoo
NXXT,2021-12-31,market_cap,0.5575046621054763,Yahoo price x SEC shares
NXXT,2022-12-31,market_cap,0.01855433970217514,Yahoo price x SEC shares
NXXT,2023-12-31,market_cap,0.006094932814099788,Yahoo price x SEC shares
NXXT,2024-12-31,market_cap,0.01111783655797434,Yahoo price x SEC shares
NXXT,2025-12-31,market_cap,0.17705906647264408,Yahoo price x SEC shares
NXXT,2022-12-31,net_debt,3.3193e-05,Yahoo
NXXT,2023-12-31,net_debt,0.00647885,Yahoo
NXXT,2024-12-31,net_debt,0.0299747899999999,Yahoo
NXXT,2025-12-31,net_debt,0.0260992029999999,Yahoo
NXXT,2020-12-31,net_income,-0.007254006,SEC
NXXT,2021-12-31,net_income,-0.009383397,SEC
NXXT,2022-12-31,net_income,-0.017505765,SEC
NXXT,2023-12-31,net_income,-0.010471889,SEC
NXXT,2024-12-31,net_income,-0.021396633,SEC
NXXT,2025-12-31,net_income,-0.085738617,SEC
NXXT,2020-12-31,operating_cf,-0.001607669,SEC
NXXT,2021-12-31,operating_cf,-0.006306761,SEC
NXXT,2022-12-31,operating_cf,-0.011599581,SEC
NXXT,2023-12-31,operating_cf,-0.006643397,SEC
NXXT,2024-12-31,operating_cf,-0.006257209,SEC
NXXT,2025-12-31,operating_cf,-0.0144973,SEC
NXXT,2021-12-31,price,27.600000381469727,Yahoo
NXXT,2022-12-31,price,5.619999885559082,Yahoo
NXXT,2023-12-31,price,4.059999942779541,Yahoo
NXXT,2024-12-31,price,3.0999999046325684,Yahoo
NXXT,2025-12-31,price,1.4500000476837158,Yahoo
NXXT,2020-12-31,revenue,0.003586244,SEC
NXXT,2021-12-31,revenue,0.007233957,SEC
NXXT,2022-12-31,revenue,0.015044721,SEC
NXXT,2023-12-31,revenue,0.023216423,SEC
NXXT,2024-12-31,revenue,0.02777028,SEC
NXXT,2025-12-31,revenue,0.081835279,SEC
NXXT,2020-12-31,short_term_debt,0.000958422,SEC
NXXT,2021-12-31,short_term_debt,0.000178871,SEC
NXXT,2022-12-31,short_term_debt,3.465e-05,Yahoo
NXXT,2023-12-31,short_term_debt,0.006067257,Yahoo
NXXT,2024-12-31,short_term_debt,0.008635,SEC
NXXT,2025-12-31,short_term_debt,0.021607186,Yahoo
NXXT,2022-12-31,total_debt,3.465e-05,Yahoo
NXXT,2023-12-31,total_debt,0.006705835,Yahoo
NXXT,2024-12-31,total_debt,0.031586907,Yahoo
NXXT,2025-12-31,total_debt,0.026483343,Yahoo
OGE,2016-12-31,capex,-0.6601,SEC
OGE,2017-12-31,capex,-0.8241,SEC
OGE,2018-12-31,capex,-0.5736,SEC
OGE,2019-12-31,capex,-0.6355,SEC
OGE,2020-12-31,capex,-0.6505,SEC
OGE,2021-12-31,capex,-0.7785,SEC
OGE,2022-12-31,capex,-1.0509,SEC
OGE,2023-12-31,capex,-1.1782,SEC
OGE,2024-12-31,capex,-1.0909,SEC
OGE,2025-12-31,capex,-1.0544,SEC
OGE,2016-12-31,cash,0.0003,SEC
OGE,2017-12-31,cash,0.0144,SEC
OGE,2018-12-31,cash,0.0943,SEC
OGE,2019-12-31,cash,0.0,SEC
OGE,2020-12-31,cash,0.0011,SEC
OGE,2021-12-31,cash,0.0,SEC
OGE,2022-12-31,cash,0.0881,SEC
OGE,2023-12-31,cash,0.0002,SEC
OGE,2024-12-31,cash,0.0006,SEC
OGE,2025-12-31,cash,0.0002,SEC
OGE,2016-12-31,ebitda,0.8534,SEC
OGE,2017-12-31,ebitda,0.8154,SEC
OGE,2018-12-31,ebitda,0.8112,SEC
OGE,2019-12-31,ebitda,0.8593,SEC
OGE,2020-12-31,ebitda,0.9135,SEC
OGE,2021-12-31,ebitda,0.9602,SEC
OGE,2022-12-31,ebitda,1.1104,SEC
OGE,2023-12-31,ebitda,1.1568,SEC
OGE,2024-12-31,ebitda,1.2848,SEC
OGE,2025-12-31,ebitda,1.3592,SEC
OGE,2016-12-31,eps,1.69,SEC
OGE,2017-12-31,eps,3.1,SEC
OGE,2018-12-31,eps,2.12,SEC
OGE,2019-12-31,eps,2.16,SEC
OGE,2020-12-31,eps,-0.87,SEC
OGE,2021-12-31,eps,3.68,SEC
OGE,2022-12-31,eps,3.32,SEC
OGE,2023-12-31,eps,2.07,SEC
OGE,2024-12-31,eps,2.19,SEC
OGE,2025-12-31,eps,2.32,SEC
OGE,2016-12-31,fcff_before_growth,0.434359,SEC
OGE,2017-12-31,fcff_before_growth,0.614602,SEC
OGE,2018-12-31,fcff_before_growth,0.75274,SEC
OGE,2019-12-31,fcff_before_growth,0.443341,SEC
OGE,2020-12-31,fcff_before_growth,0.446715,SEC
OGE,2021-12-31,fcff_before_growth,-0.520843,SEC
OGE,2022-12-31,fcff_before_growth,0.622877,SEC
OGE,2023-12-31,fcff_before_growth,0.900606,SEC
OGE,2024-12-31,fcff_before_growth,0.474355,SEC
OGE,2025-12-31,fcff_before_growth,0.790837,SEC
OGE,2016-12-31,free_cf,-0.0154,SEC
OGE,2017-12-31,free_cf,-0.0396,SEC
OGE,2018-12-31,free_cf,0.3775,SEC
OGE,2019-12-31,free_cf,0.046,SEC
OGE,2020-12-31,free_cf,0.0623,SEC
OGE,2021-12-31,free_cf,-1.0084,SEC
OGE,2022-12-31,free_cf,-0.0985,SEC
OGE,2023-12-31,free_cf,0.0541,SEC
OGE,2024-12-31,free_cf,-0.2781,SEC
OGE,2025-12-31,free_cf,0.0827,SEC
OGE,2016-12-31,long_term_debt,2.4058,SEC
OGE,2017-12-31,long_term_debt,2.7496,SEC
OGE,2018-12-31,long_term_debt,2.8969,SEC
OGE,2019-12-31,long_term_debt,3.1952,SEC
OGE,2020-12-31,long_term_debt,3.4944,SEC
OGE,2021-12-31,long_term_debt,4.4964,SEC
OGE,2022-12-31,long_term_debt,3.5487,SEC
OGE,2023-12-31,long_term_debt,4.3405,SEC
OGE,2024-12-31,long_term_debt,5.0209,SEC
OGE,2025-12-31,long_term_debt,5.3692,SEC
OGE,2016-12-31,market_cap,6.686655152511596,Yahoo price x SEC shares
OGE,2017-12-31,market_cap,6.581999969482422,Yahoo price x SEC shares
OGE,2018-12-31,market_cap,7.857594724655152,Yahoo price x SEC shares
OGE,2019-12-31,market_cap,8.925129244995118,Yahoo price x SEC shares
OGE,2020-12-31,market_cap,6.375186122131348,Yahoo price x SEC shares
OGE,2021-12-31,market_cap,7.687514213943482,Yahoo price x SEC shares
OGE,2022-12-31,market_cap,7.941639846801758,Yahoo price x SEC shares
OGE,2023-12-31,market_cap,7.017437061309814,Yahoo price x SEC shares
OGE,2024-12-31,market_cap,8.303625,Yahoo price x SEC shares
OGE,2025-12-31,market_cap,8.646750154495239,Yahoo price x SEC shares
OGE,2016-12-31,net_debt,2.8663999999999996,SEC
OGE,2017-12-31,net_debt,3.1534,SEC
OGE,2018-12-31,net_debt,3.0526,SEC
OGE,2019-12-31,net_debt,3.3072,SEC
OGE,2020-12-31,net_debt,3.5883,SEC
OGE,2021-12-31,net_debt,4.9833,SEC
OGE,2022-12-31,net_debt,4.460500000000001,SEC
OGE,2023-12-31,net_debt,4.839499999999999,SEC
OGE,2024-12-31,net_debt,5.521999999999999,SEC
OGE,2025-12-31,net_debt,5.661,SEC
OGE,2016-12-31,net_income,0.3382,SEC
OGE,2017-12-31,net_income,0.619,SEC
OGE,2018-12-31,net_income,0.4255,SEC
OGE,2019-12-31,net_income,0.4336,SEC
OGE,2020-12-31,net_income,-0.1737,SEC
OGE,2021-12-31,net_income,0.7373,SEC
OGE,2022-12-31,net_income,0.6657,SEC
OGE,2023-12-31,net_income,0.4168,SEC
OGE,2024-12-31,net_income,0.4415,SEC
OGE,2025-12-31,net_income,0.4707,SEC
OGE,2016-12-31,operating_cf,0.6447,SEC
OGE,2017-12-31,operating_cf,0.7845,SEC
OGE,2018-12-31,operating_cf,0.9511,SEC
OGE,2019-12-31,operating_cf,0.6815,SEC
OGE,2020-12-31,operating_cf,0.7128,SEC
OGE,2021-12-31,operating_cf,-0.2299,SEC
OGE,2022-12-31,operating_cf,0.9524,SEC
OGE,2023-12-31,operating_cf,1.2323,SEC
OGE,2024-12-31,operating_cf,0.8128,SEC
OGE,2025-12-31,operating_cf,1.1371,SEC
OGE,2016-12-31,price,33.45000076293945,Yahoo
OGE,2017-12-31,price,32.90999984741211,Yahoo
OGE,2018-12-31,price,39.189998626708984,Yahoo
OGE,2019-12-31,price,44.470001220703125,Yahoo
OGE,2020-12-31,price,31.860000610351562,Yahoo
OGE,2021-12-31,price,38.380001068115234,Yahoo
OGE,2022-12-31,price,39.54999923706055,Yahoo
OGE,2023-12-31,price,34.93000030517578,Yahoo
OGE,2024-12-31,price,41.25,Yahoo
OGE,2025-12-31,price,42.70000076293945,Yahoo
OGE,2016-12-31,revenue,2.2592,SEC
OGE,2017-12-31,revenue,2.2611,SEC
OGE,2018-12-31,revenue,2.2703,SEC
OGE,2019-12-31,revenue,2.2316,SEC
OGE,2020-12-31,revenue,2.1223,SEC
OGE,2021-12-31,revenue,3.6537,SEC
OGE,2022-12-31,revenue,3.3757,SEC
OGE,2023-12-31,revenue,2.6743,SEC
OGE,2024-12-31,revenue,2.9853,SEC
OGE,2025-12-31,revenue,3.2601,SEC
OGE,2016-12-31,short_term_debt,0.4609,SEC
OGE,2017-12-31,short_term_debt,0.4182,SEC
OGE,2018-12-31,short_term_debt,0.25,SEC
OGE,2019-12-31,short_term_debt,0.112,SEC
OGE,2020-12-31,short_term_debt,0.095,SEC
OGE,2021-12-31,short_term_debt,0.4869,SEC
OGE,2022-12-31,short_term_debt,0.9999,SEC
OGE,2023-12-31,short_term_debt,0.4992,SEC
OGE,2024-12-31,short_term_debt,0.5017,SEC
OGE,2025-12-31,short_term_debt,0.292,SEC
OGE,2016-12-31,total_debt,2.8667,SEC
OGE,2017-12-31,total_debt,3.1678,SEC
OGE,2018-12-31,total_debt,3.1469,SEC
OGE,2019-12-31,total_debt,3.3072,SEC
OGE,2020-12-31,total_debt,3.5894,SEC
OGE,2021-12-31,total_debt,4.9833,SEC
OGE,2022-12-31,total_debt,4.5486,SEC
OGE,2023-12-31,total_debt,4.8397,SEC
OGE,2024-12-31,total_debt,5.5226,SEC
OGE,2025-12-31,total_debt,5.6612,SEC
OGS,2016-12-31,capex,-0.309071,SEC
OGS,2017-12-31,capex,-0.356361,SEC
OGS,2018-12-31,capex,-0.39445,SEC
OGS,2019-12-31,capex,-0.417322,SEC
OGS,2020-12-31,capex,-0.471345,SEC
OGS,2021-12-31,capex,-0.495246,SEC
OGS,2022-12-31,capex,-0.609486,SEC
OGS,2023-12-31,capex,-0.666634,SEC
OGS,2024-12-31,capex,-0.703165,SEC
OGS,2025-12-31,capex,-0.707226,SEC
OGS,2016-12-31,cash,0.014663,SEC
OGS,2017-12-31,cash,0.014413,SEC
OGS,2018-12-31,cash,0.021323,SEC
OGS,2019-12-31,cash,0.017853,SEC
OGS,2020-12-31,cash,0.007993,SEC
OGS,2021-12-31,cash,0.008852,SEC
OGS,2022-12-31,cash,0.009681,SEC
OGS,2023-12-31,cash,0.018835,SEC
OGS,2024-12-31,cash,0.057995,SEC
OGS,2025-12-31,cash,0.01062,SEC
OGS,2016-12-31,ebitda,0.432776,SEC
OGS,2017-12-31,ebitda,0.468617,SEC
OGS,2018-12-31,ebitda,0.448515,SEC
OGS,2019-12-31,ebitda,0.475653,SEC
OGS,2020-12-31,ebitda,0.498397,SEC
OGS,2021-12-31,ebitda,0.517491,SEC
OGS,2022-12-31,ebitda,0.578436,SEC
OGS,2023-12-31,ebitda,0.65742,SEC
OGS,2024-12-31,ebitda,0.695598,SEC
OGS,2025-12-31,ebitda,0.774723,SEC
OGS,2016-12-31,eps,2.65,SEC
OGS,2017-12-31,eps,3.08,SEC
OGS,2018-12-31,eps,3.25,SEC
OGS,2019-12-31,eps,3.51,SEC
OGS,2020-12-31,eps,3.68,SEC
OGS,2021-12-31,eps,3.85,SEC
OGS,2022-12-31,eps,4.08,SEC
OGS,2023-12-31,eps,4.14,SEC
OGS,2024-12-31,eps,3.91,SEC
OGS,2025-12-31,eps,4.37,SEC
OGS,2016-12-31,fcff_before_growth,0.18131381,SEC
OGS,2017-12-31,fcff_before_growth,0.13830235,SEC
OGS,2018-12-31,fcff_before_growth,0.34813895,SEC
OGS,2019-12-31,fcff_before_growth,0.17946799,SEC
OGS,2020-12-31,fcff_before_growth,0.21899795,SEC
OGS,2021-12-31,fcff_before_growth,-1.69525221,SEC
OGS,2022-12-31,fcff_before_growth,1.40359274,SEC
OGS,2023-12-31,fcff_before_growth,0.75081981,SEC
OGS,2024-12-31,fcff_before_growth,0.18802765,SEC
OGS,2025-12-31,fcff_before_growth,0.37439611,SEC
OGS,2016-12-31,free_cf,-0.018482,SEC
OGS,2017-12-31,free_cf,-0.102561,SEC
OGS,2018-12-31,free_cf,0.073244,SEC
OGS,2019-12-31,free_cf,-0.106977,SEC
OGS,2020-12-31,free_cf,-0.106845,SEC
OGS,2021-12-31,free_cf,-2.030903,SEC
OGS,2022-12-31,free_cf,0.961356,SEC
OGS,2023-12-31,free_cf,0.272898,SEC
OGS,2024-12-31,free_cf,-0.334754,SEC
OGS,2025-12-31,free_cf,-0.128393,SEC
OGS,2016-12-31,long_term_debt,1.192446,SEC
OGS,2017-12-31,long_term_debt,1.193257,SEC
OGS,2018-12-31,long_term_debt,1.285483,SEC
OGS,2019-12-31,long_term_debt,1.286064,SEC
OGS,2020-12-31,long_term_debt,1.582428,SEC
OGS,2021-12-31,long_term_debt,3.683378,SEC
OGS,2022-12-31,long_term_debt,2.661743,SEC
OGS,2023-12-31,long_term_debt,2.160401,SEC
OGS,2024-12-31,long_term_debt,2.385286,SEC
OGS,2025-12-31,long_term_debt,2.356038,SEC
OGS,2016-12-31,market_cap,3.3875134315109254,Yahoo price x SEC shares
OGS,2017-12-31,market_cap,3.881241653175354,Yahoo price x SEC shares
OGS,2018-12-31,market_cap,4.221108319084167,Yahoo price x SEC shares
OGS,2019-12-31,market_cap,4.981666783752441,Yahoo price x SEC shares
OGS,2020-12-31,market_cap,4.097214720840454,Yahoo price x SEC shares
OGS,2021-12-31,market_cap,4.164565463439941,Yahoo price x SEC shares
OGS,2022-12-31,market_cap,4.114473426330567,Yahoo price x SEC shares
OGS,2023-12-31,market_cap,3.5593992681884767,Yahoo price x SEC shares
OGS,2024-12-31,market_cap,3.94953525,Yahoo price x SEC shares
OGS,2025-12-31,market_cap,4.67462925,Yahoo price x SEC shares
OGS,2016-12-31,net_debt,1.17779,SEC
OGS,2017-12-31,net_debt,1.178844,SEC
OGS,2018-12-31,net_debt,1.26416,SEC
OGS,2019-12-31,net_debt,1.2682110000000002,SEC
OGS,2020-12-31,net_debt,1.574435,SEC
OGS,2021-12-31,net_debt,3.6745259999999997,SEC
OGS,2022-12-31,net_debt,2.652074,SEC
OGS,2023-12-31,net_debt,2.9145499999999998,SEC
OGS,2024-12-31,net_debt,2.327305,SEC
OGS,2025-12-31,net_debt,3.3324920000000002,SEC
OGS,2016-12-31,net_income,0.140095,SEC
OGS,2017-12-31,net_income,0.162995,SEC
OGS,2018-12-31,net_income,0.172234,SEC
OGS,2019-12-31,net_income,0.186749,SEC
OGS,2020-12-31,net_income,0.196412,SEC
OGS,2021-12-31,net_income,0.206434,SEC
OGS,2022-12-31,net_income,0.221742,SEC
OGS,2023-12-31,net_income,0.231232,SEC
OGS,2024-12-31,net_income,0.22285,SEC
OGS,2025-12-31,net_income,0.264224,SEC
OGS,2016-12-31,operating_cf,0.290589,SEC
OGS,2017-12-31,operating_cf,0.2538,SEC
OGS,2018-12-31,operating_cf,0.467694,SEC
OGS,2019-12-31,operating_cf,0.310345,SEC
OGS,2020-12-31,operating_cf,0.3645,SEC
OGS,2021-12-31,operating_cf,-1.535657,SEC
OGS,2022-12-31,operating_cf,1.570842,SEC
OGS,2023-12-31,operating_cf,0.939532,SEC
OGS,2024-12-31,operating_cf,0.368411,SEC
OGS,2025-12-31,operating_cf,0.578833,SEC
OGS,2016-12-31,price,63.959999084472656,Yahoo
OGS,2017-12-31,price,73.26000213623047,Yahoo
OGS,2018-12-31,price,79.5999984741211,Yahoo
OGS,2019-12-31,price,93.56999969482422,Yahoo
OGS,2020-12-31,price,76.7699966430664,Yahoo
OGS,2021-12-31,price,77.58999633789062,Yahoo
OGS,2022-12-31,price,75.72000122070312,Yahoo
OGS,2023-12-31,price,63.720001220703125,Yahoo
OGS,2024-12-31,price,69.25,Yahoo
OGS,2025-12-31,price,77.25,Yahoo
OGS,2016-12-31,revenue,1.427232,SEC
OGS,2017-12-31,revenue,1.539633,SEC
OGS,2018-12-31,revenue,1.633731,SEC
OGS,2019-12-31,revenue,1.65273,SEC
OGS,2020-12-31,revenue,1.530268,SEC
OGS,2021-12-31,revenue,1.808597,SEC
OGS,2022-12-31,revenue,2.578005,SEC
OGS,2023-12-31,revenue,2.37199,SEC
OGS,2024-12-31,revenue,2.083558,SEC
OGS,2025-12-31,revenue,2.427428,SEC
OGS,2016-12-31,short_term_debt,7e-06,SEC
OGS,2017-12-31,short_term_debt,0.0,SEC
OGS,2018-12-31,short_term_debt,0.0,SEC
OGS,2019-12-31,short_term_debt,0.0,SEC
OGS,2020-12-31,short_term_debt,0.0,SEC
OGS,2021-12-31,short_term_debt,0.0,SEC
OGS,2022-12-31,short_term_debt,1.2e-05,SEC
OGS,2023-12-31,short_term_debt,0.772984,SEC
OGS,2024-12-31,short_term_debt,1.4e-05,SEC
OGS,2025-12-31,short_term_debt,0.987074,SEC
OGS,2016-12-31,total_debt,1.192453,SEC
OGS,2017-12-31,total_debt,1.193257,SEC
OGS,2018-12-31,total_debt,1.285483,SEC
OGS,2019-12-31,total_debt,1.286064,SEC
OGS,2020-12-31,total_debt,1.582428,SEC
OGS,2021-12-31,total_debt,3.683378,SEC
OGS,2022-12-31,total_debt,2.661755,SEC
OGS,2023-12-31,total_debt,2.933385,SEC
OGS,2024-12-31,total_debt,2.3853,SEC
OGS,2025-12-31,total_debt,3.343112,SEC
OKLO,2022-12-31,capex,-0.00014956,Yahoo
OKLO,2023-12-31,capex,-8.3e-05,SEC
OKLO,2024-12-31,capex,-0.000352,SEC
OKLO,2025-12-31,capex,-0.033205,SEC
OKLO,2022-12-31,cash,0.003577359,SEC
OKLO,2023-12-31,cash,0.009868,SEC
OKLO,2024-12-31,cash,0.097132,SEC
OKLO,2025-12-31,cash,0.788445,SEC
OKLO,2022-12-31,ebitda,-0.009995279,Yahoo
OKLO,2023-12-31,ebitda,-0.018561,SEC
OKLO,2024-12-31,ebitda,-0.052533,SEC
OKLO,2025-12-31,ebitda,-0.138772,SEC
OKLO,2022-12-31,eps,-0.142546,Yahoo
OKLO,2023-12-31,eps,-0.47,SEC
OKLO,2024-12-31,eps,-0.74,SEC
OKLO,2025-12-31,eps,-0.72,SEC
OKLO,2023-12-31,fcff_before_growth,-0.016073,SEC
OKLO,2024-12-31,fcff_before_growth,-0.038658,SEC
OKLO,2025-12-31,fcff_before_growth,-0.082696,SEC
OKLO,2022-12-31,free_cf,-0.010142085,Yahoo
OKLO,2023-12-31,free_cf,-0.016081,SEC
OKLO,2024-12-31,free_cf,-0.038742,SEC
OKLO,2025-12-31,free_cf,-0.115379,SEC
OKLO,2021-12-31,long_term_debt,0.000304181,Yahoo
OKLO,2022-12-31,long_term_debt,9.3935e-05,Yahoo
OKLO,2024-12-31,long_term_debt,0.000543,Yahoo
OKLO,2025-12-31,long_term_debt,0.000546,Yahoo
OKLO,2023-12-31,market_cap,0.7274995066682319,Yahoo price x SEC shares
OKLO,2024-12-31,market_cap,2.0998595307125894,Yahoo price x SEC shares
OKLO,2025-12-31,market_cap,10.50220368664112,Yahoo price x SEC shares
OKLO,2022-12-31,net_debt,-0.009349347,Yahoo
OKLO,2023-12-31,net_debt,-0.009618,Yahoo
OKLO,2024-12-31,net_debt,-0.096108,Yahoo
OKLO,2025-12-31,net_debt,-0.786995,Yahoo
OKLO,2022-12-31,net_income,0.00392577,SEC
OKLO,2023-12-31,net_income,-0.032173,SEC
OKLO,2024-12-31,net_income,-0.073616,SEC
OKLO,2025-12-31,net_income,-0.105663,SEC
OKLO,2022-12-31,operating_cf,-0.000954691,SEC
OKLO,2023-12-31,operating_cf,-0.015998,SEC
OKLO,2024-12-31,operating_cf,-0.03839,SEC
OKLO,2025-12-31,operating_cf,-0.082174,SEC
OKLO,2021-12-31,price,9.850000381469727,Yahoo
OKLO,2022-12-31,price,9.920000076293945,Yahoo
OKLO,2023-12-31,price,10.5600004196167,Yahoo
OKLO,2024-12-31,price,21.229999542236328,Yahoo
OKLO,2025-12-31,price,71.76000213623047,Yahoo
OKLO,2022-12-31,revenue,0.0,Yahoo
OKLO,2023-12-31,revenue,0.0,Yahoo
OKLO,2024-12-31,revenue,0.0,Yahoo
OKLO,2025-12-31,revenue,0.0,Yahoo
OKLO,2022-12-31,short_term_debt,0.000210246,Yahoo
OKLO,2023-12-31,short_term_debt,0.00025,Yahoo
OKLO,2024-12-31,short_term_debt,0.000481,Yahoo
OKLO,2025-12-31,short_term_debt,0.000904,Yahoo
OKLO,2022-12-31,total_debt,0.000304181,Yahoo
OKLO,2023-12-31,total_debt,0.00025,Yahoo
OKLO,2024-12-31,total_debt,0.001024,Yahoo
OKLO,2025-12-31,total_debt,0.00145,Yahoo
ONEN,2025-12-31,cash,0.000984245,SEC
ONEN,2025-12-31,net_income,0.003687416,SEC
ONEN,2025-12-31,operating_cf,-0.001883274,SEC
ONEN,2025-12-31,price,10.350000381469727,Yahoo
ORA,2016-12-31,capex,-0.15193,SEC
ORA,2017-12-31,capex,-0.259234,SEC
ORA,2018-12-31,capex,-0.258521,SEC
ORA,2019-12-31,capex,-0.279986,SEC
ORA,2020-12-31,capex,-0.320738,SEC
ORA,2021-12-31,capex,-0.419272,SEC
ORA,2022-12-31,capex,-0.563476,SEC
ORA,2023-12-31,capex,-0.618383,SEC
ORA,2024-12-31,capex,-0.487678,SEC
ORA,2025-12-31,capex,-0.619776,SEC
ORA,2016-12-31,cash,0.230214,SEC
ORA,2017-12-31,cash,0.047818,SEC
ORA,2018-12-31,cash,0.098802,SEC
ORA,2019-12-31,cash,0.071173,SEC
ORA,2020-12-31,cash,0.448252,SEC
ORA,2021-12-31,cash,0.239278,SEC
ORA,2022-12-31,cash,0.095872,SEC
ORA,2023-12-31,cash,0.195808,SEC
ORA,2024-12-31,cash,0.094395,SEC
ORA,2025-12-31,cash,0.147448,SEC
ORA,2016-12-31,ebitda,0.307859,SEC
ORA,2017-12-31,ebitda,0.320164,SEC
ORA,2018-12-31,ebitda,0.317343,SEC
ORA,2019-12-31,ebitda,0.342557,SEC
ORA,2020-12-31,ebitda,0.370625,SEC
ORA,2021-12-31,ebitda,0.352329,SEC
ORA,2022-12-31,ebitda,0.351595,SEC
ORA,2023-12-31,ebitda,0.391382,SEC
ORA,2024-12-31,ebitda,0.435333,SEC
ORA,2025-12-31,ebitda,0.461349,SEC
ORA,2016-12-31,eps,1.77,SEC
ORA,2017-12-31,eps,2.61,SEC
ORA,2018-12-31,eps,1.92,SEC
ORA,2019-12-31,eps,1.72,SEC
ORA,2020-12-31,eps,1.65,SEC
ORA,2021-12-31,eps,1.1,SEC
ORA,2022-12-31,eps,1.17,SEC
ORA,2023-12-31,eps,2.08,SEC
ORA,2024-12-31,eps,2.04,SEC
ORA,2025-12-31,eps,2.02,SEC
ORA,2016-12-31,fcff_before_growth,0.10654531,SEC
ORA,2017-12-31,fcff_before_growth,0.17320118,SEC
ORA,2018-12-31,fcff_before_growth,0.06961896,SEC
ORA,2019-12-31,fcff_before_growth,0.15123536,SEC
ORA,2020-12-31,fcff_before_growth,0.16997587,SEC
ORA,2021-12-31,fcff_before_growth,0.14114982,SEC
ORA,2022-12-31,fcff_before_growth,0.15149897,SEC
ORA,2023-12-31,fcff_before_growth,0.16271999,SEC
ORA,2024-12-31,fcff_before_growth,0.148056,SEC
ORA,2025-12-31,fcff_before_growth,0.042977,SEC
ORA,2016-12-31,free_cf,0.007355,SEC
ORA,2017-12-31,free_cf,-0.013659,SEC
ORA,2018-12-31,free_cf,-0.112699,SEC
ORA,2019-12-31,free_cf,-0.043493,SEC
ORA,2020-12-31,free_cf,-0.055733,SEC
ORA,2021-12-31,free_cf,-0.16045,SEC
ORA,2022-12-31,free_cf,-0.282502,SEC
ORA,2023-12-31,free_cf,-0.308982,SEC
ORA,2024-12-31,free_cf,-0.076759,SEC
ORA,2025-12-31,free_cf,-0.284675,SEC
ORA,2016-12-31,long_term_debt,0.057063,SEC
ORA,2017-12-31,long_term_debt,0.046489,SEC
ORA,2018-12-31,long_term_debt,0.041579,SEC
ORA,2019-12-31,long_term_debt,0.068747,SEC
ORA,2020-12-31,long_term_debt,0.059556,SEC
ORA,2022-12-31,long_term_debt,1.867011,Yahoo
ORA,2023-12-31,long_term_debt,1.811327,Yahoo
ORA,2024-12-31,long_term_debt,2.111177,Yahoo
ORA,2025-12-31,long_term_debt,2.366484,Yahoo
ORA,2016-12-31,market_cap,2.6885067464447023,Yahoo price x SEC shares
ORA,2017-12-31,market_cap,3.2471851935195923,Yahoo price x SEC shares
ORA,2018-12-31,market_cap,2.665678661113739,Yahoo price x SEC shares
ORA,2019-12-31,market_cap,3.8174358680343627,Yahoo price x SEC shares
ORA,2020-12-31,market_cap,4.6888722966003415,Yahoo price x SEC shares
ORA,2021-12-31,market_cap,4.472678772125244,Yahoo price x SEC shares
ORA,2022-12-31,market_cap,4.886379629676819,Yahoo price x SEC shares
ORA,2023-12-31,market_cap,4.5293620347137455,Yahoo price x SEC shares
ORA,2024-12-31,market_cap,4.116698874206543,Yahoo price x SEC shares
ORA,2025-12-31,market_cap,6.778660214904785,Yahoo price x SEC shares
ORA,2016-12-31,net_debt,-0.173151,SEC
ORA,2017-12-31,net_debt,0.05017100000000001,SEC
ORA,2018-12-31,net_debt,0.101777,SEC
ORA,2019-12-31,net_debt,0.047574000000000005,SEC
ORA,2020-12-31,net_debt,-0.388696,SEC
ORA,2022-12-31,net_debt,1.956841,Yahoo
ORA,2023-12-31,net_debt,1.919344,Yahoo
ORA,2024-12-31,net_debt,2.357435,Yahoo
ORA,2025-12-31,net_debt,2.709508,Yahoo
ORA,2016-12-31,net_income,0.088708,SEC
ORA,2017-12-31,net_income,0.132414,SEC
ORA,2018-12-31,net_income,0.097966,SEC
ORA,2019-12-31,net_income,0.088095,SEC
ORA,2020-12-31,net_income,0.085456,SEC
ORA,2021-12-31,net_income,0.062092,SEC
ORA,2022-12-31,net_income,0.065841,SEC
ORA,2023-12-31,net_income,0.124399,SEC
ORA,2024-12-31,net_income,0.123733,SEC
ORA,2025-12-31,net_income,0.123898,SEC
ORA,2016-12-31,operating_cf,0.159285,SEC
ORA,2017-12-31,operating_cf,0.245575,SEC
ORA,2018-12-31,operating_cf,0.145822,SEC
ORA,2019-12-31,operating_cf,0.236493,SEC
ORA,2020-12-31,operating_cf,0.265005,SEC
ORA,2021-12-31,operating_cf,0.258822,SEC
ORA,2022-12-31,operating_cf,0.280974,SEC
ORA,2023-12-31,operating_cf,0.309401,SEC
ORA,2024-12-31,operating_cf,0.410919,SEC
ORA,2025-12-31,operating_cf,0.335101,SEC
ORA,2016-12-31,price,53.619998931884766,Yahoo
ORA,2017-12-31,price,63.959999084472656,Yahoo
ORA,2018-12-31,price,52.29999923706055,Yahoo
ORA,2019-12-31,price,74.5199966430664,Yahoo
ORA,2020-12-31,price,90.27999877929688,Yahoo
ORA,2021-12-31,price,79.30000305175781,Yahoo
ORA,2022-12-31,price,86.4800033569336,Yahoo
ORA,2023-12-31,price,75.79000091552734,Yahoo
ORA,2024-12-31,price,67.72000122070312,Yahoo
ORA,2025-12-31,price,110.47000122070312,Yahoo
ORA,2016-12-31,revenue,0.662591,SEC
ORA,2017-12-31,revenue,0.692812,SEC
ORA,2018-12-31,revenue,0.719267,SEC
ORA,2019-12-31,revenue,0.746044,SEC
ORA,2020-12-31,revenue,0.705342,SEC
ORA,2021-12-31,revenue,0.663084,SEC
ORA,2022-12-31,revenue,0.734159,SEC
ORA,2023-12-31,revenue,0.829424,SEC
ORA,2024-12-31,revenue,0.879654,SEC
ORA,2025-12-31,revenue,0.989543,SEC
ORA,2017-12-31,short_term_debt,0.0515,SEC
ORA,2018-12-31,short_term_debt,0.159,SEC
ORA,2019-12-31,short_term_debt,0.05,SEC
ORA,2020-12-31,short_term_debt,0.0,SEC
ORA,2022-12-31,short_term_debt,0.0,SEC
ORA,2023-12-31,short_term_debt,0.099971,SEC
ORA,2024-12-31,short_term_debt,0.099977,SEC
ORA,2025-12-31,short_term_debt,0.099983,SEC
ORA,2016-12-31,total_debt,0.057063,SEC
ORA,2017-12-31,total_debt,0.097989,SEC
ORA,2018-12-31,total_debt,0.200579,SEC
ORA,2019-12-31,total_debt,0.118747,SEC
ORA,2020-12-31,total_debt,0.059556,SEC
ORA,2022-12-31,total_debt,2.052713,Yahoo
ORA,2023-12-31,total_debt,2.115152,Yahoo
ORA,2024-12-31,total_debt,2.45183,Yahoo
ORA,2025-12-31,total_debt,2.856956,Yahoo
PBK,2022-06-30,capex,-7.75139034450054e-06,Yahoo
PBK,2023-06-30,capex,-0.0007931325763937,Yahoo
PBK,2024-06-30,capex,-3.0382895708084107e-05,SEC
PBK,2022-06-30,cash,0.0006585339579851,Yahoo
PBK,2023-06-30,cash,0.0005292276484966278,SEC
PBK,2024-06-30,cash,0.0037236711716651916,SEC
PBK,2025-06-30,cash,0.005386958066940307,SEC
PBK,2022-06-30,ebitda,-9.18804730424881e-05,Yahoo
PBK,2023-06-30,ebitda,0.0023795574205412,Yahoo
PBK,2024-06-30,ebitda,-0.003065846150636673,SEC
PBK,2025-06-30,ebitda,-0.0275396219329834,SEC
PBK,2022-06-30,eps,-0.0050140260605812,Yahoo
PBK,2023-06-30,eps,0.042394738197326656,SEC
PBK,2024-06-30,eps,-0.09185526609420777,SEC
PBK,2025-06-30,eps,-0.685381600856781,SEC
PBK,2022-06-30,fcff_before_growth,0.0001870006315535,Yahoo
PBK,2023-06-30,fcff_before_growth,0.0017245155524429224,SEC
PBK,2024-06-30,fcff_before_growth,0.005946759387466908,SEC
PBK,2025-06-30,fcff_before_growth,-0.012258396155018806,SEC
PBK,2022-06-30,free_cf,0.0001132268269447,Yahoo
PBK,2023-06-30,free_cf,0.0008962854222863,Yahoo
PBK,2024-06-30,free_cf,0.0059649396643638615,SEC
PBK,2022-06-30,long_term_debt,0.0009783448766964,Yahoo
PBK,2023-06-30,long_term_debt,0.0005364764421494007,SEC
PBK,2024-06-30,long_term_debt,0.0030941093094348907,SEC
PBK,2025-06-30,long_term_debt,0.03800688279390335,SEC
PBK,2022-06-30,net_debt,0.0008338892031094,Yahoo
PBK,2023-06-30,net_debt,0.00011402064838171013,SEC
PBK,2024-06-30,net_debt,-0.0003130144836902618,SEC
PBK,2025-06-30,net_debt,0.03909925388145447,SEC
PBK,2022-06-30,net_income,-0.0001331182936345,Yahoo
PBK,2023-06-30,net_income,0.0015841401585345268,SEC
PBK,2024-06-30,net_income,-0.002454655341625214,SEC
PBK,2025-06-30,net_income,-0.02193221122741699,SEC
PBK,2022-06-30,operating_cf,0.0001209782172892,Yahoo
PBK,2023-06-30,operating_cf,0.0016893702579510212,SEC
PBK,2024-06-30,operating_cf,0.005995322560071945,SEC
PBK,2025-06-30,operating_cf,-0.01219555302143097,SEC
PBK,2024-06-30,price,6.059999942779541,Yahoo
PBK,2025-06-30,price,1.5199999809265137,Yahoo
PBK,2022-06-30,revenue,0.0072056267505465,Yahoo
PBK,2023-06-30,revenue,0.012999292958966017,SEC
PBK,2024-06-30,revenue,0.041247960529088974,SEC
PBK,2025-06-30,revenue,0.02934493120121956,SEC
PBK,2022-06-30,short_term_debt,0.0005140782843981,Yahoo
PBK,2023-06-30,short_term_debt,0.00010677185472893715,SEC
PBK,2024-06-30,short_term_debt,0.0003165473785400391,SEC
PBK,2025-06-30,short_term_debt,0.006479329154491425,SEC
PBK,2022-06-30,total_debt,0.0014924231610945,Yahoo
PBK,2023-06-30,total_debt,0.0006432482968783379,SEC
PBK,2024-06-30,total_debt,0.00341065668797493,SEC
PBK,2025-06-30,total_debt,0.04448621194839478,SEC
PCG,2016-12-31,capex,-5.709,SEC
PCG,2017-12-31,capex,-5.641,SEC
PCG,2018-12-31,capex,-6.514,SEC
PCG,2019-12-31,capex,-6.313,SEC
PCG,2020-12-31,capex,-7.69,SEC
PCG,2021-12-31,capex,-7.689,SEC
PCG,2022-12-31,capex,-9.584,SEC
PCG,2023-12-31,capex,-9.714,SEC
PCG,2024-12-31,capex,-10.369,SEC
PCG,2025-12-31,capex,-11.787,SEC
PCG,2016-12-31,cash,0.177,SEC
PCG,2017-12-31,cash,0.449,SEC
PCG,2018-12-31,cash,1.668,SEC
PCG,2019-12-31,cash,1.57,SEC
PCG,2020-12-31,cash,0.484,SEC
PCG,2021-12-31,cash,0.291,SEC
PCG,2022-12-31,cash,0.734,SEC
PCG,2023-12-31,cash,0.635,SEC
PCG,2024-12-31,cash,0.94,SEC
PCG,2025-12-31,cash,0.713,SEC
PCG,2022-12-31,ebitda,6.249,Yahoo
PCG,2023-12-31,ebitda,7.287,Yahoo
PCG,2024-12-31,ebitda,9.552,Yahoo
PCG,2025-12-31,ebitda,10.085,Yahoo
PCG,2016-12-31,eps,2.78,SEC
PCG,2017-12-31,eps,3.21,SEC
PCG,2018-12-31,eps,-13.25,SEC
PCG,2019-12-31,eps,-14.5,SEC
PCG,2020-12-31,eps,-1.05,SEC
PCG,2021-12-31,eps,-0.05,SEC
PCG,2022-12-31,eps,0.84,SEC
PCG,2023-12-31,eps,1.05,SEC
PCG,2024-12-31,eps,1.15,SEC
PCG,2025-12-31,eps,1.18,SEC
PCG,2022-12-31,fcff_before_growth,1.3794300000000004,Yahoo
PCG,2023-12-31,fcff_before_growth,3.2605,Yahoo
PCG,2024-12-31,fcff_before_growth,6.25629,Yahoo
PCG,2025-12-31,fcff_before_growth,6.474119999999999,Yahoo
PCG,2016-12-31,free_cf,-1.3,SEC
PCG,2017-12-31,free_cf,0.336,SEC
PCG,2018-12-31,free_cf,-1.762,SEC
PCG,2019-12-31,free_cf,-1.497,SEC
PCG,2020-12-31,free_cf,-26.82,SEC
PCG,2021-12-31,free_cf,-5.427,SEC
PCG,2022-12-31,free_cf,-5.863,SEC
PCG,2023-12-31,free_cf,-4.967,SEC
PCG,2024-12-31,free_cf,-2.334,SEC
PCG,2025-12-31,free_cf,-3.071,SEC
PCG,2016-12-31,long_term_debt,16.22,SEC
PCG,2017-12-31,long_term_debt,17.753,SEC
PCG,2018-12-31,long_term_debt,22.075,SEC
PCG,2019-12-31,long_term_debt,0.0,SEC
PCG,2020-12-31,long_term_debt,37.288,SEC
PCG,2021-12-31,long_term_debt,38.225,SEC
PCG,2022-12-31,long_term_debt,47.742,SEC
PCG,2023-12-31,long_term_debt,50.975,SEC
PCG,2024-12-31,long_term_debt,53.569,SEC
PCG,2025-12-31,long_term_debt,57.387,SEC
PCG,2016-12-31,market_cap,30.4457702293396,Yahoo price x SEC shares
PCG,2017-12-31,market_cap,22.997790939331054,Yahoo price x SEC shares
PCG,2018-12-31,market_cap,12.27875,Yahoo price x SEC shares
PCG,2019-12-31,market_cap,5.739359939575196,Yahoo price x SEC shares
PCG,2020-12-31,market_cap,15.662220047950745,Yahoo price x SEC shares
PCG,2021-12-31,market_cap,24.097900681495666,Yahoo price x SEC shares
PCG,2022-12-31,market_cap,34.66632048797607,Yahoo price x SEC shares
PCG,2023-12-31,market_cap,38.548141468048094,Yahoo price x SEC shares
PCG,2024-12-31,market_cap,43.3264606552124,Yahoo price x SEC shares
PCG,2025-12-31,market_cap,35.386139328002926,Yahoo price x SEC shares
PCG,2016-12-31,net_debt,18.259,SEC
PCG,2017-12-31,net_debt,18.68,SEC
PCG,2018-12-31,net_debt,42.401,SEC
PCG,2019-12-31,net_debt,-1.57,SEC
PCG,2020-12-31,net_debt,40.379,SEC
PCG,2021-12-31,net_debt,44.599000000000004,SEC
PCG,2022-12-31,net_debt,51.330999999999996,SEC
PCG,2023-12-31,net_debt,55.687000000000005,SEC
PCG,2024-12-31,net_debt,56.298,SEC
PCG,2025-12-31,net_debt,60.17,SEC
PCG,2016-12-31,net_income,1.393,SEC
PCG,2017-12-31,net_income,1.646,SEC
PCG,2018-12-31,net_income,-6.851,SEC
PCG,2019-12-31,net_income,-7.656,SEC
PCG,2020-12-31,net_income,-1.318,SEC
PCG,2021-12-31,net_income,-0.102,SEC
PCG,2022-12-31,net_income,1.8,SEC
PCG,2023-12-31,net_income,2.242,SEC
PCG,2024-12-31,net_income,2.475,SEC
PCG,2025-12-31,net_income,2.593,SEC
PCG,2016-12-31,operating_cf,4.409,SEC
PCG,2017-12-31,operating_cf,5.977,SEC
PCG,2018-12-31,operating_cf,4.752,SEC
PCG,2019-12-31,operating_cf,4.816,SEC
PCG,2020-12-31,operating_cf,-19.13,SEC
PCG,2021-12-31,operating_cf,2.262,SEC
PCG,2022-12-31,operating_cf,3.721,SEC
PCG,2023-12-31,operating_cf,4.747,SEC
PCG,2024-12-31,operating_cf,8.035,SEC
PCG,2025-12-31,operating_cf,8.716,SEC
PCG,2016-12-31,price,60.77000045776367,Yahoo
PCG,2017-12-31,price,44.83000183105469,Yahoo
PCG,2018-12-31,price,23.75,Yahoo
PCG,2019-12-31,price,10.869999885559082,Yahoo
PCG,2020-12-31,price,12.460000038146973,Yahoo
PCG,2021-12-31,price,12.140000343322754,Yahoo
PCG,2022-12-31,price,16.260000228881836,Yahoo
PCG,2023-12-31,price,18.030000686645508,Yahoo
PCG,2024-12-31,price,20.18000030517578,Yahoo
PCG,2025-12-31,price,16.06999969482422,Yahoo
PCG,2016-12-31,revenue,17.666,SEC
PCG,2017-12-31,revenue,17.135,SEC
PCG,2018-12-31,revenue,16.759,SEC
PCG,2019-12-31,revenue,17.129,SEC
PCG,2020-12-31,revenue,18.469,SEC
PCG,2021-12-31,revenue,20.642,SEC
PCG,2022-12-31,revenue,21.68,SEC
PCG,2023-12-31,revenue,24.428,SEC
PCG,2024-12-31,revenue,24.419,SEC
PCG,2025-12-31,revenue,24.935,SEC
PCG,2016-12-31,short_term_debt,2.216,SEC
PCG,2017-12-31,short_term_debt,1.376,SEC
PCG,2018-12-31,short_term_debt,21.994,SEC
PCG,2019-12-31,short_term_debt,0.0,SEC
PCG,2020-12-31,short_term_debt,3.575,SEC
PCG,2021-12-31,short_term_debt,6.665,SEC
PCG,2022-12-31,short_term_debt,4.323,SEC
PCG,2023-12-31,short_term_debt,5.347,SEC
PCG,2024-12-31,short_term_debt,3.669,SEC
PCG,2025-12-31,short_term_debt,3.496,SEC
PCG,2016-12-31,total_debt,18.436,SEC
PCG,2017-12-31,total_debt,19.129,SEC
PCG,2018-12-31,total_debt,44.069,SEC
PCG,2019-12-31,total_debt,0.0,SEC
PCG,2020-12-31,total_debt,40.863,SEC
PCG,2021-12-31,total_debt,44.89,SEC
PCG,2022-12-31,total_debt,52.065,SEC
PCG,2023-12-31,total_debt,56.322,SEC
PCG,2024-12-31,total_debt,57.238,SEC
PCG,2025-12-31,total_debt,60.883,SEC
PCYO,2016-08-31,capex,-0.00047231,SEC
PCYO,2017-08-31,capex,-9.5385e-05,SEC
PCYO,2018-08-31,capex,-0.000445286,SEC
PCYO,2019-08-31,capex,-0.000353995,SEC
PCYO,2020-08-31,capex,-0.000587,SEC
PCYO,2021-08-31,capex,-0.000383,SEC
PCYO,2022-08-31,capex,-0.000157,SEC
PCYO,2023-08-31,capex,-0.000394,SEC
PCYO,2024-08-31,capex,-0.000458,SEC
PCYO,2025-08-31,capex,-0.000861,SEC
PCYO,2016-08-31,cash,0.004697288,SEC
PCYO,2017-08-31,cash,0.005575823,SEC
PCYO,2018-08-31,cash,0.011565038,SEC
PCYO,2019-08-31,cash,0.00447802,SEC
PCYO,2020-08-31,cash,0.021797,SEC
PCYO,2021-08-31,cash,0.020117,SEC
PCYO,2022-08-31,cash,0.034894,SEC
PCYO,2023-08-31,cash,0.026012,SEC
PCYO,2024-08-31,cash,0.022113,SEC
PCYO,2025-08-31,cash,0.021931,SEC
PCYO,2016-08-31,ebitda,-0.001759671,SEC
PCYO,2017-08-31,ebitda,-0.001396878,SEC
PCYO,2018-08-31,ebitda,0.000593949,SEC
PCYO,2019-08-31,ebitda,0.004279491,SEC
PCYO,2020-08-31,ebitda,0.003236,SEC
PCYO,2021-08-31,ebitda,0.007041,SEC
PCYO,2022-08-31,ebitda,0.012221,SEC
PCYO,2023-08-31,ebitda,0.004228,SEC
PCYO,2024-08-31,ebitda,0.014342,SEC
PCYO,2025-08-31,ebitda,0.009967,SEC
PCYO,2016-08-31,eps,-0.06,SEC
PCYO,2017-08-31,eps,-0.07,SEC
PCYO,2018-08-31,eps,0.02,SEC
PCYO,2019-08-31,eps,0.2,SEC
PCYO,2020-08-31,eps,0.28,SEC
PCYO,2021-08-31,eps,0.83,SEC
PCYO,2022-08-31,eps,0.4,SEC
PCYO,2023-08-31,eps,0.19,SEC
PCYO,2024-08-31,eps,0.48,SEC
PCYO,2025-08-31,eps,0.54,SEC
PCYO,2016-08-31,fcff_before_growth,-0.000690833,SEC
PCYO,2017-08-31,fcff_before_growth,-0.001787203,SEC
PCYO,2018-08-31,fcff_before_growth,-0.000902194,SEC
PCYO,2019-08-31,fcff_before_growth,0.002249697,SEC
PCYO,2020-08-31,fcff_before_growth,0.018997,SEC
PCYO,2021-08-31,fcff_before_growth,0.001684,SEC
PCYO,2022-08-31,fcff_before_growth,0.015329,SEC
PCYO,2023-08-31,fcff_before_growth,-0.004495,SEC
PCYO,2024-08-31,fcff_before_growth,0.000212,SEC
PCYO,2025-08-31,fcff_before_growth,0.010867,SEC
PCYO,2016-08-31,free_cf,-0.000743039,SEC
PCYO,2017-08-31,free_cf,-0.001148264,SEC
PCYO,2018-08-31,free_cf,-0.000444804,SEC
PCYO,2019-08-31,free_cf,0.003176532,SEC
PCYO,2020-08-31,free_cf,0.020133,SEC
PCYO,2021-08-31,free_cf,0.003073,SEC
PCYO,2022-08-31,free_cf,0.017297,SEC
PCYO,2023-08-31,free_cf,-0.002733,SEC
PCYO,2024-08-31,free_cf,0.001854,SEC
PCYO,2025-08-31,free_cf,0.012303,SEC
PCYO,2017-08-31,long_term_debt,0.0,SEC
PCYO,2018-08-31,long_term_debt,0.0,SEC
PCYO,2019-08-31,long_term_debt,0.0,SEC
PCYO,2020-08-31,long_term_debt,0.0,SEC
PCYO,2021-08-31,long_term_debt,0.0,SEC
PCYO,2022-08-31,long_term_debt,0.004012,Yahoo
PCYO,2023-08-31,long_term_debt,0.007127,Yahoo
PCYO,2024-08-31,long_term_debt,0.006908,Yahoo
PCYO,2025-08-31,long_term_debt,0.00638,SEC
PCYO,2016-08-31,market_cap,0.11510024206869889,Yahoo price x SEC shares
PCYO,2017-08-31,market_cap,0.1722172105,Yahoo price x SEC shares
PCYO,2018-08-31,market_cap,0.26921851875,Yahoo price x SEC shares
PCYO,2019-08-31,market_cap,0.2604307797563553,Yahoo price x SEC shares
PCYO,2020-08-31,market_cap,0.23484133862726592,Yahoo price x SEC shares
PCYO,2021-08-31,market_cap,0.3604582195012074,Yahoo price x SEC shares
PCYO,2022-08-31,market_cap,0.24928980942817688,Yahoo price x SEC shares
PCYO,2023-08-31,market_cap,0.26492567081255913,Yahoo price x SEC shares
PCYO,2024-08-31,market_cap,0.2571010656909599,Yahoo price x SEC shares
PCYO,2025-08-31,market_cap,0.24409205211918067,Yahoo price x SEC shares
PCYO,2017-08-31,net_debt,-0.005575823,SEC
PCYO,2018-08-31,net_debt,-0.011565038,SEC
PCYO,2019-08-31,net_debt,-0.00447802,SEC
PCYO,2020-08-31,net_debt,-0.021797,SEC
PCYO,2021-08-31,net_debt,-0.020117,SEC
PCYO,2022-08-31,net_debt,-0.030796,Yahoo
PCYO,2023-08-31,net_debt,-0.018736,Yahoo
PCYO,2024-08-31,net_debt,-0.015068,Yahoo
PCYO,2025-08-31,net_debt,-0.014728999999999999,SEC
PCYO,2016-08-31,net_income,-0.001310607,SEC
PCYO,2017-08-31,net_income,-0.001710868,SEC
PCYO,2018-08-31,net_income,0.00041468,SEC
PCYO,2019-08-31,net_income,0.004811148,SEC
PCYO,2020-08-31,net_income,0.00675,SEC
PCYO,2021-08-31,net_income,0.02011,SEC
PCYO,2022-08-31,net_income,0.009619,SEC
PCYO,2023-08-31,net_income,0.004699,SEC
PCYO,2024-08-31,net_income,0.011613,SEC
PCYO,2025-08-31,net_income,0.01311,SEC
PCYO,2016-08-31,operating_cf,-0.000270729,SEC
PCYO,2017-08-31,operating_cf,-0.001052879,SEC
PCYO,2018-08-31,operating_cf,4.82e-07,SEC
PCYO,2019-08-31,operating_cf,0.003530527,SEC
PCYO,2020-08-31,operating_cf,0.02072,SEC
PCYO,2021-08-31,operating_cf,0.003456,SEC
PCYO,2022-08-31,operating_cf,0.017454,SEC
PCYO,2023-08-31,operating_cf,-0.002339,SEC
PCYO,2024-08-31,operating_cf,0.002312,SEC
PCYO,2025-08-31,operating_cf,0.013164,SEC
PCYO,2016-08-31,price,4.840000152587891,Yahoo
PCYO,2017-08-31,price,7.25,Yahoo
PCYO,2018-08-31,price,11.25,Yahoo
PCYO,2019-08-31,price,10.850000381469727,Yahoo
PCYO,2020-08-31,price,9.760000228881836,Yahoo
PCYO,2021-08-31,price,14.949999809265137,Yahoo
PCYO,2022-08-31,price,10.319999694824219,Yahoo
PCYO,2023-08-31,price,10.989999771118164,Yahoo
PCYO,2024-08-31,price,10.649999618530273,Yahoo
PCYO,2025-08-31,price,10.100000381469727,Yahoo
PCYO,2016-08-31,revenue,0.000452161,SEC
PCYO,2017-08-31,revenue,0.001227787,SEC
PCYO,2018-08-31,revenue,0.006959199,SEC
PCYO,2019-08-31,revenue,0.020361509,SEC
PCYO,2020-08-31,revenue,0.025855,SEC
PCYO,2021-08-31,revenue,0.017125,SEC
PCYO,2022-08-31,revenue,0.023003,SEC
PCYO,2023-08-31,revenue,0.014586,SEC
PCYO,2024-08-31,revenue,0.028747,SEC
PCYO,2025-08-31,revenue,0.026087,SEC
PCYO,2022-08-31,short_term_debt,1e-05,SEC
PCYO,2023-08-31,short_term_debt,3.1e-05,SEC
PCYO,2024-08-31,short_term_debt,6.4e-05,SEC
PCYO,2025-08-31,short_term_debt,0.000822,SEC
PCYO,2017-08-31,total_debt,0.0,SEC
PCYO,2018-08-31,total_debt,0.0,SEC
PCYO,2019-08-31,total_debt,0.0,SEC
PCYO,2020-08-31,total_debt,0.0,SEC
PCYO,2021-08-31,total_debt,0.0,SEC
PCYO,2022-08-31,total_debt,0.004098,Yahoo
PCYO,2023-08-31,total_debt,0.007276,Yahoo
PCYO,2024-08-31,total_debt,0.007045,Yahoo
PCYO,2025-08-31,total_debt,0.007202,SEC
PEG,2016-12-31,capex,-4.199,SEC
PEG,2017-12-31,capex,-4.19,SEC
PEG,2018-12-31,capex,-3.912,SEC
PEG,2019-12-31,capex,-3.166,SEC
PEG,2020-12-31,capex,-2.923,SEC
PEG,2021-12-31,capex,-2.719,SEC
PEG,2022-12-31,capex,-2.888,SEC
PEG,2023-12-31,capex,-3.325,SEC
PEG,2024-12-31,capex,-3.38,SEC
PEG,2025-12-31,capex,-3.272,SEC
PEG,2016-12-31,cash,0.423,SEC
PEG,2017-12-31,cash,0.313,SEC
PEG,2018-12-31,cash,0.177,SEC
PEG,2019-12-31,cash,0.147,SEC
PEG,2020-12-31,cash,0.543,SEC
PEG,2021-12-31,cash,0.818,SEC
PEG,2022-12-31,cash,0.465,SEC
PEG,2023-12-31,cash,0.054,SEC
PEG,2024-12-31,cash,0.125,SEC
PEG,2025-12-31,cash,0.132,SEC
PEG,2016-12-31,ebitda,3.074,SEC
PEG,2017-12-31,ebitda,3.415,SEC
PEG,2018-12-31,ebitda,3.456,SEC
PEG,2022-12-31,ebitda,2.848,Yahoo
PEG,2023-12-31,ebitda,5.093,Yahoo
PEG,2024-12-31,ebitda,4.039,Yahoo
PEG,2025-12-31,ebitda,4.794,Yahoo
PEG,2016-12-31,eps,1.75,SEC
PEG,2017-12-31,eps,3.1,SEC
PEG,2018-12-31,eps,2.83,SEC
PEG,2019-12-31,eps,3.33,SEC
PEG,2020-12-31,eps,3.76,SEC
PEG,2021-12-31,eps,-1.29,SEC
PEG,2022-12-31,eps,2.06,SEC
PEG,2023-12-31,eps,5.13,SEC
PEG,2024-12-31,eps,3.54,SEC
PEG,2025-12-31,eps,4.22,SEC
PEG,2016-12-31,fcff_before_growth,2.14115,SEC
PEG,2017-12-31,fcff_before_growth,1.58289,SEC
PEG,2018-12-31,fcff_before_growth,2.13104,SEC
PEG,2022-12-31,fcff_before_growth,0.66477,Yahoo
PEG,2023-12-31,fcff_before_growth,3.02552,Yahoo
PEG,2024-12-31,fcff_before_growth,1.42439,Yahoo
PEG,2025-12-31,fcff_before_growth,2.59819,Yahoo
PEG,2016-12-31,free_cf,-0.886,SEC
PEG,2017-12-31,free_cf,-0.93,SEC
PEG,2018-12-31,free_cf,-0.999,SEC
PEG,2019-12-31,free_cf,0.213,SEC
PEG,2020-12-31,free_cf,0.179,SEC
PEG,2021-12-31,free_cf,-0.983,SEC
PEG,2022-12-31,free_cf,-1.385,SEC
PEG,2023-12-31,free_cf,0.481,SEC
PEG,2024-12-31,free_cf,-1.247,SEC
PEG,2025-12-31,free_cf,0.026,SEC
PEG,2016-12-31,long_term_debt,10.895,SEC
PEG,2017-12-31,long_term_debt,12.068,SEC
PEG,2018-12-31,long_term_debt,13.168,SEC
PEG,2019-12-31,long_term_debt,13.743,SEC
PEG,2020-12-31,long_term_debt,14.496,SEC
PEG,2021-12-31,long_term_debt,15.219,SEC
PEG,2022-12-31,long_term_debt,16.495,SEC
PEG,2023-12-31,long_term_debt,17.784,SEC
PEG,2024-12-31,long_term_debt,18.964,SEC
PEG,2025-12-31,long_term_debt,21.67,SEC
PEG,2016-12-31,market_cap,22.291040542602538,Yahoo price x SEC shares
PEG,2017-12-31,market_cap,26.1105,Yahoo price x SEC shares
PEG,2018-12-31,market_cap,26.389349613189697,Yahoo price x SEC shares
PEG,2019-12-31,market_cap,29.938349613189697,Yahoo price x SEC shares
PEG,2020-12-31,market_cap,29.558099613189697,Yahoo price x SEC shares
PEG,2021-12-31,market_cap,33.63192169189453,Yahoo price x SEC shares
PEG,2022-12-31,market_cap,30.6962702293396,Yahoo price x SEC shares
PEG,2023-12-31,market_cap,30.575000762939453,Yahoo price x SEC shares
PEG,2024-12-31,market_cap,42.244998931884766,Yahoo price x SEC shares
PEG,2025-12-31,market_cap,40.23030152893067,Yahoo price x SEC shares
PEG,2016-12-31,net_debt,11.36,SEC
PEG,2017-12-31,net_debt,13.296999999999999,SEC
PEG,2018-12-31,net_debt,15.301,SEC
PEG,2019-12-31,net_debt,16.076,SEC
PEG,2020-12-31,net_debt,16.7,SEC
PEG,2021-12-31,net_debt,18.619999999999997,SEC
PEG,2022-12-31,net_debt,19.805,SEC
PEG,2023-12-31,net_debt,20.179000000000002,SEC
PEG,2024-12-31,net_debt,22.582,SEC
PEG,2025-12-31,net_debt,23.942,SEC
PEG,2016-12-31,net_income,0.887,SEC
PEG,2017-12-31,net_income,1.574,SEC
PEG,2018-12-31,net_income,1.438,SEC
PEG,2019-12-31,net_income,1.693,SEC
PEG,2020-12-31,net_income,1.905,SEC
PEG,2021-12-31,net_income,-0.648,SEC
PEG,2022-12-31,net_income,1.031,SEC
PEG,2023-12-31,net_income,2.563,SEC
PEG,2024-12-31,net_income,1.772,SEC
PEG,2025-12-31,net_income,2.111,SEC
PEG,2016-12-31,operating_cf,3.313,SEC
PEG,2017-12-31,operating_cf,3.26,SEC
PEG,2018-12-31,operating_cf,2.913,SEC
PEG,2019-12-31,operating_cf,3.379,SEC
PEG,2020-12-31,operating_cf,3.102,SEC
PEG,2021-12-31,operating_cf,1.736,SEC
PEG,2022-12-31,operating_cf,1.503,SEC
PEG,2023-12-31,operating_cf,3.806,SEC
PEG,2024-12-31,operating_cf,2.133,SEC
PEG,2025-12-31,operating_cf,3.298,SEC
PEG,2016-12-31,price,43.880001068115234,Yahoo
PEG,2017-12-31,price,51.5,Yahoo
PEG,2018-12-31,price,52.04999923706055,Yahoo
PEG,2019-12-31,price,59.04999923706055,Yahoo
PEG,2020-12-31,price,58.29999923706055,Yahoo
PEG,2021-12-31,price,66.7300033569336,Yahoo
PEG,2022-12-31,price,61.27000045776367,Yahoo
PEG,2023-12-31,price,61.150001525878906,Yahoo
PEG,2024-12-31,price,84.48999786376953,Yahoo
PEG,2025-12-31,price,80.30000305175781,Yahoo
PEG,2016-12-31,revenue,8.966,SEC
PEG,2017-12-31,revenue,9.094,SEC
PEG,2018-12-31,revenue,9.696,SEC
PEG,2019-12-31,revenue,10.076,SEC
PEG,2020-12-31,revenue,9.603,SEC
PEG,2021-12-31,revenue,10.315,SEC
PEG,2022-12-31,revenue,11.231,SEC
PEG,2023-12-31,revenue,11.237,SEC
PEG,2024-12-31,revenue,10.29,SEC
PEG,2025-12-31,revenue,12.168,SEC
PEG,2016-12-31,short_term_debt,0.888,SEC
PEG,2017-12-31,short_term_debt,1.542,SEC
PEG,2018-12-31,short_term_debt,2.31,SEC
PEG,2019-12-31,short_term_debt,2.48,SEC
PEG,2020-12-31,short_term_debt,2.747,SEC
PEG,2021-12-31,short_term_debt,4.219,SEC
PEG,2022-12-31,short_term_debt,3.775,SEC
PEG,2023-12-31,short_term_debt,2.449,SEC
PEG,2024-12-31,short_term_debt,3.743,SEC
PEG,2025-12-31,short_term_debt,2.404,SEC
PEG,2016-12-31,total_debt,11.783,SEC
PEG,2017-12-31,total_debt,13.61,SEC
PEG,2018-12-31,total_debt,15.478,SEC
PEG,2019-12-31,total_debt,16.223,SEC
PEG,2020-12-31,total_debt,17.243,SEC
PEG,2021-12-31,total_debt,19.438,SEC
PEG,2022-12-31,total_debt,20.27,SEC
PEG,2023-12-31,total_debt,20.233,SEC
PEG,2024-12-31,total_debt,22.707,SEC
PEG,2025-12-31,total_debt,24.074,SEC
POR,2016-12-31,capex,-0.584,SEC
POR,2017-12-31,capex,-0.514,SEC
POR,2018-12-31,capex,-0.595,SEC
POR,2019-12-31,capex,-0.606,SEC
POR,2020-12-31,capex,-0.784,SEC
POR,2021-12-31,capex,-0.636,SEC
POR,2022-12-31,capex,-0.766,SEC
POR,2023-12-31,capex,-1.358,SEC
POR,2024-12-31,capex,-1.268,SEC
POR,2025-12-31,capex,-1.189,SEC
POR,2016-12-31,cash,0.006,SEC
POR,2017-12-31,cash,0.039,SEC
POR,2018-12-31,cash,0.119,SEC
POR,2019-12-31,cash,0.03,SEC
POR,2020-12-31,cash,0.257,SEC
POR,2021-12-31,cash,0.052,SEC
POR,2022-12-31,cash,0.165,SEC
POR,2023-12-31,cash,0.005,SEC
POR,2024-12-31,cash,0.012,SEC
POR,2025-12-31,cash,0.076,SEC
POR,2016-12-31,ebitda,0.661,SEC
POR,2017-12-31,ebitda,0.725,SEC
POR,2018-12-31,ebitda,0.728,SEC
POR,2019-12-31,ebitda,0.762,SEC
POR,2020-12-31,ebitda,0.723,SEC
POR,2021-12-31,ebitda,0.782,SEC
POR,2022-12-31,ebitda,0.814,SEC
POR,2023-12-31,ebitda,0.854,SEC
POR,2024-12-31,ebitda,1.008,SEC
POR,2025-12-31,ebitda,1.133,SEC
POR,2016-12-31,eps,2.16,SEC
POR,2017-12-31,eps,2.1,SEC
POR,2018-12-31,eps,2.37,SEC
POR,2019-12-31,eps,2.39,SEC
POR,2020-12-31,eps,1.72,SEC
POR,2021-12-31,eps,2.72,SEC
POR,2022-12-31,eps,2.6,SEC
POR,2023-12-31,eps,2.33,SEC
POR,2024-12-31,eps,3.01,SEC
POR,2025-12-31,eps,2.77,SEC
POR,2016-12-31,fcff_before_growth,0.32948,SEC
POR,2017-12-31,fcff_before_growth,0.3468,SEC
POR,2018-12-31,fcff_before_growth,0.34596,SEC
POR,2019-12-31,fcff_before_growth,0.23812,SEC
POR,2020-12-31,fcff_before_growth,0.22044,SEC
POR,2021-12-31,fcff_before_growth,0.23623,SEC
POR,2022-12-31,fcff_before_growth,0.38024,SEC
POR,2023-12-31,fcff_before_growth,0.09867,SEC
POR,2024-12-31,fcff_before_growth,0.44869,SEC
POR,2025-12-31,fcff_before_growth,0.72328,SEC
POR,2016-12-31,free_cf,-0.022,SEC
POR,2017-12-31,free_cf,0.083,SEC
POR,2018-12-31,free_cf,0.035,SEC
POR,2019-12-31,free_cf,-0.06,SEC
POR,2020-12-31,free_cf,-0.217,SEC
POR,2021-12-31,free_cf,-0.104,SEC
POR,2022-12-31,free_cf,-0.092,SEC
POR,2023-12-31,free_cf,-0.938,SEC
POR,2024-12-31,free_cf,-0.49,SEC
POR,2025-12-31,free_cf,-0.071,SEC
POR,2016-12-31,long_term_debt,2.2,SEC
POR,2017-12-31,long_term_debt,2.426,SEC
POR,2018-12-31,long_term_debt,2.178,SEC
POR,2019-12-31,long_term_debt,2.597,SEC
POR,2020-12-31,long_term_debt,2.886,SEC
POR,2021-12-31,long_term_debt,3.285,SEC
POR,2022-12-31,long_term_debt,3.386,SEC
POR,2023-12-31,long_term_debt,3.905,SEC
POR,2024-12-31,long_term_debt,4.354,SEC
POR,2025-12-31,long_term_debt,4.662,SEC
POR,2016-12-31,market_cap,3.8587099830627443,Yahoo price x SEC shares
POR,2017-12-31,market_cap,4.064642243286133,Yahoo price x SEC shares
POR,2018-12-31,market_cap,4.096559813667297,Yahoo price x SEC shares
POR,2019-12-31,market_cap,4.9964966919937135,Yahoo price x SEC shares
POR,2020-12-31,market_cap,3.8341166910362245,Yahoo price x SEC shares
POR,2021-12-31,market_cap,4.743060675888062,Yahoo price x SEC shares
POR,2022-12-31,market_cap,4.392507,Yahoo price x SEC shares
POR,2023-12-31,market_cap,4.245239694946289,Yahoo price x SEC shares
POR,2024-12-31,market_cap,4.543415468746185,Yahoo price x SEC shares
POR,2025-12-31,market_cap,5.314364795871735,Yahoo price x SEC shares
POR,2016-12-31,net_debt,2.3440000000000003,SEC
POR,2017-12-31,net_debt,2.387,SEC
POR,2018-12-31,net_debt,2.359,SEC
POR,2019-12-31,net_debt,2.567,SEC
POR,2020-12-31,net_debt,2.939,SEC
POR,2021-12-31,net_debt,3.233,SEC
POR,2022-12-31,net_debt,3.481,SEC
POR,2023-12-31,net_debt,4.126,SEC
POR,2024-12-31,net_debt,4.5120000000000005,SEC
POR,2025-12-31,net_debt,4.586,SEC
POR,2016-12-31,net_income,0.193,SEC
POR,2017-12-31,net_income,0.187,SEC
POR,2018-12-31,net_income,0.212,SEC
POR,2019-12-31,net_income,0.214,SEC
POR,2020-12-31,net_income,0.155,SEC
POR,2021-12-31,net_income,0.244,SEC
POR,2022-12-31,net_income,0.233,SEC
POR,2023-12-31,net_income,0.228,SEC
POR,2024-12-31,net_income,0.313,SEC
POR,2025-12-31,net_income,0.306,SEC
POR,2016-12-31,operating_cf,0.562,SEC
POR,2017-12-31,operating_cf,0.597,SEC
POR,2018-12-31,operating_cf,0.63,SEC
POR,2019-12-31,operating_cf,0.546,SEC
POR,2020-12-31,operating_cf,0.567,SEC
POR,2021-12-31,operating_cf,0.532,SEC
POR,2022-12-31,operating_cf,0.674,SEC
POR,2023-12-31,operating_cf,0.42,SEC
POR,2024-12-31,operating_cf,0.778,SEC
POR,2025-12-31,operating_cf,1.118,SEC
POR,2016-12-31,price,43.33000183105469,Yahoo
POR,2017-12-31,price,45.58000183105469,Yahoo
POR,2018-12-31,price,45.849998474121094,Yahoo
POR,2019-12-31,price,55.790000915527344,Yahoo
POR,2020-12-31,price,42.77000045776367,Yahoo
POR,2021-12-31,price,52.91999816894531,Yahoo
POR,2022-12-31,price,49.0,Yahoo
POR,2023-12-31,price,43.34000015258789,Yahoo
POR,2024-12-31,price,43.619998931884766,Yahoo
POR,2025-12-31,price,47.9900016784668,Yahoo
POR,2016-12-31,revenue,1.923,SEC
POR,2017-12-31,revenue,2.009,SEC
POR,2018-12-31,revenue,1.991,SEC
POR,2019-12-31,revenue,2.123,SEC
POR,2020-12-31,revenue,2.151,SEC
POR,2021-12-31,revenue,2.425,SEC
POR,2022-12-31,revenue,2.647,SEC
POR,2023-12-31,revenue,2.923,SEC
POR,2024-12-31,revenue,3.48,SEC
POR,2025-12-31,revenue,3.576,SEC
POR,2016-12-31,short_term_debt,0.15,SEC
POR,2017-12-31,short_term_debt,0.0,SEC
POR,2018-12-31,short_term_debt,0.3,SEC
POR,2019-12-31,short_term_debt,0.0,SEC
POR,2020-12-31,short_term_debt,0.31,SEC
POR,2021-12-31,short_term_debt,0.0,SEC
POR,2022-12-31,short_term_debt,0.26,SEC
POR,2023-12-31,short_term_debt,0.226,SEC
POR,2024-12-31,short_term_debt,0.17,SEC
POR,2025-12-31,short_term_debt,0.0,SEC
POR,2016-12-31,total_debt,2.35,SEC
POR,2017-12-31,total_debt,2.426,SEC
POR,2018-12-31,total_debt,2.478,SEC
POR,2019-12-31,total_debt,2.597,SEC
POR,2020-12-31,total_debt,3.196,SEC
POR,2021-12-31,total_debt,3.285,SEC
POR,2022-12-31,total_debt,3.646,SEC
POR,2023-12-31,total_debt,4.131,SEC
POR,2024-12-31,total_debt,4.524,SEC
POR,2025-12-31,total_debt,4.662,SEC
PPL,2016-12-31,capex,-2.92,SEC
PPL,2017-12-31,capex,-3.133,SEC
PPL,2018-12-31,capex,-3.238,SEC
PPL,2019-12-31,capex,-2.243,SEC
PPL,2020-12-31,capex,-2.27,SEC
PPL,2021-12-31,capex,-1.973,SEC
PPL,2022-12-31,capex,-2.155,SEC
PPL,2023-12-31,capex,-2.39,SEC
PPL,2024-12-31,capex,-2.805,SEC
PPL,2025-12-31,capex,-4.03,SEC
PPL,2016-12-31,cash,0.341,SEC
PPL,2017-12-31,cash,0.485,SEC
PPL,2018-12-31,cash,0.621,SEC
PPL,2019-12-31,cash,0.815,SEC
PPL,2020-12-31,cash,0.442,SEC
PPL,2021-12-31,cash,3.571,SEC
PPL,2022-12-31,cash,0.356,SEC
PPL,2023-12-31,cash,0.331,SEC
PPL,2024-12-31,cash,0.306,SEC
PPL,2025-12-31,cash,1.071,SEC
PPL,2016-12-31,ebitda,3.862,SEC
PPL,2017-12-31,ebitda,3.909,SEC
PPL,2018-12-31,ebitda,3.946,SEC
PPL,2019-12-31,ebitda,2.475,SEC
PPL,2020-12-31,ebitda,2.608,SEC
PPL,2021-12-31,ebitda,2.506,SEC
PPL,2022-12-31,ebitda,2.555,SEC
PPL,2023-12-31,ebitda,2.884,SEC
PPL,2024-12-31,ebitda,3.019,SEC
PPL,2025-12-31,ebitda,3.441,SEC
PPL,2016-12-31,eps,2.79,SEC
PPL,2017-12-31,eps,1.64,SEC
PPL,2018-12-31,eps,2.58,SEC
PPL,2019-12-31,eps,2.37,SEC
PPL,2020-12-31,eps,1.91,SEC
PPL,2021-12-31,eps,-1.93,SEC
PPL,2022-12-31,eps,1.02,SEC
PPL,2023-12-31,eps,1.0,SEC
PPL,2024-12-31,eps,1.2,SEC
PPL,2025-12-31,eps,1.59,SEC
PPL,2016-12-31,fcff_before_growth,2.66552,SEC
PPL,2017-12-31,fcff_before_growth,2.16479,SEC
PPL,2018-12-31,fcff_before_growth,2.48777,SEC
PPL,2019-12-31,fcff_before_growth,1.96859,SEC
PPL,2020-12-31,fcff_before_growth,2.22486,SEC
PPL,2021-12-31,fcff_before_growth,1.91322,SEC
PPL,2022-12-31,fcff_before_growth,0.95427,SEC
PPL,2023-12-31,fcff_before_growth,1.03014,SEC
PPL,2024-12-31,fcff_before_growth,1.64402,SEC
PPL,2025-12-31,fcff_before_growth,1.95532,SEC
PPL,2016-12-31,free_cf,-0.03,SEC
PPL,2017-12-31,free_cf,-0.672,SEC
PPL,2018-12-31,free_cf,-0.417,SEC
PPL,2019-12-31,free_cf,0.184,SEC
PPL,2020-12-31,free_cf,0.476,SEC
PPL,2021-12-31,free_cf,0.297,SEC
PPL,2022-12-31,free_cf,-0.425,SEC
PPL,2023-12-31,free_cf,-0.632,SEC
PPL,2024-12-31,free_cf,-0.465,SEC
PPL,2025-12-31,free_cf,-1.401,SEC
PPL,2016-12-31,long_term_debt,17.808,SEC
PPL,2017-12-31,long_term_debt,19.847,SEC
PPL,2018-12-31,long_term_debt,20.069,SEC
PPL,2019-12-31,long_term_debt,20.721,SEC
PPL,2020-12-31,long_term_debt,13.615,SEC
PPL,2021-12-31,long_term_debt,10.666,SEC
PPL,2022-12-31,long_term_debt,12.889,SEC
PPL,2023-12-31,long_term_debt,14.611,SEC
PPL,2024-12-31,long_term_debt,15.952,SEC
PPL,2025-12-31,long_term_debt,17.99,SEC
PPL,2016-12-31,market_cap,23.1691857808609,Yahoo price x SEC shares
PPL,2017-12-31,market_cap,21.272987824394225,Yahoo price x SEC shares
PPL,2018-12-31,market_cap,20.07517621593666,Yahoo price x SEC shares
PPL,2019-12-31,market_cap,26.43473430693817,Yahoo price x SEC shares
PPL,2020-12-31,market_cap,21.696629386993408,Yahoo price x SEC shares
PPL,2021-12-31,market_cap,22.99045873154259,Yahoo price x SEC shares
PPL,2022-12-31,market_cap,21.53227593400955,Yahoo price x SEC shares
PPL,2023-12-31,market_cap,20.00429888158798,Yahoo price x SEC shares
PPL,2024-12-31,market_cap,24.01562770264435,Yahoo price x SEC shares
PPL,2025-12-31,market_cap,26.03204730027771,Yahoo price x SEC shares
PPL,2016-12-31,net_debt,18.907999999999998,SEC
PPL,2017-12-31,net_debt,20.79,SEC
PPL,2018-12-31,net_debt,21.408,SEC
PPL,2019-12-31,net_debt,22.229,SEC
PPL,2020-12-31,net_debt,15.415,SEC
PPL,2021-12-31,net_debt,7.638,SEC
PPL,2022-12-31,net_debt,13.872,SEC
PPL,2023-12-31,net_debt,15.273,SEC
PPL,2024-12-31,net_debt,16.5,SEC
PPL,2025-12-31,net_debt,18.279,SEC
PPL,2016-12-31,net_income,1.902,SEC
PPL,2017-12-31,net_income,1.128,SEC
PPL,2018-12-31,net_income,1.827,SEC
PPL,2019-12-31,net_income,1.746,SEC
PPL,2020-12-31,net_income,1.469,SEC
PPL,2021-12-31,net_income,-1.48,SEC
PPL,2022-12-31,net_income,0.756,SEC
PPL,2023-12-31,net_income,0.74,SEC
PPL,2024-12-31,net_income,0.888,SEC
PPL,2025-12-31,net_income,1.181,SEC
PPL,2016-12-31,operating_cf,2.89,SEC
PPL,2017-12-31,operating_cf,2.461,SEC
PPL,2018-12-31,operating_cf,2.821,SEC
PPL,2019-12-31,operating_cf,2.427,SEC
PPL,2020-12-31,operating_cf,2.746,SEC
PPL,2021-12-31,operating_cf,2.27,SEC
PPL,2022-12-31,operating_cf,1.73,SEC
PPL,2023-12-31,operating_cf,1.758,SEC
PPL,2024-12-31,operating_cf,2.34,SEC
PPL,2025-12-31,operating_cf,2.629,SEC
PPL,2016-12-31,price,34.04999923706055,Yahoo
PPL,2017-12-31,price,30.950000762939453,Yahoo
PPL,2018-12-31,price,28.329999923706055,Yahoo
PPL,2019-12-31,price,35.880001068115234,Yahoo
PPL,2020-12-31,price,28.200000762939453,Yahoo
PPL,2021-12-31,price,30.059999465942383,Yahoo
PPL,2022-12-31,price,29.219999313354492,Yahoo
PPL,2023-12-31,price,27.100000381469727,Yahoo
PPL,2024-12-31,price,32.459999084472656,Yahoo
PPL,2025-12-31,price,35.02000045776367,Yahoo
PPL,2016-12-31,revenue,7.517,SEC
PPL,2017-12-31,revenue,7.447,SEC
PPL,2018-12-31,revenue,7.785,SEC
PPL,2019-12-31,revenue,5.602,SEC
PPL,2020-12-31,revenue,5.474,SEC
PPL,2021-12-31,revenue,5.838,SEC
PPL,2022-12-31,revenue,7.902,SEC
PPL,2023-12-31,revenue,8.312,SEC
PPL,2024-12-31,revenue,8.462,SEC
PPL,2025-12-31,revenue,9.17,SEC
PPL,2016-12-31,short_term_debt,1.441,SEC
PPL,2017-12-31,short_term_debt,1.428,SEC
PPL,2018-12-31,short_term_debt,1.96,SEC
PPL,2019-12-31,short_term_debt,2.323,SEC
PPL,2020-12-31,short_term_debt,2.242,SEC
PPL,2021-12-31,short_term_debt,0.543,SEC
PPL,2022-12-31,short_term_debt,1.339,SEC
PPL,2023-12-31,short_term_debt,0.993,SEC
PPL,2024-12-31,short_term_debt,0.854,SEC
PPL,2025-12-31,short_term_debt,1.36,SEC
PPL,2016-12-31,total_debt,19.249,SEC
PPL,2017-12-31,total_debt,21.275,SEC
PPL,2018-12-31,total_debt,22.029,SEC
PPL,2019-12-31,total_debt,23.044,SEC
PPL,2020-12-31,total_debt,15.857,SEC
PPL,2021-12-31,total_debt,11.209,SEC
PPL,2022-12-31,total_debt,14.228,SEC
PPL,2023-12-31,total_debt,15.604,SEC
PPL,2024-12-31,total_debt,16.806,SEC
PPL,2025-12-31,total_debt,19.35,SEC
RGCO,2016-09-30,capex,-0.017945719,SEC
RGCO,2017-09-30,capex,-0.020750181,SEC
RGCO,2018-09-30,capex,-0.023290994,SEC
RGCO,2019-09-30,capex,-0.021884317,SEC
RGCO,2020-09-30,capex,-0.022916339,SEC
RGCO,2021-09-30,capex,-0.019967567,SEC
RGCO,2022-09-30,capex,-0.025461,SEC
RGCO,2023-09-30,capex,-0.025306524,SEC
RGCO,2024-09-30,capex,-0.022094406,SEC
RGCO,2025-09-30,capex,-0.02073014,SEC
RGCO,2016-09-30,cash,0.000643252,SEC
RGCO,2017-09-30,cash,6.964e-05,SEC
RGCO,2018-09-30,cash,0.000247411,SEC
RGCO,2019-09-30,cash,0.001631348,SEC
RGCO,2020-09-30,cash,0.000291066,SEC
RGCO,2021-09-30,cash,0.001518317,SEC
RGCO,2022-09-30,cash,0.004898914,SEC
RGCO,2023-09-30,cash,0.001512431,SEC
RGCO,2024-09-30,cash,0.000894185,SEC
RGCO,2025-09-30,cash,0.002320369,SEC
RGCO,2016-09-30,ebitda,0.016921617,SEC
RGCO,2017-09-30,ebitda,0.01857111,SEC
RGCO,2018-09-30,ebitda,0.018560676,SEC
RGCO,2019-09-30,ebitda,0.019196316,SEC
RGCO,2020-09-30,ebitda,0.020644609,SEC
RGCO,2021-09-30,ebitda,0.023448286,SEC
RGCO,2022-09-30,ebitda,0.024099426,SEC
RGCO,2023-09-30,ebitda,0.027671686,SEC
RGCO,2024-09-30,ebitda,0.027599854,SEC
RGCO,2025-09-30,ebitda,0.029918142,SEC
RGCO,2016-09-30,eps,0.81,SEC
RGCO,2017-09-30,eps,0.86,SEC
RGCO,2018-09-30,eps,0.95,SEC
RGCO,2019-09-30,eps,1.08,SEC
RGCO,2020-09-30,eps,1.3,SEC
RGCO,2021-09-30,eps,1.22,SEC
RGCO,2022-09-30,eps,-3.48,SEC
RGCO,2023-09-30,eps,1.14,SEC
RGCO,2024-09-30,eps,1.16,SEC
RGCO,2025-09-30,eps,1.29,SEC
RGCO,2016-09-30,fcff_before_growth,0.01050480859,SEC
RGCO,2017-09-30,fcff_before_growth,0.00811724066,SEC
RGCO,2018-09-30,fcff_before_growth,0.00835826235,SEC
RGCO,2019-09-30,fcff_before_growth,0.009955507289999999,SEC
RGCO,2020-09-30,fcff_before_growth,0.00793581082,SEC
RGCO,2021-09-30,fcff_before_growth,0.006099120150000001,SEC
RGCO,2022-09-30,fcff_before_growth,0.00992228891,SEC
RGCO,2023-09-30,fcff_before_growth,0.01824234995,SEC
RGCO,2024-09-30,fcff_before_growth,0.01205439015,SEC
RGCO,2025-09-30,fcff_before_growth,0.022646881690000002,SEC
RGCO,2016-09-30,free_cf,-0.003024079,SEC
RGCO,2017-09-30,free_cf,-0.007769203,SEC
RGCO,2018-09-30,free_cf,-0.009787199,SEC
RGCO,2019-09-30,free_cf,-0.007186613,SEC
RGCO,2020-09-30,free_cf,-0.010092436,SEC
RGCO,2021-09-30,free_cf,-0.008399459,SEC
RGCO,2022-09-30,free_cf,-0.009909324,SEC
RGCO,2023-09-30,free_cf,-0.001509824,SEC
RGCO,2024-09-30,free_cf,-0.004660781,SEC
RGCO,2025-09-30,free_cf,0.008218009,SEC
RGCO,2016-09-30,long_term_debt,0.033636051,SEC
RGCO,2017-09-30,long_term_debt,0.061312011,SEC
RGCO,2018-09-30,long_term_debt,0.070321936,SEC
RGCO,2019-09-30,long_term_debt,0.103371358,SEC
RGCO,2020-09-30,long_term_debt,0.123819631,SEC
RGCO,2021-09-30,long_term_debt,0.133471427,SEC
RGCO,2022-09-30,long_term_debt,0.135695289,SEC
RGCO,2023-09-30,long_term_debt,0.125844728,SEC
RGCO,2024-09-30,long_term_debt,0.136672908,SEC
RGCO,2025-09-30,long_term_debt,0.145769163,SEC
RGCO,2016-09-30,market_cap,0.11307652164376258,Yahoo price x SEC shares
RGCO,2017-09-30,market_cap,0.2073052320056305,Yahoo price x SEC shares
RGCO,2018-09-30,market_cap,0.20555246047436523,Yahoo price x SEC shares
RGCO,2019-09-30,market_cap,0.2362284961508751,Yahoo price x SEC shares
RGCO,2020-09-30,market_cap,0.1910393239154129,Yahoo price x SEC shares
RGCO,2021-09-30,market_cap,0.18596034,Yahoo price x SEC shares
RGCO,2022-09-30,market_cap,0.19212359380796432,Yahoo price x SEC shares
RGCO,2023-09-30,market_cap,0.17173980852618026,Yahoo price x SEC shares
RGCO,2024-09-30,market_cap,0.22923175050048827,Yahoo price x SEC shares
RGCO,2025-09-30,market_cap,0.23132691934543229,Yahoo price x SEC shares
RGCO,2016-09-30,net_debt,0.047549584000000006,SEC
RGCO,2017-09-30,net_debt,0.061242371,SEC
RGCO,2018-09-30,net_debt,0.070074525,SEC
RGCO,2019-09-30,net_debt,0.10174000999999999,SEC
RGCO,2020-09-30,net_debt,0.12352856499999999,SEC
RGCO,2021-09-30,net_debt,0.13895311000000002,SEC
RGCO,2022-09-30,net_debt,0.132096375,SEC
RGCO,2023-09-30,net_debt,0.139660869,SEC
RGCO,2024-09-30,net_debt,0.147744904,SEC
RGCO,2025-09-30,net_debt,0.14629481200000002,SEC
RGCO,2016-09-30,net_income,0.005806866,SEC
RGCO,2017-09-30,net_income,0.006232865,SEC
RGCO,2018-09-30,net_income,0.007297205,SEC
RGCO,2019-09-30,net_income,0.008698412,SEC
RGCO,2020-09-30,net_income,0.010564534,SEC
RGCO,2021-09-30,net_income,0.010102062,SEC
RGCO,2022-09-30,net_income,-0.031732602,SEC
RGCO,2023-09-30,net_income,0.011299282,SEC
RGCO,2024-09-30,net_income,0.011760896,SEC
RGCO,2025-09-30,net_income,0.01327997,SEC
RGCO,2016-09-30,operating_cf,0.01492164,SEC
RGCO,2017-09-30,operating_cf,0.012980978,SEC
RGCO,2018-09-30,operating_cf,0.013503795,SEC
RGCO,2019-09-30,operating_cf,0.014697704,SEC
RGCO,2020-09-30,operating_cf,0.012823903,SEC
RGCO,2021-09-30,operating_cf,0.011568108,SEC
RGCO,2022-09-30,operating_cf,0.015551676,SEC
RGCO,2023-09-30,operating_cf,0.0237967,SEC
RGCO,2024-09-30,operating_cf,0.017433625,SEC
RGCO,2025-09-30,operating_cf,0.028948149,SEC
RGCO,2016-09-30,price,15.793333053588867,Yahoo
RGCO,2017-09-30,price,28.56999969482422,Yahoo
RGCO,2018-09-30,price,26.709999084472656,Yahoo
RGCO,2019-09-30,price,29.239999771118164,Yahoo
RGCO,2020-09-30,price,23.450000762939453,Yahoo
RGCO,2021-09-30,price,22.5,Yahoo
RGCO,2022-09-30,price,21.059999465942383,Yahoo
RGCO,2023-09-30,price,17.299999237060547,Yahoo
RGCO,2024-09-30,price,22.56999969482422,Yahoo
RGCO,2025-09-30,price,22.440000534057617,Yahoo
RGCO,2016-09-30,revenue,0.059063291,SEC
RGCO,2017-09-30,revenue,0.06229687,SEC
RGCO,2018-09-30,revenue,0.065965035,SEC
RGCO,2019-09-30,revenue,0.068026525,SEC
RGCO,2020-09-30,revenue,0.063075391,SEC
RGCO,2021-09-30,revenue,0.075174779,SEC
RGCO,2022-09-30,revenue,0.084165222,SEC
RGCO,2023-09-30,revenue,0.097439765,SEC
RGCO,2024-09-30,revenue,0.084641232,SEC
RGCO,2025-09-30,revenue,0.095334212,SEC
RGCO,2016-09-30,short_term_debt,0.014556785,SEC
RGCO,2017-09-30,short_term_debt,0.0,SEC
RGCO,2020-09-30,short_term_debt,0.0,SEC
RGCO,2021-09-30,short_term_debt,0.007,SEC
RGCO,2022-09-30,short_term_debt,0.0013,SEC
RGCO,2023-09-30,short_term_debt,0.015328572,SEC
RGCO,2024-09-30,short_term_debt,0.011966181,SEC
RGCO,2025-09-30,short_term_debt,0.002846018,SEC
RGCO,2016-09-30,total_debt,0.048192836,SEC
RGCO,2017-09-30,total_debt,0.061312011,SEC
RGCO,2018-09-30,total_debt,0.070321936,SEC
RGCO,2019-09-30,total_debt,0.103371358,SEC
RGCO,2020-09-30,total_debt,0.123819631,SEC
RGCO,2021-09-30,total_debt,0.140471427,SEC
RGCO,2022-09-30,total_debt,0.136995289,SEC
RGCO,2023-09-30,total_debt,0.1411733,SEC
RGCO,2024-09-30,total_debt,0.148639089,SEC
RGCO,2025-09-30,total_debt,0.148615181,SEC
SAFX,2023-12-31,capex,-0.045959972,Yahoo
SAFX,2024-12-31,capex,-0.02867895,SEC
SAFX,2025-12-31,capex,-0.001784214,Yahoo
SAFX,2023-12-31,cash,0.000158578,Yahoo
SAFX,2024-12-31,cash,0.000407182,SEC
SAFX,2025-12-31,cash,0.000154937,SEC
SAFX,2023-12-31,ebitda,-0.004992421,Yahoo
SAFX,2024-12-31,ebitda,-0.021173908,Yahoo
SAFX,2025-12-31,ebitda,0.083160042,Yahoo
SAFX,2023-12-31,eps,-0.033447,Yahoo
SAFX,2024-12-31,eps,-0.16149,Yahoo
SAFX,2025-12-31,eps,0.52,SEC
SAFX,2023-12-31,free_cf,-0.045671893,Yahoo
SAFX,2024-12-31,free_cf,-0.039816513,SEC
SAFX,2025-12-31,free_cf,-0.019641961,Yahoo
SAFX,2023-12-31,long_term_debt,0.09450252,Yahoo
SAFX,2025-12-31,market_cap,0.038847372562412025,Yahoo price x SEC shares
SAFX,2023-12-31,net_debt,0.1123197369999999,Yahoo
SAFX,2024-12-31,net_debt,0.112247302,Yahoo
SAFX,2025-12-31,net_debt,0.122353907,Yahoo
SAFX,2023-12-31,net_income,-0.004992421,Yahoo
SAFX,2024-12-31,net_income,-0.024104797,SEC
SAFX,2025-12-31,net_income,0.074004768,SEC
SAFX,2023-12-31,operating_cf,0.000288079,Yahoo
SAFX,2024-12-31,operating_cf,-0.011137563,SEC
SAFX,2025-12-31,operating_cf,-0.017857747,SEC
SAFX,2025-12-31,price,0.27300000190734863,Yahoo
SAFX,2023-12-31,revenue,0.0,Yahoo
SAFX,2024-12-31,revenue,0.0,SEC
SAFX,2025-12-31,revenue,0.020815955,SEC
SAFX,2023-12-31,short_term_debt,0.017975795,Yahoo
SAFX,2024-12-31,short_term_debt,0.000176169,SEC
SAFX,2025-12-31,short_term_debt,0.000176169,SEC
SAFX,2023-12-31,total_debt,0.112478315,Yahoo
SAFX,2024-12-31,total_debt,0.112654484,Yahoo
SAFX,2025-12-31,total_debt,0.122508844,Yahoo
SBS,2016-12-31,capex,-0.0053273819756954905,SEC
SBS,2017-12-31,capex,-0.0036478617125749587,SEC
SBS,2018-12-31,capex,-0.009764585435166956,SEC
SBS,2019-12-31,capex,-0.01506940928082168,SEC
SBS,2020-12-31,capex,-0.008176261714860796,SEC
SBS,2021-12-31,capex,-0.009694404586151242,SEC
SBS,2022-12-31,capex,-0.014203524135410785,SEC
SBS,2023-12-31,capex,-0.028390274276688696,SEC
SBS,2024-12-31,capex,-0.019420814724326135,SEC
SBS,2025-12-31,capex,-2.649209825188756,Yahoo
SBS,2016-12-31,cash,0.3636719538771063,SEC
SBS,2017-12-31,cash,0.44018180440323057,SEC
SBS,2018-12-31,cash,0.5840417478317469,SEC
SBS,2019-12-31,cash,0.434429095633775,SEC
SBS,2020-12-31,cash,0.07642790860076248,SEC
SBS,2021-12-31,cash,0.13841996360714734,SEC
SBS,2022-12-31,cash,0.36005956819809976,SEC
SBS,2023-12-31,cash,0.16166351375299692,SEC
SBS,2024-12-31,cash,0.32441405944761637,SEC
SBS,2025-12-31,cash,2.3851792525515405,Yahoo
SBS,2022-12-31,ebitda,1.5311726014456153,Yahoo
SBS,2023-12-31,ebitda,1.7267068582480252,Yahoo
SBS,2024-12-31,ebitda,3.492219677106604,Yahoo
SBS,2025-12-31,ebitda,3.3485527310128806,Yahoo
SBS,2019-12-31,eps,4.93,SEC
SBS,2020-12-31,eps,0.27378243297338484,SEC
SBS,2021-12-31,eps,3.37,SEC
SBS,2022-12-31,eps,0.8811167033016682,SEC
SBS,2023-12-31,eps,0.994871376156807,SEC
SBS,2024-12-31,eps,2.703119514286518,SEC
SBS,2025-12-31,eps,0.4762318170582056,Yahoo
SBS,2016-12-31,fcff_before_growth,0.3580314573442638,SEC
SBS,2017-12-31,fcff_before_growth,0.3856061684579402,SEC
SBS,2018-12-31,fcff_before_growth,0.47244417206119,SEC
SBS,2019-12-31,fcff_before_growth,0.4660376631296128,SEC
SBS,2020-12-31,fcff_before_growth,0.5670566327382326,SEC
SBS,2021-12-31,fcff_before_growth,0.3201386189890355,SEC
SBS,2022-12-31,fcff_before_growth,0.292436271276325,SEC
SBS,2023-12-31,fcff_before_growth,0.39790343420264124,SEC
SBS,2024-12-31,fcff_before_growth,0.9115655515479744,SEC
SBS,2025-12-31,fcff_before_growth,1.7127551156206398,Yahoo
SBS,2016-12-31,free_cf,0.5737787626858503,SEC
SBS,2017-12-31,free_cf,0.6329699462811053,SEC
SBS,2018-12-31,free_cf,0.7311678000029177,SEC
SBS,2019-12-31,free_cf,0.7941784413426817,SEC
SBS,2020-12-31,free_cf,0.9516447932763845,SEC
SBS,2021-12-31,free_cf,0.7448949041440487,SEC
SBS,2022-12-31,free_cf,0.7507675373313278,SEC
SBS,2023-12-31,free_cf,0.907550782814309,SEC
SBS,2024-12-31,free_cf,1.4082134403157234,SEC
SBS,2025-12-31,free_cf,-1.037148975139275,Yahoo
SBS,2016-12-31,long_term_debt,2.0663972062374354,SEC
SBS,2017-12-31,long_term_debt,1.9963387880984398,SEC
SBS,2018-12-31,long_term_debt,2.130332730908871,SEC
SBS,2019-12-31,long_term_debt,2.00224921097365,SEC
SBS,2020-12-31,long_term_debt,2.7424853792529555,SEC
SBS,2021-12-31,long_term_debt,3.0642846236611456,SEC
SBS,2022-12-31,long_term_debt,3.2222863937753887,SEC
SBS,2023-12-31,long_term_debt,3.26224185499537,SEC
SBS,2024-12-31,long_term_debt,4.265693611162469,SEC
SBS,2025-12-31,long_term_debt,6.757708360391602,Yahoo
SBS,2016-12-31,net_debt,1.9430690172366205,SEC
SBS,2017-12-31,net_debt,1.8929392609546634,SEC
SBS,2018-12-31,net_debt,1.9518769065926227,SEC
SBS,2019-12-31,net_debt,2.119210801580653,SEC
SBS,2020-12-31,net_debt,3.2511129847040623,SEC
SBS,2021-12-31,net_debt,3.278815910830364,SEC
SBS,2022-12-31,net_debt,3.2952580883666576,SEC
SBS,2023-12-31,net_debt,3.6050332710495296,SEC
SBS,2024-12-31,net_debt,4.545500028879389,SEC
SBS,2025-12-31,net_debt,6.840535258547262,Yahoo
SBS,2016-12-31,net_income,0.5682138455288708,SEC
SBS,2017-12-31,net_income,0.4857343811367452,SEC
SBS,2018-12-31,net_income,0.5466139540035129,SEC
SBS,2019-12-31,net_income,0.6492725333374888,SEC
SBS,2020-12-31,net_income,0.18766011978647112,SEC
SBS,2021-12-31,net_income,0.4445819893928915,SEC
SBS,2022-12-31,net_income,0.601794417760238,SEC
SBS,2023-12-31,net_income,0.6793527393219322,SEC
SBS,2024-12-31,net_income,1.8469831443393083,SEC
SBS,2025-12-31,net_income,1.6315233105523437,Yahoo
SBS,2016-12-31,operating_cf,0.5791061446615458,SEC
SBS,2017-12-31,operating_cf,0.6366178079936803,SEC
SBS,2018-12-31,operating_cf,0.7409323854380846,SEC
SBS,2019-12-31,operating_cf,0.8092478506235034,SEC
SBS,2020-12-31,operating_cf,0.9598210549912453,SEC
SBS,2021-12-31,operating_cf,0.7545893087301999,SEC
SBS,2022-12-31,operating_cf,0.7649710614667385,SEC
SBS,2023-12-31,operating_cf,0.9359410570909977,SEC
SBS,2024-12-31,operating_cf,1.4276342550400496,SEC
SBS,2025-12-31,operating_cf,1.6120608500494809,Yahoo
SBS,2016-12-31,price,1.7359999418258667,Yahoo
SBS,2017-12-31,price,2.0899999141693115,Yahoo
SBS,2018-12-31,price,1.6139999628067017,Yahoo
SBS,2019-12-31,price,3.009999990463257,Yahoo
SBS,2020-12-31,price,1.718000054359436,Yahoo
SBS,2021-12-31,price,1.468000054359436,Yahoo
SBS,2022-12-31,price,2.131999969482422,Yahoo
SBS,2023-12-31,price,3.0460000038146973,Yahoo
SBS,2024-12-31,price,2.865999937057495,Yahoo
SBS,2025-12-31,price,4.769999980926514,Yahoo
SBS,2016-12-31,revenue,2.7181983709893225,SEC
SBS,2017-12-31,revenue,2.816533501536682,SEC
SBS,2018-12-31,revenue,3.101278992905349,SEC
SBS,2019-12-31,revenue,3.4673299618813695,SEC
SBS,2020-12-31,revenue,3.431446532340541,SEC
SBS,2021-12-31,revenue,3.7579648604314473,SEC
SBS,2022-12-31,revenue,4.252442734211087,SEC
SBS,2023-12-31,revenue,4.9304082449377775,SEC
SBS,2024-12-31,revenue,6.969011714115158,SEC
SBS,2025-12-31,revenue,7.344319807002694,Yahoo
SBS,2016-12-31,short_term_debt,0.24034376487629117,SEC
SBS,2017-12-31,short_term_debt,0.33678227725945414,SEC
SBS,2018-12-31,short_term_debt,0.40558592351549866,SEC
SBS,2019-12-31,short_term_debt,0.5513906862407774,SEC
SBS,2020-12-31,short_term_debt,0.5850555140518695,SEC
SBS,2021-12-31,short_term_debt,0.3529512507763654,SEC
SBS,2022-12-31,short_term_debt,0.43303126278936865,SEC
SBS,2023-12-31,short_term_debt,0.5044549298071563,SEC
SBS,2024-12-31,short_term_debt,0.6042204771645368,SEC
SBS,2025-12-31,short_term_debt,0.9819179965956212,Yahoo
SBS,2016-12-31,total_debt,2.306740971113727,SEC
SBS,2017-12-31,total_debt,2.333121065357894,SEC
SBS,2018-12-31,total_debt,2.5359186544243695,SEC
SBS,2019-12-31,total_debt,2.5536398972144276,SEC
SBS,2020-12-31,total_debt,3.3275408933048247,SEC
SBS,2021-12-31,total_debt,3.417235874437511,SEC
SBS,2022-12-31,total_debt,3.6553176565647574,SEC
SBS,2023-12-31,total_debt,3.7666967848025266,SEC
SBS,2024-12-31,total_debt,4.869914088327006,SEC
SBS,2025-12-31,total_debt,7.739626356987223,Yahoo
SO,2016-12-31,capex,-7.31,SEC
SO,2017-12-31,capex,-7.423,SEC
SO,2018-12-31,capex,-8.001,SEC
SO,2019-12-31,capex,-7.555,SEC
SO,2020-12-31,capex,-7.522,SEC
SO,2021-12-31,capex,-7.586,SEC
SO,2022-12-31,capex,-7.923,SEC
SO,2023-12-31,capex,-9.095,SEC
SO,2024-12-31,capex,-8.955,SEC
SO,2025-12-31,capex,-12.737,SEC
SO,2016-12-31,cash,1.975,SEC
SO,2017-12-31,cash,2.13,SEC
SO,2018-12-31,cash,1.396,SEC
SO,2019-12-31,cash,1.975,SEC
SO,2020-12-31,cash,1.065,SEC
SO,2021-12-31,cash,1.798,SEC
SO,2022-12-31,cash,1.917,SEC
SO,2023-12-31,cash,0.748,SEC
SO,2024-12-31,cash,1.07,SEC
SO,2025-12-31,cash,1.639,SEC
SO,2016-12-31,ebitda,7.409,SEC
SO,2017-12-31,ebitda,5.79,SEC
SO,2018-12-31,ebitda,7.74,SEC
SO,2019-12-31,ebitda,11.067,SEC
SO,2020-12-31,ebitda,8.79,SEC
SO,2021-12-31,ebitda,7.671,SEC
SO,2022-12-31,ebitda,9.434,SEC
SO,2023-12-31,ebitda,10.812,SEC
SO,2024-12-31,ebitda,12.334,SEC
SO,2025-12-31,ebitda,13.315,SEC
SO,2016-12-31,eps,2.55,SEC
SO,2017-12-31,eps,0.84,SEC
SO,2018-12-31,eps,2.17,SEC
SO,2019-12-31,eps,4.5,SEC
SO,2020-12-31,eps,2.93,SEC
SO,2021-12-31,eps,2.24,SEC
SO,2022-12-31,eps,3.26,SEC
SO,2023-12-31,eps,3.62,SEC
SO,2024-12-31,eps,3.99,SEC
SO,2025-12-31,eps,3.92,SEC
SO,2016-12-31,fcff_before_growth,1.971,SEC
SO,2017-12-31,fcff_before_growth,2.937,SEC
SO,2018-12-31,fcff_before_growth,3.396,SEC
SO,2019-12-31,fcff_before_growth,2.45,SEC
SO,2020-12-31,fcff_before_growth,2.791,SEC
SO,2021-12-31,fcff_before_growth,2.196,SEC
SO,2022-12-31,fcff_before_growth,2.238,SEC
SO,2023-12-31,fcff_before_growth,2.567,SEC
SO,2024-12-31,fcff_before_growth,4.522,SEC
SO,2025-12-31,fcff_before_growth,3.772,SEC
SO,2016-12-31,free_cf,-2.416,SEC
SO,2017-12-31,free_cf,-1.029,SEC
SO,2018-12-31,free_cf,-1.056,SEC
SO,2019-12-31,free_cf,-1.774,SEC
SO,2020-12-31,free_cf,-0.826,SEC
SO,2021-12-31,free_cf,-1.417,SEC
SO,2022-12-31,free_cf,-1.621,SEC
SO,2023-12-31,free_cf,-1.542,SEC
SO,2024-12-31,free_cf,0.833,SEC
SO,2025-12-31,free_cf,-2.935,SEC
SO,2016-12-31,long_term_debt,42.629,SEC
SO,2017-12-31,long_term_debt,44.462,SEC
SO,2018-12-31,long_term_debt,40.736,SEC
SO,2019-12-31,long_term_debt,41.798,SEC
SO,2020-12-31,long_term_debt,45.073,SEC
SO,2021-12-31,long_term_debt,50.12,SEC
SO,2022-12-31,long_term_debt,50.656,SEC
SO,2023-12-31,long_term_debt,57.21,SEC
SO,2024-12-31,long_term_debt,58.768,SEC
SO,2025-12-31,long_term_debt,65.649,SEC
SO,2016-12-31,market_cap,47.12401868438721,Yahoo price x SEC shares
SO,2017-12-31,market_cap,48.47472015380859,Yahoo price x SEC shares
SO,2018-12-31,market_cap,45.017998123168944,Yahoo price x SEC shares
SO,2019-12-31,market_cap,67.13980080413819,Yahoo price x SEC shares
SO,2020-12-31,market_cap,65.42295032501221,Yahoo price x SEC shares
SO,2021-12-31,market_cap,73.24344195556641,Yahoo price x SEC shares
SO,2022-12-31,market_cap,77.19421395874024,Yahoo price x SEC shares
SO,2023-12-31,market_cap,76.99176301574707,Yahoo price x SEC shares
SO,2024-12-31,market_cap,90.71663966369628,Yahoo price x SEC shares
SO,2025-12-31,market_cap,96.70479661560059,Yahoo price x SEC shares
SO,2016-12-31,net_debt,45.482,SEC
SO,2017-12-31,net_debt,48.663,SEC
SO,2018-12-31,net_debt,45.452999999999996,SEC
SO,2019-12-31,net_debt,44.867,SEC
SO,2020-12-31,net_debt,48.124,SEC
SO,2021-12-31,net_debt,51.919,SEC
SO,2022-12-31,net_debt,55.632999999999996,SEC
SO,2023-12-31,net_debt,61.252,SEC
SO,2024-12-31,net_debt,63.754,SEC
SO,2025-12-31,net_debt,70.952,SEC
SO,2016-12-31,net_income,2.448,SEC
SO,2017-12-31,net_income,0.842,SEC
SO,2018-12-31,net_income,2.226,SEC
SO,2019-12-31,net_income,4.739,SEC
SO,2020-12-31,net_income,3.119,SEC
SO,2021-12-31,net_income,2.393,SEC
SO,2022-12-31,net_income,3.524,SEC
SO,2023-12-31,net_income,3.976,SEC
SO,2024-12-31,net_income,4.401,SEC
SO,2025-12-31,net_income,4.341,SEC
SO,2016-12-31,operating_cf,4.894,SEC
SO,2017-12-31,operating_cf,6.394,SEC
SO,2018-12-31,operating_cf,6.945,SEC
SO,2019-12-31,operating_cf,5.781,SEC
SO,2020-12-31,operating_cf,6.696,SEC
SO,2021-12-31,operating_cf,6.169,SEC
SO,2022-12-31,operating_cf,6.302,SEC
SO,2023-12-31,operating_cf,7.553,SEC
SO,2024-12-31,operating_cf,9.788,SEC
SO,2025-12-31,operating_cf,9.802,SEC
SO,2016-12-31,price,49.189998626708984,Yahoo
SO,2017-12-31,price,48.09000015258789,Yahoo
SO,2018-12-31,price,43.91999816894531,Yahoo
SO,2019-12-31,price,63.70000076293945,Yahoo
SO,2020-12-31,price,61.43000030517578,Yahoo
SO,2021-12-31,price,68.58000183105469,Yahoo
SO,2022-12-31,price,71.41000366210938,Yahoo
SO,2023-12-31,price,70.12000274658203,Yahoo
SO,2024-12-31,price,82.31999969482422,Yahoo
SO,2025-12-31,price,87.19999694824219,Yahoo
SO,2016-12-31,revenue,19.896,SEC
SO,2017-12-31,revenue,23.031,SEC
SO,2018-12-31,revenue,25.241,SEC
SO,2019-12-31,revenue,22.596,SEC
SO,2020-12-31,revenue,21.097,SEC
SO,2021-12-31,revenue,23.463,SEC
SO,2022-12-31,revenue,29.279,SEC
SO,2023-12-31,revenue,25.253,SEC
SO,2024-12-31,revenue,26.764,SEC
SO,2025-12-31,revenue,29.553,SEC
SO,2016-12-31,short_term_debt,4.828,SEC
SO,2017-12-31,short_term_debt,6.331,SEC
SO,2018-12-31,short_term_debt,6.113,SEC
SO,2019-12-31,short_term_debt,5.044,SEC
SO,2020-12-31,short_term_debt,4.116,SEC
SO,2021-12-31,short_term_debt,3.597,SEC
SO,2022-12-31,short_term_debt,6.894,SEC
SO,2023-12-31,short_term_debt,4.79,SEC
SO,2024-12-31,short_term_debt,6.056,SEC
SO,2025-12-31,short_term_debt,6.942,SEC
SO,2016-12-31,total_debt,47.457,SEC
SO,2017-12-31,total_debt,50.793,SEC
SO,2018-12-31,total_debt,46.849,SEC
SO,2019-12-31,total_debt,46.842,SEC
SO,2020-12-31,total_debt,49.189,SEC
SO,2021-12-31,total_debt,53.717,SEC
SO,2022-12-31,total_debt,57.55,SEC
SO,2023-12-31,total_debt,62.0,SEC
SO,2024-12-31,total_debt,64.824,SEC
SO,2025-12-31,total_debt,72.591,SEC
SPH,2016-09-24,capex,-0.038375,SEC
SPH,2017-09-30,capex,-0.028168,SEC
SPH,2018-09-29,capex,-0.032902,SEC
SPH,2019-09-28,capex,-0.034978,SEC
SPH,2020-09-26,capex,-0.032498,SEC
SPH,2021-09-25,capex,-0.029855,SEC
SPH,2022-09-24,capex,-0.044352,SEC
SPH,2023-09-30,capex,-0.044949,SEC
SPH,2024-09-28,capex,-0.059429,SEC
SPH,2025-09-27,capex,-0.07196,SEC
SPH,2016-09-24,cash,0.037341,SEC
SPH,2017-09-30,cash,0.002789,SEC
SPH,2018-09-29,cash,0.005164,SEC
SPH,2019-09-28,cash,0.002441,SEC
SPH,2020-09-26,cash,0.00314,SEC
SPH,2021-09-25,cash,0.005808,SEC
SPH,2022-09-24,cash,0.0041,SEC
SPH,2023-09-30,cash,0.003514,SEC
SPH,2024-09-28,cash,0.003219,SEC
SPH,2025-09-27,cash,0.000405,SEC
SPH,2016-09-24,ebitda,0.220022,SEC
SPH,2017-09-30,ebitda,0.256533,SEC
SPH,2018-09-29,ebitda,0.283225,SEC
SPH,2019-09-28,ebitda,0.271726,SEC
SPH,2020-09-26,ebitda,0.257061,SEC
SPH,2021-09-25,ebitda,0.317791,SEC
SPH,2022-09-24,ebitda,0.265175,SEC
SPH,2023-09-30,ebitda,0.269431,SEC
SPH,2024-09-28,ebitda,0.238225,SEC
SPH,2025-09-27,ebitda,0.278353,SEC
SPH,2016-09-24,eps,0.24,SEC
SPH,2017-09-30,eps,0.62,SEC
SPH,2018-09-29,eps,1.24,SEC
SPH,2019-09-28,eps,1.1,SEC
SPH,2020-09-26,eps,0.97,SEC
SPH,2021-09-25,eps,1.94,SEC
SPH,2022-09-24,eps,2.18,SEC
SPH,2023-09-30,eps,1.92,SEC
SPH,2024-09-28,eps,1.14,SEC
SPH,2025-09-27,eps,1.62,SEC
SPH,2016-09-24,fcff_before_growth,0.027805,SEC
SPH,2017-09-30,fcff_before_growth,0.09534077,SEC
SPH,2018-09-29,fcff_before_growth,0.14632257,SEC
SPH,2019-09-28,fcff_before_growth,0.16647277,SEC
SPH,2020-09-26,fcff_before_growth,0.15159733,SEC
SPH,2021-09-25,fcff_before_growth,0.17582128,SEC
SPH,2022-09-24,fcff_before_growth,0.20961882,SEC
SPH,2023-09-30,fcff_before_growth,0.22063747,SEC
SPH,2024-09-28,fcff_before_growth,0.1525361,SEC
SPH,2025-09-27,fcff_before_growth,0.17446335,SEC
SPH,2016-09-24,free_cf,0.119046,SEC
SPH,2017-09-30,free_cf,0.135653,SEC
SPH,2018-09-29,free_cf,0.17751,SEC
SPH,2019-09-28,free_cf,0.191803,SEC
SPH,2020-09-26,free_cf,0.176856,SEC
SPH,2021-09-25,free_cf,0.196697,SEC
SPH,2022-09-24,free_cf,0.176195,SEC
SPH,2023-09-30,free_cf,0.18029,SEC
SPH,2024-09-28,free_cf,0.101156,SEC
SPH,2025-09-27,free_cf,0.114296,SEC
SPH,2016-09-24,long_term_debt,1.224502,SEC
SPH,2017-09-30,long_term_debt,1.272164,SEC
SPH,2018-09-29,long_term_debt,1.255138,SEC
SPH,2019-09-28,long_term_debt,1.227057,SEC
SPH,2020-09-26,long_term_debt,1.210176,SEC
SPH,2021-09-25,long_term_debt,1.118014,SEC
SPH,2022-09-24,long_term_debt,1.077329,SEC
SPH,2023-09-30,long_term_debt,1.18821,SEC
SPH,2024-09-28,long_term_debt,1.210326,SEC
SPH,2025-09-27,long_term_debt,1.211745,SEC
SPH,2016-09-24,market_cap,2.091607355987549,Yahoo price x SEC shares
SPH,2017-09-30,market_cap,1.605630789390564,Yahoo price x SEC shares
SPH,2018-09-29,market_cap,1.4552599524669647,Yahoo price x SEC shares
SPH,2019-09-28,market_cap,1.4824398485488892,Yahoo price x SEC shares
SPH,2020-09-26,market_cap,0.9289868963212967,Yahoo price x SEC shares
SPH,2021-09-25,market_cap,0.9610913593215943,Yahoo price x SEC shares
SPH,2022-09-24,market_cap,1.0146853244209288,Yahoo price x SEC shares
SPH,2023-09-30,market_cap,1.0342780008354187,Yahoo price x SEC shares
SPH,2024-09-28,market_cap,1.1554666002120972,Yahoo price x SEC shares
SPH,2025-09-27,market_cap,1.217331804971695,Yahoo price x SEC shares
SPH,2016-09-24,net_debt,1.187161,SEC
SPH,2017-09-30,net_debt,1.2693750000000001,SEC
SPH,2018-09-29,net_debt,1.2499740000000001,SEC
SPH,2019-09-28,net_debt,1.2246160000000001,SEC
SPH,2020-09-26,net_debt,1.207036,SEC
SPH,2021-09-25,net_debt,1.112206,SEC
SPH,2022-09-24,net_debt,1.073229,SEC
SPH,2023-09-30,net_debt,1.184696,SEC
SPH,2024-09-28,net_debt,1.207107,SEC
SPH,2025-09-27,net_debt,1.21134,SEC
SPH,2016-09-24,net_income,0.01444,SEC
SPH,2017-09-30,net_income,0.037995,SEC
SPH,2018-09-29,net_income,0.076534,SEC
SPH,2019-09-28,net_income,0.068632,SEC
SPH,2020-09-26,net_income,0.060758,SEC
SPH,2021-09-25,net_income,0.122793,SEC
SPH,2022-09-24,net_income,0.139708,SEC
SPH,2023-09-30,net_income,0.123752,SEC
SPH,2024-09-28,net_income,0.074174,SEC
SPH,2025-09-27,net_income,0.10657,SEC
SPH,2016-09-24,operating_cf,0.157421,SEC
SPH,2017-09-30,operating_cf,0.163821,SEC
SPH,2018-09-29,operating_cf,0.210412,SEC
SPH,2019-09-28,operating_cf,0.226781,SEC
SPH,2020-09-26,operating_cf,0.209354,SEC
SPH,2021-09-25,operating_cf,0.226552,SEC
SPH,2022-09-24,operating_cf,0.220547,SEC
SPH,2023-09-30,operating_cf,0.225239,SEC
SPH,2024-09-28,operating_cf,0.160585,SEC
SPH,2025-09-27,operating_cf,0.186256,SEC
SPH,2016-09-24,price,34.189998626708984,Yahoo
SPH,2017-09-30,price,26.09000015258789,Yahoo
SPH,2018-09-29,price,23.530000686645508,Yahoo
SPH,2019-09-28,price,23.770000457763672,Yahoo
SPH,2020-09-26,price,14.8100004196167,Yahoo
SPH,2021-09-25,price,15.180000305175781,Yahoo
SPH,2022-09-24,price,15.850000381469727,Yahoo
SPH,2022-09-30,price,15.050000190734863,Yahoo
SPH,2023-09-30,price,16.049999237060547,Yahoo
SPH,2024-09-28,price,17.81999969482422,Yahoo
SPH,2024-09-30,price,17.940000534057617,Yahoo
SPH,2025-09-27,price,18.559999465942383,Yahoo
SPH,2025-09-30,price,18.649999618530273,Yahoo
SPH,2016-09-24,revenue,1.046111,SEC
SPH,2017-09-30,revenue,1.187886,SEC
SPH,2018-09-29,revenue,1.344413,SEC
SPH,2019-09-28,revenue,1.267705,SEC
SPH,2020-09-26,revenue,1.107897,SEC
SPH,2021-09-25,revenue,1.288755,SEC
SPH,2022-09-24,revenue,1.501465,SEC
SPH,2023-09-30,revenue,1.429194,SEC
SPH,2024-09-28,revenue,1.327172,SEC
SPH,2025-09-27,revenue,1.432518,SEC
SPH,2022-09-30,short_term_debt,0.032126,Yahoo
SPH,2023-09-30,short_term_debt,0.033562,Yahoo
SPH,2024-09-30,short_term_debt,0.035616,Yahoo
SPH,2025-09-30,short_term_debt,0.034329,Yahoo
SPH,2016-09-24,total_debt,1.224502,SEC
SPH,2017-09-30,total_debt,1.272164,SEC
SPH,2018-09-29,total_debt,1.255138,SEC
SPH,2019-09-28,total_debt,1.227057,SEC
SPH,2020-09-26,total_debt,1.210176,SEC
SPH,2021-09-25,total_debt,1.118014,SEC
SPH,2022-09-24,total_debt,1.077329,SEC
SPH,2023-09-30,total_debt,1.18821,SEC
SPH,2024-09-28,total_debt,1.210326,SEC
SPH,2025-09-27,total_debt,1.211745,SEC
SR,2016-09-30,capex,-0.2933,SEC
SR,2017-09-30,capex,-0.4381,SEC
SR,2018-09-30,capex,-0.4994,SEC
SR,2019-09-30,capex,-0.8233,SEC
SR,2020-09-30,capex,-0.6384,SEC
SR,2021-09-30,capex,-0.6248,SEC
SR,2022-09-30,capex,-0.5522,SEC
SR,2023-09-30,capex,-0.6625,SEC
SR,2024-09-30,capex,-0.8613,SEC
SR,2025-09-30,capex,-0.9224,SEC
SR,2016-09-30,cash,0.0052,SEC
SR,2017-09-30,cash,0.0074,SEC
SR,2018-09-30,cash,0.0044,SEC
SR,2019-09-30,cash,0.0058,SEC
SR,2020-09-30,cash,0.0041,SEC
SR,2021-09-30,cash,0.0043,SEC
SR,2022-09-30,cash,0.0065,SEC
SR,2023-09-30,cash,0.0056,SEC
SR,2024-09-30,cash,0.0045,SEC
SR,2025-09-30,cash,0.0057,SEC
SR,2016-09-30,ebitda,0.4198,SEC
SR,2017-09-30,ebitda,0.495,SEC
SR,2018-09-30,ebitda,0.4625,SEC
SR,2019-09-30,ebitda,0.484,SEC
SR,2020-09-30,ebitda,0.4037,SEC
SR,2021-09-30,ebitda,0.6633,SEC
SR,2022-09-30,ebitda,0.6455,SEC
SR,2023-09-30,ebitda,0.6734,SEC
SR,2024-09-30,ebitda,0.7667,SEC
SR,2025-09-30,ebitda,0.8221,SEC
SR,2016-09-30,eps,3.24,SEC
SR,2017-09-30,eps,3.43,SEC
SR,2018-09-30,eps,4.33,SEC
SR,2019-09-30,eps,3.52,SEC
SR,2020-09-30,eps,1.44,SEC
SR,2021-09-30,eps,4.96,SEC
SR,2022-09-30,eps,3.95,SEC
SR,2023-09-30,eps,3.85,SEC
SR,2024-09-30,eps,4.19,SEC
SR,2025-09-30,eps,4.37,SEC
SR,2016-09-30,fcff_before_growth,0.251788,SEC
SR,2017-09-30,fcff_before_growth,0.204589,SEC
SR,2018-09-30,fcff_before_growth,0.365936,SEC
SR,2019-09-30,fcff_before_growth,0.351676,SEC
SR,2020-09-30,fcff_before_growth,0.355945,SEC
SR,2021-09-30,fcff_before_growth,0.120914,SEC
SR,2022-09-30,fcff_before_growth,-0.087658,SEC
SR,2023-09-30,fcff_before_growth,0.332103,SEC
SR,2024-09-30,fcff_before_growth,0.792869,SEC
SR,2025-09-30,fcff_before_growth,0.441039,SEC
SR,2016-09-30,free_cf,0.035,SEC
SR,2017-09-30,free_cf,-0.1498,SEC
SR,2018-09-30,free_cf,-0.0428,SEC
SR,2019-09-30,free_cf,-0.3724,SEC
SR,2020-09-30,free_cf,-0.1685,SEC
SR,2021-09-30,free_cf,-0.375,SEC
SR,2022-09-30,free_cf,-0.4972,SEC
SR,2023-09-30,free_cf,-0.2223,SEC
SR,2024-09-30,free_cf,0.0511,SEC
SR,2025-09-30,free_cf,-0.3444,SEC
SR,2016-09-30,long_term_debt,1.8207,SEC
SR,2017-09-30,long_term_debt,1.995,SEC
SR,2018-09-30,long_term_debt,1.9001,SEC
SR,2019-09-30,long_term_debt,2.0826,SEC
SR,2020-09-30,long_term_debt,2.4237,SEC
SR,2021-09-30,long_term_debt,2.9391,SEC
SR,2022-09-30,long_term_debt,2.9585,SEC
SR,2023-09-30,long_term_debt,3.554,SEC
SR,2024-09-30,long_term_debt,3.7044,SEC
SR,2025-09-30,long_term_debt,3.3694,SEC
SR,2016-09-30,market_cap,2.8236820743560793,Yahoo price x SEC shares
SR,2017-09-30,market_cap,3.5085500717163085,Yahoo price x SEC shares
SR,2018-09-30,market_cap,3.6260151504516602,Yahoo price x SEC shares
SR,2019-09-30,market_cap,4.4317918914794925,Yahoo price x SEC shares
SR,2020-09-30,market_cap,2.729160039138794,Yahoo price x SEC shares
SR,2021-09-30,market_cap,3.163006015777588,Yahoo price x SEC shares
SR,2022-09-30,market_cap,3.2473930953979493,Yahoo price x SEC shares
SR,2023-09-30,market_cap,2.9761080963134766e-06,Yahoo price x SEC shares
SR,2024-09-30,market_cap,3.7884270515441894e-06,Yahoo price x SEC shares
SR,2025-09-30,market_cap,4.7852238029479985e-06,Yahoo price x SEC shares
SR,2016-09-30,net_debt,2.2142,SEC
SR,2017-09-30,net_debt,2.4649,SEC
SR,2018-09-30,net_debt,2.6248,SEC
SR,2019-09-30,net_debt,2.8600000000000003,SEC
SR,2020-09-30,net_debt,3.1279999999999997,SEC
SR,2021-09-30,net_debt,3.6626,SEC
SR,2022-09-30,net_debt,4.2707,SEC
SR,2023-09-30,net_debt,4.6605,SEC
SR,2024-09-30,net_debt,4.688899999999999,SEC
SR,2025-09-30,net_debt,5.1682,SEC
SR,2016-09-30,net_income,0.1442,SEC
SR,2017-09-30,net_income,0.1616,SEC
SR,2018-09-30,net_income,0.2142,SEC
SR,2019-09-30,net_income,0.1846,SEC
SR,2020-09-30,net_income,0.0886,SEC
SR,2021-09-30,net_income,0.2717,SEC
SR,2022-09-30,net_income,0.2208,SEC
SR,2023-09-30,net_income,0.2175,SEC
SR,2024-09-30,net_income,0.2509,SEC
SR,2025-09-30,net_income,0.2717,SEC
SR,2016-09-30,operating_cf,0.3283,SEC
SR,2017-09-30,operating_cf,0.2883,SEC
SR,2018-09-30,operating_cf,0.4566,SEC
SR,2019-09-30,operating_cf,0.4509,SEC
SR,2020-09-30,operating_cf,0.4699,SEC
SR,2021-09-30,operating_cf,0.2498,SEC
SR,2022-09-30,operating_cf,0.055,SEC
SR,2023-09-30,operating_cf,0.4402,SEC
SR,2024-09-30,operating_cf,0.9124,SEC
SR,2025-09-30,operating_cf,0.578,SEC
SR,2016-09-30,price,63.7400016784668,Yahoo
SR,2017-09-30,price,74.6500015258789,Yahoo
SR,2018-09-30,price,73.55000305175781,Yahoo
SR,2019-09-30,price,87.23999786376953,Yahoo
SR,2020-09-30,price,53.20000076293945,Yahoo
SR,2021-09-30,price,61.18000030517578,Yahoo
SR,2022-09-30,price,62.33000183105469,Yahoo
SR,2023-09-30,price,56.58000183105469,Yahoo
SR,2024-09-30,price,67.29000091552734,Yahoo
SR,2025-09-30,price,81.5199966430664,Yahoo
SR,2016-09-30,revenue,1.5373,SEC
SR,2017-09-30,revenue,1.7407,SEC
SR,2018-09-30,revenue,1.965,SEC
SR,2019-09-30,revenue,1.9524,SEC
SR,2020-09-30,revenue,1.8554,SEC
SR,2021-09-30,revenue,2.2355,SEC
SR,2022-09-30,revenue,2.1985,SEC
SR,2023-09-30,revenue,2.6663,SEC
SR,2024-09-30,revenue,2.593,SEC
SR,2025-09-30,revenue,2.4764,SEC
SR,2016-09-30,short_term_debt,0.3987,SEC
SR,2017-09-30,short_term_debt,0.4773,SEC
SR,2018-09-30,short_term_debt,0.7291,SEC
SR,2019-09-30,short_term_debt,0.7832,SEC
SR,2020-09-30,short_term_debt,0.7084,SEC
SR,2021-09-30,short_term_debt,0.7278,SEC
SR,2022-09-30,short_term_debt,1.3187,SEC
SR,2023-09-30,short_term_debt,1.1121,SEC
SR,2024-09-30,short_term_debt,0.989,SEC
SR,2025-09-30,short_term_debt,1.8045,SEC
SR,2016-09-30,total_debt,2.2194,SEC
SR,2017-09-30,total_debt,2.4723,SEC
SR,2018-09-30,total_debt,2.6292,SEC
SR,2019-09-30,total_debt,2.8658,SEC
SR,2020-09-30,total_debt,3.1321,SEC
SR,2021-09-30,total_debt,3.6669,SEC
SR,2022-09-30,total_debt,4.2772,SEC
SR,2023-09-30,total_debt,4.6661,SEC
SR,2024-09-30,total_debt,4.6934,SEC
SR,2025-09-30,total_debt,5.1739,SEC
SRE,2016-12-31,capex,-4.214,SEC
SRE,2017-12-31,capex,-3.705,SEC
SRE,2018-12-31,capex,-3.544,SEC
SRE,2019-12-31,capex,-3.708,SEC
SRE,2020-12-31,capex,-4.676,SEC
SRE,2021-12-31,capex,-5.015,SEC
SRE,2022-12-31,capex,-5.357,SEC
SRE,2023-12-31,capex,-8.397,SEC
SRE,2024-12-31,capex,-8.215,SEC
SRE,2025-12-31,capex,-10.612,SEC
SRE,2016-12-31,cash,0.349,SEC
SRE,2017-12-31,cash,0.288,SEC
SRE,2018-12-31,cash,0.102,SEC
SRE,2019-12-31,cash,0.108,SEC
SRE,2020-12-31,cash,0.96,SEC
SRE,2021-12-31,cash,0.559,SEC
SRE,2022-12-31,cash,0.37,SEC
SRE,2023-12-31,cash,0.236,SEC
SRE,2024-12-31,cash,1.565,SEC
SRE,2025-12-31,cash,0.029,SEC
SRE,2022-12-31,ebitda,4.416,Yahoo
SRE,2023-12-31,ebitda,6.163,Yahoo
SRE,2024-12-31,ebitda,5.596,Yahoo
SRE,2025-12-31,ebitda,5.264,Yahoo
SRE,2016-12-31,eps,5.46,SEC
SRE,2017-12-31,eps,1.01,SEC
SRE,2018-12-31,eps,3.42,SEC
SRE,2019-12-31,eps,7.29,SEC
SRE,2020-12-31,eps,12.88,SEC
SRE,2021-12-31,eps,2.01,SEC
SRE,2022-12-31,eps,3.31,SEC
SRE,2023-12-31,eps,4.79,SEC
SRE,2024-12-31,eps,4.42,SEC
SRE,2025-12-31,eps,2.75,SEC
SRE,2016-12-31,fcff_before_growth,1.43587,SEC
SRE,2017-12-31,fcff_before_growth,2.68038,SEC
SRE,2018-12-31,fcff_before_growth,2.72494,SEC
SRE,2019-12-31,fcff_before_growth,2.36983,SEC
SRE,2020-12-31,fcff_before_growth,1.77899,SEC
SRE,2021-12-31,fcff_before_growth,2.93342,SEC
SRE,2022-12-31,fcff_before_growth,-0.04434,SEC
SRE,2023-12-31,fcff_before_growth,5.02511,SEC
SRE,2024-12-31,fcff_before_growth,2.47,SEC
SRE,2025-12-31,fcff_before_growth,2.002,SEC
SRE,2016-12-31,free_cf,-1.903,SEC
SRE,2017-12-31,free_cf,-0.08,SEC
SRE,2018-12-31,free_cf,-0.028,SEC
SRE,2019-12-31,free_cf,-0.62,SEC
SRE,2020-12-31,free_cf,-2.085,SEC
SRE,2021-12-31,free_cf,-1.173,SEC
SRE,2022-12-31,free_cf,-4.215,SEC
SRE,2023-12-31,free_cf,-2.179,SEC
SRE,2024-12-31,free_cf,-3.308,SEC
SRE,2025-12-31,free_cf,-6.047,SEC
SRE,2016-12-31,long_term_debt,14.429,SEC
SRE,2017-12-31,long_term_debt,16.445,SEC
SRE,2018-12-31,long_term_debt,20.903,SEC
SRE,2019-12-31,long_term_debt,20.785,SEC
SRE,2020-12-31,long_term_debt,21.781,SEC
SRE,2021-12-31,long_term_debt,21.068,SEC
SRE,2022-12-31,long_term_debt,24.548,SEC
SRE,2023-12-31,long_term_debt,27.759,SEC
SRE,2024-12-31,long_term_debt,31.558,SEC
SRE,2025-12-31,long_term_debt,28.979,SEC
SRE,2016-12-31,market_cap,12.638119523353577,Yahoo price x SEC shares
SRE,2017-12-31,market_cap,13.487957769012452,Yahoo price x SEC shares
SRE,2018-12-31,market_cap,14.59764426940918,Yahoo price x SEC shares
SRE,2019-12-31,market_cap,21.361178817512513,Yahoo price x SEC shares
SRE,2020-12-31,market_cap,18.617914195129394,Yahoo price x SEC shares
SRE,2021-12-31,market_cap,41.408467837875364,Yahoo price x SEC shares
SRE,2022-12-31,market_cap,48.89313126587677,Yahoo price x SEC shares
SRE,2023-12-31,market_cap,47.28413921404266,Yahoo price x SEC shares
SRE,2024-12-31,market_cap,55.96036073873901,Yahoo price x SEC shares
SRE,2025-12-31,market_cap,57.72629813859558,Yahoo price x SEC shares
SRE,2016-12-31,net_debt,16.772,SEC
SRE,2017-12-31,net_debt,19.124,SEC
SRE,2018-12-31,net_debt,24.469,SEC
SRE,2019-12-31,net_debt,25.708,SEC
SRE,2020-12-31,net_debt,23.246,SEC
SRE,2021-12-31,net_debt,24.086,SEC
SRE,2022-12-31,net_debt,28.549,SEC
SRE,2023-12-31,net_debt,30.84,SEC
SRE,2024-12-31,net_debt,34.283,SEC
SRE,2025-12-31,net_debt,34.992,SEC
SRE,2016-12-31,net_income,1.37,SEC
SRE,2017-12-31,net_income,0.256,SEC
SRE,2018-12-31,net_income,0.924,SEC
SRE,2019-12-31,net_income,2.055,SEC
SRE,2020-12-31,net_income,3.764,SEC
SRE,2021-12-31,net_income,1.318,SEC
SRE,2022-12-31,net_income,2.139,SEC
SRE,2023-12-31,net_income,3.075,SEC
SRE,2024-12-31,net_income,2.862,SEC
SRE,2025-12-31,net_income,1.837,SEC
SRE,2016-12-31,operating_cf,2.311,SEC
SRE,2017-12-31,operating_cf,3.625,SEC
SRE,2018-12-31,operating_cf,3.516,SEC
SRE,2019-12-31,operating_cf,3.088,SEC
SRE,2020-12-31,operating_cf,2.591,SEC
SRE,2021-12-31,operating_cf,3.842,SEC
SRE,2022-12-31,operating_cf,1.142,SEC
SRE,2023-12-31,operating_cf,6.218,SEC
SRE,2024-12-31,operating_cf,4.907,SEC
SRE,2025-12-31,operating_cf,4.565,SEC
SRE,2016-12-31,price,50.31999969482422,Yahoo
SRE,2017-12-31,price,53.459999084472656,Yahoo
SRE,2018-12-31,price,54.095001220703125,Yahoo
SRE,2019-12-31,price,75.73999786376953,Yahoo
SRE,2020-12-31,price,63.70500183105469,Yahoo
SRE,2021-12-31,price,66.13999938964844,Yahoo
SRE,2022-12-31,price,77.2699966430664,Yahoo
SRE,2023-12-31,price,74.7300033569336,Yahoo
SRE,2024-12-31,price,87.72000122070312,Yahoo
SRE,2025-12-31,price,88.29000091552734,Yahoo
SRE,2016-12-31,revenue,10.183,SEC
SRE,2017-12-31,revenue,9.64,SEC
SRE,2018-12-31,revenue,10.102,SEC
SRE,2019-12-31,revenue,10.829,SEC
SRE,2020-12-31,revenue,11.37,SEC
SRE,2021-12-31,revenue,12.857,SEC
SRE,2022-12-31,revenue,14.439,SEC
SRE,2023-12-31,revenue,16.72,SEC
SRE,2024-12-31,revenue,13.185,SEC
SRE,2025-12-31,revenue,13.702,SEC
SRE,2016-12-31,short_term_debt,2.692,SEC
SRE,2017-12-31,short_term_debt,2.967,SEC
SRE,2018-12-31,short_term_debt,3.668,SEC
SRE,2019-12-31,short_term_debt,5.031,SEC
SRE,2020-12-31,short_term_debt,2.425,SEC
SRE,2021-12-31,short_term_debt,3.577,SEC
SRE,2022-12-31,short_term_debt,4.371,SEC
SRE,2023-12-31,short_term_debt,3.317,SEC
SRE,2024-12-31,short_term_debt,4.29,SEC
SRE,2025-12-31,short_term_debt,6.042,SEC
SRE,2016-12-31,total_debt,17.121,SEC
SRE,2017-12-31,total_debt,19.412,SEC
SRE,2018-12-31,total_debt,24.571,SEC
SRE,2019-12-31,total_debt,25.816,SEC
SRE,2020-12-31,total_debt,24.206,SEC
SRE,2021-12-31,total_debt,24.645,SEC
SRE,2022-12-31,total_debt,28.919,SEC
SRE,2023-12-31,total_debt,31.076,SEC
SRE,2024-12-31,total_debt,35.848,SEC
SRE,2025-12-31,total_debt,35.021,SEC
STEM,2019-12-31,capex,-7e-06,SEC
STEM,2020-12-31,capex,-1.2e-05,SEC
STEM,2021-12-31,capex,-0.0006,SEC
STEM,2022-12-31,capex,-0.001495,SEC
STEM,2023-12-31,capex,-0.001505,SEC
STEM,2024-12-31,capex,-0.000217,SEC
STEM,2025-12-31,capex,-0.0,SEC
STEM,2019-12-31,cash,0.012889,SEC
STEM,2020-12-31,cash,0.006942,SEC
STEM,2021-12-31,cash,0.74778,SEC
STEM,2022-12-31,cash,0.087903,SEC
STEM,2023-12-31,cash,0.105375,SEC
STEM,2024-12-31,cash,0.056299,SEC
STEM,2025-12-31,cash,0.048915,SEC
STEM,2019-12-31,ebitda,-0.033961,SEC
STEM,2020-12-31,ebitda,-0.031651,SEC
STEM,2021-12-31,ebitda,-0.058601,SEC
STEM,2022-12-31,ebitda,-0.085687,SEC
STEM,2023-12-31,ebitda,-0.133039,SEC
STEM,2024-12-31,ebitda,-0.794468,SEC
STEM,2025-12-31,ebitda,-0.010741,SEC
STEM,2019-12-31,eps,-1.51,SEC
STEM,2020-12-31,eps,-4.13,SEC
STEM,2021-12-31,eps,-0.96,SEC
STEM,2022-12-31,eps,-0.81,SEC
STEM,2023-12-31,eps,-18.05,SEC
STEM,2024-12-31,eps,-105.8,SEC
STEM,2025-12-31,eps,-9.18,SEC
STEM,2019-12-31,fcff_before_growth,-0.03365408,SEC
STEM,2020-12-31,fcff_before_growth,-0.03497026,SEC
STEM,2021-12-31,fcff_before_growth,-0.11199695,SEC
STEM,2022-12-31,fcff_before_growth,-0.14319428,SEC
STEM,2023-12-31,fcff_before_growth,-0.24182017,SEC
STEM,2024-12-31,fcff_before_growth,-0.081638,SEC
STEM,2025-12-31,fcff_before_growth,-0.038086,SEC
STEM,2019-12-31,free_cf,-0.029685,SEC
STEM,2020-12-31,free_cf,-0.033683,SEC
STEM,2021-12-31,free_cf,-0.101866,SEC
STEM,2022-12-31,free_cf,-0.107525,SEC
STEM,2023-12-31,free_cf,-0.208882,SEC
STEM,2024-12-31,free_cf,-0.036867,SEC
STEM,2025-12-31,free_cf,0.006861,SEC
STEM,2022-12-31,long_term_debt,0.460474,Yahoo
STEM,2023-12-31,long_term_debt,0.534088,Yahoo
STEM,2024-12-31,long_term_debt,0.539258,Yahoo
STEM,2025-12-31,long_term_debt,0.32225,Yahoo
STEM,2020-12-31,market_cap,16.394224889463562,Yahoo price x SEC shares
STEM,2021-12-31,market_cap,40.049895492305936,Yahoo price x SEC shares
STEM,2022-12-31,market_cap,27.43037771658159,Yahoo price x SEC shares
STEM,2023-12-31,market_cap,0.6036657529298859,Yahoo price x SEC shares
STEM,2024-12-31,market_cap,0.09734985500719928,Yahoo price x SEC shares
STEM,2025-12-31,market_cap,0.1277726805693159,Yahoo price x SEC shares
STEM,2022-12-31,net_debt,0.375145,Yahoo
STEM,2023-12-31,net_debt,0.431663,Yahoo
STEM,2024-12-31,net_debt,0.485717,Yahoo
STEM,2025-12-31,net_debt,0.276332,Yahoo
STEM,2019-12-31,net_income,-0.059414,SEC
STEM,2020-12-31,net_income,-0.156124,SEC
STEM,2021-12-31,net_income,-0.101211,SEC
STEM,2022-12-31,net_income,-0.124054,SEC
STEM,2023-12-31,net_income,-0.140413,SEC
STEM,2024-12-31,net_income,-0.854014,SEC
STEM,2025-12-31,net_income,0.137761,SEC
STEM,2019-12-31,operating_cf,-0.029678,SEC
STEM,2020-12-31,operating_cf,-0.033671,SEC
STEM,2021-12-31,operating_cf,-0.101266,SEC
STEM,2022-12-31,operating_cf,-0.10603,SEC
STEM,2023-12-31,operating_cf,-0.207377,SEC
STEM,2024-12-31,operating_cf,-0.03665,SEC
STEM,2025-12-31,operating_cf,0.006861,SEC
STEM,2020-12-31,price,409.20001220703125,Yahoo
STEM,2021-12-31,price,379.3999938964844,Yahoo
STEM,2022-12-31,price,178.8000030517578,Yahoo
STEM,2023-12-31,price,77.5999984741211,Yahoo
STEM,2024-12-31,price,12.0600004196167,Yahoo
STEM,2025-12-31,price,15.050000190734863,Yahoo
STEM,2019-12-31,revenue,0.017552,SEC
STEM,2020-12-31,revenue,0.036307,SEC
STEM,2021-12-31,revenue,0.127371,SEC
STEM,2022-12-31,revenue,0.36298,SEC
STEM,2023-12-31,revenue,0.461515,SEC
STEM,2024-12-31,revenue,0.144584,SEC
STEM,2025-12-31,revenue,0.156266,SEC
STEM,2020-12-31,short_term_debt,0.033683,SEC
STEM,2021-12-31,short_term_debt,0.0,SEC
STEM,2022-12-31,short_term_debt,0.002574,Yahoo
STEM,2023-12-31,short_term_debt,0.00295,Yahoo
STEM,2024-12-31,short_term_debt,0.002758,Yahoo
STEM,2025-12-31,short_term_debt,0.002997,Yahoo
STEM,2022-12-31,total_debt,0.463048,Yahoo
STEM,2023-12-31,total_debt,0.537038,Yahoo
STEM,2024-12-31,total_debt,0.542016,Yahoo
STEM,2025-12-31,total_debt,0.325247,Yahoo
SWX,2016-12-31,capex,-0.529531,SEC
SWX,2017-12-31,capex,-0.623649,SEC
SWX,2018-12-31,capex,-0.765914,SEC
SWX,2019-12-31,capex,-0.938148,SEC
SWX,2020-12-31,capex,-0.825105,SEC
SWX,2021-12-31,capex,-0.715626,SEC
SWX,2022-12-31,capex,-0.859421,SEC
SWX,2023-12-31,capex,-0.765871,SEC
SWX,2024-12-31,capex,-0.84659,SEC
SWX,2025-12-31,capex,-0.807866,SEC
SWX,2016-12-31,cash,0.028066,SEC
SWX,2017-12-31,cash,0.043622,SEC
SWX,2018-12-31,cash,0.085361,SEC
SWX,2019-12-31,cash,0.049539,SEC
SWX,2020-12-31,cash,0.083352,SEC
SWX,2021-12-31,cash,0.222697,SEC
SWX,2022-12-31,cash,0.123078,SEC
SWX,2023-12-31,cash,0.106536,SEC
SWX,2024-12-31,cash,0.31477,SEC
SWX,2025-12-31,cash,0.576645,SEC
SWX,2016-12-31,ebitda,0.604606,SEC
SWX,2017-12-31,ebitda,0.594075,SEC
SWX,2018-12-31,ebitda,0.606645,SEC
SWX,2019-12-31,ebitda,0.675048,SEC
SWX,2020-12-31,ebitda,0.755031,SEC
SWX,2021-12-31,ebitda,0.740588,SEC
SWX,2022-12-31,ebitda,0.446057,SEC
SWX,2023-12-31,ebitda,0.588437,SEC
SWX,2024-12-31,ebitda,0.709567,SEC
SWX,2025-12-31,ebitda,0.80461,SEC
SWX,2016-12-31,eps,3.18,SEC
SWX,2017-12-31,eps,4.04,SEC
SWX,2018-12-31,eps,3.68,SEC
SWX,2019-12-31,eps,3.94,SEC
SWX,2020-12-31,eps,4.14,SEC
SWX,2021-12-31,eps,3.39,SEC
SWX,2022-12-31,eps,-3.1,SEC
SWX,2023-12-31,eps,2.13,SEC
SWX,2024-12-31,eps,2.76,SEC
SWX,2025-12-31,eps,6.08,SEC
SWX,2016-12-31,fcff_before_growth,0.3695674,SEC
SWX,2017-12-31,fcff_before_growth,0.18067456,SEC
SWX,2018-12-31,fcff_before_growth,0.35601409,SEC
SWX,2019-12-31,fcff_before_growth,0.28342354,SEC
SWX,2020-12-31,fcff_before_growth,0.38211983,SEC
SWX,2021-12-31,fcff_before_growth,-0.16549158,SEC
SWX,2022-12-31,fcff_before_growth,0.1287775,SEC
SWX,2023-12-31,fcff_before_growth,0.44465494,SEC
SWX,2024-12-31,fcff_before_growth,1.052685,SEC
SWX,2025-12-31,fcff_before_growth,0.225352,SEC
SWX,2016-12-31,free_cf,0.070977,SEC
SWX,2017-12-31,free_cf,-0.253694,SEC
SWX,2018-12-31,free_cf,-0.237058,SEC
SWX,2019-12-31,free_cf,-0.437776,SEC
SWX,2020-12-31,free_cf,-0.199025,SEC
SWX,2021-12-31,free_cf,-0.604243,SEC
SWX,2022-12-31,free_cf,-0.451961,SEC
SWX,2023-12-31,free_cf,-0.25666,SEC
SWX,2024-12-31,free_cf,0.50919,SEC
SWX,2025-12-31,free_cf,-0.25179,SEC
SWX,2016-12-31,long_term_debt,1.549983,SEC
SWX,2017-12-31,long_term_debt,1.798576,SEC
SWX,2018-12-31,long_term_debt,2.107258,SEC
SWX,2019-12-31,long_term_debt,2.300482,SEC
SWX,2020-12-31,long_term_debt,2.7322,SEC
SWX,2021-12-31,long_term_debt,4.115684,SEC
SWX,2022-12-31,long_term_debt,4.403299,SEC
SWX,2023-12-31,long_term_debt,4.609838,SEC
SWX,2024-12-31,long_term_debt,3.504477,SEC
SWX,2025-12-31,long_term_debt,3.433012,SEC
SWX,2016-12-31,market_cap,3.663508811325073,Yahoo price x SEC shares
SWX,2017-12-31,market_cap,3.8623158411026,Yahoo price x SEC shares
SWX,2018-12-31,market_cap,3.784914,Yahoo price x SEC shares
SWX,2019-12-31,market_cap,4.126082706298829,Yahoo price x SEC shares
SWX,2020-12-31,market_cap,3.406617,Yahoo price x SEC shares
SWX,2021-12-31,market_cap,4.151093130844116,Yahoo price x SEC shares
SWX,2022-12-31,market_cap,4.056729110023499,Yahoo price x SEC shares
SWX,2023-12-31,market_cap,4.497216391677856,Yahoo price x SEC shares
SWX,2024-12-31,market_cap,5.093382654052735,Yahoo price x SEC shares
SWX,2025-12-31,market_cap,5.788406497169495,Yahoo price x SEC shares
SWX,2016-12-31,net_debt,1.5720180000000001,SEC
SWX,2017-12-31,net_debt,1.9948000000000001,SEC
SWX,2018-12-31,net_debt,2.206957,SEC
SWX,2019-12-31,net_debt,2.6254549999999997,SEC
SWX,2020-12-31,net_debt,2.796281,SEC
SWX,2021-12-31,net_debt,6.099311,SEC
SWX,2022-12-31,net_debt,5.867584000000001,SEC
SWX,2023-12-31,net_debt,5.174354,SEC
SWX,2024-12-31,net_debt,3.869707,SEC
SWX,2025-12-31,net_debt,2.931367,SEC
SWX,2016-12-31,net_income,0.152041,SEC
SWX,2017-12-31,net_income,0.193841,SEC
SWX,2018-12-31,net_income,0.182277,SEC
SWX,2019-12-31,net_income,0.213936,SEC
SWX,2020-12-31,net_income,0.232324,SEC
SWX,2021-12-31,net_income,0.200779,SEC
SWX,2022-12-31,net_income,-0.20329,SEC
SWX,2023-12-31,net_income,0.150889,SEC
SWX,2024-12-31,net_income,0.198815,SEC
SWX,2025-12-31,net_income,0.439826,SEC
SWX,2016-12-31,operating_cf,0.600508,SEC
SWX,2017-12-31,operating_cf,0.369955,SEC
SWX,2018-12-31,operating_cf,0.528856,SEC
SWX,2019-12-31,operating_cf,0.500372,SEC
SWX,2020-12-31,operating_cf,0.62608,SEC
SWX,2021-12-31,operating_cf,0.111383,SEC
SWX,2022-12-31,operating_cf,0.40746,SEC
SWX,2023-12-31,operating_cf,0.509211,SEC
SWX,2024-12-31,operating_cf,1.35578,SEC
SWX,2025-12-31,operating_cf,0.556076,SEC
SWX,2016-12-31,price,76.62000274658203,Yahoo
SWX,2017-12-31,price,80.4800033569336,Yahoo
SWX,2018-12-31,price,76.5,Yahoo
SWX,2019-12-31,price,75.97000122070312,Yahoo
SWX,2020-12-31,price,60.75,Yahoo
SWX,2021-12-31,price,70.05000305175781,Yahoo
SWX,2022-12-31,price,61.880001068115234,Yahoo
SWX,2023-12-31,price,63.349998474121094,Yahoo
SWX,2024-12-31,price,70.70999908447266,Yahoo
SWX,2025-12-31,price,80.0199966430664,Yahoo
SWX,2016-12-31,revenue,2.46049,SEC
SWX,2017-12-31,revenue,2.548792,SEC
SWX,2018-12-31,revenue,2.880013,SEC
SWX,2019-12-31,revenue,3.119917,SEC
SWX,2020-12-31,revenue,3.298873,SEC
SWX,2021-12-31,revenue,3.680451,SEC
SWX,2022-12-31,revenue,4.960009,SEC
SWX,2023-12-31,revenue,5.433972,SEC
SWX,2024-12-31,revenue,2.475216,SEC
SWX,2025-12-31,revenue,1.94038,SEC
SWX,2016-12-31,short_term_debt,0.050101,SEC
SWX,2017-12-31,short_term_debt,0.239846,SEC
SWX,2018-12-31,short_term_debt,0.18506,SEC
SWX,2019-12-31,short_term_debt,0.374512,SEC
SWX,2020-12-31,short_term_debt,0.147433,SEC
SWX,2021-12-31,short_term_debt,2.206324,SEC
SWX,2022-12-31,short_term_debt,1.587363,SEC
SWX,2023-12-31,short_term_debt,0.671052,SEC
SWX,2024-12-31,short_term_debt,0.68,SEC
SWX,2025-12-31,short_term_debt,0.075,SEC
SWX,2016-12-31,total_debt,1.600084,SEC
SWX,2017-12-31,total_debt,2.038422,SEC
SWX,2018-12-31,total_debt,2.292318,SEC
SWX,2019-12-31,total_debt,2.674994,SEC
SWX,2020-12-31,total_debt,2.879633,SEC
SWX,2021-12-31,total_debt,6.322008,SEC
SWX,2022-12-31,total_debt,5.990662,SEC
SWX,2023-12-31,total_debt,5.28089,SEC
SWX,2024-12-31,total_debt,4.184477,SEC
SWX,2025-12-31,total_debt,3.508012,SEC
TAC,2016-12-31,capex,-0.2529552712440491,SEC
TAC,2017-12-31,capex,-0.23882369184494018,SEC
TAC,2018-12-31,capex,-0.19572237467765807,SEC
TAC,2019-12-31,capex,-0.2946434304714203,SEC
TAC,2020-12-31,capex,-0.34339737939834597,SEC
TAC,2021-12-31,capex,-0.3391579055786133,SEC
TAC,2022-12-31,capex,-0.6486394944190979,SEC
TAC,2023-12-31,capex,-0.6182565987110138,SEC
TAC,2024-12-31,capex,-0.2197460596561432,SEC
TAC,2025-12-31,capex,-0.17593816351890565,SEC
TAC,2016-12-31,cash,0.21550658583641052,SEC
TAC,2017-12-31,cash,0.22186579656600952,SEC
TAC,2018-12-31,cash,0.06288552832603454,SEC
TAC,2019-12-31,cash,0.2904039566516876,SEC
TAC,2020-12-31,cash,0.49672501587867735,SEC
TAC,2021-12-31,cash,0.6691302845478058,SEC
TAC,2022-12-31,cash,0.8012605519294739,SEC
TAC,2023-12-31,cash,0.24588948154449464,SEC
TAC,2024-12-31,cash,0.23811711287498474,SEC
TAC,2025-12-31,cash,0.1448486888408661,SEC
TAC,2016-12-31,ebitda,0.8069131836891175,SEC
TAC,2017-12-31,ebitda,0.5977658085823059,SEC
TAC,2018-12-31,ebitda,0.6147237038612365,SEC
TAC,2019-12-31,ebitda,0.7376684446334839,SEC
TAC,2020-12-31,ebitda,0.4938986999988556,SEC
TAC,2021-12-31,ebitda,0.3391579055786133,SEC
TAC,2022-12-31,ebitda,0.7984342360496521,SEC
TAC,2023-12-31,ebitda,1.2082500386238098,SEC
TAC,2024-12-31,ebitda,0.7885421304702759,SEC
TAC,2025-12-31,ebitda,0.5080302793979645,SEC
TAC,2019-12-31,eps,0.12718421459197998,SEC
TAC,2020-12-31,eps,-0.8620263433456421,SEC
TAC,2021-12-31,eps,-1.5050132060050965,SEC
TAC,2022-12-31,eps,0.007065789699554443,SEC
TAC,2023-12-31,eps,1.6463289999961854,SEC
TAC,2024-12-31,eps,0.41688159227371213,SEC
TAC,2025-12-31,eps,-0.45221054077148437,SEC
TAC,2016-12-31,fcff_before_growth,0.18435351905107497,SEC
TAC,2017-12-31,fcff_before_growth,0.07993527887105942,SEC
TAC,2018-12-31,fcff_before_growth,0.21727303326129913,SEC
TAC,2019-12-31,fcff_before_growth,0.1988383879351616,SEC
TAC,2020-12-31,fcff_before_growth,-0.06783158111572266,SEC
TAC,2021-12-31,fcff_before_growth,0.1992552695274353,SEC
TAC,2022-12-31,fcff_before_growth,0.2879733249950409,SEC
TAC,2023-12-31,fcff_before_growth,0.7089601410841941,SEC
TAC,2024-12-31,fcff_before_growth,0.29720831213235854,SEC
TAC,2025-12-31,fcff_before_growth,0.1606548603987694,SEC
TAC,2016-12-31,free_cf,0.2727394824028015,SEC
TAC,2017-12-31,free_cf,0.20349474334716797,SEC
TAC,2018-12-31,free_cf,0.3836723806858063,SEC
TAC,2019-12-31,free_cf,0.30524211502075194,SEC
TAC,2020-12-31,free_cf,0.15262105751037597,SEC
TAC,2021-12-31,free_cf,0.3681276433467865,SEC
TAC,2022-12-31,free_cf,-0.02896973776817322,SEC
TAC,2023-12-31,free_cf,0.4161750133037567,SEC
TAC,2024-12-31,free_cf,0.3426908004283905,SEC
TAC,2025-12-31,free_cf,0.2805118510723114,SEC
TAC,2016-12-31,long_term_debt,2.629886926174164,SEC
TAC,2017-12-31,long_term_debt,2.0914737510681154,SEC
TAC,2018-12-31,long_term_debt,2.2038198072910307,SEC
TAC,2019-12-31,long_term_debt,1.9070566399097442,SEC
TAC,2020-12-31,long_term_debt,2.300621126174927,SEC
TAC,2021-12-31,long_term_debt,1.7120408442020416,SEC
TAC,2022-12-31,long_term_debt,2.455361920595169,SEC
TAC,2023-12-31,long_term_debt,2.0731026978492735,SEC
TAC,2024-12-31,long_term_debt,2.286489546775818,SEC
TAC,2025-12-31,long_term_debt,2.4150869193077087,SEC
TAC,2016-12-31,net_debt,2.8658843021392824,SEC
TAC,2017-12-31,net_debt,2.397422445058823,SEC
TAC,2018-12-31,net_debt,2.245507966518402,SEC
TAC,2019-12-31,net_debt,1.9791276948451997,SEC
TAC,2020-12-31,net_debt,1.8780869021415711,SEC
TAC,2021-12-31,net_debt,1.639263210296631,SEC
TAC,2022-12-31,net_debt,1.7798724253177642,SEC
TAC,2023-12-31,net_debt,2.2031132283210755,SEC
TAC,2024-12-31,net_debt,2.4525356047153473,SEC
TAC,2025-12-31,net_debt,2.393889550209045,SEC
TAC,2016-12-31,net_income,0.11941184592247009,SEC
TAC,2017-12-31,net_income,-0.11305263519287109,SEC
TAC,2018-12-31,net_income,-0.13990263605117798,SEC
TAC,2019-12-31,net_income,0.05793947553634644,SEC
TAC,2020-12-31,net_income,-0.20278816437721253,SEC
TAC,2021-12-31,net_income,-0.3794329068660736,SEC
TAC,2022-12-31,net_income,0.03532894849777222,SEC
TAC,2023-12-31,net_income,0.4910723841190338,SEC
TAC,2024-12-31,net_income,0.16180658411979676,SEC
TAC,2025-12-31,net_income,-0.09750789785385132,SEC
TAC,2016-12-31,operating_cf,0.5256947536468506,SEC
TAC,2017-12-31,operating_cf,0.4423184351921082,SEC
TAC,2018-12-31,operating_cf,0.5793947553634644,SEC
TAC,2019-12-31,operating_cf,0.5998855454921722,SEC
TAC,2020-12-31,operating_cf,0.49601843690872194,SEC
TAC,2021-12-31,operating_cf,0.7072855489253997,SEC
TAC,2022-12-31,operating_cf,0.6196697566509247,SEC
TAC,2023-12-31,operating_cf,1.0344316120147705,SEC
TAC,2024-12-31,operating_cf,0.5624368600845336,SEC
TAC,2025-12-31,operating_cf,0.45645001459121703,SEC
TAC,2016-12-31,price,5.5,Yahoo
TAC,2017-12-31,price,5.949999809265137,Yahoo
TAC,2018-12-31,price,4.119999885559082,Yahoo
TAC,2019-12-31,price,7.159999847412109,Yahoo
TAC,2020-12-31,price,7.590000152587891,Yahoo
TAC,2021-12-31,price,11.119999885559082,Yahoo
TAC,2022-12-31,price,8.970000267028809,Yahoo
TAC,2023-12-31,price,8.3100004196167,Yahoo
TAC,2024-12-31,price,14.149999618530273,Yahoo
TAC,2025-12-31,price,12.640000343322754,Yahoo
TAC,2016-12-31,revenue,1.6936697909832001,SEC
TAC,2017-12-31,revenue,1.6300776836872102,SEC
TAC,2018-12-31,revenue,1.5890961034297943,SEC
TAC,2019-12-31,revenue,1.6583408424854278,SEC
TAC,2020-12-31,revenue,1.4845224158763886,SEC
TAC,2021-12-31,revenue,1.922601377248764,SEC
TAC,2022-12-31,revenue,2.1027790145874024,SEC
TAC,2023-12-31,revenue,2.3705724442005156,SEC
TAC,2024-12-31,revenue,2.010217169523239,SEC
TAC,2025-12-31,revenue,1.6993224227428436,SEC
TAC,2016-12-31,short_term_debt,0.4515039618015289,SEC
TAC,2017-12-31,short_term_debt,0.5278144905567169,SEC
TAC,2018-12-31,short_term_debt,0.10457368755340576,SEC
TAC,2019-12-31,short_term_debt,0.36247501158714296,SEC
TAC,2020-12-31,short_term_debt,0.07419079184532165,SEC
TAC,2021-12-31,short_term_debt,0.5963526506423951,SEC
TAC,2022-12-31,short_term_debt,0.12577105665206909,SEC
TAC,2023-12-31,short_term_debt,0.3759000120162964,SEC
TAC,2024-12-31,short_term_debt,0.40416317081451414,SEC
TAC,2025-12-31,short_term_debt,0.12365131974220275,SEC
TAC,2016-12-31,total_debt,3.081390887975693,SEC
TAC,2017-12-31,total_debt,2.619288241624832,SEC
TAC,2018-12-31,total_debt,2.3083934948444367,SEC
TAC,2019-12-31,total_debt,2.2695316514968873,SEC
TAC,2020-12-31,total_debt,2.3748119180202485,SEC
TAC,2021-12-31,total_debt,2.3083934948444367,SEC
TAC,2022-12-31,total_debt,2.581132977247238,SEC
TAC,2023-12-31,total_debt,2.44900270986557,SEC
TAC,2024-12-31,total_debt,2.690652717590332,SEC
TAC,2025-12-31,total_debt,2.5387382390499114,SEC
TLN,2021-12-31,capex,-0.25,Yahoo
TLN,2022-12-31,capex,-0.232,SEC
TLN,2024-12-31,capex,-0.085,SEC
TLN,2025-12-31,capex,-0.098,SEC
TLN,2022-12-31,cash,0.988,SEC
TLN,2023-12-31,cash,0.4,Yahoo
TLN,2024-12-31,cash,0.328,SEC
TLN,2025-12-31,cash,0.689,SEC
TLN,2021-12-31,ebitda,-0.309,Yahoo
TLN,2022-12-31,ebitda,0.761,SEC
TLN,2024-12-31,ebitda,0.524,SEC
TLN,2025-12-31,ebitda,0.189,SEC
TLN,2021-12-31,eps,-2198.06,Yahoo
TLN,2022-12-31,eps,-2864.444444,Yahoo
TLN,2024-12-31,eps,17.67,SEC
TLN,2025-12-31,eps,-4.79,SEC
TLN,2021-12-31,fcff_before_growth,-0.58846,Yahoo
TLN,2022-12-31,fcff_before_growth,-0.333,SEC
TLN,2024-12-31,fcff_before_growth,-0.042,SEC
TLN,2025-12-31,fcff_before_growth,0.425,SEC
TLN,2021-12-31,free_cf,-0.5409999999999999,Yahoo
TLN,2022-12-31,free_cf,-0.045,SEC
TLN,2024-12-31,free_cf,0.171,SEC
TLN,2025-12-31,free_cf,0.606,SEC
TLN,2022-12-31,long_term_debt,2.494,Yahoo
TLN,2023-12-31,long_term_debt,2.811,Yahoo
TLN,2024-12-31,long_term_debt,2.987,SEC
TLN,2025-12-31,long_term_debt,6.782,SEC
TLN,2024-12-31,market_cap,11.380234488952636,Yahoo price x SEC shares
TLN,2025-12-31,market_cap,17.127189112670898,Yahoo price x SEC shares
TLN,2022-12-31,net_debt,4.351,Yahoo
TLN,2023-12-31,net_debt,2.42,Yahoo
TLN,2024-12-31,net_debt,2.676,SEC
TLN,2025-12-31,net_debt,6.122,SEC
TLN,2021-12-31,net_income,-0.989,Yahoo
TLN,2022-12-31,net_income,-1.289,SEC
TLN,2024-12-31,net_income,0.998,SEC
TLN,2025-12-31,net_income,-0.219,SEC
TLN,2021-12-31,operating_cf,-0.291,Yahoo
TLN,2022-12-31,operating_cf,0.187,SEC
TLN,2024-12-31,operating_cf,0.256,SEC
TLN,2025-12-31,operating_cf,0.704,SEC
TLN,2023-12-31,price,64.0,Yahoo
TLN,2024-12-31,price,201.47000122070312,Yahoo
TLN,2025-12-31,price,374.8399963378906,Yahoo
TLN,2021-12-31,revenue,1.775,Yahoo
TLN,2022-12-31,revenue,3.209,SEC
TLN,2024-12-31,revenue,2.115,SEC
TLN,2025-12-31,revenue,2.581,SEC
TLN,2022-12-31,short_term_debt,1.858,Yahoo
TLN,2023-12-31,short_term_debt,0.009,Yahoo
TLN,2024-12-31,short_term_debt,0.017,SEC
TLN,2025-12-31,short_term_debt,0.029,SEC
TLN,2022-12-31,total_debt,4.352,Yahoo
TLN,2023-12-31,total_debt,2.82,Yahoo
TLN,2024-12-31,total_debt,3.004,SEC
TLN,2025-12-31,total_debt,6.811,SEC
TXNM,2016-12-31,capex,-0.600076,SEC
TXNM,2017-12-31,capex,-0.500461,SEC
TXNM,2018-12-31,capex,-0.501213,SEC
TXNM,2019-12-31,capex,-0.616273,SEC
TXNM,2020-12-31,capex,-0.679028,SEC
TXNM,2021-12-31,capex,-0.935016,SEC
TXNM,2022-12-31,capex,-0.912557,SEC
TXNM,2023-12-31,capex,-1.075812,SEC
TXNM,2024-12-31,capex,-1.247041,SEC
TXNM,2025-12-31,capex,-1.195922,SEC
TXNM,2016-12-31,cash,0.005522,SEC
TXNM,2017-12-31,cash,0.003974,SEC
TXNM,2018-12-31,cash,0.002122,SEC
TXNM,2019-12-31,cash,0.003833,SEC
TXNM,2020-12-31,cash,0.047928,SEC
TXNM,2021-12-31,cash,0.001104,SEC
TXNM,2022-12-31,cash,0.004078,SEC
TXNM,2023-12-31,cash,0.002215,SEC
TXNM,2024-12-31,cash,0.004498,SEC
TXNM,2025-12-31,cash,0.018256,SEC
TXNM,2016-12-31,ebitda,0.526758,SEC
TXNM,2017-12-31,ebitda,0.583233,SEC
TXNM,2018-12-31,ebitda,0.511688,SEC
TXNM,2019-12-31,ebitda,0.445268,SEC
TXNM,2020-12-31,ebitda,0.599949,SEC
TXNM,2021-12-31,ebitda,0.628363,SEC
TXNM,2022-12-31,ebitda,0.734883,SEC
TXNM,2023-12-31,ebitda,0.585032,SEC
TXNM,2024-12-31,ebitda,0.876496,SEC
TXNM,2025-12-31,ebitda,0.924557,SEC
TXNM,2016-12-31,eps,1.46,SEC
TXNM,2017-12-31,eps,1.0,SEC
TXNM,2018-12-31,eps,1.07,SEC
TXNM,2019-12-31,eps,0.97,SEC
TXNM,2020-12-31,eps,2.15,SEC
TXNM,2021-12-31,eps,2.27,SEC
TXNM,2022-12-31,eps,1.97,SEC
TXNM,2023-12-31,eps,1.02,SEC
TXNM,2024-12-31,eps,2.67,SEC
TXNM,2025-12-31,eps,1.48,SEC
TXNM,2016-12-31,fcff_before_growth,0.26787007,SEC
TXNM,2017-12-31,fcff_before_growth,0.35609175,SEC
TXNM,2018-12-31,fcff_before_growth,0.25310776,SEC
TXNM,2019-12-31,fcff_before_growth,0.29769764,SEC
TXNM,2020-12-31,fcff_before_growth,0.26140168,SEC
TXNM,2021-12-31,fcff_before_growth,0.30419583,SEC
TXNM,2022-12-31,fcff_before_growth,0.32720832,SEC
TXNM,2023-12-31,fcff_before_growth,0.34785945,SEC
TXNM,2024-12-31,fcff_before_growth,0.08515,SEC
TXNM,2025-12-31,fcff_before_growth,0.101111,SEC
TXNM,2016-12-31,free_cf,-0.191793,SEC
TXNM,2017-12-31,free_cf,0.023001,SEC
TXNM,2018-12-31,free_cf,-0.072987,SEC
TXNM,2019-12-31,free_cf,-0.11311,SEC
TXNM,2020-12-31,free_cf,-0.193328,SEC
TXNM,2021-12-31,free_cf,-0.387143,SEC
TXNM,2022-12-31,free_cf,-0.345273,SEC
TXNM,2023-12-31,free_cf,-0.524641,SEC
TXNM,2024-12-31,free_cf,-0.738881,SEC
TXNM,2025-12-31,free_cf,-0.611433,SEC
TXNM,2016-12-31,long_term_debt,2.119364,SEC
TXNM,2017-12-31,long_term_debt,2.18075,SEC
TXNM,2018-12-31,long_term_debt,2.670111,SEC
TXNM,2019-12-31,long_term_debt,2.517449,SEC
TXNM,2020-12-31,long_term_debt,2.719632,SEC
TXNM,2021-12-31,long_term_debt,3.51958,SEC
TXNM,2022-12-31,long_term_debt,3.892594,SEC
TXNM,2023-12-31,long_term_debt,4.241642,SEC
TXNM,2024-12-31,long_term_debt,4.311765,SEC
TXNM,2025-12-31,long_term_debt,5.116026,SEC
TXNM,2016-12-31,market_cap,2.7485275388641357,Yahoo price x SEC shares
TXNM,2017-12-31,market_cap,3.2417035111427306,Yahoo price x SEC shares
TXNM,2018-12-31,market_cap,3.2876930922088623,Yahoo price x SEC shares
TXNM,2019-12-31,market_cap,4.056292826766968,Yahoo price x SEC shares
TXNM,2020-12-31,market_cap,3.897104491973877,Yahoo price x SEC shares
TXNM,2021-12-31,market_cap,3.9275227625579836,Yahoo price x SEC shares
TXNM,2022-12-31,market_cap,4.204185588890076,Yahoo price x SEC shares
TXNM,2023-12-31,market_cap,3.5929502682113648,Yahoo price x SEC shares
TXNM,2024-12-31,market_cap,4.454359304122925,Yahoo price x SEC shares
TXNM,2025-12-31,market_cap,6.028841069366455,Yahoo price x SEC shares
TXNM,2016-12-31,net_debt,2.67429,SEC
TXNM,2017-12-31,net_debt,2.739071,SEC
TXNM,2018-12-31,net_debt,2.903889,SEC
TXNM,2019-12-31,net_debt,3.1889839999999996,SEC
TXNM,2020-12-31,net_debt,3.279222,SEC
TXNM,2021-12-31,net_debt,3.760515,SEC
TXNM,2022-12-31,net_debt,4.305309,SEC
TXNM,2023-12-31,net_debt,4.781496000000001,SEC
TXNM,2024-12-31,net_debt,5.52817,SEC
TXNM,2025-12-31,net_debt,5.581708,SEC
TXNM,2016-12-31,net_income,0.116849,SEC
TXNM,2017-12-31,net_income,0.079874,SEC
TXNM,2018-12-31,net_income,0.085642,SEC
TXNM,2019-12-31,net_income,0.077362,SEC
TXNM,2020-12-31,net_income,0.172775,SEC
TXNM,2021-12-31,net_income,0.195829,SEC
TXNM,2022-12-31,net_income,0.16953,SEC
TXNM,2023-12-31,net_income,0.087818,SEC
TXNM,2024-12-31,net_income,0.242154,SEC
TXNM,2025-12-31,net_income,0.151362,SEC
TXNM,2016-12-31,operating_cf,0.408283,SEC
TXNM,2017-12-31,operating_cf,0.523462,SEC
TXNM,2018-12-31,operating_cf,0.428226,SEC
TXNM,2019-12-31,operating_cf,0.503163,SEC
TXNM,2020-12-31,operating_cf,0.4857,SEC
TXNM,2021-12-31,operating_cf,0.547873,SEC
TXNM,2022-12-31,operating_cf,0.567284,SEC
TXNM,2023-12-31,operating_cf,0.551171,SEC
TXNM,2024-12-31,operating_cf,0.50816,SEC
TXNM,2025-12-31,operating_cf,0.584489,SEC
TXNM,2016-12-31,price,34.29999923706055,Yahoo
TXNM,2017-12-31,price,40.45000076293945,Yahoo
TXNM,2018-12-31,price,41.09000015258789,Yahoo
TXNM,2019-12-31,price,50.709999084472656,Yahoo
TXNM,2020-12-31,price,48.529998779296875,Yahoo
TXNM,2021-12-31,price,45.61000061035156,Yahoo
TXNM,2022-12-31,price,48.790000915527344,Yahoo
TXNM,2023-12-31,price,41.599998474121094,Yahoo
TXNM,2024-12-31,price,49.16999816894531,Yahoo
TXNM,2025-12-31,price,58.880001068115234,Yahoo
TXNM,2016-12-31,revenue,1.362951,SEC
TXNM,2017-12-31,revenue,1.445003,SEC
TXNM,2018-12-31,revenue,1.436613,SEC
TXNM,2019-12-31,revenue,1.457603,SEC
TXNM,2020-12-31,revenue,1.523012,SEC
TXNM,2021-12-31,revenue,1.779873,SEC
TXNM,2022-12-31,revenue,2.250217,SEC
TXNM,2023-12-31,revenue,1.939198,SEC
TXNM,2024-12-31,revenue,1.971199,SEC
TXNM,2025-12-31,revenue,2.165606,SEC
TXNM,2016-12-31,short_term_debt,0.560448,SEC
TXNM,2017-12-31,short_term_debt,0.562295,SEC
TXNM,2018-12-31,short_term_debt,0.2359,SEC
TXNM,2019-12-31,short_term_debt,0.675368,SEC
TXNM,2020-12-31,short_term_debt,0.607518,SEC
TXNM,2021-12-31,short_term_debt,0.242039,SEC
TXNM,2022-12-31,short_term_debt,0.416793,SEC
TXNM,2023-12-31,short_term_debt,0.542069,SEC
TXNM,2024-12-31,short_term_debt,1.220903,SEC
TXNM,2025-12-31,short_term_debt,0.483938,SEC
TXNM,2016-12-31,total_debt,2.679812,SEC
TXNM,2017-12-31,total_debt,2.743045,SEC
TXNM,2018-12-31,total_debt,2.906011,SEC
TXNM,2019-12-31,total_debt,3.192817,SEC
TXNM,2020-12-31,total_debt,3.32715,SEC
TXNM,2021-12-31,total_debt,3.761619,SEC
TXNM,2022-12-31,total_debt,4.309387,SEC
TXNM,2023-12-31,total_debt,4.783711,SEC
TXNM,2024-12-31,total_debt,5.532668,SEC
TXNM,2025-12-31,total_debt,5.599964,SEC
UGI,2016-09-30,capex,-0.5638,SEC
UGI,2017-09-30,capex,-0.6389,SEC
UGI,2018-09-30,capex,-0.574,SEC
UGI,2019-09-30,capex,-0.705,SEC
UGI,2020-09-30,capex,-0.655,SEC
UGI,2021-09-30,capex,-0.69,SEC
UGI,2022-09-30,capex,-0.804,SEC
UGI,2023-09-30,capex,-0.974,SEC
UGI,2024-09-30,capex,-0.796,SEC
UGI,2025-09-30,capex,-0.837,SEC
UGI,2016-09-30,cash,0.5028,SEC
UGI,2017-09-30,cash,0.558,SEC
UGI,2018-09-30,cash,0.452,SEC
UGI,2019-09-30,cash,0.447,SEC
UGI,2020-09-30,cash,0.336,SEC
UGI,2021-09-30,cash,0.855,SEC
UGI,2022-09-30,cash,0.405,SEC
UGI,2023-09-30,cash,0.241,SEC
UGI,2024-09-30,cash,0.213,SEC
UGI,2025-09-30,cash,0.335,SEC
UGI,2016-09-30,ebitda,1.3889,SEC
UGI,2017-09-30,ebitda,1.4263,SEC
UGI,2018-09-30,ebitda,1.52,SEC
UGI,2019-09-30,ebitda,1.065,SEC
UGI,2020-09-30,ebitda,1.466,SEC
UGI,2021-09-30,ebitda,2.852,SEC
UGI,2022-09-30,ebitda,2.184,SEC
UGI,2023-09-30,ebitda,-0.912,SEC
UGI,2024-09-30,ebitda,1.321,SEC
UGI,2025-09-30,ebitda,1.668,SEC
UGI,2016-09-30,eps,2.08,SEC
UGI,2017-09-30,eps,2.46,SEC
UGI,2018-09-30,eps,4.06,SEC
UGI,2019-09-30,eps,1.41,SEC
UGI,2020-09-30,eps,2.54,SEC
UGI,2021-09-30,eps,6.92,SEC
UGI,2022-09-30,eps,4.97,SEC
UGI,2023-09-30,eps,-7.16,SEC
UGI,2024-09-30,eps,1.25,SEC
UGI,2025-09-30,eps,3.09,SEC
UGI,2016-09-30,fcff_before_growth,0.5688,SEC
UGI,2017-09-30,fcff_before_growth,0.5481,SEC
UGI,2018-09-30,fcff_before_growth,0.8117,SEC
UGI,2019-09-30,fcff_before_growth,0.83382,SEC
UGI,2020-09-30,fcff_before_growth,0.87238,SEC
UGI,2021-09-30,fcff_before_growth,1.2239,SEC
UGI,2022-09-30,fcff_before_growth,0.45791,SEC
UGI,2023-09-30,fcff_before_growth,0.87441,SEC
UGI,2024-09-30,fcff_before_growth,0.631,SEC
UGI,2025-09-30,fcff_before_growth,0.666,SEC
UGI,2016-09-30,free_cf,0.4059,SEC
UGI,2017-09-30,free_cf,0.3255,SEC
UGI,2018-09-30,free_cf,0.511,SEC
UGI,2019-09-30,free_cf,0.373,SEC
UGI,2020-09-30,free_cf,0.447,SEC
UGI,2021-09-30,free_cf,0.791,SEC
UGI,2022-09-30,free_cf,-0.088,SEC
UGI,2023-09-30,free_cf,0.133,SEC
UGI,2024-09-30,free_cf,0.386,SEC
UGI,2025-09-30,free_cf,0.39,SEC
UGI,2016-09-30,long_term_debt,3.766,SEC
UGI,2017-09-30,long_term_debt,3.9946,SEC
UGI,2018-09-30,long_term_debt,4.1465,SEC
UGI,2019-09-30,long_term_debt,5.78,SEC
UGI,2020-09-30,long_term_debt,5.981,SEC
UGI,2021-09-30,long_term_debt,6.339,SEC
UGI,2022-09-30,long_term_debt,6.483,SEC
UGI,2023-09-30,long_term_debt,6.543,SEC
UGI,2024-09-30,long_term_debt,6.443,SEC
UGI,2025-09-30,long_term_debt,6.531,SEC
UGI,2016-09-30,market_cap,7.942877574691773,Yahoo price x SEC shares
UGI,2017-09-30,market_cap,8.301670848129273,Yahoo price x SEC shares
UGI,2018-09-30,market_cap,9.814689319019317,Yahoo price x SEC shares
UGI,2019-09-30,market_cap,9.104450052906037,Yahoo price x SEC shares
UGI,2020-09-30,market_cap,6.921479523929596,Yahoo price x SEC shares
UGI,2021-09-30,market_cap,9.040809893424989,Yahoo price x SEC shares
UGI,2022-09-30,market_cap,6.9774933251800535,Yahoo price x SEC shares
UGI,2023-09-30,market_cap,4.825538,Yahoo price x SEC shares
UGI,2024-09-30,market_cap,5.386080518543244,Yahoo price x SEC shares
UGI,2025-09-30,market_cap,7.289261232147217,Yahoo price x SEC shares
UGI,2016-09-30,net_debt,3.5844,SEC
UGI,2017-09-30,net_debt,3.981,SEC
UGI,2018-09-30,net_debt,4.1383,SEC
UGI,2019-09-30,net_debt,6.153,SEC
UGI,2020-09-30,net_debt,6.045,SEC
UGI,2021-09-30,net_debt,5.961,SEC
UGI,2022-09-30,net_debt,6.595,SEC
UGI,2023-09-30,net_debt,7.008,SEC
UGI,2024-09-30,net_debt,6.93,SEC
UGI,2025-09-30,net_debt,6.799,SEC
UGI,2016-09-30,net_income,0.3647,SEC
UGI,2017-09-30,net_income,0.4366,SEC
UGI,2018-09-30,net_income,0.719,SEC
UGI,2019-09-30,net_income,0.256,SEC
UGI,2020-09-30,net_income,0.532,SEC
UGI,2021-09-30,net_income,1.467,SEC
UGI,2022-09-30,net_income,1.073,SEC
UGI,2023-09-30,net_income,-1.502,SEC
UGI,2024-09-30,net_income,0.269,SEC
UGI,2025-09-30,net_income,0.678,SEC
UGI,2016-09-30,operating_cf,0.9697,SEC
UGI,2017-09-30,operating_cf,0.9644,SEC
UGI,2018-09-30,operating_cf,1.085,SEC
UGI,2019-09-30,operating_cf,1.078,SEC
UGI,2020-09-30,operating_cf,1.102,SEC
UGI,2021-09-30,operating_cf,1.481,SEC
UGI,2022-09-30,operating_cf,0.716,SEC
UGI,2023-09-30,operating_cf,1.107,SEC
UGI,2024-09-30,operating_cf,1.182,SEC
UGI,2025-09-30,operating_cf,1.227,SEC
UGI,2016-09-30,price,45.2400016784668,Yahoo
UGI,2017-09-30,price,46.86000061035156,Yahoo
UGI,2018-09-30,price,55.47999954223633,Yahoo
UGI,2019-09-30,price,50.27000045776367,Yahoo
UGI,2020-09-30,price,32.97999954223633,Yahoo
UGI,2021-09-30,price,42.619998931884766,Yahoo
UGI,2022-09-30,price,32.33000183105469,Yahoo
UGI,2023-09-30,price,23.0,Yahoo
UGI,2024-09-30,price,25.020000457763672,Yahoo
UGI,2025-09-30,price,33.2599983215332,Yahoo
UGI,2016-09-30,revenue,5.6857,SEC
UGI,2017-09-30,revenue,6.1207,SEC
UGI,2018-09-30,revenue,7.6512,SEC
UGI,2019-09-30,revenue,7.32,SEC
UGI,2020-09-30,revenue,6.559,SEC
UGI,2021-09-30,revenue,7.447,SEC
UGI,2022-09-30,revenue,10.106,SEC
UGI,2023-09-30,revenue,8.928,SEC
UGI,2024-09-30,revenue,7.21,SEC
UGI,2025-09-30,revenue,7.287,SEC
UGI,2016-09-30,short_term_debt,0.3212,SEC
UGI,2017-09-30,short_term_debt,0.5444,SEC
UGI,2018-09-30,short_term_debt,0.4438,SEC
UGI,2019-09-30,short_term_debt,0.82,SEC
UGI,2020-09-30,short_term_debt,0.4,SEC
UGI,2021-09-30,short_term_debt,0.477,SEC
UGI,2022-09-30,short_term_debt,0.517,SEC
UGI,2023-09-30,short_term_debt,0.706,SEC
UGI,2024-09-30,short_term_debt,0.7,SEC
UGI,2025-09-30,short_term_debt,0.603,SEC
UGI,2016-09-30,total_debt,4.0872,SEC
UGI,2017-09-30,total_debt,4.539,SEC
UGI,2018-09-30,total_debt,4.5903,SEC
UGI,2019-09-30,total_debt,6.6,SEC
UGI,2020-09-30,total_debt,6.381,SEC
UGI,2021-09-30,total_debt,6.816,SEC
UGI,2022-09-30,total_debt,7.0,SEC
UGI,2023-09-30,total_debt,7.249,SEC
UGI,2024-09-30,total_debt,7.143,SEC
UGI,2025-09-30,total_debt,7.134,SEC
UTL,2016-12-31,capex,-0.0981,SEC
UTL,2017-12-31,capex,-0.1193,SEC
UTL,2018-12-31,capex,-0.1024,SEC
UTL,2019-12-31,capex,-0.1192,SEC
UTL,2020-12-31,capex,-0.1226,SEC
UTL,2021-12-31,capex,-0.115,SEC
UTL,2022-12-31,capex,-0.1221,SEC
UTL,2023-12-31,capex,-0.141,SEC
UTL,2024-12-31,capex,-0.1699,SEC
UTL,2025-12-31,capex,-0.1851,SEC
UTL,2016-12-31,cash,0.0058,SEC
UTL,2017-12-31,cash,0.0089,SEC
UTL,2018-12-31,cash,0.0078,SEC
UTL,2019-12-31,cash,0.0052,SEC
UTL,2020-12-31,cash,0.006,SEC
UTL,2021-12-31,cash,0.0065,SEC
UTL,2022-12-31,cash,0.009,SEC
UTL,2023-12-31,cash,0.0065,SEC
UTL,2024-12-31,cash,0.0063,SEC
UTL,2025-12-31,cash,0.0156,SEC
UTL,2016-12-31,ebitda,0.1168,SEC
UTL,2017-12-31,ebitda,0.1223,SEC
UTL,2018-12-31,ebitda,0.1216,SEC
UTL,2019-12-31,ebitda,0.1251,SEC
UTL,2020-12-31,ebitda,0.1259,SEC
UTL,2021-12-31,ebitda,0.1373,SEC
UTL,2022-12-31,ebitda,0.1431,SEC
UTL,2023-12-31,ebitda,0.1545,SEC
UTL,2024-12-31,ebitda,0.1667,SEC
UTL,2025-12-31,ebitda,0.1899,SEC
UTL,2016-12-31,eps,1.94,SEC
UTL,2017-12-31,eps,2.06,SEC
UTL,2018-12-31,eps,2.23,SEC
UTL,2019-12-31,eps,2.97,SEC
UTL,2020-12-31,eps,2.15,SEC
UTL,2021-12-31,eps,2.35,SEC
UTL,2022-12-31,eps,2.59,SEC
UTL,2023-12-31,eps,2.82,SEC
UTL,2024-12-31,eps,2.93,SEC
UTL,2025-12-31,eps,2.97,SEC
UTL,2016-12-31,fcff_before_growth,0.040423,SEC
UTL,2017-12-31,fcff_before_growth,0.059445,SEC
UTL,2018-12-31,fcff_before_growth,0.048956,SEC
UTL,2019-12-31,fcff_before_growth,0.073914,SEC
UTL,2020-12-31,fcff_before_growth,0.042056,SEC
UTL,2021-12-31,fcff_before_growth,0.069788,SEC
UTL,2022-12-31,fcff_before_growth,0.057457,SEC
UTL,2023-12-31,fcff_before_growth,0.067171,SEC
UTL,2024-12-31,fcff_before_growth,0.079583,SEC
UTL,2025-12-31,fcff_before_growth,0.077202,SEC
UTL,2016-12-31,free_cf,-0.0298,SEC
UTL,2017-12-31,free_cf,-0.0331,SEC
UTL,2018-12-31,free_cf,-0.0239,SEC
UTL,2019-12-31,free_cf,-0.0143,SEC
UTL,2020-12-31,free_cf,-0.0469,SEC
UTL,2021-12-31,free_cf,-0.0072,SEC
UTL,2022-12-31,free_cf,-0.0244,SEC
UTL,2023-12-31,free_cf,-0.034,SEC
UTL,2024-12-31,free_cf,-0.044,SEC
UTL,2025-12-31,free_cf,-0.0538,SEC
UTL,2016-12-31,long_term_debt,0.3168,SEC
UTL,2017-12-31,long_term_debt,0.3763,SEC
UTL,2018-12-31,long_term_debt,0.3874,SEC
UTL,2019-12-31,long_term_debt,0.4375,SEC
UTL,2020-12-31,long_term_debt,0.5231,SEC
UTL,2021-12-31,long_term_debt,0.4978,SEC
UTL,2022-12-31,long_term_debt,0.4891,SEC
UTL,2023-12-31,long_term_debt,0.5091,SEC
UTL,2024-12-31,long_term_debt,0.6384,SEC
UTL,2025-12-31,long_term_debt,0.6326,SEC
UTL,2016-12-31,market_cap,0.6345786421356201,Yahoo price x SEC shares
UTL,2017-12-31,market_cap,0.6433332249374389,Yahoo price x SEC shares
UTL,2018-12-31,market_cap,0.7509405509490967,Yahoo price x SEC shares
UTL,2019-12-31,market_cap,0.9211179954528809,Yahoo price x SEC shares
UTL,2020-12-31,market_cap,0.6619250468444824,Yahoo price x SEC shares
UTL,2021-12-31,market_cap,0.7071422658081055,Yahoo price x SEC shares
UTL,2022-12-31,market_cap,0.8215545697631836,Yahoo price x SEC shares
UTL,2023-12-31,market_cap,0.8438929048910904,Yahoo price x SEC shares
UTL,2024-12-31,market_cap,0.8729504811775589,Yahoo price x SEC shares
UTL,2025-12-31,market_cap,0.8131987322655296,Yahoo price x SEC shares
UTL,2016-12-31,net_debt,0.40969999999999995,SEC
UTL,2017-12-31,net_debt,0.4355,SEC
UTL,2018-12-31,net_debt,0.4808,SEC
UTL,2019-12-31,net_debt,0.5104,SEC
UTL,2020-12-31,net_debt,0.5803,SEC
UTL,2021-12-31,net_debt,0.5636000000000001,SEC
UTL,2022-12-31,net_debt,0.6028,SEC
UTL,2023-12-31,net_debt,0.6695000000000001,SEC
UTL,2024-12-31,net_debt,0.7428,SEC
UTL,2025-12-31,net_debt,0.9106000000000001,SEC
UTL,2016-12-31,net_income,0.0271,SEC
UTL,2017-12-31,net_income,0.029,SEC
UTL,2018-12-31,net_income,0.033,SEC
UTL,2019-12-31,net_income,0.0442,SEC
UTL,2020-12-31,net_income,0.0322,SEC
UTL,2021-12-31,net_income,0.0361,SEC
UTL,2022-12-31,net_income,0.0414,SEC
UTL,2023-12-31,net_income,0.0452,SEC
UTL,2024-12-31,net_income,0.0471,SEC
UTL,2025-12-31,net_income,0.0502,SEC
UTL,2016-12-31,operating_cf,0.0683,SEC
UTL,2017-12-31,operating_cf,0.0862,SEC
UTL,2018-12-31,operating_cf,0.0785,SEC
UTL,2019-12-31,operating_cf,0.1049,SEC
UTL,2020-12-31,operating_cf,0.0757,SEC
UTL,2021-12-31,operating_cf,0.1078,SEC
UTL,2022-12-31,operating_cf,0.0977,SEC
UTL,2023-12-31,operating_cf,0.107,SEC
UTL,2024-12-31,operating_cf,0.1259,SEC
UTL,2025-12-31,operating_cf,0.1313,SEC
UTL,2016-12-31,price,45.34000015258789,Yahoo
UTL,2017-12-31,price,45.619998931884766,Yahoo
UTL,2018-12-31,price,50.63999938964844,Yahoo
UTL,2019-12-31,price,61.81999969482422,Yahoo
UTL,2020-12-31,price,44.27000045776367,Yahoo
UTL,2021-12-31,price,45.9900016784668,Yahoo
UTL,2022-12-31,price,51.36000061035156,Yahoo
UTL,2023-12-31,price,52.56999969482422,Yahoo
UTL,2024-12-31,price,54.189998626708984,Yahoo
UTL,2025-12-31,price,48.439998626708984,Yahoo
UTL,2016-12-31,revenue,0.3834,SEC
UTL,2017-12-31,revenue,0.4062,SEC
UTL,2018-12-31,revenue,0.4441,SEC
UTL,2019-12-31,revenue,0.4382,SEC
UTL,2020-12-31,revenue,0.4186,SEC
UTL,2021-12-31,revenue,0.4733,SEC
UTL,2022-12-31,revenue,0.5632,SEC
UTL,2023-12-31,revenue,0.5571,SEC
UTL,2024-12-31,revenue,0.4948,SEC
UTL,2025-12-31,revenue,0.536,SEC
UTL,2016-12-31,short_term_debt,0.0987,SEC
UTL,2017-12-31,short_term_debt,0.0681,SEC
UTL,2018-12-31,short_term_debt,0.1012,SEC
UTL,2019-12-31,short_term_debt,0.0781,SEC
UTL,2020-12-31,short_term_debt,0.0632,SEC
UTL,2021-12-31,short_term_debt,0.0723,SEC
UTL,2022-12-31,short_term_debt,0.1227,SEC
UTL,2023-12-31,short_term_debt,0.1669,SEC
UTL,2024-12-31,short_term_debt,0.1107,SEC
UTL,2025-12-31,short_term_debt,0.2936,SEC
UTL,2016-12-31,total_debt,0.4155,SEC
UTL,2017-12-31,total_debt,0.4444,SEC
UTL,2018-12-31,total_debt,0.4886,SEC
UTL,2019-12-31,total_debt,0.5156,SEC
UTL,2020-12-31,total_debt,0.5863,SEC
UTL,2021-12-31,total_debt,0.5701,SEC
UTL,2022-12-31,total_debt,0.6118,SEC
UTL,2023-12-31,total_debt,0.676,SEC
UTL,2024-12-31,total_debt,0.7491,SEC
UTL,2025-12-31,total_debt,0.9262,SEC
VGAS,2022-12-31,capex,-4.411e-06,SEC
VGAS,2023-12-31,capex,-5.8588e-05,SEC
VGAS,2024-12-31,capex,-0.00255,SEC
VGAS,2025-12-31,capex,-0.007685,SEC
VGAS,2021-12-31,cash,0.000505518,SEC
VGAS,2022-12-31,cash,0.000463475,SEC
VGAS,2023-12-31,cash,0.028779177,SEC
VGAS,2024-12-31,cash,0.019044,SEC
VGAS,2025-12-31,cash,0.057215,SEC
VGAS,2022-12-31,ebitda,0.002729328,SEC
VGAS,2023-12-31,ebitda,-0.010541889,SEC
VGAS,2024-12-31,ebitda,-0.011644,SEC
VGAS,2025-12-31,ebitda,-0.016438,SEC
VGAS,2021-12-31,eps,-0.05,SEC
VGAS,2022-12-31,eps,0.290566,Yahoo
VGAS,2023-12-31,eps,-0.45,SEC
VGAS,2024-12-31,eps,-0.53,SEC
VGAS,2025-12-31,eps,-0.39,Yahoo
VGAS,2022-12-31,fcff_before_growth,-0.003289181,SEC
VGAS,2023-12-31,fcff_before_growth,-0.00892917079,SEC
VGAS,2024-12-31,fcff_before_growth,-0.008893,SEC
VGAS,2025-12-31,fcff_before_growth,-0.008905,SEC
VGAS,2022-12-31,free_cf,-0.003283558,SEC
VGAS,2023-12-31,free_cf,-0.009171254,SEC
VGAS,2024-12-31,free_cf,-0.01143,SEC
VGAS,2025-12-31,free_cf,-0.016574,SEC
VGAS,2022-12-31,long_term_debt,8.52e-05,Yahoo
VGAS,2023-12-31,long_term_debt,0.000641774,Yahoo
VGAS,2024-12-31,long_term_debt,7.8e-05,Yahoo
VGAS,2025-12-31,long_term_debt,1.2e-05,Yahoo
VGAS,2021-12-31,market_cap,0.03996900958739853,Yahoo price x SEC shares
VGAS,2023-12-31,market_cap,0.014491647795832872,Yahoo price x SEC shares
VGAS,2024-12-31,market_cap,0.025552724504689695,Yahoo price x SEC shares
VGAS,2022-12-31,net_debt,-0.0001291389999999,Yahoo
VGAS,2023-12-31,net_debt,-0.027840023,Yahoo
VGAS,2024-12-31,net_debt,-0.018812,Yahoo
VGAS,2025-12-31,net_debt,-0.057029,Yahoo
VGAS,2021-12-31,net_income,-0.000474585,SEC
VGAS,2022-12-31,net_income,0.002719294,SEC
VGAS,2023-12-31,net_income,-0.002743588,SEC
VGAS,2024-12-31,net_income,-0.003334,SEC
VGAS,2025-12-31,net_income,-0.006958,SEC
VGAS,2021-12-31,operating_cf,-0.000528283,SEC
VGAS,2022-12-31,operating_cf,-0.003279147,SEC
VGAS,2023-12-31,operating_cf,-0.009112666,SEC
VGAS,2024-12-31,operating_cf,-0.00888,SEC
VGAS,2025-12-31,operating_cf,-0.008889,SEC
VGAS,2021-12-31,price,9.920000076293945,Yahoo
VGAS,2022-12-31,price,9.109999656677246,Yahoo
VGAS,2023-12-31,price,2.359999895095825,Yahoo
VGAS,2024-12-31,price,4.065000057220459,Yahoo
VGAS,2025-12-31,price,2.059999942779541,Yahoo
VGAS,2022-12-31,revenue,0.0,Yahoo
VGAS,2023-12-31,revenue,0.0,Yahoo
VGAS,2024-12-31,revenue,0.0,Yahoo
VGAS,2025-12-31,revenue,0.0,Yahoo
VGAS,2022-12-31,short_term_debt,1.1166e-05,SEC
VGAS,2023-12-31,short_term_debt,0.00029738,Yahoo
VGAS,2024-12-31,short_term_debt,0.000154,Yahoo
VGAS,2025-12-31,short_term_debt,0.000174,Yahoo
VGAS,2022-12-31,total_debt,0.000334336,Yahoo
VGAS,2023-12-31,total_debt,0.000939154,Yahoo
VGAS,2024-12-31,total_debt,0.000232,Yahoo
VGAS,2025-12-31,total_debt,0.000186,Yahoo
VST,2017-12-31,capex,-0.114,SEC
VST,2018-12-31,capex,-0.53,SEC
VST,2019-12-31,capex,-0.713,SEC
VST,2020-12-31,capex,-1.259,SEC
VST,2021-12-31,capex,-1.033,SEC
VST,2022-12-31,capex,-1.301,SEC
VST,2023-12-31,capex,-1.676,SEC
VST,2024-12-31,capex,-2.078,SEC
VST,2025-12-31,capex,-2.752,SEC
VST,2017-12-31,cash,1.487,SEC
VST,2018-12-31,cash,0.636,SEC
VST,2019-12-31,cash,0.3,SEC
VST,2020-12-31,cash,0.406,SEC
VST,2021-12-31,cash,1.325,SEC
VST,2022-12-31,cash,0.455,SEC
VST,2023-12-31,cash,3.485,SEC
VST,2024-12-31,cash,1.188,SEC
VST,2025-12-31,cash,0.785,SEC
VST,2017-12-31,ebitda,0.897,SEC
VST,2018-12-31,ebitda,1.885,SEC
VST,2019-12-31,ebitda,3.633,SEC
VST,2020-12-31,ebitda,3.256,SEC
VST,2021-12-31,ebitda,0.238,SEC
VST,2022-12-31,ebitda,0.419,SEC
VST,2023-12-31,ebitda,4.163,SEC
VST,2024-12-31,ebitda,5.924,SEC
VST,2025-12-31,ebitda,3.892,SEC
VST,2017-12-31,eps,-0.59,SEC
VST,2018-12-31,eps,-0.11,SEC
VST,2019-12-31,eps,1.86,SEC
VST,2020-12-31,eps,1.3,SEC
VST,2021-12-31,eps,-2.69,SEC
VST,2022-12-31,eps,-3.26,SEC
VST,2023-12-31,eps,3.58,SEC
VST,2024-12-31,eps,7.0,SEC
VST,2025-12-31,eps,2.18,SEC
VST,2017-12-31,fcff_before_growth,0.83947,SEC
VST,2018-12-31,fcff_before_growth,0.52888,SEC
VST,2019-12-31,fcff_before_growth,1.72563,SEC
VST,2020-12-31,fcff_before_growth,2.0977,SEC
VST,2021-12-31,fcff_before_growth,-1.65564,SEC
VST,2022-12-31,fcff_before_growth,-0.82028,SEC
VST,2023-12-31,fcff_before_growth,4.5356,SEC
VST,2024-12-31,fcff_before_growth,2.72,SEC
VST,2025-12-31,fcff_before_growth,2.084,SEC
VST,2017-12-31,free_cf,1.272,SEC
VST,2018-12-31,free_cf,0.941,SEC
VST,2019-12-31,free_cf,2.023,SEC
VST,2020-12-31,free_cf,2.078,SEC
VST,2021-12-31,free_cf,-1.239,SEC
VST,2022-12-31,free_cf,-0.816,SEC
VST,2023-12-31,free_cf,3.777,SEC
VST,2024-12-31,free_cf,2.485,SEC
VST,2025-12-31,free_cf,1.318,SEC
VST,2017-12-31,long_term_debt,4.379,SEC
VST,2018-12-31,long_term_debt,10.874,SEC
VST,2019-12-31,long_term_debt,10.102,SEC
VST,2020-12-31,long_term_debt,9.235,SEC
VST,2021-12-31,long_term_debt,10.477,SEC
VST,2022-12-31,long_term_debt,11.933,SEC
VST,2023-12-31,long_term_debt,12.116,SEC
VST,2024-12-31,long_term_debt,15.418,SEC
VST,2025-12-31,long_term_debt,15.842,SEC
VST,2017-12-31,market_cap,7.836589816657562,Yahoo price x SEC shares
VST,2018-12-31,market_cap,11.558405243990311,Yahoo price x SEC shares
VST,2019-12-31,market_cap,11.493516800673847,Yahoo price x SEC shares
VST,2020-12-31,market_cap,9.654838525945541,Yahoo price x SEC shares
VST,2021-12-31,market_cap,10.9800253876203,Yahoo price x SEC shares
VST,2022-12-31,market_cap,9.80077243910154,Yahoo price x SEC shares
VST,2023-12-31,market_cap,14.452438768949776,Yahoo price x SEC shares
VST,2024-12-31,market_cap,48.60841884068115,Yahoo price x SEC shares
VST,2025-12-31,market_cap,55.76469392202516,Yahoo price x SEC shares
VST,2017-12-31,net_debt,2.936,SEC
VST,2018-12-31,net_debt,10.429,SEC
VST,2019-12-31,net_debt,10.428999999999998,SEC
VST,2020-12-31,net_debt,8.924,SEC
VST,2021-12-31,net_debt,9.406,SEC
VST,2022-12-31,net_debt,12.166,SEC
VST,2023-12-31,net_debt,10.917,SEC
VST,2024-12-31,net_debt,15.109999999999998,SEC
VST,2025-12-31,net_debt,18.058,SEC
VST,2017-12-31,net_income,-0.254,SEC
VST,2018-12-31,net_income,-0.054,SEC
VST,2019-12-31,net_income,0.928,SEC
VST,2020-12-31,net_income,0.636,SEC
VST,2021-12-31,net_income,-1.274,SEC
VST,2022-12-31,net_income,-1.227,SEC
VST,2023-12-31,net_income,1.493,SEC
VST,2024-12-31,net_income,2.659,SEC
VST,2025-12-31,net_income,0.944,SEC
VST,2017-12-31,operating_cf,1.386,SEC
VST,2018-12-31,operating_cf,1.471,SEC
VST,2019-12-31,operating_cf,2.736,SEC
VST,2020-12-31,operating_cf,3.337,SEC
VST,2021-12-31,operating_cf,-0.206,SEC
VST,2022-12-31,operating_cf,0.485,SEC
VST,2023-12-31,operating_cf,5.453,SEC
VST,2024-12-31,operating_cf,4.563,SEC
VST,2025-12-31,operating_cf,4.07,SEC
VST,2017-12-31,price,18.31999969482422,Yahoo
VST,2018-12-31,price,22.889999389648438,Yahoo
VST,2019-12-31,price,22.989999771118164,Yahoo
VST,2020-12-31,price,19.65999984741211,Yahoo
VST,2021-12-31,price,22.770000457763672,Yahoo
VST,2022-12-31,price,23.200000762939453,Yahoo
VST,2023-12-31,price,38.52000045776367,Yahoo
VST,2024-12-31,price,137.8699951171875,Yahoo
VST,2025-12-31,price,161.3300018310547,Yahoo
VST,2017-12-31,revenue,5.43,SEC
VST,2018-12-31,revenue,9.797,SEC
VST,2019-12-31,revenue,11.809,SEC
VST,2020-12-31,revenue,11.443,SEC
VST,2021-12-31,revenue,17.7,SEC
VST,2022-12-31,revenue,15.631,SEC
VST,2023-12-31,revenue,14.779,SEC
VST,2024-12-31,revenue,17.224,SEC
VST,2025-12-31,revenue,17.738,SEC
VST,2017-12-31,short_term_debt,0.044,SEC
VST,2018-12-31,short_term_debt,0.191,SEC
VST,2019-12-31,short_term_debt,0.627,SEC
VST,2020-12-31,short_term_debt,0.095,SEC
VST,2021-12-31,short_term_debt,0.254,SEC
VST,2022-12-31,short_term_debt,0.688,SEC
VST,2023-12-31,short_term_debt,2.286,SEC
VST,2024-12-31,short_term_debt,0.88,SEC
VST,2025-12-31,short_term_debt,3.001,SEC
VST,2017-12-31,total_debt,4.423,SEC
VST,2018-12-31,total_debt,11.065,SEC
VST,2019-12-31,total_debt,10.729,SEC
VST,2020-12-31,total_debt,9.33,SEC
VST,2021-12-31,total_debt,10.731,SEC
VST,2022-12-31,total_debt,12.621,SEC
VST,2023-12-31,total_debt,14.402,SEC
VST,2024-12-31,total_debt,16.298,SEC
VST,2025-12-31,total_debt,18.843,SEC
WAVE,2019-12-31,capex,-0.000154,SEC
WAVE,2020-12-31,capex,-0.000177,SEC
WAVE,2021-12-31,capex,-1.3e-05,SEC
WAVE,2022-12-31,capex,-3e-06,SEC
WAVE,2023-12-31,capex,-6e-06,SEC
WAVE,2024-12-31,capex,-3.3e-05,SEC
WAVE,2025-12-31,capex,-0.000525,SEC
WAVE,2019-12-31,cash,0.011702,SEC
WAVE,2020-12-31,cash,0.010734,SEC
WAVE,2021-12-31,cash,0.014621,SEC
WAVE,2022-12-31,cash,0.005295,SEC
WAVE,2023-12-31,cash,0.004281,SEC
WAVE,2024-12-31,cash,0.007845,SEC
WAVE,2025-12-31,cash,0.006022,SEC
WAVE,2019-12-31,ebitda,-0.001908,SEC
WAVE,2020-12-31,ebitda,-0.001695,SEC
WAVE,2021-12-31,ebitda,-0.002822,SEC
WAVE,2022-12-31,ebitda,-0.003398,SEC
WAVE,2023-12-31,ebitda,-0.002243,SEC
WAVE,2024-12-31,ebitda,-0.002204,SEC
WAVE,2025-12-31,ebitda,-0.002878,SEC
WAVE,2019-12-31,eps,-0.06,SEC
WAVE,2020-12-31,eps,-0.06,SEC
WAVE,2021-12-31,eps,-0.06,SEC
WAVE,2022-12-31,eps,-0.07,SEC
WAVE,2023-12-31,eps,-0.07,SEC
WAVE,2024-12-31,eps,-0.04,SEC
WAVE,2025-12-31,eps,-0.08,SEC
WAVE,2019-12-31,fcff_before_growth,-0.001223,SEC
WAVE,2020-12-31,fcff_before_growth,-0.00219998,SEC
WAVE,2021-12-31,fcff_before_growth,-0.0027464,SEC
WAVE,2022-12-31,fcff_before_growth,-0.00264019,SEC
WAVE,2023-12-31,fcff_before_growth,-0.00273545,Yahoo
WAVE,2024-12-31,fcff_before_growth,-0.00191071,Yahoo
WAVE,2025-12-31,fcff_before_growth,-0.00325134,Yahoo
WAVE,2019-12-31,free_cf,-0.001339,SEC
WAVE,2020-12-31,free_cf,-0.002284,SEC
WAVE,2021-12-31,free_cf,-0.002543,SEC
WAVE,2022-12-31,free_cf,-0.002465,SEC
WAVE,2023-12-31,free_cf,-0.002607,Yahoo
WAVE,2024-12-31,free_cf,-0.00185,Yahoo
WAVE,2025-12-31,free_cf,-0.003565,Yahoo
WAVE,2020-12-31,long_term_debt,0.001062,SEC
WAVE,2021-12-31,long_term_debt,0.000882,SEC
WAVE,2022-12-31,long_term_debt,0.000184,Yahoo
WAVE,2023-12-31,long_term_debt,7.8e-05,Yahoo
WAVE,2024-12-31,long_term_debt,4.7e-05,SEC
WAVE,2025-12-31,long_term_debt,2.4e-05,SEC
WAVE,2020-12-31,net_debt,-0.0095347444524467,SEC
WAVE,2021-12-31,net_debt,-0.013617468238323927,SEC
WAVE,2022-12-31,net_debt,-0.00406,Yahoo
WAVE,2023-12-31,net_debt,-0.00308,Yahoo
WAVE,2024-12-31,net_debt,-0.0077069999999999994,SEC
WAVE,2025-12-31,net_debt,-0.005859,SEC
WAVE,2019-12-31,net_income,-0.001995,SEC
WAVE,2020-12-31,net_income,-0.001959,SEC
WAVE,2021-12-31,net_income,-0.002347,SEC
WAVE,2022-12-31,net_income,-0.002901,SEC
WAVE,2023-12-31,net_income,-0.00171,SEC
WAVE,2024-12-31,net_income,-0.002077,SEC
WAVE,2025-12-31,net_income,-0.003697,SEC
WAVE,2019-12-31,operating_cf,-0.001185,SEC
WAVE,2020-12-31,operating_cf,-0.002107,SEC
WAVE,2021-12-31,operating_cf,-0.00253,SEC
WAVE,2022-12-31,operating_cf,-0.002462,SEC
WAVE,2023-12-31,operating_cf,-0.002601,Yahoo
WAVE,2024-12-31,operating_cf,-0.001817,Yahoo
WAVE,2025-12-31,operating_cf,-0.00304,Yahoo
WAVE,2021-12-31,price,4.309999942779541,Yahoo
WAVE,2022-12-31,price,2.9769999980926514,Yahoo
WAVE,2023-12-31,price,1.2400000095367432,Yahoo
WAVE,2024-12-31,price,11.0,Yahoo
WAVE,2025-12-31,price,5.839000225067139,Yahoo
WAVE,2021-12-31,revenue,3.1e-05,SEC
WAVE,2022-12-31,revenue,2.6e-05,SEC
WAVE,2023-12-31,revenue,0.000306,SEC
WAVE,2024-12-31,revenue,0.000168,SEC
WAVE,2025-12-31,revenue,3.8e-05,SEC
WAVE,2020-12-31,short_term_debt,0.00013725554755330085,SEC
WAVE,2021-12-31,short_term_debt,0.00012153176167607307,SEC
WAVE,2022-12-31,short_term_debt,0.0001869448066651821,SEC
WAVE,2023-12-31,short_term_debt,6.2e-05,SEC
WAVE,2024-12-31,short_term_debt,9.1e-05,SEC
WAVE,2025-12-31,short_term_debt,0.000139,SEC
WAVE,2020-12-31,total_debt,0.0011992555475533009,SEC
WAVE,2021-12-31,total_debt,0.0010035317616760731,SEC
WAVE,2022-12-31,total_debt,0.001235,Yahoo
WAVE,2023-12-31,total_debt,0.001201,Yahoo
WAVE,2024-12-31,total_debt,0.000138,SEC
WAVE,2025-12-31,total_debt,0.000163,SEC
WEC,2016-12-31,capex,-1.4237,SEC
WEC,2017-12-31,capex,-1.9595,SEC
WEC,2018-12-31,capex,-2.4171,SEC
WEC,2019-12-31,capex,-2.529,SEC
WEC,2020-12-31,capex,-2.8743,SEC
WEC,2021-12-31,capex,-2.3727,SEC
WEC,2022-12-31,capex,-2.6969,SEC
WEC,2023-12-31,capex,-2.4929,SEC
WEC,2024-12-31,capex,-2.7811,SEC
WEC,2025-12-31,capex,-4.3981,SEC
WEC,2016-12-31,cash,0.0375,SEC
WEC,2017-12-31,cash,0.0389,SEC
WEC,2018-12-31,cash,0.0845,SEC
WEC,2019-12-31,cash,0.0375,SEC
WEC,2020-12-31,cash,0.0248,SEC
WEC,2021-12-31,cash,0.0163,SEC
WEC,2022-12-31,cash,0.0289,SEC
WEC,2023-12-31,cash,0.0429,SEC
WEC,2024-12-31,cash,0.0098,SEC
WEC,2025-12-31,cash,0.0276,SEC
WEC,2016-12-31,ebitda,2.4589,SEC
WEC,2017-12-31,ebitda,2.5747,SEC
WEC,2018-12-31,ebitda,2.3142,SEC
WEC,2019-12-31,ebitda,2.4577,SEC
WEC,2020-12-31,ebitda,2.682,SEC
WEC,2021-12-31,ebitda,2.7892,SEC
WEC,2022-12-31,ebitda,3.0468,SEC
WEC,2023-12-31,ebitda,3.1722,SEC
WEC,2024-12-31,ebitda,3.5073,SEC
WEC,2025-12-31,ebitda,3.7234,SEC
WEC,2016-12-31,eps,2.96,SEC
WEC,2017-12-31,eps,3.79,SEC
WEC,2018-12-31,eps,3.34,SEC
WEC,2019-12-31,eps,3.58,SEC
WEC,2020-12-31,eps,3.79,SEC
WEC,2021-12-31,eps,4.11,SEC
WEC,2022-12-31,eps,4.45,SEC
WEC,2023-12-31,eps,4.22,SEC
WEC,2024-12-31,eps,4.83,SEC
WEC,2025-12-31,eps,4.81,SEC
WEC,2016-12-31,fcff_before_growth,1.659333,SEC
WEC,2017-12-31,fcff_before_growth,1.608403,SEC
WEC,2018-12-31,fcff_before_growth,1.951329,SEC
WEC,2019-12-31,fcff_before_growth,1.815385,SEC
WEC,2020-12-31,fcff_before_growth,1.610123,SEC
WEC,2021-12-31,fcff_before_growth,1.330569,SEC
WEC,2022-12-31,fcff_before_growth,1.345029,SEC
WEC,2023-12-31,fcff_before_growth,2.328451,SEC
WEC,2024-12-31,fcff_before_growth,1.8573,SEC
WEC,2025-12-31,fcff_before_growth,1.9009,SEC
WEC,2016-12-31,free_cf,0.6801,SEC
WEC,2017-12-31,free_cf,0.1191,SEC
WEC,2018-12-31,free_cf,0.0284,SEC
WEC,2019-12-31,free_cf,-0.1835,SEC
WEC,2020-12-31,free_cf,-0.6783,SEC
WEC,2021-12-31,free_cf,-0.34,SEC
WEC,2022-12-31,free_cf,-0.6362,SEC
WEC,2023-12-31,free_cf,0.5255,SEC
WEC,2024-12-31,free_cf,0.4307,SEC
WEC,2025-12-31,free_cf,-1.0187,SEC
WEC,2016-12-31,long_term_debt,9.1582,SEC
WEC,2017-12-31,long_term_debt,8.7466,SEC
WEC,2018-12-31,long_term_debt,9.9756,SEC
WEC,2019-12-31,long_term_debt,11.1714,SEC
WEC,2020-12-31,long_term_debt,11.6728,SEC
WEC,2021-12-31,long_term_debt,13.4724,SEC
WEC,2022-12-31,long_term_debt,14.6557,SEC
WEC,2023-12-31,long_term_debt,15.3669,SEC
WEC,2024-12-31,long_term_debt,17.1781,SEC
WEC,2025-12-31,long_term_debt,18.4981,SEC
WEC,2016-12-31,market_cap,18.586185483551024,Yahoo price x SEC shares
WEC,2017-12-31,market_cap,21.07159609680176,Yahoo price x SEC shares
WEC,2018-12-31,market_cap,21.948494676971436,Yahoo price x SEC shares
WEC,2019-12-31,market_cap,29.20924206314087,Yahoo price x SEC shares
WEC,2020-12-31,market_cap,29.12749461364746,Yahoo price x SEC shares
WEC,2021-12-31,market_cap,30.7032409034729,Yahoo price x SEC shares
WEC,2022-12-31,market_cap,29.637536675262453,Yahoo price x SEC shares
WEC,2023-12-31,market_cap,26.589302421569823,Yahoo price x SEC shares
WEC,2024-12-31,market_cap,29.763660289764406,Yahoo price x SEC shares
WEC,2025-12-31,market_cap,34.14794770355225,Yahoo price x SEC shares
WEC,2016-12-31,net_debt,10.1381,SEC
WEC,2017-12-31,net_debt,10.9944,SEC
WEC,2018-12-31,net_debt,11.6913,SEC
WEC,2019-12-31,net_debt,12.6516,SEC
WEC,2020-12-31,net_debt,14.202599999999999,SEC
WEC,2021-12-31,net_debt,15.4441,SEC
WEC,2022-12-31,net_debt,17.0824,SEC
WEC,2023-12-31,net_debt,18.6091,SEC
WEC,2024-12-31,net_debt,20.013900000000003,SEC
WEC,2025-12-31,net_debt,21.9146,SEC
WEC,2016-12-31,net_income,0.939,SEC
WEC,2017-12-31,net_income,1.2037,SEC
WEC,2018-12-31,net_income,1.0593,SEC
WEC,2019-12-31,net_income,1.134,SEC
WEC,2020-12-31,net_income,1.1999,SEC
WEC,2021-12-31,net_income,1.3003,SEC
WEC,2022-12-31,net_income,1.4081,SEC
WEC,2023-12-31,net_income,1.3317,SEC
WEC,2024-12-31,net_income,1.5272,SEC
WEC,2025-12-31,net_income,1.5575,SEC
WEC,2016-12-31,operating_cf,2.1038,SEC
WEC,2017-12-31,operating_cf,2.0786,SEC
WEC,2018-12-31,operating_cf,2.4455,SEC
WEC,2019-12-31,operating_cf,2.3455,SEC
WEC,2020-12-31,operating_cf,2.196,SEC
WEC,2021-12-31,operating_cf,2.0327,SEC
WEC,2022-12-31,operating_cf,2.0607,SEC
WEC,2023-12-31,operating_cf,3.0184,SEC
WEC,2024-12-31,operating_cf,3.2118,SEC
WEC,2025-12-31,operating_cf,3.3794,SEC
WEC,2016-12-31,price,58.650001525878906,Yahoo
WEC,2017-12-31,price,66.43000030517578,Yahoo
WEC,2018-12-31,price,69.26000213623047,Yahoo
WEC,2019-12-31,price,92.2300033569336,Yahoo
WEC,2020-12-31,price,92.02999877929688,Yahoo
WEC,2021-12-31,price,97.06999969482422,Yahoo
WEC,2022-12-31,price,93.76000213623047,Yahoo
WEC,2023-12-31,price,84.16999816894531,Yahoo
WEC,2024-12-31,price,94.04000091552734,Yahoo
WEC,2025-12-31,price,105.45999908447266,Yahoo
WEC,2016-12-31,revenue,7.4723,SEC
WEC,2017-12-31,revenue,7.6485,SEC
WEC,2018-12-31,revenue,7.6795,SEC
WEC,2019-12-31,revenue,7.5231,SEC
WEC,2020-12-31,revenue,7.2417,SEC
WEC,2021-12-31,revenue,8.316,SEC
WEC,2022-12-31,revenue,9.5974,SEC
WEC,2023-12-31,revenue,8.893,SEC
WEC,2024-12-31,revenue,8.5999,SEC
WEC,2025-12-31,revenue,9.8001,SEC
WEC,2016-12-31,short_term_debt,1.0174,SEC
WEC,2017-12-31,short_term_debt,2.2867,SEC
WEC,2018-12-31,short_term_debt,1.8002,SEC
WEC,2019-12-31,short_term_debt,1.5177,SEC
WEC,2020-12-31,short_term_debt,2.5546,SEC
WEC,2021-12-31,short_term_debt,1.988,SEC
WEC,2022-12-31,short_term_debt,2.4556,SEC
WEC,2023-12-31,short_term_debt,3.2851,SEC
WEC,2024-12-31,short_term_debt,2.8456,SEC
WEC,2025-12-31,short_term_debt,3.4441,SEC
WEC,2016-12-31,total_debt,10.1756,SEC
WEC,2017-12-31,total_debt,11.0333,SEC
WEC,2018-12-31,total_debt,11.7758,SEC
WEC,2019-12-31,total_debt,12.6891,SEC
WEC,2020-12-31,total_debt,14.2274,SEC
WEC,2021-12-31,total_debt,15.4604,SEC
WEC,2022-12-31,total_debt,17.1113,SEC
WEC,2023-12-31,total_debt,18.652,SEC
WEC,2024-12-31,total_debt,20.0237,SEC
WEC,2025-12-31,total_debt,21.9422,SEC
WTRG,2016-12-31,capex,-0.382996,SEC
WTRG,2017-12-31,capex,-0.478089,SEC
WTRG,2018-12-31,capex,-0.495737,SEC
WTRG,2022-12-31,capex,-1.062763,Yahoo
WTRG,2023-12-31,capex,-1.199103,Yahoo
WTRG,2024-12-31,capex,-1.329747,Yahoo
WTRG,2025-12-31,capex,-1.42998,Yahoo
WTRG,2016-12-31,cash,0.003763,SEC
WTRG,2017-12-31,cash,0.004204,SEC
WTRG,2018-12-31,cash,0.003627,SEC
WTRG,2019-12-31,cash,1.868922,SEC
WTRG,2020-12-31,cash,0.004827,SEC
WTRG,2021-12-31,cash,0.010567,SEC
WTRG,2022-12-31,cash,0.011398,SEC
WTRG,2023-12-31,cash,0.004612,SEC
WTRG,2024-12-31,cash,0.009156,SEC
WTRG,2025-12-31,cash,0.034778,SEC
WTRG,2016-12-31,ebitda,0.466306,SEC
WTRG,2017-12-31,ebitda,0.470644,SEC
WTRG,2018-12-31,ebitda,0.469851,SEC
WTRG,2019-12-31,ebitda,0.496635,SEC
WTRG,2020-12-31,ebitda,0.691745,SEC
WTRG,2021-12-31,ebitda,0.900661,SEC
WTRG,2022-12-31,ebitda,0.982364,SEC
WTRG,2023-12-31,ebitda,1.035792,SEC
WTRG,2024-12-31,ebitda,1.12722,SEC
WTRG,2025-12-31,ebitda,1.338422,SEC
WTRG,2016-12-31,eps,1.32,SEC
WTRG,2017-12-31,eps,1.35,SEC
WTRG,2018-12-31,eps,1.08,SEC
WTRG,2019-12-31,eps,1.04,SEC
WTRG,2020-12-31,eps,1.12,SEC
WTRG,2021-12-31,eps,1.67,SEC
WTRG,2022-12-31,eps,1.77,SEC
WTRG,2023-12-31,eps,1.86,SEC
WTRG,2024-12-31,eps,2.17,SEC
WTRG,2025-12-31,eps,2.2,SEC
WTRG,2016-12-31,fcff_before_growth,0.32682426,SEC
WTRG,2017-12-31,fcff_before_growth,0.31454297,SEC
WTRG,2018-12-31,fcff_before_growth,0.30010166,SEC
WTRG,2019-12-31,fcff_before_growth,0.28109957,SEC
WTRG,2020-12-31,fcff_before_growth,0.39982865,SEC
WTRG,2021-12-31,fcff_before_growth,0.51081711,SEC
WTRG,2022-12-31,fcff_before_growth,0.46724064,SEC
WTRG,2023-12-31,fcff_before_growth,0.81374798,SEC
WTRG,2024-12-31,fcff_before_growth,0.63973993,SEC
WTRG,2025-12-31,fcff_before_growth,0.85296199,SEC
WTRG,2016-12-31,free_cf,0.013167,SEC
WTRG,2017-12-31,free_cf,-0.096771,SEC
WTRG,2018-12-31,free_cf,-0.127215,SEC
WTRG,2022-12-31,free_cf,-0.4624569999999999,Yahoo
WTRG,2023-12-31,free_cf,-0.2655160000000001,Yahoo
WTRG,2024-12-31,free_cf,-0.559404,Yahoo
WTRG,2025-12-31,free_cf,-0.419521,Yahoo
WTRG,2016-12-31,long_term_debt,1.737605,SEC
WTRG,2017-12-31,long_term_debt,2.007753,SEC
WTRG,2018-12-31,long_term_debt,2.398464,SEC
WTRG,2019-12-31,long_term_debt,2.943327,SEC
WTRG,2020-12-31,long_term_debt,5.507744,SEC
WTRG,2021-12-31,long_term_debt,5.779504,SEC
WTRG,2022-12-31,long_term_debt,6.371057,SEC
WTRG,2023-12-31,long_term_debt,6.826085,SEC
WTRG,2024-12-31,long_term_debt,7.368381,SEC
WTRG,2025-12-31,long_term_debt,8.110167,SEC
WTRG,2016-12-31,market_cap,5.342494002822876,Yahoo price x SEC shares
WTRG,2017-12-31,market_cap,6.989805168437957,Yahoo price x SEC shares
WTRG,2018-12-31,market_cap,6.099461565006256,Yahoo price x SEC shares
WTRG,2019-12-31,market_cap,10.135800843463898,Yahoo price x SEC shares
WTRG,2020-12-31,market_cap,12.041405643119813,Yahoo price x SEC shares
WTRG,2021-12-31,market_cap,13.861683845443725,Yahoo price x SEC shares
WTRG,2022-12-31,market_cap,12.546689519668579,Yahoo price x SEC shares
WTRG,2023-12-31,market_cap,9.997063241584778,Yahoo price x SEC shares
WTRG,2024-12-31,market_cap,9.966970636253357,Yahoo price x SEC shares
WTRG,2025-12-31,market_cap,10.764545011276246,Yahoo price x SEC shares
WTRG,2016-12-31,net_debt,1.884513,SEC
WTRG,2017-12-31,net_debt,2.117318,SEC
WTRG,2018-12-31,net_debt,2.5393820000000003,SEC
WTRG,2019-12-31,net_debt,1.179456,SEC
WTRG,2020-12-31,net_debt,5.58727,SEC
WTRG,2021-12-31,net_debt,5.901083,SEC
WTRG,2022-12-31,net_debt,6.5590150000000005,SEC
WTRG,2023-12-31,net_debt,6.888888000000001,SEC
WTRG,2024-12-31,net_debt,7.502032,SEC
WTRG,2025-12-31,net_debt,8.097211000000001,SEC
WTRG,2016-12-31,net_income,0.234182,SEC
WTRG,2017-12-31,net_income,0.239738,SEC
WTRG,2018-12-31,net_income,0.191988,SEC
WTRG,2019-12-31,net_income,0.224543,SEC
WTRG,2020-12-31,net_income,0.284849,SEC
WTRG,2021-12-31,net_income,0.431612,SEC
WTRG,2022-12-31,net_income,0.465237,SEC
WTRG,2023-12-31,net_income,0.498226,SEC
WTRG,2024-12-31,net_income,0.595314,SEC
WTRG,2025-12-31,net_income,0.616369,SEC
WTRG,2016-12-31,operating_cf,0.396163,SEC
WTRG,2017-12-31,operating_cf,0.381318,SEC
WTRG,2018-12-31,operating_cf,0.368522,SEC
WTRG,2019-12-31,operating_cf,0.338523,SEC
WTRG,2020-12-31,operating_cf,0.508024,SEC
WTRG,2021-12-31,operating_cf,0.644679,SEC
WTRG,2022-12-31,operating_cf,0.600306,SEC
WTRG,2023-12-31,operating_cf,0.933587,SEC
WTRG,2024-12-31,operating_cf,0.770343,SEC
WTRG,2025-12-31,operating_cf,1.010459,SEC
WTRG,2016-12-31,price,30.040000915527344,Yahoo
WTRG,2017-12-31,price,39.22999954223633,Yahoo
WTRG,2018-12-31,price,34.189998626708984,Yahoo
WTRG,2019-12-31,price,46.939998626708984,Yahoo
WTRG,2020-12-31,price,47.290000915527344,Yahoo
WTRG,2021-12-31,price,53.689998626708984,Yahoo
WTRG,2022-12-31,price,47.72999954223633,Yahoo
WTRG,2023-12-31,price,37.349998474121094,Yahoo
WTRG,2024-12-31,price,36.31999969482422,Yahoo
WTRG,2025-12-31,price,38.36000061035156,Yahoo
WTRG,2016-12-31,revenue,0.819875,SEC
WTRG,2017-12-31,revenue,0.809525,SEC
WTRG,2018-12-31,revenue,0.838091,SEC
WTRG,2019-12-31,revenue,0.889692,SEC
WTRG,2020-12-31,revenue,1.462698,SEC
WTRG,2021-12-31,revenue,1.878144,SEC
WTRG,2022-12-31,revenue,2.288032,SEC
WTRG,2023-12-31,revenue,2.053824,SEC
WTRG,2024-12-31,revenue,2.086113,SEC
WTRG,2025-12-31,revenue,2.474615,SEC
WTRG,2016-12-31,short_term_debt,0.150671,SEC
WTRG,2017-12-31,short_term_debt,0.113769,SEC
WTRG,2018-12-31,short_term_debt,0.144545,SEC
WTRG,2019-12-31,short_term_debt,0.105051,SEC
WTRG,2020-12-31,short_term_debt,0.084353,SEC
WTRG,2021-12-31,short_term_debt,0.132146,SEC
WTRG,2022-12-31,short_term_debt,0.199356,SEC
WTRG,2023-12-31,short_term_debt,0.067415,SEC
WTRG,2024-12-31,short_term_debt,0.142807,SEC
WTRG,2025-12-31,short_term_debt,0.021822,SEC
WTRG,2016-12-31,total_debt,1.888276,SEC
WTRG,2017-12-31,total_debt,2.121522,SEC
WTRG,2018-12-31,total_debt,2.543009,SEC
WTRG,2019-12-31,total_debt,3.048378,SEC
WTRG,2020-12-31,total_debt,5.592097,SEC
WTRG,2021-12-31,total_debt,5.91165,SEC
WTRG,2022-12-31,total_debt,6.570413,SEC
WTRG,2023-12-31,total_debt,6.8935,SEC
WTRG,2024-12-31,total_debt,7.511188,SEC
WTRG,2025-12-31,total_debt,8.131989,SEC
XEL,2016-12-31,capex,-3.195,SEC
XEL,2017-12-31,capex,-3.244,SEC
XEL,2018-12-31,capex,-3.957,SEC
XEL,2019-12-31,capex,-4.225,SEC
XEL,2020-12-31,capex,-5.369,SEC
XEL,2021-12-31,capex,-4.244,SEC
XEL,2022-12-31,capex,-4.638,SEC
XEL,2023-12-31,capex,-5.854,SEC
XEL,2024-12-31,capex,-7.364,SEC
XEL,2025-12-31,capex,-10.908,SEC
XEL,2016-12-31,cash,0.085,SEC
XEL,2017-12-31,cash,0.083,SEC
XEL,2018-12-31,cash,0.147,SEC
XEL,2019-12-31,cash,0.248,SEC
XEL,2020-12-31,cash,0.129,SEC
XEL,2021-12-31,cash,0.166,SEC
XEL,2022-12-31,cash,0.111,SEC
XEL,2023-12-31,cash,0.129,SEC
XEL,2024-12-31,cash,0.179,SEC
XEL,2025-12-31,cash,0.274,SEC
XEL,2016-12-31,ebitda,3.559,SEC
XEL,2017-12-31,ebitda,3.718,SEC
XEL,2018-12-31,ebitda,3.624,SEC
XEL,2019-12-31,ebitda,3.889,SEC
XEL,2020-12-31,ebitda,4.075,SEC
XEL,2021-12-31,ebitda,4.346,SEC
XEL,2022-12-31,ebitda,4.864,SEC
XEL,2023-12-31,ebitda,4.952,SEC
XEL,2024-12-31,ebitda,5.155,SEC
XEL,2025-12-31,ebitda,5.551,SEC
XEL,2016-12-31,eps,2.21,SEC
XEL,2017-12-31,eps,2.25,SEC
XEL,2018-12-31,eps,2.47,SEC
XEL,2019-12-31,eps,2.64,SEC
XEL,2020-12-31,eps,2.79,SEC
XEL,2021-12-31,eps,2.96,SEC
XEL,2022-12-31,eps,3.17,SEC
XEL,2023-12-31,eps,3.21,SEC
XEL,2024-12-31,eps,3.44,SEC
XEL,2025-12-31,eps,3.42,SEC
XEL,2016-12-31,fcff_before_growth,2.24413,SEC
XEL,2017-12-31,fcff_before_growth,2.15477,SEC
XEL,2018-12-31,fcff_before_growth,2.016,SEC
XEL,2019-12-31,fcff_before_growth,2.08867,SEC
XEL,2020-12-31,fcff_before_growth,1.5526,SEC
XEL,2021-12-31,fcff_before_growth,0.71118,SEC
XEL,2022-12-31,fcff_before_growth,2.24887,SEC
XEL,2023-12-31,fcff_before_growth,3.68945,SEC
XEL,2024-12-31,fcff_before_growth,2.86345,SEC
XEL,2025-12-31,fcff_before_growth,2.27472,SEC
XEL,2016-12-31,free_cf,-0.143,SEC
XEL,2017-12-31,free_cf,-0.118,SEC
XEL,2018-12-31,free_cf,-0.835,SEC
XEL,2019-12-31,free_cf,-0.962,SEC
XEL,2020-12-31,free_cf,-2.521,SEC
XEL,2021-12-31,free_cf,-2.055,SEC
XEL,2022-12-31,free_cf,-0.706,SEC
XEL,2023-12-31,free_cf,-0.527,SEC
XEL,2024-12-31,free_cf,-2.723,SEC
XEL,2025-12-31,free_cf,-6.825,SEC
XEL,2016-12-31,long_term_debt,14.195,SEC
XEL,2017-12-31,long_term_debt,14.52,SEC
XEL,2018-12-31,long_term_debt,15.803,SEC
XEL,2019-12-31,long_term_debt,17.407,SEC
XEL,2020-12-31,long_term_debt,19.645,SEC
XEL,2021-12-31,long_term_debt,21.779,SEC
XEL,2022-12-31,long_term_debt,22.813,SEC
XEL,2023-12-31,long_term_debt,24.913,SEC
XEL,2024-12-31,long_term_debt,27.316,SEC
XEL,2025-12-31,long_term_debt,31.331,SEC
XEL,2016-12-31,market_cap,20.716300388336183,Yahoo price x SEC shares
XEL,2017-12-31,market_cap,24.487990310668945,Yahoo price x SEC shares
XEL,2018-12-31,market_cap,25.176970233917235,Yahoo price x SEC shares
XEL,2019-12-31,market_cap,33.01480087280274,Yahoo price x SEC shares
XEL,2020-12-31,market_cap,35.201759033203125,Yahoo price x SEC shares
XEL,2021-12-31,market_cap,36.55799835205078,Yahoo price x SEC shares
XEL,2022-12-31,market_cap,38.3501703338623,Yahoo price x SEC shares
XEL,2023-12-31,market_cap,34.174319915771484,Yahoo price x SEC shares
XEL,2024-12-31,market_cap,38.01375811004639,Yahoo price x SEC shares
XEL,2025-12-31,market_cap,43.50354035949707,Yahoo price x SEC shares
XEL,2016-12-31,net_debt,14.751999999999999,SEC
XEL,2017-12-31,net_debt,15.708,SEC
XEL,2018-12-31,net_debt,17.1,SEC
XEL,2019-12-31,net_debt,18.456,SEC
XEL,2020-12-31,net_debt,20.520999999999997,SEC
XEL,2021-12-31,net_debt,23.219,SEC
XEL,2022-12-31,net_debt,24.666,SEC
XEL,2023-12-31,net_debt,26.121,SEC
XEL,2024-12-31,net_debt,28.935000000000002,SEC
XEL,2025-12-31,net_debt,33.108,SEC
XEL,2016-12-31,net_income,1.123,SEC
XEL,2017-12-31,net_income,1.148,SEC
XEL,2018-12-31,net_income,1.261,SEC
XEL,2019-12-31,net_income,1.372,SEC
XEL,2020-12-31,net_income,1.473,SEC
XEL,2021-12-31,net_income,1.597,SEC
XEL,2022-12-31,net_income,1.736,SEC
XEL,2023-12-31,net_income,1.771,SEC
XEL,2024-12-31,net_income,1.936,SEC
XEL,2025-12-31,net_income,2.018,SEC
XEL,2016-12-31,operating_cf,3.052,SEC
XEL,2017-12-31,operating_cf,3.126,SEC
XEL,2018-12-31,operating_cf,3.122,SEC
XEL,2019-12-31,operating_cf,3.263,SEC
XEL,2020-12-31,operating_cf,2.848,SEC
XEL,2021-12-31,operating_cf,2.189,SEC
XEL,2022-12-31,operating_cf,3.932,SEC
XEL,2023-12-31,operating_cf,5.327,SEC
XEL,2024-12-31,operating_cf,4.641,SEC
XEL,2025-12-31,operating_cf,4.083,SEC
XEL,2016-12-31,price,40.70000076293945,Yahoo
XEL,2017-12-31,price,48.11000061035156,Yahoo
XEL,2018-12-31,price,49.27000045776367,Yahoo
XEL,2019-12-31,price,63.4900016784668,Yahoo
XEL,2020-12-31,price,66.66999816894531,Yahoo
XEL,2021-12-31,price,67.69999694824219,Yahoo
XEL,2022-12-31,price,70.11000061035156,Yahoo
XEL,2023-12-31,price,61.90999984741211,Yahoo
XEL,2024-12-31,price,67.5199966430664,Yahoo
XEL,2025-12-31,price,73.86000061035156,Yahoo
XEL,2016-12-31,revenue,11.107,SEC
XEL,2017-12-31,revenue,11.404,SEC
XEL,2018-12-31,revenue,11.537,SEC
XEL,2019-12-31,revenue,11.529,SEC
XEL,2020-12-31,revenue,11.526,SEC
XEL,2021-12-31,revenue,13.431,SEC
XEL,2022-12-31,revenue,15.31,SEC
XEL,2023-12-31,revenue,14.206,SEC
XEL,2024-12-31,revenue,13.441,SEC
XEL,2025-12-31,revenue,14.669,SEC
XEL,2016-12-31,short_term_debt,0.642,SEC
XEL,2017-12-31,short_term_debt,1.271,SEC
XEL,2018-12-31,short_term_debt,1.444,SEC
XEL,2019-12-31,short_term_debt,1.297,SEC
XEL,2020-12-31,short_term_debt,1.005,SEC
XEL,2021-12-31,short_term_debt,1.606,SEC
XEL,2022-12-31,short_term_debt,1.964,SEC
XEL,2023-12-31,short_term_debt,1.337,SEC
XEL,2024-12-31,short_term_debt,1.798,SEC
XEL,2025-12-31,short_term_debt,2.051,SEC
XEL,2016-12-31,total_debt,14.837,SEC
XEL,2017-12-31,total_debt,15.791,SEC
XEL,2018-12-31,total_debt,17.247,SEC
XEL,2019-12-31,total_debt,18.704,SEC
XEL,2020-12-31,total_debt,20.65,SEC
XEL,2021-12-31,total_debt,23.385,SEC
XEL,2022-12-31,total_debt,24.777,SEC
XEL,2023-12-31,total_debt,26.25,SEC
XEL,2024-12-31,total_debt,29.114,SEC
XEL,2025-12-31,total_debt,33.382,SEC
XIFR,2016-12-31,capex,-0.861,SEC
XIFR,2017-12-31,capex,-0.349,SEC
XIFR,2018-12-31,capex,-0.025,SEC
XIFR,2019-12-31,capex,-0.093,SEC
XIFR,2020-12-31,capex,-0.334,SEC
XIFR,2021-12-31,capex,-0.113,SEC
XIFR,2022-12-31,capex,-1.351,SEC
XIFR,2023-12-31,capex,-1.269,SEC
XIFR,2024-12-31,capex,-0.241,SEC
XIFR,2025-12-31,capex,-0.958,SEC
XIFR,2016-12-31,cash,0.15,SEC
XIFR,2017-12-31,cash,0.154,SEC
XIFR,2018-12-31,cash,0.147,SEC
XIFR,2019-12-31,cash,0.128,SEC
XIFR,2020-12-31,cash,0.108,SEC
XIFR,2021-12-31,cash,0.147,SEC
XIFR,2022-12-31,cash,0.226,SEC
XIFR,2023-12-31,cash,0.274,SEC
XIFR,2024-12-31,cash,0.283,SEC
XIFR,2025-12-31,cash,0.96,SEC
XIFR,2016-12-31,ebitda,0.537,SEC
XIFR,2017-12-31,ebitda,0.538,SEC
XIFR,2018-12-31,ebitda,0.646,SEC
XIFR,2019-12-31,ebitda,0.492,SEC
XIFR,2020-12-31,ebitda,0.524,SEC
XIFR,2021-12-31,ebitda,0.352,SEC
XIFR,2022-12-31,ebitda,0.474,SEC
XIFR,2023-12-31,ebitda,0.525,SEC
XIFR,2024-12-31,ebitda,0.091,SEC
XIFR,2025-12-31,ebitda,0.378,SEC
XIFR,2016-12-31,eps,1.9,SEC
XIFR,2017-12-31,eps,-1.18,SEC
XIFR,2018-12-31,eps,2.91,SEC
XIFR,2019-12-31,eps,-1.51,SEC
XIFR,2020-12-31,eps,-0.81,SEC
XIFR,2021-12-31,eps,1.77,SEC
XIFR,2022-12-31,eps,5.62,SEC
XIFR,2023-12-31,eps,2.18,SEC
XIFR,2024-12-31,eps,-0.25,SEC
XIFR,2025-12-31,eps,-0.3,SEC
XIFR,2016-12-31,fcff_before_growth,0.30008,SEC
XIFR,2017-12-31,fcff_before_growth,0.34421,SEC
XIFR,2018-12-31,fcff_before_growth,0.35492,SEC
XIFR,2019-12-31,fcff_before_growth,0.64158,SEC
XIFR,2020-12-31,fcff_before_growth,0.8838,SEC
XIFR,2021-12-31,fcff_before_growth,0.389,SEC
XIFR,2022-12-31,fcff_before_growth,0.346,SEC
XIFR,2023-12-31,fcff_before_growth,0.178,SEC
XIFR,2024-12-31,fcff_before_growth,0.25,SEC
XIFR,2025-12-31,fcff_before_growth,0.175,SEC
XIFR,2016-12-31,free_cf,-0.446,SEC
XIFR,2017-12-31,free_cf,0.064,SEC
XIFR,2018-12-31,free_cf,0.337,SEC
XIFR,2019-12-31,free_cf,0.253,SEC
XIFR,2020-12-31,free_cf,0.331,SEC
XIFR,2021-12-31,free_cf,0.564,SEC
XIFR,2022-12-31,free_cf,-0.575,SEC
XIFR,2023-12-31,free_cf,-0.538,SEC
XIFR,2024-12-31,free_cf,0.559,SEC
XIFR,2025-12-31,free_cf,-0.219,SEC
XIFR,2016-12-31,long_term_debt,3.508,SEC
XIFR,2017-12-31,long_term_debt,4.218,SEC
XIFR,2018-12-31,long_term_debt,2.728,SEC
XIFR,2019-12-31,long_term_debt,4.132,SEC
XIFR,2020-12-31,long_term_debt,3.376,SEC
XIFR,2021-12-31,long_term_debt,5.294,SEC
XIFR,2022-12-31,long_term_debt,5.25,SEC
XIFR,2023-12-31,long_term_debt,4.941,SEC
XIFR,2024-12-31,long_term_debt,4.609,SEC
XIFR,2025-12-31,long_term_debt,5.44,SEC
XIFR,2016-12-31,market_cap,1.1186520401000977,Yahoo price x SEC shares
XIFR,2017-12-31,market_cap,2.3365620330810546,Yahoo price x SEC shares
XIFR,2018-12-31,market_cap,3.2115299430847166,Yahoo price x SEC shares
XIFR,2019-12-31,market_cap,3.0958200897216797,Yahoo price x SEC shares
XIFR,2020-12-31,market_cap,4.586220208740234,Yahoo price x SEC shares
XIFR,2021-12-31,market_cap,6.532560118103027,Yahoo price x SEC shares
XIFR,2022-12-31,market_cap,5.950640689086914,Yahoo price x SEC shares
XIFR,2023-12-31,market_cap,2.785555986022949,Yahoo price x SEC shares
XIFR,2024-12-31,market_cap,1.6642999286651612,Yahoo price x SEC shares
XIFR,2025-12-31,market_cap,0.939,Yahoo price x SEC shares
XIFR,2016-12-31,net_debt,3.436,SEC
XIFR,2017-12-31,net_debt,4.163,SEC
XIFR,2018-12-31,net_debt,3.2880000000000003,SEC
XIFR,2019-12-31,net_debt,4.016,SEC
XIFR,2020-12-31,net_debt,3.28,SEC
XIFR,2021-12-31,net_debt,5.18,SEC
XIFR,2022-12-31,net_debt,5.062,SEC
XIFR,2023-12-31,net_debt,6.015,SEC
XIFR,2024-12-31,net_debt,5.031,SEC
XIFR,2025-12-31,net_debt,5.242,SEC
XIFR,2016-12-31,net_income,0.083,SEC
XIFR,2017-12-31,net_income,-0.064,SEC
XIFR,2018-12-31,net_income,0.167,SEC
XIFR,2019-12-31,net_income,-0.088,SEC
XIFR,2020-12-31,net_income,-0.055,SEC
XIFR,2021-12-31,net_income,0.137,SEC
XIFR,2022-12-31,net_income,0.477,SEC
XIFR,2023-12-31,net_income,0.2,SEC
XIFR,2024-12-31,net_income,-0.023,SEC
XIFR,2025-12-31,net_income,-0.028,SEC
XIFR,2016-12-31,operating_cf,0.415,SEC
XIFR,2017-12-31,operating_cf,0.413,SEC
XIFR,2018-12-31,operating_cf,0.362,SEC
XIFR,2019-12-31,operating_cf,0.346,SEC
XIFR,2020-12-31,operating_cf,0.665,SEC
XIFR,2021-12-31,operating_cf,0.677,SEC
XIFR,2022-12-31,operating_cf,0.776,SEC
XIFR,2023-12-31,operating_cf,0.731,SEC
XIFR,2024-12-31,operating_cf,0.8,SEC
XIFR,2025-12-31,operating_cf,0.739,SEC
XIFR,2016-12-31,price,25.540000915527344,Yahoo
XIFR,2017-12-31,price,43.11000061035156,Yahoo
XIFR,2018-12-31,price,43.04999923706055,Yahoo
XIFR,2019-12-31,price,52.650001525878906,Yahoo
XIFR,2020-12-31,price,67.05000305175781,Yahoo
XIFR,2021-12-31,price,84.4000015258789,Yahoo
XIFR,2022-12-31,price,70.08999633789062,Yahoo
XIFR,2023-12-31,price,30.40999984741211,Yahoo
XIFR,2024-12-31,price,17.799999237060547,Yahoo
XIFR,2025-12-31,price,10.0,Yahoo
XIFR,2016-12-31,revenue,0.772,SEC
XIFR,2017-12-31,revenue,0.807,SEC
XIFR,2018-12-31,revenue,0.771,SEC
XIFR,2019-12-31,revenue,0.855,SEC
XIFR,2020-12-31,revenue,0.917,SEC
XIFR,2021-12-31,revenue,0.722,SEC
XIFR,2022-12-31,revenue,0.969,SEC
XIFR,2023-12-31,revenue,1.078,SEC
XIFR,2024-12-31,revenue,1.23,SEC
XIFR,2025-12-31,revenue,1.188,SEC
XIFR,2016-12-31,short_term_debt,0.078,SEC
XIFR,2017-12-31,short_term_debt,0.099,SEC
XIFR,2018-12-31,short_term_debt,0.707,SEC
XIFR,2019-12-31,short_term_debt,0.012,SEC
XIFR,2020-12-31,short_term_debt,0.012,SEC
XIFR,2021-12-31,short_term_debt,0.033,SEC
XIFR,2022-12-31,short_term_debt,0.038,SEC
XIFR,2023-12-31,short_term_debt,1.348,SEC
XIFR,2024-12-31,short_term_debt,0.705,SEC
XIFR,2025-12-31,short_term_debt,0.762,SEC
XIFR,2016-12-31,total_debt,3.586,SEC
XIFR,2017-12-31,total_debt,4.317,SEC
XIFR,2018-12-31,total_debt,3.435,SEC
XIFR,2019-12-31,total_debt,4.144,SEC
XIFR,2020-12-31,total_debt,3.388,SEC
XIFR,2021-12-31,total_debt,5.327,SEC
XIFR,2022-12-31,total_debt,5.288,SEC
XIFR,2023-12-31,total_debt,6.289,SEC
XIFR,2024-12-31,total_debt,5.314,SEC
XIFR,2025-12-31,total_debt,6.202,SEC
