symbol,name,industry,country,currency,price,market_cap,total_debt,cash,short_term_debt,long_term_debt,cash_to_short_term_debt,cash_plus_ocf_to_short_term_debt,cash_to_long_term_debt,net_debt,net_debt_to_ebitda,ebitda_to_interest,debt_to_equity,revenue_growth_avg,revenue_growth_median,revenue_growth_years,revenue_growth_years_positive,revenue_growth_by_year,eps_growth_avg,eps_growth_median,eps_growth_years,eps_growth_years_positive,eps_growth_by_year,net_margin_latest_fy,net_margin_avg,margin_change_avg,margin_change_median,margin_years_up,margin_change_years,net_margin_by_year,cash_growth_avg,cash_growth_median,cash_growth_years,cash_growth_years_positive,cash_growth_by_year,ocf_growth_avg,ocf_growth_median,ocf_growth_years,ocf_growth_years_positive,ocf_growth_by_year,revenue_cagr_3y,ebitda_cagr_3y,eps_cagr_3y,revenue_growth_yoy,earnings_growth_yoy,operating_cf,capex,free_cf,fcf_yield,revenue,ebitda,net_income,net_margin,eps_ttm,eps_fwd,pe_ttm,pe_fwd,ev_to_ebitda,price_to_sales,price_to_book,dividend_yield,vs_52w_high,analyst_upside,analyst_view,beta,wacc,fcff_before_growth,dcf_method,dcf_fair_value,price_vs_fair_value,data_flag
NEE,"NextEra Energy, Inc.",Regulated Electric,United States,USD,76.08,158.701223936,110.197,2.866,11.407,98.79,0.25124923292715,1.4612956956254932,0.029011033505415527,107.331,6.064583568764832,5.039293849658314,1.9290165598851663,0.10981505425066007,0.10742132266795944,3,2,2023: +34.2%; 2024: -12.0%; 2025: +10.7%,0.21151165150271126,-0.02631305637982204,3,1,2023: +72.5%; 2024: -6.4%; 2025: -2.6%,0.24934335327593754,0.2469648570396794,0.017150844805792247,0.020599646007857464,2,3,2022: 19.8%; 2023: 26.0%; 2024: 28.1%; 2025: 24.9%,0.37468126541622254,0.6801998750780762,3,2,2023: +68.0%; 2024: -44.7%; 2025: +89.1%,0.16090988293127265,0.17334749137244493,3,2,2023: +36.8%; 2024: +17.3%; 2025: -5.8%,0.09362536988671466,0.20329139185536182,0.16275820571905553,0.124,0.531,13.803,-10.755,3.048,0.019205901028395207,28.701,17.698,9.299,0.32399567959304554,4.45,4.39361,17.09663,17.316057,15.031767653746185,5.5294667062471685,2.777859,0.032799999999999996,-0.22956962025316452,0.29780283911671934,buy,0.644,0.0795254948917539,9.33148,standard: (OCF - D&A) at 2.5% growth,32.640442203392986,1.3308507748124643,
SO,The Southern Company,Regulated Electric,United States,USD,82.88,95.342084096,77.087,2.984,7.033,70.054,0.4242855111616664,1.938717474761837,0.04259571187940731,74.10300000000001,5.000877311378054,4.596153846153846,1.9481172605509225,0.008868569968086918,0.05825050489050806,3,2,2023: -13.8%; 2024: +5.8%; 2025: +10.6%,0.06503184431833973,0.10220994475138125,3,2,2023: +11.0%; 2024: +10.2%; 2025: -1.8%,0.14688864074713226,0.14743842728860926,0.008717880989051144,0.007236790620990113,2,3,2022: 12.1%; 2023: 15.7%; 2024: 16.5%; 2025: 14.7%,0.11748333142278639,0.4304812834224599,3,2,2023: -61.0%; 2024: +43.0%; 2025: +53.2%,0.1652825477465344,0.19850841002856237,3,3,2023: +19.9%; 2024: +29.6%; 2025: +0.1%,0.003109023462051219,0.11436631958735433,0.06336754489730745,0.001,0.304,10.651,-13.92,-3.269,-0.03428706253901941,30.178,14.818,4.657,0.15431771489164292,4.15,4.92412,19.971083,16.831434,11.435084633283845,3.1593241465968585,2.4094424,0.036699999999999997,-0.17810392701309008,0.19735569498069516,hold,0.316,0.07250906554161238,6.85196,standard: (OCF - D&A) at 2.5% growth,64.09009277987411,0.2931795914957138,
CEG,Constellation Energy Corporation,Independent Power Producers,United States,USD,263.27,93.278502912,24.7,0.697,5.589,19.111,0.12470925031311503,0.8772589014134908,0.036471142274082984,24.003,2.9168793292016044,10.509578544061302,0.7724301841948901,0.01625205411835025,0.01955810147299509,3,2,2023: +2.0%; 2024: -5.4%; 2025: +8.3%,0.49781261698638063,0.49781261698638063,2,1,2024: +137.3%; 2025: -37.8%,0.0908236399953002,0.0771205640058884,0.03245676161327247,0.07168028317825183,2,3,2022: -0.7%; 2023: 6.5%; 2024: 15.9%; 2025: 9.1%,2.429608558007358,0.20483123759099933,3,2,2023: -12.8%; 2024: +721.2%; 2025: +20.5%,,,0,0,,0.014687016098031469,0.5637152783031232,0.21517566737932592,0.23,-0.468,4.206,-3.897,0.3090000000000006,0.003312660370326856,31.27,8.229,3.465,0.11080908218740006,10.24,13.32016,25.70996,19.764776,14.252218120306235,2.983002971282379,2.9252546,0.006500000000000001,-0.36207899200387694,0.31910965928514456,buy,1.117,0.09430361306503356,4.81857,"guided FCF before growth, 4% growth",206.5098966179646,0.27485415620075293,
DUK,Duke Energy Corporation,Regulated Electric,United States,USD,113.35,88.379244544,92.206,0.673,8.996,83.21,0.07481102712316585,1.360048910626945,0.008087970195889919,91.533,5.168435911914172,4.6938775510204085,1.6840970941170026,0.0389038887780708,0.044631796283551274,3,3,2023: +1.0%; 2024: +4.5%; 2025: +6.2%,0.26037874081745965,0.10507880910683007,3,3,2023: +6.3%; 2024: +61.3%; 2025: +10.5%,0.15410863293730806,0.12238465519297159,0.02182282573624025,0.009123092722892384,3,3,2022: 8.9%; 2023: 9.8%; 2024: 14.9%; 2025: 15.4%,-0.12001886549062761,-0.2197452229299363,3,1,2023: -38.1%; 2024: +24.1%; 2025: -22.0%,0.30493285845139095,0.24802591617736383,3,3,2023: +66.7%; 2024: +24.8%; 2025: +0.0%,0.038670722730430374,0.11316108420822335,0.2373919015122672,0.011,0.106,11.562,-15.836,-4.274000000000001,-0.048359770691094456,33.25,17.71,5.247,0.15780451127819548,6.64,7.17137,17.070784,15.805905,10.158794158328627,2.6580223923007518,1.6440402,0.0383,-0.15718640791136895,0.20815562417291567,buy,0.364,0.07238982938686103,6.795669999999999,standard: (OCF - D&A) at 2.5% growth,71.11858583536251,0.5938168436363738,
NGG,National Grid plc,Regulated Electric,United Kingdom,GBP,75.49,75.895144448,61.91731445431709,3.7451003160476684,5.1647423028945925,56.7525721514225,0.7251282051282051,2.7325641025641025,0.06598996616497492,61.420704617500306,5.741520178261946,4.898726500909643,1.1897249293875163,-0.06509244546049921,-0.07415617128463477,3,0,2024: -8.4%; 2025: -7.4%; 2026: -3.8%,0.5678998893543757,0.1497224266760995,3,2,2023: +226.3%; 2024: -70.9%; 2026: +15.0%,0.18324192910046927,0.20412556993437458,-0.05891566335184661,0.02533573691415955,2,3,2023: 36.0%; 2024: 11.5%; 2025: 15.8%; 2026: 18.3%,0.19836848720807224,0.5551080190406444,3,2,2024: +55.5%; 2025: +63.2%; 2026: -59.2%,0.04567852454295363,0.005943751812119455,3,2,2024: +0.6%; 2025: -1.9%; 2026: +15.0%,-0.0652862860225294,0.036506141554917715,-0.30580417109039204,0.02,0.144,10.367889099836349,-14.004397398233413,-3.6365082983970645,-0.04791490054925239,23.422768490076066,10.697638031482697,4.292033282995224,0.18324192910046924,4.33,6.59445,17.43418,11.447505,12.836090421211257,3.240229457937725,8.484391,0.0429,-0.20234573119188515,0.20797456616770438,buy,0.589,0.07751392136985799,9.11737255901575,standard: (OCF - D&A) at 2.5% growth,115.91584706291515,-0.3487516857032791,"Reports in GBP, converted to USD; check against filings"
AEP,"American Electric Power Company, Inc.",Regulated Electric,United States,USD,118.35,64.429428736,53.498,0.603,4.943,48.555,0.12199069391058062,1.6785353024479064,0.01241890639481001,53.123,5.707363716452867,4.27237675571468,1.6676953770379375,0.03824251598399158,0.038931619428932675,3,2,2023: -3.3%; 2024: +3.9%; 2025: +10.9%,0.15130227854690273,0.19354838709677422,3,2,2023: -5.6%; 2024: +31.6%; 2025: +19.4%,0.16364966172974948,0.1369741698389047,0.015390709735336355,0.013200901524891728,2,3,2022: 11.7%; 2023: 11.6%; 2024: 15.0%; 2025: 16.4%,-0.15117095682812878,-0.21893830703012912,3,0,2023: -21.9%; 2024: -23.2%; 2025: -0.2%,0.10864146171255358,0.0205761316872428,3,2,2023: -5.2%; 2024: +35.8%; 2025: +2.1%,0.036594582260465636,0.09161292914061314,0.14041505927624098,0.07,-0.432,7.694,-10.131,-2.4370000000000003,-0.0378243304000975,22.7907,9.3078,3.141,0.13781937369190064,5.78,6.85684,20.475777,17.260138,12.629453655643653,2.8270052581096676,2.008349,0.0321,-0.15813060179257377,0.208069286016054,buy,0.5,0.0757827993519935,5.796093999999999,standard: (OCF - D&A) at 2.5% growth,117.31386353819232,0.008832174054776987,
D,"Dominion Energy, Inc.",Regulated Electric,United States,USD,60.68,53.369634816,53.424,0.296,6.705,46.719,0.04414615958240119,0.9252796420581656,0.0063357520494873604,53.128,6.099655568312284,4.30761622156281,1.8471751607772628,0.05960095136748461,0.03264456880470656,3,3,2023: +3.3%; 2024: +0.5%; 2025: +14.2%,0.5214150081449466,0.39782540983606557,3,3,2023: +110.1%; 2024: +6.6%; 2025: +39.8%,0.18163092208893736,0.13601766628858283,0.03206035758539267,0.040957293207271955,3,3,2022: 8.5%; 2023: 13.6%; 2024: 14.1%; 2025: 18.2%,0.34581756966461197,0.5462184873949579,3,2,2023: +54.6%; 2024: +68.5%; 2025: -19.4%,0.20270414758420083,0.06835392586687923,3,2,2023: +77.6%; 2024: -23.6%; 2025: +6.8%,0.057973710655458754,0.23237465886040298,0.46251754434301295,0.176,-0.58,5.908,-12.25,-6.342,-0.11883161692720996,18.119,8.71,2.534,0.13985319278105854,2.89,3.81423,20.99654,15.908847,12.227053365786452,2.945506640322314,1.9117832,0.044000000000000004,-0.16865324016988625,0.1685743243243245,hold,0.622,0.07687326010336169,4.779380000000001,standard: (OCF - D&A) at 2.5% growth,46.96974494210199,0.291895454718738,
SRE,Sempra,Diversified,United States,USD,77.93,50.958454784,36.664,0.048,5.641,31.023,0.008509129586952668,0.9686225846481121,0.0015472391451503724,36.616,6.503730017761989,3.627577319587629,1.1210518269377772,-0.00474576369587276,0.03921122487675389,3,2,2023: +15.8%; 2024: -21.1%; 2025: +3.9%,-0.0026474679352449884,-0.07724425887265138,3,1,2023: +44.7%; 2024: -7.7%; 2025: -37.8%,0.13406801926726025,0.17079620046929633,-0.004690811224231345,0.033153363162793714,2,3,2022: 14.8%; 2023: 18.4%; 2024: 21.7%; 2025: 13.4%,1.429241373826309,-0.3621621621621622,3,1,2023: -36.2%; 2024: +563.1%; 2025: -98.1%,1.3880992582793272,-0.06969635214998982,3,1,2023: +444.5%; 2024: -21.1%; 2025: -7.0%,-0.01730816949475744,0.06028627149385879,-0.059899348321727275,-0.001,0.713,5.416,-10.659,-5.243,-0.10288773516041158,13.552,5.63,2.281,0.168314639905549,3.45,5.53621,22.588406,14.076417,15.554965325754884,3.7602165572609207,1.5587248,0.0337,-0.22872129849564526,0.29490260490183484,buy,0.564,0.07774916294264883,4.13908,standard: (OCF - D&A) at 2.5% growth,67.00240593639923,0.16309256228759295,
ETR,Entergy Corporation,Regulated Electric,United States,USD,98.57,47.094525952,34.058443,3.571053,2.907528,31.150915,1.2282093242094314,3.1003931862393066,0.1146371783942783,30.487389999999998,4.883253970326046,4.5025623828068655,1.9633914520312485,-0.016562634482330307,-0.022042472915218485,3,1,2023: -11.7%; 2024: -2.2%; 2025: +9.0%,0.36813297164454384,0.5959183673469387,3,2,2023: +106.7%; 2024: -55.9%; 2025: +59.6%,0.13697157712792293,0.12511974760410105,0.019087418354597995,0.047643715447114585,2,3,2022: 8.0%; 2023: 19.4%; 2024: 8.9%; 2025: 13.7%,2.10699152006652,1.243700440733602,3,2,2023: -40.9%; 2024: +548.6%; 2025: +124.4%,0.28455708826507303,0.14751910990506872,3,3,2023: +66.1%; 2024: +4.5%; 2025: +14.8%,-0.020199824174463643,0.13196429602736393,0.13343967651461197,0.059,-0.019,5.443427,-8.594374,-3.1509470000000004,-0.0669068630866256,13.287438,6.243253,1.801711,0.13559506354799172,3.91,5.1044,25.209719,19.31079,12.42652123051877,3.5442894222347454,2.5232306,0.026000000000000002,-0.16783452933727316,0.24454702242061477,buy,0.481,0.07279187498105168,3.9696,standard: (OCF - D&A) at 2.5% growth,114.38223816420216,-0.13824032837600897,
VST,Vistra Corp.,Independent Power Producers,United States,USD,138.46,46.472052736,19.895,0.435,2.176,17.719,0.1999080882352941,2.5533088235294117,0.024549918166939442,19.46,2.9718998167379356,6.778467908902692,3.6291499452754468,0.09061279454988858,0.07655885780885781,3,3,2023: +7.7%; 2024: +16.5%; 2025: +3.0%,0.10327829255187382,0.10327829255187382,2,1,2024: +90.0%; 2025: -69.4%,0.05321907768632315,0.05480975992465169,0.04753281610523125,0.053355892625414986,2,3,2022: -8.9%; 2023: 10.1%; 2024: 15.4%; 2025: 5.3%,1.8870015322191316,-0.3392255892255892,3,1,2023: +665.9%; 2024: -65.9%; 2025: -33.9%,3.3240143681835903,-0.10804295419680035,3,1,2023: +1024.3%; 2024: -16.3%; 2025: -10.8%,0.08915744456127106,0.6888715900114042,-0.23688359629037303,-0.055,-0.062,5.121,-2.866,2.2550000000000003,0.048523787249301856,19.212,6.548,2.219,0.11550072871122215,5.93,10.36561,23.349073,13.357632,10.069036764813683,2.4189075960857798,15.47558,0.0066,-0.36222938737908794,0.5714209880109777,strong_buy,1.414,0.09752468568503261,5.08814,"guided FCF before growth, 4% growth",168.03779918890362,-0.1760187251420321,
XEL,Xcel Energy Inc.,Regulated Electric,United States,USD,69.8,43.599474688,40.323,2.01,3.616,36.707,0.555862831858407,1.8752765486725662,0.05475794807529898,38.313,5.8645339047910605,4.408232118758435,1.6761441576256393,-0.011532656026279073,-0.05385048571026327,3,1,2023: -7.2%; 2024: -5.4%; 2025: +9.1%,0.02615181112809183,0.012618296529968466,3,2,2023: +1.3%; 2024: +7.2%; 2025: -0.6%,0.13756902310995978,0.12991537514503124,0.008059693965022518,0.011275693024161704,2,3,2022: 11.3%; 2023: 12.5%; 2024: 14.4%; 2025: 13.8%,0.3601617727900696,0.3875968992248062,3,3,2023: +16.2%; 2024: +38.8%; 2025: +53.1%,0.03525688317931359,-0.12023270846800259,3,1,2023: +35.5%; 2024: -12.9%; 2025: -12.0%,-0.014152245426090948,0.06853655664816904,0.025619905937697363,-0.051,0.24,4.771,-12.463,-7.691999999999999,-0.17642414398440193,14.616,6.533,2.233,0.1527777777777778,3.65,4.54032,19.123287,15.373366,12.538263384050206,2.9829963524904217,1.8116695,0.034,-0.17131663302861222,0.3096240687679084,strong_buy,0.399,0.073476972986466,2.89278,standard: (OCF - D&A) at 2.5% growth,36.58478581985155,0.9078969149554319,
EXC,Exelon Corporation,Regulated Electric,United States,USD,40.34,41.560444928,52.673,1.813,1.97,50.703,0.9203045685279188,4.581218274111675,0.0357572530225036,50.86,5.447729220222794,4.212996389891696,1.7736211192672908,0.08404789379191328,0.05987941271229346,3,3,2023: +13.9%; 2024: +6.0%; 2025: +5.3%,0.09226626067395623,0.10610344865624102,3,3,2023: +12.0%; 2024: +5.0%; 2025: +10.6%,0.11410668645395333,0.11045613150808055,0.00012103582081493074,-0.00032131634506771256,1,3,2022: 11.4%; 2023: 10.7%; 2024: 10.7%; 2025: 11.4%,0.21637156164585114,0.09336609336609336,3,2,2023: +9.3%; 2024: -19.8%; 2025: +75.4%,0.090949512544994,0.12300233435087089,3,2,2023: -3.4%; 2024: +18.4%; 2025: +12.3%,0.08334333817027528,0.08075961568577261,0.09182192772844777,0.099,-0.002,7.212,-9.128,-1.9160000000000004,-0.04610152762607114,25.326,9.336,2.784,0.10992655768775171,2.72,3.0383,14.830882,13.277162,9.89936213881748,1.6410189105267314,1.402155,0.0416,-0.2035538005923,0.2073842340109071,hold,0.389,0.07199150936108746,5.820640000000001,standard: (OCF - D&A) at 2.5% growth,73.86763651118949,-0.45388803669264155,
ED,"Consolidated Edison, Inc.",Regulated Electric,United States,USD,103.1,38.129332224,28.32,1.47,1.096,27.224,1.3412408759124086,4.9498175182481745,0.05399647369967676,26.85,4.146077825818407,5.214170692431562,1.101131459232474,0.028373250168887667,0.040441928663984175,3,2,2023: -6.4%; 2024: +4.0%; 2025: +10.9%,0.116771518515198,0.07633587786259531,3,2,2023: +54.7%; 2024: -27.3%; 2025: +7.6%,0.11957678212554676,0.12915049086786817,0.004547291553016757,0.0002794564831765517,2,3,2022: 10.6%; 2023: 17.2%; 2024: 11.9%; 2025: 12.0%,0.09045347554286713,0.1135407905803196,3,2,2023: -7.3%; 2024: +11.4%; 2025: +23.0%,0.18410799483406634,0.3281682346430548,3,2,2023: -45.2%; 2024: +67.6%; 2025: +32.8%,0.02586641247732291,0.06408708448784917,0.0656749560204799,0.132,0.221,3.955,-4.817,-0.8620000000000001,-0.022607267154220595,17.688,6.476,2.217,0.12533921302578022,6.09,6.48989,16.929392,15.886248,10.033868471896232,2.1556610257801903,1.4832184,0.0341,-0.11296567151337877,0.06722841901066934,hold,0.259,0.06834424711194426,2.6051800000000003,standard: (OCF - D&A) at 2.5% growth,93.98139449604713,0.0970256459041623,
PCG,PG&E Corporation,Regulated Electric,United States,USD,12.34,37.049208832,64.703,0.972,2.541,62.162,0.3825265643447462,3.588744588744589,0.01563656253016312,63.731,6.039135790770397,3.4030957755562725,1.9085867673519954,0.04917180810196078,0.02113108644907654,3,2,2023: +12.7%; 2024: -0.0%; 2025: +2.1%,0.12377501725327812,0.09523809523809511,3,3,2023: +25.0%; 2024: +9.5%; 2025: +2.6%,0.10840184479647083,0.09682429610920082,0.008243419360201223,0.008681450782086,3,3,2022: 8.4%; 2023: 9.2%; 2024: 10.3%; 2025: 10.8%,0.03464940491053611,-0.13487738419618528,3,1,2023: -13.5%; 2024: +48.0%; 2025: -24.1%,0.3510448395317514,0.27573233001881214,3,3,2023: +27.6%; 2024: +69.3%; 2025: +8.5%,0.047720429946145115,0.17293151264635465,0.1199269205572393,0.001,0.398,8.147,-12.41,-4.263,-0.11506318581135201,25.837,10.553,3.166,0.1225374462979448,1.39,1.80162,8.877698,6.849391,9.549910815123662,1.4339593928087626,0.8408286,0.016200000000000003,-0.35594989561586643,0.557435170178282,buy,0.245,0.0689496541770192,5.90479,standard: (OCF - D&A) at 2.5% growth,24.641005114833778,-0.4992087399644516,
PEG,Public Service Enterprise Group Incorporated,Regulated Electric,United States,USD,67.02,33.4041088,24.678,0.192,1.8,22.878,0.10666666666666666,2.102222222222222,0.008392341987936008,24.486,5.124738384261198,4.716683119447187,1.4240867909285013,0.08162159309368874,0.1466326530612245,3,2,2023: +14.7%; 2024: -8.4%; 2025: +18.3%,0.4572599840519512,0.1902748587570622,3,2,2023: +149.1%; 2024: -30.9%; 2025: +19.0%,0.17348783694937542,0.16974593296774806,0.022761251772240785,0.0012818116821256553,2,3,2022: 10.5%; 2023: 22.8%; 2024: 17.2%; 2025: 17.3%,0.16231461569095978,0.056,3,2,2023: -88.4%; 2024: +131.5%; 2025: +5.6%,0.5462929282686417,0.5461790904828879,3,2,2023: +153.2%; 2024: -44.0%; 2025: +54.6%,0.07479068814927192,0.18951197689322452,0.2697538741553618,-0.089,-0.427,3.592,-3.316,0.27600000000000025,0.008262456623300192,12.543,4.778,2.012,0.1604081958064259,4.02,4.67242,16.67164,14.343744,12.11597086647133,2.663167408116081,1.926028,0.04,-0.2351934269085929,0.2728373619814981,buy,0.519,0.07673658854292839,2.90427,standard: (OCF - D&A) at 2.5% growth,66.31575731734392,0.0106195376656264,
WEC,"WEC Energy Group, Inc.",Regulated Electric,United States,USD,101.45,33.057417216,22.9797,0.05,3.3476,19.6321,0.014936073604970727,1.082626359182698,0.0025468492927399515,22.9297,5.414205095511322,4.66061406404754,1.6222529702865454,0.011068792617587855,-0.03295850669065557,3,1,2023: -7.3%; 2024: -3.3%; 2025: +14.0%,0.029574527675088627,-0.004140786749482497,3,1,2023: -5.2%; 2024: +14.5%; 2025: -0.4%,0.159049397455128,0.15837404421089288,0.0040691814844244405,0.0030400766057018247,2,3,2022: 14.7%; 2023: 15.0%; 2024: 17.8%; 2025: 15.9%,0.5097312749314726,0.4844290657439446,3,2,2023: +48.4%; 2024: -77.2%; 2025: +181.6%,0.1936670825785044,0.0640736814206202,3,3,2023: +46.5%; 2024: +6.4%; 2025: +5.2%,0.006989511350793398,0.06288370479574379,0.026264058980729255,0.026,0.197,3.5742,-4.9475,-1.3733,-0.041542870425319074,10.1374,4.2351,1.6927,0.16697575315169572,5.15,5.9989,19.699028,16.911434,13.219786360652641,3.2609364547122537,,0.037599999999999995,-0.1539487949295304,0.19879398718580576,buy,0.457,0.07582310634830414,2.777673,standard: (OCF - D&A) at 2.5% growth,101.55118020217459,-0.0009963468861036162,
AEE,Ameren Corporation,Regulated Electric,United States,USD,99.39,27.515451392,21.304,0.013,2.301,19.003,0.005649717514124293,1.4584963059539329,0.0006841025101299794,21.290999999999997,5.10453128746104,5.181366459627329,1.5715550309825908,0.03774542209370777,0.0164,3,2,2023: -5.7%; 2024: +1.6%; 2025: +15.4%,0.09250355813436079,0.05797101449275368,3,3,2023: +5.8%; 2024: +0.9%; 2025: +21.0%,0.1654733492442323,0.1522764766671415,0.01016595198929062,0.010416285096259054,3,3,2022: 13.5%; 2023: 15.4%; 2024: 15.5%; 2025: 16.5%,-0.25428571428571434,-0.72,3,1,2023: -90.0%; 2024: -72.0%; 2025: +85.7%,0.14138613194099492,0.13300927971718957,3,3,2023: +13.3%; 2024: +7.8%; 2025: +21.4%,0.03408919052197712,0.07948365982020245,0.08920429945865327,-0.062,0.119,3.343,-4.688,-1.3449999999999998,-0.04888162584863328,8.878,4.171,1.524,0.17166028384771345,5.68,5.8076,17.49824,17.113781,11.701378900023974,3.0992849056093714,2.010031,0.0302,-0.15998985801217036,0.20266958446523797,buy,0.47,0.0755691244995267,2.28795,standard: (OCF - D&A) at 2.5% growth,90.6076274564549,0.09692751912928976,
FTS,Fortis Inc.,Regulated Electric,Canada,CAD,53.09,27.12368128,25.668799319386483,0.2713358917236328,2.426477740049362,23.24232157933712,0.11182294700058241,1.3573092603377985,0.011674216398625849,25.39746342766285,6.034754869039625,3.9759679572763686,1.436020081432581,0.033222288358396496,0.042923118717739746,3,2,2023: +4.3%; 2024: -0.1%; 2025: +5.8%,0.0698839733470094,0.049382716049382616,3,3,2023: +11.5%; 2024: +4.5%; 2025: +4.9%,0.14782251437962202,0.13915560897403348,0.0071962337014146545,0.00940469467857416,3,3,2022: 12.6%; 2023: 13.7%; 2024: 14.6%; 2025: 14.8%,0.6702041467304625,0.6681818181818182,3,2,2023: +199.0%; 2024: -64.8%; 2025: +66.8%,0.09821729361000975,0.09506346967559944,3,3,2023: +15.3%; 2024: +9.5%; 2025: +4.6%,0.03291510025423694,0.08794038761752354,0.06939477804767025,0.041,0.022,3.0221448148489,-4.493294102787972,-1.4711492879390717,-0.054238555332968126,8.727264579892159,4.208532737255096,1.2824860507249831,0.146951663832888,2.4,2.7715,22.120832,19.155691,12.479680683657548,3.1079247147489553,1.6030445,0.0349,-0.10622895622895612,0.03597664343567519,hold,0.414,0.07363728456356891,2.371659410674572,standard: (OCF - D&A) at 2.5% growth,48.11853176838455,0.10331712230010037,"Reports in CAD, converted to USD; check against filings"
ATO,Atmos Energy Corporation,Regulated Gas,United States,USD,157.21,26.566692864,10.323867,0.520953,0.5114,9.812467,1.0186800938599923,4.9678197105983575,0.05309093014019818,9.802914,3.666572037383429,18.76335883219875,0.6766173650670354,0.040277677389338774,0.01753948794548443,3,2,2023: +1.8%; 2024: -2.6%; 2025: +12.9%,0.10039932085452093,0.09224011713030746,3,3,2023: +8.9%; 2024: +12.0%; 2025: +9.2%,0.25490462505488803,0.22419944062377417,0.023532360664055552,0.02289433504944563,3,3,2022: 18.4%; 2023: 20.7%; 2024: 25.0%; 2025: 25.5%,5.970080630472015,-0.3405121363961736,3,1,2023: -70.1%; 2024: +1895.2%; 2025: -34.1%,0.7407639384701401,0.18209703151442022,3,2,2023: +253.9%; 2024: -49.9%; 2025: +18.2%,0.03826136385197465,0.1695421861204467,0.10029075371780305,0.048,0.233,2.01959,-4.039893,-2.020303,-0.07604646202454776,4.921526,2.673591,1.402443,0.2849610059969205,8.4,9.02064,18.715477,17.42781,13.603279957181183,5.398060045603741,1.7411288,0.0254,-0.18336709781310057,0.18023955219133625,hold,0.594,0.07939012415867347,1.3546281,standard: (OCF - D&A) at 2.5% growth,93.05661162393812,0.6894017228493079,
AWK,"American Water Works Company, Inc.",Regulated Water,United States,USD,130.91,26.015612928,16.058,0.191,1.945,14.113,0.09820051413881747,1.2982005141388173,0.013533621483738397,15.866999999999999,5.247023809523809,4.6523076923076925,1.376596656665238,0.10673211554796487,0.10628247520075579,3,3,2023: +11.7%; 2024: +10.6%; 2025: +9.7%,0.08071104273194869,0.08647450110864759,3,3,2023: +8.6%; 2024: +10.0%; 2025: +5.6%,0.216147859922179,0.21993261783858079,-3.228860540587427e-05,0.0014238564070210291,2,3,2022: 21.6%; 2023: 22.3%; 2024: 22.4%; 2025: 21.6%,0.7313651218062983,0.020833333333333332,3,2,2023: +288.2%; 2024: -70.9%; 2025: +2.1%,0.2631434572658498,0.0912486659551761,3,3,2023: +69.1%; 2024: +9.1%; 2025: +0.7%,0.10667870462664997,0.11929701016955008,0.08053183552625187,0.062,0.086,2.334,-3.557,-1.2229999999999999,-0.04701023202431311,5.284,3.024,1.128,0.21347464042392125,5.77,6.56585,22.688042,19.938013,13.850070412698413,4.923469517032551,2.2302294,0.0273,-0.1011397967591321,0.0805480100832634,hold,0.58,0.07891049917331787,1.9135,standard: (OCF - D&A) at 2.5% growth,103.22783528551241,0.2681657000548636,
DTE,DTE Energy Company,Regulated Electric,United States,USD,121.44,25.270214656,26.972,0.238,1.539,25.433,0.15464587394411955,2.2956465237166994,0.009357920811544056,26.734,6.194161260426322,3.927206551410373,2.188752738781141,-0.030091537731469126,-0.022597096900745392,3,1,2023: -33.7%; 2024: -2.3%; 2025: +26.9%,0.08817389927861569,0.03840472673559833,3,3,2023: +22.5%; 2024: +0.1%; 2025: +3.8%,0.09244972808903504,0.09277329142400026,0.012041872472366093,0.0030961021409923184,2,3,2022: 5.6%; 2023: 11.0%; 2024: 11.3%; 2025: 9.2%,2.4592074592074593,-0.07692307692307693,3,1,2023: -21.2%; 2024: -7.7%; 2025: +766.7%,0.23195469467912963,0.13136645962732918,3,2,2023: +62.9%; 2024: +13.1%; 2025: -6.4%,-0.06306600888049563,0.10958797547426036,0.08392050212182145,-0.015,0.224,3.295,-4.785,-1.4900000000000002,-0.05896269660876126,16.515,4.316,1.264,0.07653648198607327,6.31,8.36462,19.245642,14.518292,12.04916929008341,1.530137127217681,2.080022,0.0384,-0.2202889245585875,0.28752593873517784,buy,0.388,0.0726883904158408,2.84921,standard: (OCF - D&A) at 2.5% growth,165.82434693389112,-0.2676588073739603,
FE,FirstEnergy Corp.,Regulated Electric,United States,USD,43.3,25.05510912,28.983,0.063,1.881,27.102,0.03349282296650718,1.6911217437533228,0.0023245516936019482,28.92,6.796709753231493,3.9325323475046208,2.2406648627754153,0.06662153273149217,0.046775446775446775,3,3,2023: +3.3%; 2024: +4.7%; 2025: +12.0%,0.5416453788088006,0.03529411764705886,3,2,2023: +170.4%; 2024: -11.5%; 2025: +3.5%,0.06759443339960239,0.064600453971079,0.011669182805619663,-0.005000578476882178,1,3,2022: 3.3%; 2023: 8.6%; 2024: 7.3%; 2025: 6.8%,-0.2733391694614322,-0.1897810218978102,3,0,2023: -14.4%; 2024: -19.0%; 2025: -48.6%,0.29371577276961247,0.2798339674852992,3,2,2023: -48.3%; 2024: +108.4%; 2025: +28.0%,0.06593083318427895,0.04124709799122184,0.35328145251394605,0.088,0.083,3.118,-5.082,-1.964,-0.07838720600231813,15.825,4.255,1.085,0.06856240126382307,1.85,2.9494,23.405405,14.680952,12.68510202585194,1.5832612398104267,1.9370135,0.043,-0.17271685135651516,0.22209399538106256,buy,0.441,0.07317715400994254,2.5447800000000003,standard: (OCF - D&A) at 2.5% growth,43.58813324019902,-0.006610359719036896,
CNP,"CenterPoint Energy, Inc.",Regulated Electric,United States,USD,36.84,24.26725376,24.642,0.453,1.736,22.906,0.2609447004608295,1.744815668202765,0.019776477778747928,24.593,6.152864648486365,3.9574257425742574,2.102559726962457,0.0031541857531927064,-0.00609475620975161,3,1,2023: -6.7%; 2024: -0.6%; 2025: +8.3%,0.009192706502244713,0.012658227848101276,3,2,2023: -13.8%; 2024: +15.3%; 2025: +1.3%,0.1124291973923266,0.11229467671676802,-0.0003235508030656152,-0.005469680312174152,1,3,2022: 11.3%; 2023: 10.5%; 2024: 11.8%; 2025: 11.2%,-0.018556189890558034,-0.06324786324786325,3,1,2023: +8.0%; 2024: -7.3%; 2025: -6.3%,0.28530984432161277,0.1622253389434315,3,2,2023: +114.2%; 2024: -44.8%; 2025: +16.2%,0.0012854681484104624,0.044533261664730484,0.0020915786056772134,0.107,0.233,2.576,-5.271,-2.695,-0.1110550055087898,9.62,3.997,1.117,0.11611226611226612,1.68,2.0874,21.928572,17.64875,12.224231613710282,2.522583550935551,2.0704772,0.026099999999999998,-0.18603623508616873,0.22788517915309425,buy,0.451,0.07394327823906999,1.7089,standard: (OCF - D&A) at 2.5% growth,16.99633001030737,1.1675267529907045,
PPL,PPL Corporation,Regulated Electric,United States,USD,32.03,24.104009728,20.323,0.332,0.534,19.789,0.6217228464419475,5.591760299625467,0.016776997321744404,19.991,5.06614292954891,4.509714285714286,1.3508142239946828,0.046157837585535794,0.051885598582637305,3,3,2023: +5.2%; 2024: +1.8%; 2025: +6.9%,0.16846405228758174,0.19999999999999996,3,2,2023: -2.0%; 2024: +20.0%; 2025: +32.5%,0.13061269630612696,0.10506308002409104,0.011646904843120526,0.01591181910683076,2,3,2022: 9.6%; 2023: 8.9%; 2024: 10.5%; 2025: 13.1%,0.7847488599975107,-0.0702247191011236,3,1,2023: -7.0%; 2024: -7.6%; 2025: +250.0%,0.15691575502678504,0.12350427350427351,3,3,2023: +1.6%; 2024: +33.1%; 2025: +12.4%,0.045935031428587125,0.11571048285019847,0.1594472416597923,0.042,0.212,2.654,-4.646,-1.992,-0.08264185181132035,9.398,3.946,1.266,0.13470951266226858,1.69,2.11784,18.952662,15.1238985,11.17460966244298,2.564802056607789,1.6017402,0.0356,-0.20144602343555218,0.25923602872307194,buy,0.583,0.07721384251195995,1.84625,standard: (OCF - D&A) at 2.5% growth,21.59656453683032,0.48310625726497936,
ES,Eversource Energy,Regulated Electric,United States,USD,63.67,23.982880768,30.339695,0.270184,3.219307,27.120388,0.08392613689840701,1.4498421554701055,0.009962394343325767,30.069511,5.336472266486497,4.308954970497279,1.835326765854352,0.03556863599581415,-0.0008308492234506689,3,1,2023: -3.1%; 2024: -0.1%; 2025: +13.8%,-0.15238483711317796,-0.15238483711317796,2,1,2023: -131.4%; 2025: +100.9%,0.12492371142056642,0.06757804409992305,0.0035357067301921515,0.056722213522398326,2,3,2022: 11.4%; 2023: -3.7%; 2024: 6.8%; 2025: 12.5%,0.90543349053479,-0.5052066898075103,3,1,2023: -85.6%; 2024: -50.5%; 2025: +407.8%,0.3007261811403403,0.31198406474214857,3,2,2023: -31.4%; 2024: +31.2%; 2025: +90.5%,0.03300944789476312,0.09432536279210058,0.04031778543089204,0.023,-0.854,4.397303,-4.160596,0.236707,0.009869831830871402,13.933344,5.634717,1.748424,0.12548488001157512,3.85,4.91647,16.537663,12.950348,9.59274294840362,1.7212580675536326,1.4674226,0.0495,-0.1684732924121718,0.15569860216742581,hold,0.698,0.07656916427355341,3.03766304,standard: (OCF - D&A) at 2.5% growth,80.46131412509278,-0.20868804229306293,
NRG,"NRG Energy, Inc.",Independent Power Producers,United States,USD,100.37,21.098825728,23.467,0.162,1.553,21.914,0.10431423052157116,1.1056020605280104,0.007392534452861184,23.305,6.239625167336011,3.6439024390243904,4.833573635427394,-0.006150372160094346,-0.024043298754466917,3,1,2023: -8.6%; 2024: -2.4%; 2025: +9.2%,-0.7065136074857645,-0.7065136074857645,2,0,2023: -121.7%; 2025: -19.6%,0.028131410152052876,0.02495626803338095,-0.0035258845551976252,-0.011861480000808836,1,3,2022: 3.9%; 2023: -0.7%; 2024: 4.0%; 2025: 2.8%,1.6391425980358958,0.7855822550831792,3,3,2023: +25.8%; 2024: +78.6%; 2025: +387.4%,-0.8921569336031608,-0.8921569336031608,2,0,2023: -161.4%; 2025: -17.0%,-0.008847162847184231,0.054251347715192244,-0.08118868832807846,0.11,,1.555,-1.239,0.31599999999999984,0.014977136835660005,33.125,3.735,0.849,0.025630188679245283,3.84,11.18918,26.138021,8.970273,11.88857449210174,0.636945682354717,5.020006,0.0189,-0.4716256053906085,0.8786739065457805,buy,1.173,0.08288702087923366,3.85975,"guided FCF before growth, 4% growth",233.4966489327604,-0.5701437238660184,
EIX,Edison International,Regulated Electric,United States,USD,52.65,20.260456448,43.54,0.242,5.439,38.101,0.04449347306490163,1.2195256480970766,0.006351539329676387,43.298,4.277190556159241,5.7127539503386,2.4838838496206286,0.041193900112395605,0.077182029624189,3,2,2023: -5.1%; 2024: +7.7%; 2025: +9.8%,1.1658282211817126,0.9437499999999999,3,3,2023: +94.4%; 2024: +6.4%; 2025: +248.9%,0.24336077030594813,0.11629406455635719,0.06516981154991147,0.03826691627180687,3,3,2022: 4.8%; 2023: 8.6%; 2024: 8.8%; 2025: 24.3%,-0.41482171787354166,-0.4405797101449275,3,0,2023: -62.3%; 2024: -44.1%; 2025: -18.1%,0.22951940582986494,0.15676106900678102,3,3,2023: +5.8%; 2024: +47.4%; 2025: +15.7%,0.03903868259640264,0.3410383903820664,0.9323630665069784,-0.041,0.551,6.391,-6.78,-0.38900000000000023,-0.019199962300869098,19.423,10.123,3.942,0.20295525922874944,9.69,6.5029,5.433437,8.096388,6.278618635582338,1.0431167403593677,1.1612519,0.0667,-0.35493751531487383,0.26034453941120606,hold,0.614,0.06693059300536044,4.45388,standard: (OCF - D&A) at 2.5% growth,170.41429235552698,-0.6910470402907352,
CMS,CMS Energy Corporation,Regulated Electric,United States,USD,62.95,19.739682816,19.301,0.241,0.87,18.431,0.2770114942528736,2.745977011494253,0.013075796212902174,19.06,5.751357875678937,4.012106537530267,1.9747288725189278,0.003813880349931941,0.007102653444116859,3,2,2023: -13.2%; 2024: +0.7%; 2025: +13.6%,0.06894611769676308,0.04929274342567343,3,3,2023: +4.9%; 2024: +11.6%; 2025: +4.2%,0.12542452277784283,0.11878268235609786,0.009351217535223241,0.014597464590162118,2,3,2022: 9.7%; 2023: 11.9%; 2024: 13.3%; 2025: 12.5%,1.259879469223673,0.38414634146341464,3,2,2023: +38.4%; 2024: -54.6%; 2025: +394.2%,0.5566803776442854,0.026418362927674317,3,2,2023: +170.1%; 2024: +2.6%; 2025: -5.7%,-0.002214729284664152,0.09584539264544834,0.06842252263406845,-0.005,-0.439,2.148,-4.251,-2.103,-0.10653666624751507,8.813,3.314,1.026,0.11641892658572563,3.32,4.1555,18.960844,15.148599,11.707810143633072,2.239836924543288,2.0671198,0.0362,-0.21665007466401187,0.24966910246227147,buy,0.331,0.07208821230156878,1.4505400000000002,standard: (OCF - D&A) at 2.5% growth,39.909970295412606,0.577300096543437,
NI,NiSource Inc.,Regulated Gas,United States,USD,39.42,18.90425856,17.403,0.07,1.7904,15.6126,0.03909740840035746,1.3255138516532616,0.004483558151749228,17.333,5.4125031226580065,4.101434426229508,1.8176216238798486,0.049824632124850436,-0.009136484179169542,3,1,2023: -5.9%; 2024: -0.9%; 2025: +21.8%,0.05629551119747198,0.09459459459459468,3,2,2023: -12.9%; 2024: +9.5%; 2025: +20.4%,0.139938574568667,0.13662882643975985,0.0008332264708715472,0.0005460794723351481,2,3,2022: 13.7%; 2023: 13.0%; 2024: 13.9%; 2025: 14.0%,17.602373814809976,-0.29693486590038315,3,1,2023: +5403.4%; 2024: -93.0%; 2025: -29.7%,0.2065457530586001,0.326017401066517,3,2,2023: +37.3%; 2024: -7.9%; 2025: +32.6%,0.04319698561284557,0.12319360134341695,0.046784699599978774,0.046,-0.584,2.3032,-3.7632,-1.46,-0.07723127544865743,6.8815,3.2024,0.9051,0.13152655671001962,1.88,2.25315,20.968084,17.495506,11.315656557581814,2.747113065465378,1.9741585,0.0304,-0.1989433042064621,0.26476763064434294,buy,0.54,0.07595603943605485,1.647232,standard: (OCF - D&A) at 2.5% growth,32.95039556767949,0.19634375614799726,
SBS,Companhia de Saneamento Básico do Estado de São Paulo - SABESP,Regulated Water,Brazil,BRL,5.18,18.215952384,9.959858249026329,3.3626818325996104,1.0199033811253757,8.939954867900953,3.297059206617376,4.848663218163303,0.3761408063337514,9.14169665935971,2.6320944114591414,4.238118496131352,1.143533862129196,0.2089197007611937,0.15942966269067615,3,3,2023: +15.9%; 2024: +41.3%; 2025: +5.4%,0.5874473732080884,0.16032500767272664,3,2,2023: +16.0%; 2024: +171.8%; 2025: -11.6%,0.22214763973059995,0.19162032716081662,0.02687676394995626,-0.0037290136146088115,1,3,2022: 14.2%; 2023: 13.8%; 2024: 26.5%; 2025: 22.2%,0.6226027437047935,0.6483647736335137,3,2,2023: -7.9%; 2024: +64.8%; 2025: +129.8%,0.29267611229108453,0.22349864489833776,3,3,2023: +22.3%; 2024: +52.5%; 2025: +12.9%,0.19973775152918516,0.29793165791498577,0.40717080341803213,0.139,-0.339,1.582486177543387,-3.160790810434431,-1.5783046328910442,-0.08664409082872601,7.880723604301601,3.4731644197716567,1.5534330412916542,0.19711807180291552,0.46,0.432,11.260869,11.99074,7.876865514232793,2.31145682790563,2.0770872,0.0064,-0.2763341715563007,0.30038610038610036,strong_buy,0.069,0.06374690718362669,1.7444994946275947,standard: (OCF - D&A) at 2.5% growth,10.523484150591099,-0.507767586678121,"Reports in BRL, converted to USD; check against filings"
EVRG,"Evergy, Inc.",Regulated Electric,United States,USD,78.04,17.99346176,16.498,0.0218,4.1823,12.3157,0.005212442914185975,0.4793056452191378,0.0017700983297741907,16.476200000000002,5.753264892799778,4.4031365313653135,1.613811992565783,0.007073500089929889,0.019547483453901802,3,2,2023: -6.0%; 2024: +6.2%; 2025: +2.0%,0.04356725496747706,-0.03058103975535171,3,1,2023: -3.1%; 2024: +19.6%; 2025: -3.4%,0.14351851851851852,0.13853405725067022,0.005017229713997706,0.004298865405799129,2,3,2022: 12.8%; 2023: 13.3%; 2024: 14.9%; 2025: 14.4%,-0.06885660802628313,-0.1,3,1,2023: +9.9%; 2024: -20.6%; 2025: -10.0%,0.04390709239070909,0.031002671774965972,3,3,2023: +9.9%; 2024: +0.2%; 2025: +3.1%,0.005796380142378821,0.07493973701180723,0.03826303043864687,0.044,0.23,1.9828,-3.3886,-1.4058,-0.0781283790051526,6.0939,2.8638,0.9258,0.1519224142174962,3.93,4.56503,19.857506,17.095179,12.036336950904394,2.9527005300382347,1.7600361,0.0356,-0.11938614308282547,0.1695634290107635,buy,0.51,0.07545361534650133,1.244116,standard: (OCF - D&A) at 2.5% growth,38.16187211478118,1.0449730496783696,
LNT,Alliant Energy Corporation,Regulated Electric,United States,USD,63.6,16.490507264,11.84,0.115,0.833,11.007,0.13805522208883556,1.6842737094837936,0.010447896792949942,11.725,5.790123456790123,3.9862204724409445,1.5952573430342227,0.0139837141735967,-0.011422895455674199,3,1,2023: -4.2%; 2024: -1.1%; 2025: +9.6%,0.051075720982917926,0.01831501831501825,3,2,2023: +1.8%; 2024: -3.2%; 2025: +16.7%,0.1856946354883081,0.17418217065261915,0.007518505131061087,0.011432521325287354,2,3,2022: 16.3%; 2023: 17.5%; 2024: 17.3%; 2025: 18.6%,2.7568830479224746,2.1,3,3,2023: +210.0%; 2024: +30.6%; 2025: +586.4%,0.37722839152929816,0.3460207612456747,3,3,2023: +78.4%; 2024: +34.6%; 2025: +0.2%,0.012290924463294717,0.05359587811333122,0.047734022257091446,0.01,-0.04,1.288,-1.224,0.06400000000000006,0.0038810206972660446,4.419,2.025,0.821,0.18578863996379272,3.14,3.68569,20.254776,17.255928,13.933583834074076,3.7317282787961084,2.1902335,0.0336,-0.19299581271412258,0.22707028301886778,buy,0.532,0.07713663317871922,0.8313200000000001,standard: (OCF - D&A) at 2.5% growth,17.813053034930725,2.5704154630473957,
BIP,Brookfield Infrastructure Partners L.P.,Diversified,Bermuda,USD,34.76,27.523833856,62.465,3.512,4.241,58.224,0.828106578637114,2.313605281773167,0.0603187688925529,59.38,5.368896925858951,2.910526315789474,,0.17138998982095865,0.17333110255981263,3,3,2023: +24.3%; 2024: +17.3%; 2025: +9.8%,6.928571428571428,0.0,3,1,2023: +0.0%; 2024: -71.4%; 2025: +2150.0%,0.03337662337662338,0.023540877619394853,0.003246795255528881,-0.003168890557446253,1,3,2022: 2.4%; 2023: 2.0%; 2024: 1.7%; 2025: 3.3%,0.010823954421095667,-0.0036855036855036856,3,1,2023: +7.8%; 2024: -0.4%; 2025: -4.2%,0.24223929388923957,0.2832581130453471,3,3,2023: +30.2%; 2024: +14.1%; 2025: +28.3%,0.16984890243429152,0.23152435745937128,0.8591312331853318,0.194,,6.3,-7.538,-1.2380000000000004,-0.04497919899084572,25.062,11.06,0.653,0.026055382651025458,0.62,1.45187,56.064514,23.941536,7.857489498734178,1.0982297444737052,3.605061,0.0524,-0.21071752951861944,0.35500575373993115,buy,1.011,0.07610590954291048,5.0089999999999995,standard: (OCF - D&A) at 2.5% growth,51.88325324231202,-0.3300343014795303,
EMA,Emera Incorporated,Regulated Electric,Canada,CAD,47.73,14.66027008,15.627958117842674,0.2798151383399963,1.818798399209976,13.809159718632698,0.15384615384615385,1.0881895881895882,0.02026300977332037,15.348142979502677,6.188319088319088,3.311320754716981,1.5386809517183802,0.05586579547629971,-0.0032946758039008963,3,1,2023: -0.3%; 2024: -4.8%; 2025: +21.9%,0.15374452886335324,0.005633802816901414,3,2,2023: +0.6%; 2024: -52.1%; 2025: +97.7%,0.12408842297174111,0.11843005287997309,-0.00291763514718101,0.0051991317215829835,2,3,2022: 13.3%; 2023: 13.8%; 2024: 7.9%; 2025: 12.4%,0.31844117176938475,0.7806122448979592,3,2,2023: +82.9%; 2024: -65.4%; 2025: +78.1%,0.43876543761799075,0.18072289156626506,3,2,2023: +145.5%; 2024: +18.1%; 2025: -31.9%,0.04966720286280868,0.06804016109831346,-0.016220573247653358,0.012,-0.244,1.6993823426961898,-2.5211626605987547,-0.8217803179025649,-0.056054923505376844,6.314212313652039,2.4801796352863312,0.7348680400848389,0.1163831692032229,2.22,2.61277,21.5,18.267967,12.099290161310543,2.321789219583707,1.6014128,0.044199999999999996,-0.13984501712020192,0.3094489838675887,hold,0.432,0.07340705999802763,1.3506026652097702,standard: (OCF - D&A) at 2.5% growth,43.139586490017955,0.10640837994690133,"Reports in CAD, converted to USD; check against filings"
TLN,Talen Energy Corporation,Independent Power Producers,United States,USD,304.42,14.586059776,9.572,0.231,0.029,9.543,7.9655172413793105,35.41379310344828,0.024206224457717702,9.341,12.13116883116883,1.5430861723446894,5.923267326732672,0.1616963736517402,0.26676314520019295,3,2,2022: +35.9%; 2024: -14.1%; 2025: +26.7%,-1.2710809281267685,-1.2710809281267685,1,0,2025: -127.1%,-0.0833968012185834,-0.1733908236156335,0.1579287657909886,0.022771821642958878,2,3,2021: -55.7%; 2022: -53.4%; 2024: 48.1%; 2025: -8.3%,133.3068699186992,1.100609756097561,3,2,2023: +39900.0%; 2024: -18.0%; 2025: +110.1%,1.0594919786096257,1.0594919786096257,2,2,2024: +36.9%; 2025: +175.0%,0.10286941028873198,-0.7088401966226332,,1.112,,0.796,-0.352,0.44400000000000006,0.030440023338623678,3.741,0.77,-0.185,-0.04945201817695803,-4.05,30.75472,,9.898318,31.074103605194804,3.898973476610532,9.023328,,-0.32542988831767405,0.5130025294001708,buy,1.63,0.10137696832766047,1.6692099999999999,"guided FCF before growth, 4% growth",297.74512042211364,0.022418098971440426,
KEP,Korea Electric Power Corporation,Regulated Electric,South Korea,KRW,11.01,14.136049664,2.3078562460662218,5.292925581253075,0.3865874466010137,1.9212687994652078,13.691405729259902,48.1216886881206,2.754911536962647,0.377426596166508,0.01808227328351363,6.738331877573575,0.061858196165852114,0.11380154018111084,0.05832263806893767,3,3,2023: +24.0%; 2024: +5.8%; 2025: +4.3%,1.4473248758963044,1.4473248758963044,1,1,2025: +144.7%,0.08848639956682773,-0.06893707053973577,0.14510251571142183,0.09284588320916057,3,3,2022: -34.7%; 2023: -5.5%; 2024: 3.8%; 2025: 8.8%,-0.06363326491493553,-0.012389120140174044,3,1,2023: -1.2%; 2024: -28.4%; 2025: +10.5%,4.872585360517155,4.872585360517155,2,2,2024: +943.0%; 2025: +31.5%,0.11030571823595747,0.7292337262529551,1.4488255720195529,-0.001,-0.765,13.31031517481635,-12.232767105528561,1.07754806928779,0.07622695837239171,71.20093238639873,20.872740404306562,5.772014573393157,0.08106655882073484,4.46,2.81778,2.4686098,3.9073315,0.6953316133406239,0.1985374234607686,0.37392837,0.047400000000000005,-0.5296881674498077,0.36239782016348787,hold,0.808,0.08916802183886184,5.720783421054643,standard: (OCF - D&A) at 2.5% growth,70.87980873334435,-0.8446666237289024,"Reports in KRW, converted to USD; check against filings"
WTRG,"Essential Utilities, Inc.",Regulated Water,United States,USD,39.53,11.21201152,8.523253,0.008634,0.083312,8.439941,0.10363453043979258,12.438052141348187,0.0010229929332444387,8.514619,6.2317122349757055,3.9762444525281917,1.21444031109723,0.03319722732805683,0.01572140553426194,3,2,2023: -10.2%; 2024: +1.6%; 2025: +18.6%,0.07711300302880403,0.05084745762711869,3,3,2023: +5.1%; 2024: +16.7%; 2025: +1.4%,0.24907672506632345,0.24509156576310048,0.015247239754069608,0.03924955840391878,2,3,2022: 20.3%; 2023: 24.3%; 2024: 28.5%; 2025: 24.9%,1.0627572731845791,0.9852558542931483,3,2,2023: -59.5%; 2024: +98.5%; 2025: +279.8%,0.2306761798498683,0.3117001128068925,3,2,2023: +55.5%; 2024: -17.5%; 2025: +31.2%,0.02646921057323537,0.1058845184326771,0.07516707582028404,0.031,-0.026,1.027605,-1.479518,-0.451913,-0.04030614838326531,2.568695,1.366337,0.55487,0.21601241097132978,1.95,2.37946,20.271793,16.613012,14.437602524121063,4.364866798121225,1.5983341,0.0365,-0.07010115266995998,0.06754363774348593,hold,0.632,0.078739798420672,0.8604727500000001,standard: (OCF - D&A) at 2.5% growth,27.844122108518512,0.4196892200780271,
AES,The AES Corporation,Diversified,United States,USD,14.87,10.608832512,32.117,1.853,3.462,28.655,0.5352397458116696,1.9887348353552858,0.06466585238178328,30.316999999999997,7.944706498951781,2.6610878661087867,6.498785916632942,-0.010136386576715901,-0.0036650920345333115,3,1,2023: +0.4%; 2024: -3.1%; 2025: -0.4%,2.6383777239709443,2.6383777239709443,2,1,2024: +574.3%; 2025: -46.6%,0.07438894792773645,0.04687962081561545,0.0392212981428298,0.06293077220331059,2,3,2022: -4.3%; 2023: 2.0%; 2024: 13.7%; 2025: 7.4%,-0.09451339032973811,-0.11971444261394838,3,0,2023: -13.5%; 2024: -12.0%; 2025: -2.9%,0.19640967445494903,0.11749539594843462,3,2,2023: +11.7%; 2024: -9.3%; 2025: +56.5%,-0.010247414682223899,0.13310552421759136,0.8965355876133785,0.199,,5.032,-6.752,-1.7199999999999998,-0.16212905595921617,13.054,3.816,1.872,0.14340432051478474,2.67,2.3705,5.5692883,6.272938,10.724798876310272,0.81268825739237,2.1457431,0.0473,-0.1575070821529745,0.008742434431741719,hold,0.95,0.07343740179627281,4.53186,standard: (OCF - D&A) at 2.5% growth,91.92549480217849,-0.838238564480943,
ENLT,Enlight Renewable Energy Ltd,Renewable,Israel,USD,69.47,9.719150592,6.415266,1.167237,0.766144,5.649122,1.52352168782892,2.0146787026981876,0.2066227282752966,5.251532,10.760035159683563,3.298453698822703,2.962195821884063,0.44869166964335966,0.4600584260083502,3,3,2023: +35.9%; 2024: +52.7%; 2025: +46.0%,0.8964522417153996,1.2799999999999998,3,2,2023: +128.0%; 2024: -36.8%; 2025: +177.8%,0.2268799032741162,0.18452843264536178,0.032698077368179645,0.11602344820321511,2,3,2022: 12.9%; 2023: 27.2%; 2024: 11.1%; 2025: 22.7%,0.3586384697522802,0.3641202084521729,3,2,2023: +76.5%; 2024: -5.3%; 2025: +36.4%,0.5198645757221333,0.33236081607941587,3,3,2023: +112.0%; 2024: +33.2%; 2025: +10.7%,0.4469049578916213,0.47664892496765887,0.5872337398367207,0.43,19.002,0.376297,-2.280171,-1.903874,-0.19588892897359894,0.678866,0.488059,0.089731,0.1321777788252763,0.61,0.78,113.88525,89.06411,30.67391973511399,14.31674379332593,4.4724135,,-0.3606074551311551,0.28112854469555204,buy,0.931,0.08562509993755787,0.31617913999999997,standard: (OCF - D&A) at 2.5% growth,0.6730913197714107,102.21036382343006,
CIG-C,Companhia Energética de Minas Gerais - CEMIG,Regulated Electric,Brazil,BRL,3.31,9.468857344,4.386292459232881,1.0247495229935348,0.3113097139392346,4.074982745293647,3.2917364191004923,3.9358766882256653,0.2514733403907188,3.9693727142104054,2.33962128851999,3.4789272303309353,0.7795977039952542,0.10427536699755972,0.08059701492537313,3,3,2023: +15.9%; 2024: +8.1%; 2025: +7.4%,0.0020660397971278464,0.08064516129032241,3,2,2023: +8.1%; 2024: +23.9%; 2025: -31.3%,0.11454702813969264,0.14458830905835404,-0.004703995912771319,0.022311371320194617,2,3,2022: 12.9%; 2023: 15.6%; 2024: 17.9%; 2025: 11.5%,0.032711721824496616,0.10272,3,2,2023: -26.3%; 2024: +10.3%; 2025: +25.9%,-0.13854579624655908,-0.17303641287992777,3,1,2023: +1.6%; 2024: -17.3%; 2025: -25.8%,0.10358856718045995,0.11797602098414539,-0.02763235705923406,0.034,-0.204,0.20052712291809915,-0.20784328362345694,-0.007316160705357788,-0.000772655077541507,8.3813370966478,1.6965877057484686,0.8859597602973431,0.10570625546748283,0.31,,10.677419,,7.9207399727572465,1.1297549823866606,1.6851797,0.044199999999999996,-0.1725,,none,0.048,0.06398284936410811,0.41972671291285246,standard: (OCF - D&A) at 2.5% growth,2.4703058865277807,0.33991503564462566,"Reports in BRL, converted to USD; check against filings"
OGE,OGE Energy Corp.,Regulated Electric,United States,USD,44.81,9.256907776,5.8432,0.0009,0.245,5.5982,0.003673469387755102,5.285306122448979,0.00016076596048729947,5.842300000000001,4.2628967530098505,5.293549633062958,1.1730506705211596,0.00018801222592502534,0.09205105014571399,3,2,2023: -20.8%; 2024: +11.6%; 2025: +9.2%,-0.08639142633667489,0.05797101449275368,3,2,2023: -37.7%; 2024: +5.8%; 2025: +5.9%,0.144382074169504,0.16133270491115573,-0.01760715626645391,-0.007962534097717966,0,3,2022: 19.7%; 2023: 15.6%; 2024: 14.8%; 2025: 14.4%,0.11186782696430826,-0.6666666666666666,3,1,2023: -99.8%; 2024: +200.0%; 2025: -66.7%,0.11748663725429054,0.29388912221755564,3,2,2023: +29.4%; 2024: -34.0%; 2025: +39.9%,-0.011545134924833445,-0.006130969191215252,-0.11258151995739674,-0.04,0.057,1.294,-1.0198,0.2742,0.02962112258597919,3.2353,1.3705,0.467,0.14434519209965074,2.26,2.60477,19.827435,17.203054,11.017298632615834,2.8612208376348405,1.8583337,0.0383,-0.11425182842458981,0.1259663021646953,buy,0.509,0.07427291056993737,0.942231,standard: (OCF - D&A) at 2.5% growth,66.60073347783907,-0.327184587014943,
ELPC,Companhia Paranaense de Energia,Regulated Electric,Brazil,BRL,12.24,9.087007744,4.544339152802676,0.6583865962875486,0.4359364414513707,4.108402711351305,1.5102811641430358,2.3766945831719024,0.16025366609472347,3.913365890236974,3.197046069167308,6.058502831382443,0.9768551306459453,0.08450955848722165,0.054543622775014726,3,3,2023: +4.6%; 2024: +5.5%; 2025: +15.3%,0.3563941907544788,0.24623527162991812,3,2,2023: +86.4%; 2024: +24.6%; 2025: -4.1%,0.10294554597230234,0.09657440962636679,0.016264885187807124,0.018878488358747433,2,3,2022: 5.4%; 2023: 10.5%; 2024: 12.4%; 2025: 10.3%,0.1851341051760358,-0.15155113605515064,3,1,2023: +97.1%; 2024: -26.4%; 2025: -15.2%,-0.08051089157137607,-0.09843903461469376,3,0,2023: -9.8%; 2024: -3.6%; 2025: -10.8%,0.08342383521137009,0.2727409916386363,0.30599373496176696,0.111,0.5,0.3777011827171594,-0.25260979628708957,0.12509138643006984,0.013765960143774018,5.395707659521014,1.2240567716486601,0.6151380336906761,0.11400507079089658,0.82,0.726,14.926829,16.859503,10.620727678118232,1.684117879879109,8.216192,0.044199999999999996,-0.10637365846535729,0.38888888888888884,none,0.264,0.0703358324079696,0.2336593127899775,standard: (OCF - D&A) at 2.5% growth,1.8446173053243013,5.63552269875734,"Reports in BRL, converted to USD; check against filings"
BEP,Brookfield Renewable Partners L.P.,Renewable,Canada,USD,28.35,13.791437824,36.98,2.386,6.213,30.767,0.38403347819089007,0.5543215837759536,0.07755062242012546,35.123,7.590879619623946,1.835382784609282,,0.10870515299920762,0.09036759700476514,3,3,2023: +6.9%; 2024: +16.6%; 2025: +9.0%,,,0,0,,-0.005774933666302481,-0.019674103043182196,0.006707301174417959,0.015972263946205822,2,3,2022: -2.6%; 2023: -1.0%; 2024: -3.7%; 2025: -0.6%,0.645841025687245,0.2736842105263158,3,2,2023: +27.4%; 2024: +193.5%; 2025: -27.1%,-0.10885675471701728,-0.09968602825745683,3,1,2023: +9.0%; 2024: -31.7%; 2025: -10.0%,0.107908054073804,0.18957872857828706,,0.011,,1.058,-6.147,-5.089,-0.36899705925832266,6.359,4.627,-0.109,-0.017141059915080987,-0.44,-1.86943,,-15.1650505,10.57152319515885,2.1688060739109924,2.2754636,0.0553,-0.25629590766002086,0.2372811287477954,buy,0.978,0.0745207503069455,0.71059,standard: (OCF - D&A) at 2.5% growth,,,
UGI,UGI Corporation,Regulated Gas,United States,USD,36.51,7.831210496,7.049,0.476,0.354,6.695,1.344632768361582,4.344632768361582,0.07109783420463031,6.573,3.732538330494038,4.02974828375286,1.3521964319969308,-0.0994377069798717,-0.1165644171779141,3,1,2023: -11.7%; 2024: -19.2%; 2025: +1.1%,-0.4843219315895373,-0.4843219315895373,2,1,2023: -244.1%; 2025: +147.2%,0.09304240428159737,0.017072869919504668,-0.00437738183027168,0.05573311163249889,2,3,2022: 10.6%; 2023: -16.8%; 2024: 3.7%; 2025: 9.3%,0.0172163696108657,-0.11618257261410789,3,1,2023: -40.5%; 2024: -11.6%; 2025: +57.3%,0.21730370965716106,0.06775067750677506,3,3,2023: +54.6%; 2024: +6.8%; 2025: +3.8%,-0.10325845408049339,-0.09277723335900423,-0.1464747171562374,-0.045,,1.062,-0.875,0.18700000000000006,0.023878811595667786,7.296,1.761,0.671,0.09196820175438597,3.01,3.22,12.129567,11.338509,8.179563030096537,1.073356701754386,1.4444532,0.041100000000000005,-0.11683599419448487,0.15949958915365658,strong_buy,0.956,0.0796700693542189,0.84623,standard: (OCF - D&A) at 2.5% growth,43.32421390602313,-0.15728419033301355,
IDA,"IDACORP, Inc.",Regulated Electric,United States,USD,129.78,7.506740224,4.007786,0.083644,0.1163,3.891486,0.7192089423903697,4.843413585554599,0.021494102766912177,3.9241420000000002,4.83697017432924,4.499966719545611,1.0617762653310745,0.033699388200011844,0.03412505746293499,3,2,2023: +7.4%; 2024: +3.4%; 2025: -0.7%,0.04954567490679638,0.07003891050583665,3,3,2023: +0.6%; 2024: +7.0%; 2025: +7.3%,0.1784183867926974,0.16053347981834895,0.006961645326769887,0.010437622453973339,2,3,2022: 15.8%; 2023: 14.8%; 2024: 15.8%; 2025: 17.8%,0.1850785672713886,0.1265495725790935,3,2,2023: +84.4%; 2024: +12.7%; 2025: -41.5%,0.3328945889933478,0.012484501620915956,3,2,2023: -24.0%; 2024: +122.6%; 2025: +1.2%,0.033150362387913246,0.09563680978564437,0.04907279196817904,0.042,0.017,0.479645,-1.452733,-0.9730880000000001,-0.1296285699202584,1.80287,0.811281,0.338602,0.18781276520214993,6.03,6.95389,21.522387,18.662935,14.08991733320514,4.163772331893037,1.9293551,0.0271,-0.16222322638951647,0.21230798274002138,buy,0.471,0.07455670157111832,0.35041994,standard: (OCF - D&A) at 2.5% growth,57.46211614265704,1.2585315110533797,
OKLO,Oklo Inc.,Independent Power Producers,United States,USD,38.04,7.07611136,0.003959,2.465158,0.001025,0.002934,2405.032195121951,2405.032195121951,840.2038173142469,-1.640745,7.5585637878850696,,0.0012093878310351707,,,0,0,,,,0,0,,,,,,0,0,,8.832862993363674,4.3902350162852155,3,3,2023: +2.2%; 2024: +2208.6%; 2025: +439.0%,,,0,0,,,,,,,-0.116919,-0.158897,-0.275816,-0.03897847079670606,0.00121,-0.217071,-0.152769,-126.25537190082645,-0.94,-1.03415,,-36.783833,-25.03957857106661,5848.025917355372,2.1508536,,-0.8037556747833264,1.0090694006309149,buy,1.195,0.10830805817093604,-0.11769199999999999,standard: (OCF - D&A) at 2.5% growth,,,
TXNM,"TXNM Energy, Inc.",Regulated Electric,United States,USD,58.52,6.44455936,5.940595,0.01459,0.717926,5.222669,0.020322428773996207,0.9434161738117857,0.0027935907866265316,5.926005,5.869720252498789,3.686030464117768,1.665902970590784,-0.00761260556817019,0.01650218286116219,3,2,2023: -13.8%; 2024: +1.7%; 2025: +9.9%,0.2299068907967757,-0.44569288389513106,3,1,2023: -48.2%; 2024: +161.8%; 2025: -44.6%,0.0701374118837868,0.07860140181423314,-0.0018196242382408911,-0.030038275565909406,1,3,2022: 7.6%; 2023: 4.6%; 2024: 12.3%; 2025: 7.0%,1.210850312528838,1.0306997742663657,3,2,2023: -45.7%; 2024: +103.1%; 2025: +305.9%,0.014589064068288684,-0.028403762489335148,3,1,2023: -2.8%; 2024: -7.8%; 2025: +15.0%,-0.012594521320649754,0.11174287671852845,-0.09090778190322746,0.092,1.909,0.662713,-1.164682,-0.501969,-0.07789035246003227,2.23393,1.009589,0.196392,0.08791322915221159,1.83,3.25138,31.978142,17.998512,12.253069674887502,2.8848528646824207,1.8282359,0.028900000000000002,-0.016966235511506778,0.03725222146274776,none,0.168,0.06946433523950685,0.37791884000000003,standard: (OCF - D&A) at 2.5% growth,25.29698200356493,1.3133194304266484,
CWEN,"Clearway Energy, Inc.",Renewable,United States,USD,29.77,7.34235392,9.89,0.251,0.57,9.32,0.4403508771929825,2.2245614035087717,0.026931330472103002,9.639000000000001,8.052631578947368,3.0380710659898478,5.343057806591032,0.06329518768329849,0.04337899543378995,3,3,2023: +10.4%; 2024: +4.3%; 2025: +4.2%,0.05494896689992457,0.11307910447761181,3,2,2023: -86.6%; 2024: +11.3%; 2025: +91.7%,0.11826452064380685,0.18291216037884006,-0.12360370320276465,0.004064959417017219,2,3,2022: 48.9%; 2023: 6.0%; 2024: 6.4%; 2025: 11.8%,-0.28978288722108453,-0.3042168674698795,3,0,2023: -18.6%; 2024: -37.9%; 2025: -30.4%,-0.03921083073984387,-0.10649350649350649,3,1,2023: -10.8%; 2024: +9.7%; 2025: -10.6%,0.06289177301797988,-0.21061397087852518,-0.3406442985713596,0.227,2.966,1.017,-0.485,0.5319999999999999,0.07245632746616495,1.574,1.197,0.091,0.057814485387547646,0.86,1.63751,34.61628,18.180042,14.186594753550542,4.66477377382465,1.9488087,0.0623,-0.2867752755150935,0.40564830366140425,strong_buy,0.876,0.07869285166540498,0.3942599999999999,standard: (OCF - D&A) at 2.5% growth,,,
SWX,"Southwest Gas Holdings, Inc.",Regulated Gas,United States,USD,82.44,5.97243648,3.509859,0.270518,0.1,3.409859,2.7051799999999995,7.172069999999999,0.07933407217131265,3.239341,3.5993397645730694,4.862349534285652,0.8508150942115585,-0.2428387762723201,-0.2160764959502524,3,0,2023: -48.9%; 2024: -2.3%; 2025: -21.6%,0.7493365993059808,0.7493365993059808,2,2,2024: +29.6%; 2025: +120.3%,0.22667003370473826,0.08138398269125871,0.08921861547736472,0.10051523953041239,3,3,2022: -4.1%; 2023: 6.0%; 2024: 8.0%; 2025: 22.7%,0.8840474044142116,0.8319566667725641,3,2,2023: -13.4%; 2024: +195.5%; 2025: +83.2%,0.4407945086144583,0.24972021793550286,3,2,2023: +25.0%; 2024: +166.3%; 2025: -59.0%,-0.268581794240335,0.2526267882995832,0.6889088053858139,-0.096,,0.446689,-0.974525,-0.527836,-0.08837867121192053,1.740919,0.899982,0.519335,0.29831083467984437,3.89,4.95308,21.192802,16.64419,10.23551302137154,3.4306228377081296,1.4477128,0.0313,-0.12734201333756745,0.24592782629791365,strong_buy,0.563,0.07589372990231265,0.24736868000000004,standard: (OCF - D&A) at 2.5% growth,24.05473050818531,2.4271845187352,
ENIC,Enel Chile S.A.,Renewable,Chile,USD,4.29,5.934490624,2.870832,0.276944,0.512726,2.358106,0.5401403478661118,inf,0.11744340585198462,2.59464,1.8671700209627011,9.010400523916665,0.5382137232845895,-0.034753243985368436,-0.009441345512765265,3,1,2023: -0.9%; 2024: -18.5%; 2025: +9.0%,0.4638861424486023,-0.511224441611182,3,1,2023: -51.1%; 2024: -79.7%; 2025: +270.0%,0.11922017887827757,0.14773007516274117,-0.05556954167301742,-0.11144498980033825,1,3,2022: 28.6%; 2023: 14.9%; 2024: 3.7%; 2025: 11.9%,-0.19575247270359522,-0.3622747899017912,3,1,2023: -36.2%; 2024: -39.4%; 2025: +16.9%,,,0,0,,-0.04164094804562979,-0.17982580589706365,-0.28404569867312934,-0.113,0.537,,-0.499108,,,4.498547,1.389611,0.563629,0.12529134407176362,0.39,221.06,11.0,0.019406496,6.137782893198169,1.319201649777139,1.1142857,0.045,-0.09493670886075956,0.09482331002331001,none,0.432,0.0724758554484202,,standard: (OCF - D&A) at 2.5% growth,,,
ORA,"Ormat Technologies, Inc.",Renewable,United States,USD,93.63,5.757958144,3.411658,0.513747,0.781406,2.630252,0.657464877413278,1.0150075632897622,0.19532234934143192,2.897911,5.176135105204873,3.507301396380312,1.3133991304980521,0.10508126667611618,0.12492298108119783,3,3,2023: +13.0%; 2024: +6.1%; 2025: +12.5%,0.24958102899279375,-0.00980392156862746,3,1,2023: +77.8%; 2024: -1.9%; 2025: -1.0%,0.1252072926593387,0.12638322126202767,0.01184169495140582,-0.009321410261928814,1,3,2022: 9.0%; 2023: 15.0%; 2024: 14.1%; 2025: 12.5%,0.36216704143531264,0.5620318872821654,3,2,2023: +104.2%; 2024: -51.8%; 2025: +56.2%,0.08159203170956782,0.10117306227622484,3,2,2023: +10.1%; 2024: +32.8%; 2025: -18.5%,0.10459987702445739,0.12194067339832038,0.19960187687252473,0.106,-0.065,0.279386,-0.544154,-0.264768,-0.045982967117587994,1.188438,0.55986,0.126644,0.10656340507456005,2.04,2.57262,45.897057,36.394802,15.460774379309113,4.844979834034253,2.2166717,0.0051,-0.3604071316346744,0.41425472604934344,buy,0.898,0.08582184324826761,0.09723033,standard: (OCF - D&A) at 2.5% growth,,,
POR,Portland General Electric Company,Regulated Electric,United States,USD,46.85,5.509922816,5.211,0.035,0.027,5.184,1.2962962962962965,39.77777777777777,0.006751543209876544,5.176,4.609082813891362,4.679166666666667,1.2638855202522434,0.10689231436112588,0.10426898375519456,3,3,2023: +10.4%; 2024: +17.7%; 2025: +4.0%,0.036088373482324944,-0.07973421926910292,3,1,2023: -10.4%; 2024: +29.2%; 2025: -8.0%,0.08557046979865772,0.0856462682230879,-0.0008179028388053169,-0.005417902294365534,1,3,2022: 8.8%; 2023: 7.8%; 2024: 9.1%; 2025: 8.6%,1.9212121212121211,1.4,3,2,2023: -97.0%; 2024: +140.0%; 2025: +533.3%,0.30418144927767865,0.4370179948586118,3,2,2023: -37.7%; 2024: +85.2%; 2025: +43.7%,0.10544699361104515,0.11423094688222202,0.021331473994045336,0.009,0.049,1.039,-1.228,-0.18900000000000006,-0.03430175091585168,3.534,1.123,0.257,0.07272212790039616,2.26,3.58643,20.730087,13.063128,9.515514528940338,1.5591179445387662,1.3153831,0.0471,-0.14225558403515193,0.14000192102454645,hold,0.528,0.07176300009864824,0.6426,standard: (OCF - D&A) at 2.5% growth,75.75329504602333,-0.3815450539605353,
BKH,Black Hills Corporation,Regulated Gas,United States,USD,70.46,5.372796416,4.4939,0.0715,0.5,3.9939,0.143,1.3996,0.017902301009038783,4.4224,5.15371168861438,4.064898152534344,1.1396003448800527,-0.029354489560222588,-0.08640959322830943,3,1,2023: -8.6%; 2024: -8.7%; 2025: +8.6%,0.0009298210577626988,0.0,3,1,2023: -1.5%; 2024: +0.0%; 2025: +1.8%,0.12623376623376623,0.11707990488180406,0.008323970618821308,0.011207583275509442,2,3,2022: 10.1%; 2023: 11.2%; 2024: 12.8%; 2025: 12.6%,4.19555949307604,3.046728971962617,3,2,2023: +304.7%; 2024: -81.4%; 2025: +1035.4%,0.10424888272491102,-0.06381203948283053,3,1,2023: +61.5%; 2024: -23.8%; 2025: -6.4%,-0.032631957300324754,0.05544088929461277,0.0008387351267391541,0.031,0.316,0.6283,-0.9335,-0.3052,-0.05680468351473827,2.2992,0.8581,0.2991,0.13008872651356992,3.97,4.612,17.74811,15.277536,11.41498242162918,2.336811245650661,1.3625463,0.039900000000000005,-0.10458762231541496,0.22906613681521426,strong_buy,0.694,0.0792847891437936,0.500169,standard: (OCF - D&A) at 2.5% growth,65.85618963399584,0.06990702607591515,
BEPC,Brookfield Renewable Corporation,Renewable,United States,USD,28.47,5.285254144,15.449,0.717,1.313,14.136,0.546077684691546,0.9695354150799697,0.05072156196943973,14.732,-12.505942275042445,-0.7390213299874528,-4.649112247968703,-0.0019371017038265538,0.044113940005041596,3,2,2023: +5.0%; 2024: +4.4%; 2025: -10.0%,-6.024821693118138,-6.024821693118138,2,0,2023: -111.5%; 2025: -1093.4%,-0.628755364806867,-0.054893734416659345,-0.34219496808190786,-0.4434559573869281,1,3,2022: 39.8%; 2023: -4.6%; 2024: 5.7%; 2025: -62.9%,0.17589399744572157,0.013793103448275862,3,2,2023: +1.4%; 2024: -11.1%; 2025: +62.5%,-0.1648949960322673,-0.08561020036429873,3,1,2023: +24.8%; 2024: -65.8%; 2025: -8.6%,-0.004430102444629047,-0.48982227248668053,-0.6117651324754527,0.13,,0.556,-1.06,-0.504,-0.09535965277510032,3.828,-1.178,-3.915,-1.0227272727272727,-21.26,-0.96074,,-29.633408,-16.99257567402377,1.3806829007314525,-2.9588444,0.055099999999999996,-0.3698539176626826,0.3648451001053741,none,1.158,0.06544141499471495,0.60626,standard: (OCF - D&A) at 2.5% growth,3.4143215308900623,7.3384062521429545,
NJR,New Jersey Resources Corporation,Regulated Gas,United States,USD,50.61,5.135292928,3.880008,0.033955,0.508415,3.371593,0.06678599175870106,1.3628826844211914,0.010070907134995238,3.846053,4.788019161772065,5.891941056090602,1.467776323454866,-0.09192506630089632,-0.08479648944418577,3,1,2023: -32.4%; 2024: -8.5%; 2025: +13.4%,0.05625964226477161,0.07749077490774907,3,2,2023: -4.9%; 2024: +7.7%; 2025: +14.0%,0.16481291605038667,0.13889301672086818,0.023402425708190663,0.02643898399735417,3,3,2022: 9.5%; 2023: 13.5%; 2024: 16.1%; 2025: 16.5%,-0.16368423410398739,-0.13821138211382114,3,1,2023: -13.8%; 2024: +6.6%; 2025: -41.9%,0.1547218051546814,0.09111221856450644,3,2,2023: +48.1%; 2024: -10.8%; 2025: +9.1%,-0.11174812338860174,0.10054915572852874,0.05324155269504205,0.168,,0.658955,-0.815358,-0.15640300000000007,-0.0304564904461863,2.229513,0.803266,0.366163,0.16423452117121543,3.61,3.44781,14.019391,14.678884,11.181035831219047,2.303324953924916,1.9415354,0.0395,-0.1684193230364771,0.18271369294605821,buy,0.514,0.07312533823891806,0.56493007,standard: (OCF - D&A) at 2.5% growth,80.67709344187469,-0.3726843910599864,
MWH,"SOLV Energy, Inc.",Renewable,United States,USD,25.2,5.100145664,0.08362,0.363968,0.022925,0.060695,15.876466739367503,30.13374045801527,5.996671884010215,-0.28034800000000004,-0.9739039811019247,8.398296183918777,0.16832366777312338,0.044526246870663866,-0.09387278848621707,3,1,2023: -9.4%; 2024: -12.0%; 2025: +34.8%,14.035715003517236,14.035715003517236,1,1,2025: +1403.6%,0.05990091933494372,-0.009885322660327819,0.03747403119172072,0.05453129930510288,3,3,2022: -5.3%; 2023: -5.2%; 2024: 0.5%; 2025: 6.0%,0.5334611193248951,0.5334611193248951,2,2,2024: +16.8%; 2025: +89.9%,0.9192073875805983,1.338602561043506,3,2,2023: -40.1%; 2024: +133.9%; 2025: +182.0%,0.02416962259826061,2.6141207262596367,14.06365409959363,0.775,,0.326848,-0.032058,0.29479,0.05780030991679534,3.174745,0.28786,0.119254,0.03756333185814924,0.59,1.70456,42.71187,14.783874,16.743547780170918,1.6064741149289155,6.2764635,,-0.47933884297520657,0.7676765873015874,strong_buy,0.8,0.09439171432545683,0.25765704000000006,standard: (OCF - D&A) at 2.5% growth,20.190334286708808,0.2481219796637557,
SR,Spire Inc.,Regulated Gas,United States,USD,77.21,4.564100096,7.2596,0.0207,1.5016,5.758,0.013785295684603089,0.4191529035695259,0.003594998263285863,7.2389,8.197146416034425,3.3025430067314883,2.026123360312587,0.04677431413474886,-0.027491280051007014,3,1,2023: +21.3%; 2024: -2.7%; 2025: -4.5%,0.035318219941041,0.04295942720763716,3,2,2023: -2.5%; 2024: +8.8%; 2025: +4.3%,0.10971571636246163,0.09712051365387774,0.003094534519425656,0.012955207299600091,2,3,2022: 10.0%; 2023: 8.2%; 2024: 9.7%; 2025: 11.0%,-0.022741147741147754,-0.13846153846153847,3,1,2023: -13.8%; 2024: -19.6%; 2025: +26.7%,2.5699415583583494,1.072694229895502,3,2,2023: +700.4%; 2024: +107.3%; 2025: -36.7%,0.04046508533643878,0.09393962163766689,0.03424820798285344,0.192,11.382,0.6087,-0.8311,-0.22239999999999993,-0.048728116238053676,2.5365,0.8831,0.5486,0.21628227873053418,4.53,5.486,17.04415,14.074006,13.365417388744197,1.799369247388133,1.2737141,0.042699999999999995,-0.1899066205015214,0.20162906359279908,buy,0.558,0.073257493324307,0.47924600000000006,standard: (OCF - D&A) at 2.5% growth,49.74205568797253,0.5522076627538561,
OGS,"ONE Gas, Inc.",Regulated Gas,United States,USD,71.8,4.51308032,3.392925,0.007858,1.052122,2.340803,0.007468715605224489,0.499194009820154,0.0033569676730592023,3.385067,4.266140120709841,5.864892233095823,0.959026096375067,-0.01215730983847585,-0.07991256805165234,3,1,2023: -8.0%; 2024: -12.2%; 2025: +16.5%,0.02559912854030501,0.01470588235294108,3,2,2023: +1.5%; 2024: -5.6%; 2025: +11.8%,0.10884936648996386,0.09982581118633437,0.007612114930984654,0.00947207507108934,3,3,2022: 8.6%; 2023: 9.7%; 2024: 10.7%; 2025: 10.9%,0.7359302509334565,0.9455634748476397,3,2,2023: +94.6%; 2024: +207.9%; 2025: -81.7%,-0.146203302470393,-0.4018927428729306,3,1,2023: -40.2%; 2024: -60.8%; 2025: +57.1%,-0.01985682246699927,0.10816094250249231,0.023147287449338805,-0.029,0.396,0.517355,-0.692812,-0.17545699999999997,-0.03887743792691905,2.311847,0.793473,0.288253,0.12468515433763565,4.64,5.05333,15.474139,14.208453,9.95389549486876,1.9521535464933448,1.2744507,0.0379,-0.20907688918263934,0.24042479108635106,buy,0.66,0.0759525271330326,0.31497268,standard: (OCF - D&A) at 2.5% growth,46.95099164768803,0.529254175050754,
FRVO,Fervo Energy Company,Renewable,United States,USD,15.18,4.474505216,0.338285,2.106371,0.035786,0.302499,58.860196724976255,58.860196724976255,6.963232936307228,-1.7680860000000003,17.700684766938974,-12.647252468979488,0.12108258284216294,-0.3065326633165829,-0.3065326633165829,1,0,2025: -30.7%,,,0,0,,-418.7536231884058,-312.6682688806351,-212.17070861554149,-212.17070861554149,0,1,2024: -20658.3%; 2025: -41875.4%,1.3876377773641873,1.3876377773641873,1,1,2025: +138.8%,,,0,0,,-0.30670650762450247,,,,,-0.037552,-0.612646,-0.650198,-0.14531170902986384,0.000174,-0.099888,-0.115564,-664.1609195402299,-0.45,-0.27286,,-55.632927,-27.094538042607716,25715.547218390802,1.6009281,,-0.6440797186400937,1.5738754940711464,strong_buy,0.8,0.092957739530029,-0.03185258,standard: (OCF - D&A) at 2.5% growth,,,
BIPC,Brookfield Infrastructure Corporation,Regulated Gas,United States,USD,34.96,4.300625408,12.886,0.765,0.758,12.128,1.0092348284960422,3.058047493403694,0.06307717678100264,12.196,4.719814241486068,2.080515297906602,-8.367532467532467,0.2641117949103142,0.3271474019088017,3,3,2023: +32.7%; 2024: +46.5%; 2025: +0.1%,-3.9914512992224673,-3.9914512992224673,2,0,2023: -91.5%; 2024: -706.8%,-0.06570338058887677,0.09821467348315342,-0.21525566910403351,-0.2101951199204708,1,3,2022: 58.0%; 2023: 4.4%; 2024: -16.6%; 2025: -6.6%,0.06032461151990831,0.28596187175043325,3,2,2023: +29.7%; 2024: +28.6%; 2025: -40.2%,0.2514433136731548,0.1858902575587906,3,2,2023: +18.6%; 2024: +64.6%; 2025: -7.7%,0.2481705006834014,0.033268260959289586,-0.9150725580149761,0.085,,1.553,-1.776,-0.2230000000000001,-0.051852923434153715,3.697,2.584,-0.348,-0.09413037598052475,-2.86,2.04,,17.137255,6.384142959752322,1.1632743868001083,-2.7923322,0.0521,-0.32405259087393656,0.4302059496567505,none,1.294,0.07046643476700556,1.89418,standard: (OCF - D&A) at 2.5% growth,247.9895986814623,-0.8590263455165899,
NWE,"NorthWestern Energy Group, Inc.",Regulated Electric,United States,USD,68.84,4.234888448,3.596606,0.00418,0.146704,3.449902,0.028492747300687096,2.8647207983422405,0.0012116286201752978,3.592426,6.058942880321396,3.756560690345553,1.242206347654867,0.03022725100206305,0.0638490836238637,3,2,2023: -3.8%; 2024: +6.5%; 2025: +6.4%,-0.023403648168389104,-0.009230769230769171,3,1,2023: -0.9%; 2024: +13.4%; 2025: -19.5%,0.11244046321805037,0.13020429915298645,-0.0037981913565176876,0.011529769738831047,2,3,2022: 12.4%; 2023: 13.7%; 2024: 14.8%; 2025: 11.2%,0.19902848385247718,0.07951466603840264,3,2,2023: +8.0%; 2024: -53.3%; 2025: +105.0%,0.13117120558661727,-0.030205954157559726,3,1,2023: +59.2%; 2024: -16.9%; 2025: -3.0%,0.02907539542233839,0.07147085288503274,-0.032855647781757535,0.146,0.157,0.416086,-0.60825,-0.19216399999999995,-0.04537640184849562,1.691385,0.592913,0.171374,0.10132169789846783,2.77,3.97002,24.851984,17.339962,13.20145526915416,2.5037992225306485,1.4625647,0.038900000000000004,-0.08433093907954248,0.07132481115630451,buy,0.36,0.07313233922543924,0.28221886,standard: (OCF - D&A) at 2.5% growth,39.298396407317895,0.7517254212230671,
MDU,"MDU Resources Group, Inc.",Regulated Gas,United States,USD,18.76,3.946155776,2.577157,0.046269,0.0047,2.572457,9.844468085106381,95.75531914893617,0.01798630647664859,2.530888,4.635096799242528,4.561057511590026,0.8805007444680796,0.02450775270548738,0.03208038926388058,3,2,2023: +3.2%; 2024: -2.5%; 2025: +6.7%,-0.1749146915316905,-0.32116788321167883,3,1,2023: +12.2%; 2024: -32.5%; 2025: -32.1%,0.10154042577701265,0.17543189177028198,-0.03625934006309119,-0.05836373684618286,1,3,2022: 21.0%; 2023: 23.0%; 2024: 16.0%; 2025: 10.2%,0.06475833971580099,0.3573274376938096,3,2,2023: +35.7%; 2024: +41.5%; 2025: -57.8%,0.03488106601008075,-0.05763878658539013,3,1,2023: -34.8%; 2024: +51.0%; 2025: -5.8%,0.023797809419694893,0.10191093802920914,-0.19901672729113384,0.069,0.472,0.403781,-0.789912,-0.38613099999999995,-0.09784991316065064,1.830327,0.546027,0.196707,0.1074709601071284,0.94,1.06079,19.957447,17.684935,11.862130949568428,2.155984026897926,1.3481854,0.0301,-0.1836379460400348,0.25932835820895517,buy,0.378,0.07138613852145115,0.28539985,standard: (OCF - D&A) at 2.5% growth,17.94930396751613,0.045165875732620764,
AQN,Algonquin Power & Utilities Corp.,Diversified,Canada,USD,5.0,3.849509376,6.6357,0.055,0.5206,6.1151,0.10564733000384173,1.2514406454091436,0.008994129286520254,6.5807,6.816552724259374,2.698909700866648,1.4360189573459716,-0.03883992110037604,-0.03511924669831492,3,1,2023: -13.1%; 2024: -3.5%; 2025: +4.9%,-64.33333333333333,-64.33333333333333,1,0,2024: -6433.3%,0.07429322813938198,-0.14640462572641094,0.050320527922455484,0.08859635335170611,2,3,2022: -7.7%; 2023: 1.2%; 2024: -59.5%; 2025: 7.4%,-0.07881304197527274,-0.0603448275862069,3,1,2023: -56.5%; 2024: +38.9%; 2025: -6.0%,0.004578711150777441,0.014437179371212219,3,2,2023: +1.4%; 2024: -23.3%; 2025: +23.2%,-0.041655718655964624,0.34654755082153454,1.9977465124101266,0.031,-0.954,0.5965,-0.6554,-0.05889999999999995,-0.015300651134197927,2.5497,0.9654,0.1497,0.05871278973996941,0.24,0.40837,20.833334,12.243799,10.804028771493682,1.5097891422520295,0.86745316,0.052000000000000005,-0.2967651195499297,0.345,hold,0.888,0.07689392474541348,0.46688300000000005,standard: (OCF - D&A) at 2.5% growth,3.4304291422881827,0.4575435878745111,
TAC,TransAlta Corporation,Independent Power Producers,Canada,CAD,11.53,3.64693888,2.9952938672304152,0.21339437317848206,0.661381236076355,2.3339126311540603,0.3226495726495726,1.0352564102564101,0.0914320314865274,2.7818994940519333,5.173455978975033,2.9269230769230767,2.3801235261089273,-0.059772355154485056,-0.15201192250372578,3,1,2023: +12.7%; 2024: -15.2%; 2025: -15.5%,76.38949104046945,-0.7467811158798284,3,1,2023: +23200.0%; 2024: -74.7%; 2025: -208.5%,-0.057380457380457384,0.06176655287805749,-0.02472717754975819,-0.12666141084706872,1,3,2022: 1.7%; 2023: 20.7%; 2024: 8.0%; 2025: -5.7%,-0.37214076106091526,-0.3916913946587537,3,0,2023: -69.3%; 2024: -3.2%; 2025: -39.2%,0.008200295978232694,-0.1884422110552764,3,1,2023: +66.9%; 2024: -45.6%; 2025: -18.8%,-0.0685324013328048,-0.1542866933167233,6.67044180414038,0.125,,0.4713047910928726,-0.15757266628742217,0.31373212480545043,0.08602615374937417,1.6011644027233123,0.5377255562543869,-0.01625188934803009,-0.010150044130626656,-0.22,0.41820064,,27.570498,11.955612485359692,2.2776792150744596,6.022646,0.0175,-0.3551454138702461,0.13385290546400697,buy,0.46,0.07510232672002741,0.2680855138540268,standard: (OCF - D&A) at 2.5% growth,8.544512652896884,0.34940405244656425,"Reports in CAD, converted to USD; check against filings"
AWR,American States Water Company,Regulated Water,United States,USD,82.8,3.281829888,0.917494,0.021657,0.075568,0.841926,0.28658956171924627,3.418166419648528,0.025723163318391404,0.895837,3.130830310274207,6.105233959929161,0.8181099975032993,0.10556086679903116,0.10515249580575657,3,2,2023: +21.2%; 2024: -0.0%; 2025: +10.5%,0.1996536417378659,0.06309148264984232,3,2,2023: +59.2%; 2024: -5.7%; 2025: +6.3%,0.19821813081527428,0.19192835316829646,0.01290788548049493,-0.002077775368022977,1,3,2022: 15.9%; 2023: 21.0%; 2024: 20.0%; 2025: 19.8%,0.6490673871572196,0.8944787891707525,3,2,2023: +134.7%; 2024: +89.4%; 2025: -29.4%,0.5555865746066211,0.1559789062657247,3,2,2023: -42.5%; 2024: +193.6%; 2025: +15.6%,0.10212867309173013,0.15832114370810757,0.16887217539920707,0.112,0.258,0.236647,-0.215902,0.020744999999999986,0.0063211685882482846,0.697475,0.286134,0.14313,0.2052116563317682,3.66,3.8,22.622952,21.789474,14.600386140759225,4.705301104699093,2.9263122,0.0264,-0.09725250763192328,0.01449275362318847,none,0.565,0.08056247154220936,0.22254492999999997,standard: (OCF - D&A) at 2.5% growth,80.97780080798198,0.022502453435836012,
CPK,Chesapeake Utilities Corporation,Regulated Gas,United States,USD,128.77,3.104188416,1.6947,0.0004,0.3698,1.3249,0.001081665765278529,0.8342347214710654,0.0003019095780813647,1.6943000000000001,4.362255406797116,5.270013568521032,1.012728576550735,0.11347963815863442,0.1738741425589025,3,2,2023: -1.5%; 2024: +17.4%; 2025: +18.1%,0.061841264014312,0.11205073995771656,3,2,2023: -6.2%; 2024: +11.2%; 2025: +13.5%,0.15086021505376343,0.14086915275540063,0.0063123982112025705,0.0001996459480723689,2,3,2022: 13.2%; 2023: 13.0%; 2024: 15.1%; 2025: 15.1%,-0.12336465897313882,-0.21018697614442294,3,1,2023: -21.0%; 2024: +61.2%; 2025: -77.2%,0.14442764178446998,0.17641277641277642,3,2,2023: +28.1%; 2024: +17.6%; 2025: -2.4%,0.10959739370275412,0.1783669079489194,0.058056857740734547,0.047,0.029,0.3081,-0.5016,-0.19350000000000006,-0.06233513371889345,0.9935,0.3884,0.1502,0.15118268746854555,6.26,7.33557,20.570288,17.554192,12.35450158599382,3.1244976507297433,1.8549143,0.022799999999999997,-0.085635162962437,0.1448060107167819,buy,0.681,0.07896833845473933,0.258123,standard: (OCF - D&A) at 2.5% growth,133.08183013829353,-0.0323998410137043,
AVA,Avista Corporation,Diversified,United States,USD,35.11,2.94056192,3.283,0.018,0.385,2.898,0.04675324675324675,1.251948051948052,0.006211180124223602,3.265,4.851411589895988,4.516778523489934,1.1826368876080693,0.04804722658109146,0.02456140350877193,3,3,2023: +2.5%; 2024: +10.6%; 2025: +1.3%,0.03940883740000075,0.03930131004366806,3,3,2023: +5.7%; 2024: +2.2%; 2025: +3.9%,0.09826883910386966,0.09484852766241061,0.0025418547500228317,0.005389582137925383,2,3,2022: 9.1%; 2023: 9.8%; 2024: 9.3%; 2025: 9.8%,0.3656566946111182,-0.14285714285714285,3,1,2023: +160.6%; 2024: -14.3%; 2025: -36.7%,0.8925822452395643,0.19463087248322147,3,2,2023: +260.5%; 2024: +19.5%; 2025: -12.2%,0.04723436364340805,0.08926597570722983,0.03930546752848896,0.005,1.479,0.464,-0.617,-0.15299999999999997,-0.0520308717049563,1.917,0.673,0.206,0.10745957224830463,2.77,2.78843,12.675091,12.591315,9.220745794947993,1.5339394470526864,1.0423657,0.055999999999999994,-0.19287356321839078,0.17725234975790372,hold,0.23,0.06583299724438188,0.29671000000000003,standard: (OCF - D&A) at 2.5% growth,49.945628708384135,-0.29703557832867467,
CWT,California Water Service Group,Regulated Water,United States,USD,46.17,2.855111168,1.677538,0.043445,0.20559,1.471948,0.21131864390291355,1.8076073738995089,0.02951530896471886,1.634093,4.381240029492593,5.121594529276063,0.9281123424803579,0.06940037406214916,-0.03536437867836413,3,1,2023: -6.1%; 2024: +30.5%; 2025: -3.5%,0.5823637755841143,-0.3384615384615385,3,1,2023: -48.6%; 2024: +257.1%; 2025: -33.8%,0.12819305297258385,0.12274600098413399,0.004920887042431543,-0.04810329703913996,1,3,2022: 11.3%; 2023: 6.5%; 2024: 18.4%; 2025: 12.8%,-0.020865420888134718,0.03389796692005347,3,2,2023: -36.2%; 2024: +26.6%; 2025: +3.4%,0.08970159086827344,0.04020394200785926,3,2,2023: -10.6%; 2024: +33.5%; 2025: +4.0%,0.057184779658905116,0.10999060758799417,0.06696123851071767,0.165,0.314,0.328181,-0.563911,-0.23573000000000005,-0.0825642106836521,1.054382,0.372975,0.133214,0.12634320388625755,2.23,2.75,20.704035,16.789091,12.036206630471213,2.707852721309734,1.5795956,0.028999999999999998,-0.14214046822742477,0.1641758717782109,strong_buy,0.489,0.07433366102712496,0.24193596,standard: (OCF - D&A) at 2.5% growth,54.86146603354688,-0.15842569770614934,
MGEE,"MGE Energy, Inc.",Regulated Electric,United States,USD,70.06,2.644521216,0.934363,0.016621,0.055259,0.879104,0.3007835827647985,5.33361081452795,0.018906750509609785,0.9177420000000001,2.8374763477163953,8.776143702176155,0.648629417591854,0.015099817682016396,-0.019534175029800226,3,1,2023: -3.4%; 2024: -2.0%; 2025: +9.9%,0.06678814118553536,0.05863192182410429,3,3,2023: +5.9%; 2024: +2.5%; 2025: +11.7%,0.1827314853413012,0.17164828457265982,0.009149800156740032,0.0076360125310697136,3,3,2022: 15.5%; 2023: 17.0%; 2024: 17.8%; 2025: 18.3%,0.04606882049520992,-0.03998621165115478,3,1,2023: -4.0%; 2024: +91.2%; 2025: -73.4%,0.22073354605312978,0.1693165123905018,3,2,2023: +54.5%; 2024: +16.9%; 2025: -5.2%,0.01340814955369507,0.06914893733601213,0.06609321629423293,0.011,0.236,0.278109,-0.442373,-0.16426400000000002,-0.06211483538349501,0.76913,0.323436,0.149633,0.19454838583854484,4.07,4.195,17.213758,16.700832,11.013811746373316,3.4383280017682316,1.8374947,0.028999999999999998,-0.20332044575847164,0.09620325435341126,hold,0.7,0.08116125438353661,0.19190365999999998,standard: (OCF - D&A) at 2.5% growth,68.47505168039044,0.023146361787463432,
HTO,H2O America,Regulated Water,United States,USD,62.27,2.606423296,1.891491,0.104102,0.010012,1.881479,10.397722732720736,33.25039952057531,0.05532987612404922,1.7873890000000001,5.991053921157862,4.076002459184371,1.0258088553513147,0.08872089758252925,0.08001475757937032,3,3,2023: +8.0%; 2024: +11.6%; 2025: +7.0%,0.06373259453724335,0.07089552238805968,3,3,2023: +10.3%; 2024: +7.1%; 2025: +1.7%,0.12812800559587303,0.12484993633846406,0.003061497871400263,0.002577359517835942,2,3,2022: 11.9%; 2023: 12.7%; 2024: 12.6%; 2025: 12.8%,0.26399634574822933,0.14306284068703076,3,2,2023: -21.2%; 2024: +14.3%; 2025: +86.1%,0.14161118036287926,0.14820787128683086,3,3,2023: +14.8%; 2024: +2.5%; 2025: +25.2%,0.08851612680426002,0.0765782599200675,0.06312939631249748,0.062,-0.126,0.228801,-0.499878,-0.271077,-0.10400344426632994,0.786208,0.298343,0.086497,0.11001795962391632,2.84,2.70883,21.926058,22.987783,14.727385244500457,3.3151828727257926,1.4133964,0.028300000000000002,-0.07184379192129975,0.07825373374016364,buy,0.332,0.07319821160436624,0.15843805,standard: (OCF - D&A) at 2.5% growth,37.79576277507896,0.647539179737322,
CTRI,"Centuri Holdings, Inc.",Regulated Gas,United States,USD,20.51,2.070752256,0.92922,0.040458,0.065571,0.863649,0.6170105686965274,1.7469613091153102,0.046845419840699176,0.888762,3.3834141661781163,3.928777613257355,1.0693644944565026,0.030327572246678997,0.05033787663563049,3,2,2023: +5.0%; 2024: -9.0%; 2025: +13.1%,,,0,0,,0.007508093956612973,-0.030042772118043376,0.022807659438776107,0.010057739815960039,2,3,2022: -6.1%; 2023: -6.4%; 2024: -0.3%; 2025: 0.8%,0.5242910220633985,0.4673272068728111,3,2,2023: -47.8%; 2024: +46.7%; 2025: +158.3%,0.06944296018143052,-0.05514585137192846,3,1,2023: +77.0%; 2024: -5.5%; 2025: -50.6%,0.02616623096891524,0.5557030376881134,,0.329,-0.333,0.074092,-0.08931,-0.015217999999999995,-0.007349020123438656,3.393808,0.262682,0.028851,0.008501070184288563,0.33,0.94437,62.151512,21.718184,11.266528563053425,0.6101559828959092,2.382944,,-0.522856810515296,0.446449049244271,none,1.011,0.08809177090840936,-0.042485809999999985,standard: (OCF - D&A) at 2.5% growth,,,
NWN,Northwest Natural Holding Company,Regulated Gas,United States,USD,47.04,1.98008,2.701865,0.024234,0.250398,2.451467,0.09678192317830013,0.9482344108179778,0.009885509370511615,2.6776310000000003,5.438327006700342,3.8069990953445036,1.7327478123126157,0.07849482774615509,0.11827381582211183,3,2,2023: +15.4%; 2024: -3.7%; 2025: +11.8%,0.06776176749097569,0.026780304277669923,3,2,2023: +2.7%; 2024: -21.4%; 2025: +39.0%,0.08788758479962586,0.07946916214933426,0.0015640608853001448,-0.004807126814386609,1,3,2022: 8.3%; 2023: 7.8%; 2024: 6.8%; 2025: 8.8%,0.08223068274245664,0.12470105910488555,3,2,2023: +12.5%; 2024: +16.9%; 2025: -4.7%,0.3182990666335013,0.3437253472603629,3,2,2023: +89.6%; 2024: -28.5%; 2025: +34.4%,0.07516643367995446,0.15724192344239873,0.03919136470132045,0.031,,0.213202,-0.479179,-0.265977,-0.13432639085289483,1.29284,0.492363,0.125992,0.09745366789393892,2.99,3.232,15.732442,14.554455,9.45991270668186,1.531573899322422,1.2698413,0.04190000000000001,-0.15984997320950178,0.22023809523809512,buy,0.426,0.07221295972293565,0.11925449000000002,standard: (OCF - D&A) at 2.5% growth,,,
CEPU,Central Puerto S.A.,Regulated Electric,Argentina,ARS,13.18,1.976818688,0.6722564039793337,0.17345378852729731,0.21152986396970086,0.4607265400096328,0.8199966911156455,2.0911908948423505,0.37647882955401435,0.6679003251890608,1.1902827844628914,12.599560911793944,0.34582507987579936,0.1725295969060676,0.13013608324285134,3,3,2023: +30.6%; 2024: +8.1%; 2025: +13.0%,4.199449333702437,6.475146837322024,3,2,2023: +678.8%; 2024: -66.5%; 2025: +647.5%,0.315606770262227,0.26067838480022254,0.042605738015210094,0.24841607446325004,2,3,2022: 18.8%; 2023: 47.2%; 2024: 6.7%; 2025: 31.6%,0.2987371406804451,0.4168146752575698,3,3,2023: +41.7%; 2024: +42.7%; 2025: +5.3%,0.03608693553432352,-0.04627042838232059,3,1,2023: -4.6%; 2024: -5.6%; 2025: +21.1%,0.16860757897000078,0.24012667810474886,1.6912878148746922,2.247,0.505,0.2688955369933821,-0.22875444019651353,0.04014109679686856,0.020305907183364585,1.0977883339952874,0.5611274345116629,0.31407955221204475,0.2861021040995987,2.15,1.67903,6.1302323,7.849771,4.71322350419509,1.8007284526385632,1.0199603,0.08220000000000001,-0.28768307841971574,0.806525037936267,strong_buy,-0.215,0.05858377895457588,0.16433724359303065,standard: (OCF - D&A) at 2.5% growth,28.987893304668184,-0.5453274281964635,"Reports in ARS, converted to USD; check against filings"
HE,"Hawaiian Electric Industries, Inc.",Regulated Electric,United States,USD,9.1,1.574499456,2.800655,0.238732,0.12499,2.800655,1.9100088007040563,1.9100088007040563,0.08524148815187876,2.5619229999999997,3.5464295849223757,5.614716192163904,1.5886752809454037,-0.03362343694301042,-0.03899948464110646,3,0,2023: -3.9%; 2024: -2.1%; 2025: -4.1%,-3.690846308387745,-3.690846308387745,2,0,2023: -17.7%; 2024: -720.4%,0.04090873161907625,-0.06729087979102621,-0.010044346253345179,-0.009862206436508557,1,3,2022: 7.1%; 2023: 6.1%; 2024: -44.2%; 2025: 4.1%,0.29772259027990094,-0.33143957310451877,3,1,2023: -85.0%; 2024: +207.5%; 2025: -33.1%,-0.03346040346931837,-0.1160351133604487,3,1,2023: +21.3%; 2024: -11.6%; 2025: -19.8%,-0.03366017176004599,0.002870475058526889,-0.3140129753163018,0.259,3.733,-0.143712,-0.421799,-0.565511,-0.3591687490554458,3.282584,0.722395,0.226229,0.06891796219076192,1.28,1.01833,7.1093755,8.9362,5.725984338208321,0.4796524494118049,0.8916324,,-0.476409666283084,0.07829670329670324,underperform,0.494,0.06684414463381497,-0.33913481,standard: (OCF - D&A) at 2.5% growth,,,
FLNC,"Fluence Energy, Inc.",Renewable,United States,USD,7.85,1.459388544,0.392164,0.339328,0.03036,0.392164,11.1768115942029,11.1768115942029,0.8652706520741322,0.052835999999999994,-0.7517286515095466,-34.82953419226958,1.05078642051392,0.30189255544043075,0.21667663069696813,3,2,2023: +85.0%; 2024: +21.7%; 2025: -16.1%,-3.846153846153846,-3.846153846153846,1,0,2025: -384.6%,-0.02135113994422913,-0.032873647384413285,0.021940392164719297,0.03980676635523768,2,3,2022: -8.7%; 2023: -3.1%; 2024: 0.8%; 2025: -2.1%,0.19211727392733577,0.2971673566621181,3,2,2023: -26.0%; 2024: +29.7%; 2025: +54.0%,-2.8264165150279226,-2.8264165150279226,1,0,2025: -282.6%,0.23586549077550445,,,0.079,,-0.100791,-0.031086,-0.131877,-0.09036455750059663,2.631864,-0.070286,-0.080868,-0.030726511704252193,-0.6,-0.26634,,-29.473606,-21.5153023930797,0.554507582458668,3.0111237,,-0.7657415696806923,0.2872942675159236,hold,2.736,0.1369194810342169,-0.14033378,standard: (OCF - D&A) at 2.5% growth,,,
SPH,"Suburban Propane Partners, L.P.",Regulated Gas,United States,USD,16.62,1.108759936,1.327704,0.005034,0.029856,1.297848,0.16860932475884244,6.244808413719185,0.0038787284797603423,1.32267,4.798576393675764,3.650689376581063,,-0.013380549660937801,-0.0481336561291805,3,1,2023: -4.8%; 2024: -7.1%; 2025: +7.9%,-0.03482114115564139,-0.11926605504587166,3,1,2023: -11.9%; 2024: -40.6%; 2025: +42.1%,0.07439348057057572,0.07747967429783766,-0.006218103140399657,-0.006459125331833501,1,3,2022: 9.3%; 2023: 8.7%; 2024: 5.6%; 2025: 7.4%,-0.3670204244174804,-0.14292682926829267,3,0,2023: -14.3%; 2024: -8.4%; 2025: -87.4%,-0.03530418760000769,0.021274376890186672,3,2,2023: +2.1%; 2024: -28.7%; 2025: +16.0%,-0.015543546076391968,-0.004406470597551726,-0.09420626833373646,0.005,,0.181411,-0.080119,0.101292,0.09135611480103119,1.394347,0.275638,0.130659,0.09370622951101842,1.93,2.08,8.6114,7.9903855,8.821098455220252,0.7951822150440314,1.5550151,0.0782,-0.2009615384615384,0.022864019253910906,hold,0.369,0.06761613148936181,0.17266237,standard: (OCF - D&A) at 2.5% growth,42.423788803107854,-0.6082386682355334,
MSEX,Middlesex Water Company,Regulated Water,United States,USD,53.47,1.007585792,0.438745,0.001801,0.041651,0.397094,0.04324025833713476,1.451153633766296,0.004535450044573829,0.436944,4.3429911836913195,6.623370638578012,0.8398078229827635,0.06410080992269818,0.02364037085831784,3,3,2023: +2.4%; 2024: +15.4%; 2025: +1.5%,0.03175878386459754,-0.044534412955465716,3,1,2023: -26.4%; 2024: +40.3%; 2025: -4.5%,0.21994514468858825,0.22547157920781427,-0.013754161418696944,-0.011197722877613003,1,3,2022: 26.1%; 2023: 19.0%; 2024: 23.1%; 2025: 22.0%,0.018370942541956075,-0.3374349266445812,3,1,2023: -37.6%; 2024: +76.8%; 2025: -33.7%,0.012901554636475604,0.06582666439639026,3,2,2023: -14.0%; 2024: +11.3%; 2025: +6.6%,0.06223162586104136,0.05596573401560234,-0.004200773820811743,0.143,0.316,0.058641,-0.099187,-0.040546,-0.040240742100499965,0.206141,0.100609,0.04794,0.23255926768571028,2.56,2.99,20.886719,17.882944,14.35785856136131,4.887847599458623,1.9335359,0.0269,-0.14007719523962692,0.14082663175612486,none,0.731,0.08184771340399702,0.038487099999999996,standard: (OCF - D&A) at 2.5% growth,13.638470483343944,2.9205276035388663,
XIFR,"XPLR Infrastructure, LP",Renewable,United States,USD,10.55,0.994865024,6.03,0.5,0.12,5.91,4.166666666666667,9.541666666666668,0.08460236886632826,5.53,6.947236180904523,2.089238845144357,,0.07311420464245137,0.11248710010319918,3,2,2023: +11.2%; 2024: +14.1%; 2025: -3.4%,-0.8312791798622221,-0.8312791798622221,2,0,2023: -61.2%; 2024: -105.0%,-0.02356902356902357,0.1588801520789849,-0.17194302849617607,-0.2042279439491983,0,3,2022: 49.2%; 2023: 18.6%; 2024: -1.9%; 2025: -2.4%,0.8791540814231116,0.21238938053097345,3,3,2023: +21.2%; 2024: +3.3%; 2025: +239.2%,-0.013282815283869482,-0.05798969072164949,3,1,2023: -5.8%; 2024: +9.4%; 2025: -7.6%,0.07026377469496725,0.014696293454266707,-0.6123511682098601,0.061,-0.524,0.645,-1.054,-0.40900000000000003,-0.41111104535121346,1.202,0.796,0.062,0.051580698835274545,0.7,-1.86,15.071429,-5.672043,8.197066613065326,0.8276747287853577,0.3108793,,-0.20377358490566033,0.20379146919431257,hold,0.881,0.06932259742518634,0.29299000000000003,standard: (OCF - D&A) at 2.5% growth,13.20951965176851,-0.20133356260327362,
UTL,Unitil Corporation,Diversified,United States,USD,50.98,0.929705664,0.9624,0.0092,0.2777,0.6847,0.03312927619733525,0.5473532589124955,0.013436541551044253,0.9532,4.458372310570627,4.607758620689656,1.495106416032313,-0.013131371640778705,-0.01083096590909091,3,1,2023: -1.1%; 2024: -11.2%; 2025: +8.3%,0.04737162609089035,0.03839235264055307,3,3,2023: +8.8%; 2024: +3.8%; 2025: +1.6%,0.09365671641791044,0.08587241528310359,0.006716064563545908,0.0076259235121815955,2,3,2022: 7.4%; 2023: 8.1%; 2024: 9.5%; 2025: 9.4%,0.38921448921448926,-0.03076923076923077,3,1,2023: -27.8%; 2024: -3.1%; 2025: +147.6%,0.1049053508888425,0.09518935516888434,3,3,2023: +9.5%; 2024: +17.7%; 2025: +4.3%,-0.016361129539458785,0.11325280778432023,0.04693075724621143,0.14,0.053,0.1428,-0.1883,-0.045499999999999985,-0.04894022028890208,0.5965,0.2138,0.0566,0.09488683989941324,3.14,3.51,16.235668,14.524217,8.80685530402245,1.5586012808046938,1.4990591,0.0373,-0.1096751659098848,0.08539289917614745,hold,0.307,0.06746436522088864,0.086756,standard: (OCF - D&A) at 2.5% growth,62.561100515513054,-0.18511663669729295,
NRGV,"Energy Vault Holdings, Inc.",Renewable,United States,USD,4.4,0.800094144,0.244968,0.093375,0.078529,0.166439,1.1890511785455053,1.1890511785455053,0.5610163483318212,0.15192499999999998,-1.9194082272084088,-6.242763624891554,35.56445993031359,1.295044086675291,1.3413080883209827,3,2,2023: +134.1%; 2024: -86.5%; 2025: +340.9%,,,0,0,,-0.5087174904625598,-1.0680174175411856,0.009343073602631277,0.24851653234715582,2,3,2022: -53.7%; 2023: -28.8%; 2024: -293.8%; 2025: -50.9%,-0.02377994948254747,-0.45860606687451055,3,1,2023: -45.9%; 2024: -75.1%; 2025: +113.8%,,,0,0,,0.11764300301887132,,,1.041,,-0.102639,-0.043477,-0.146116,-0.1826235088654767,0.225873,-0.079152,-0.109725,-0.48578183315402906,-0.67,-0.16333,,-26.939325,-12.027733272690519,3.5422301204659257,115.78948,,-0.33784800601956344,0.4104545454545454,none,1.237,0.0960156616021181,-0.10435758999999999,standard: (OCF - D&A) at 2.5% growth,,,
HNRG,Hallador Energy Company,Independent Power Producers,United States,USD,14.72,0.693950208,0.047709,0.028979,0.008216,0.039493,3.527142161635833,6.929892891918209,0.7337756058035602,0.01873,0.33379669232962644,3.6612292835704037,0.2506620011348591,0.18401026704565773,0.16158739505986505,3,2,2023: +75.4%; 2024: -36.3%; 2025: +16.2%,-2.1516363636363636,-2.1516363636363636,2,1,2023: +127.3%; 2024: -557.6%,0.08918856743619347,-0.08744249475100238,0.013057837271087891,0.02053865705887674,2,3,2022: 5.0%; 2023: 7.1%; 2024: -56.0%; 2025: 8.9%,0.6272030801522873,0.39242256637168144,3,2,2023: -5.6%; 2024: +154.5%; 2025: +39.2%,0.14569953586332385,0.1097384454842293,3,3,2023: +9.7%; 2024: +11.0%; 2025: +23.1%,0.09050301986339004,0.09992235452016485,0.2039758838136303,-0.013,,0.027957,-0.078419,-0.05046200000000001,-0.0727170327471103,0.452102,0.056112,-0.000912,-0.0020172438962888905,0.02,0.65667,736.0,22.416132,12.701030225263757,1.5349416901495678,3.646272,,-0.40404858299595137,0.9248186141304346,strong_buy,0.31,0.0769164471082519,-0.0012844599999999977,standard: (OCF - D&A) at 2.5% growth,,,
DGXX,Digi Power X Inc.,Independent Power Producers,United States,USD,4.59,0.465410816,0.0,0.128121977,5.3455e-05,0.0,2396.8193246656065,2396.8193246656065,inf,-0.128121977,5.727044091166948,-354.42644169835233,0.0,0.14014973540332085,0.07948917861303362,3,2,2023: +7.9%; 2024: +41.7%; 2025: -7.6%,-5.8125,-5.8125,1,0,2023: -581.2%,-0.8294148693178757,-0.4558573385543262,-0.3361289368951761,-0.4945354053240113,1,3,2022: 17.9%; 2023: -83.8%; 2024: -33.5%; 2025: -82.9%,16.07853201072805,3.99276532277678,3,2,2023: -81.6%; 2024: +399.3%; 2025: +4505.8%,,,0,0,,0.12219531229674963,,,-0.183,,-0.017838102,-0.112048787,-0.129886889,-0.2790800826597034,0.030220141,-0.022371397,-0.035294795,-1.167922909426531,-0.57,,,,-15.076789303770346,15.400683140426116,1.7184576,,-0.5010869565217391,0.8518518518518519,strong_buy,6.157,0.2745595,-0.026518607200000002,standard: (OCF - D&A) at 2.5% growth,,,
IMSR,Terrestrial Energy Inc.,Regulated Electric,United States,USD,4.305,0.555999104,0.003879,0.273518,0.001836,0.002043,148.97494553376904,148.97494553376904,133.88056779246205,-0.126858,4.374262956449778,-10.733160621761657,0.013772216975437948,5.671242075856882,5.671242075856882,2,1,2024: +1234.2%; 2025: -100.0%,,,0,0,,-46.24556585882419,-396.72496408338225,700.9587964491161,700.9587964491161,1,1,2023: -74720.4%; 2024: -4624.6%,48.602222615919906,48.602222615919906,2,1,2024: -34.3%; 2025: +9754.8%,,,0,0,,12.271832218022752,,,,,-0.021679,-0.000733,-0.022412,-0.040309417477046874,0.0,-0.029001,-0.032403,,-0.33,-0.81333,,-5.293054,-14.797458846246679,,1.6190296,,-0.8633333333333333,1.7100278745644601,strong_buy,0.8,0.09483410594031733,-0.02012942,standard: (OCF - D&A) at 2.5% growth,,,
CWCO,Consolidated Water Co. Ltd.,Regulated Water,Cayman Islands,USD,27.86,0.446118432,0.002785287,0.132629006,0.000782947,0.00200234,169.39716992337924,220.18201359734437,66.2370057033271,-0.129843719,-4.916619564927225,5365.531288094271,0.01234376672856764,0.2147521939877655,-0.014132362347271952,3,1,2023: +91.5%; 2024: -25.7%; 2025: -1.4%,1.1634725139804132,-0.04838709677419359,3,1,2023: +389.5%; 2024: -4.8%; 2025: -35.6%,0.13883702125321737,0.14400491327142748,0.025535172210303703,0.04660987447595746,2,3,2022: 6.2%; 2023: 16.4%; 2024: 21.1%; 2025: 13.9%,0.47247311029950706,0.24598127062170363,3,2,2023: -16.0%; 2024: +133.1%; 2025: +24.6%,1.0323974246851624,0.1423514519793933,3,2,2023: -62.6%; 2024: +358.1%; 2025: +14.2%,0.11958318869521789,0.2200429787894882,0.4421291014109636,-0.021,-0.227,0.039761841,-0.009519583,0.030242258,0.06778975229608984,0.127610966,0.026409145,0.016158614,0.12662402383193308,1.02,1.36,27.313726,20.485294,11.975954276444769,3.495925514739854,1.9757465,0.020099999999999996,-0.28783231083844574,0.5434314429289304,none,0.523,0.08560564254438711,0.031997672379999995,standard: (OCF - D&A) at 2.5% growth,41.90431046438821,-0.33515192849488773,
GNE,Genie Energy Ltd.,Regulated Electric,United States,USD,15.92,0.419008416,0.006941,0.20435,0.000464,0.006477,440.4094827586207,483.3793103448276,31.55010035510267,-0.1779,-5.075606276747504,61.49122807017544,0.026529122410056682,0.1770073463930287,0.18054712818848453,3,2,2023: +35.9%; 2024: -0.8%; 2025: +18.1%,-0.0649542580724229,-0.37837837837837834,3,1,2023: -77.3%; 2024: -37.8%; 2025: +95.7%,0.04782347984246102,0.1328664392590199,-0.07681546707273341,-0.03835060413762323,0,3,2022: 27.8%; 2023: 12.2%; 2024: 8.4%; 2025: 4.8%,0.33503583106992635,0.09028780246514774,3,3,2023: +9.0%; 2024: +85.1%; 2025: +6.4%,-0.14612981567093844,-0.22564572901690547,3,1,2023: -22.6%; 2024: +13.2%; 2025: -34.5%,0.16732879129543443,-0.21449504270216846,-0.3487953831123195,-0.046,3.803,0.019938,-0.008052,0.011886,0.02836697198941226,0.502624,0.03505,0.024706,0.049154039600178265,1.12,,14.214286,,6.878984764621968,0.8336418794168206,1.6040303,0.018799999999999997,-0.03806646525679758,0.005025125628140614,none,0.182,0.07401886612083534,0.0191493,standard: (OCF - D&A) at 2.5% growth,21.972879214673394,-0.275470463180415,
NKLR,Terra Innovatum Global N.V.,Regulated Electric,Italy,USD,3.53,0.390068224,0.000384,0.091055,2.6e-05,0.000358,3502.1153846153848,3502.1153846153848,254.34357541899442,-0.090671,-0.17086619366631806,372.12833099579245,-0.0033248192562448592,,,0,0,,,,0,0,,,,,,0,0,,765.0941899354438,765.0941899354438,2,2,2024: +4014.5%; 2025: +149004.3%,,,0,0,,,,,,,-0.017704,-0.000108,-0.017812,-0.04566380674986743,0.0,0.530655,0.516967,,4.69,-0.30667,0.7526652,-11.510744,0.564203152707503,,-3.2806692,,-0.8388495777219813,3.759206798866856,none,0.8,0.09505681757981228,-0.016591460000000002,standard: (OCF - D&A) at 2.5% growth,,,
ARTNA,Artesian Resources Corporation,Regulated Water,United States,USD,33.25,0.343376768,0.186411,0.004255,0.002558,0.183853,1.6634089132134482,16.52814698983581,0.0231434896357416,0.18215599999999998,3.372759591171678,6.173754000914494,0.7373911186006218,0.0459361213590177,0.04621498443752779,3,2,2023: -0.0%; 2024: +9.2%; 2025: +4.6%,0.060245909032546306,0.11616161616161616,3,2,2023: -12.1%; 2024: +18.6%; 2025: +11.6%,0.20207010740120948,0.1854721634443591,0.006694262420017509,0.01315281082495337,2,3,2022: 18.2%; 2023: 16.9%; 2024: 18.9%; 2025: 20.2%,-0.19436851649693518,-0.5421157684630739,3,1,2023: +91.4%; 2024: -54.2%; 2025: -95.5%,0.18813570358153583,0.1561018492355028,3,3,2023: +31.3%; 2024: +15.6%; 2025: +9.6%,0.045245850810321064,0.05702251589501528,0.051658089423906484,0.074,0.044,0.038024,-0.061586,-0.023562,-0.0686185036257316,0.114829,0.054008,0.023321,0.2030932952477162,2.28,2.09,14.583334,15.909092,9.730646719004591,2.9903314319553425,1.3400774,0.0381,-0.10086533261222275,,none,0.324,0.07126108173239666,0.031033920000000003,standard: (OCF - D&A) at 2.5% growth,48.944717460300595,-0.32066213219088846,
ELLO,Ellomay Capital Ltd.,Renewable,Israel,EUR,21.98,0.302955392,0.7568417540693283,0.19003760042715073,0.12334168990528584,0.6335000641640425,1.5407410144378655,1.5407410144378655,0.2999803964943896,0.6275561196963787,-203.24944649446493,-0.13433131753742442,3.157719604310562,-0.12727227077536857,-0.09211155988591337,3,0,2023: -9.2%; 2024: -27.4%; 2025: -1.6%,-4.0,-4.0,1,0,2024: -400.0%,-0.06293706293706294,-0.05312186988181453,-0.01870111665100276,0.0536194347998214,2,3,2022: -0.7%; 2023: 4.7%; 2024: -19.0%; 2025: -6.3%,0.3255109144656697,0.057410638211547044,3,2,2023: +5.7%; 2024: -21.1%; 2025: +113.0%,-0.33604184814918464,-0.23992932862190813,3,0,2023: -24.0%; 2024: -7.4%; 2025: -69.4%,-0.13429101934215693,-0.028236216982551077,,0.101,,-0.007246211771965026,-0.14963769111549854,-0.15688390288746357,-0.5178448941006588,0.039693517598032954,-0.0030876153934001923,0.06773271126282215,1.7063922615459686,-1.98,,,,-301.3689832241917,7.6323644346152175,1.2409381,,-0.27554383651944625,,none,0.997,0.0656301587723572,-0.008571881150133607,standard: (OCF - D&A) at 2.5% growth,,,"Reports in EUR, converted to USD; check against filings"
ONEN,ONE Nuclear Energy Inc.,Independent Power Producers,United States,,2.5,0.265087872,0.0,,0.0,0.0,,,,0.0,,,,,,0,0,,,,0,0,,,,,,0,0,,,,0,0,,,,0,0,,,,,,,,,,,,,,,,,,,,,,,-0.7925311203319503,,none,0.8,0.0951,,standard: (OCF - D&A) at 2.5% growth,,,
PCYO,Pure Cycle Corporation,Regulated Water,United States,USD,10.87,0.261938416,0.014127,0.00844,0.001458,0.012669,5.78875171467764,11.03360768175583,0.6661930696976872,0.005687000000000001,0.2526994001333038,45.01,0.09319585180493985,0.1708074272590341,-0.09253139458030403,3,1,2023: -36.6%; 2024: +97.1%; 2025: -9.3%,0.37543859649122807,0.1250000000000001,3,2,2023: -52.5%; 2024: +152.6%; 2025: +12.5%,0.5025491624180627,0.4117107082772864,0.028128771364643684,0.08181435452107177,2,3,2022: 41.8%; 2023: 32.2%; 2024: 40.4%; 2025: 50.3%,-0.13755504608079197,-0.1498923573735199,3,0,2023: -25.5%; 2024: -15.0%; 2025: -0.8%,1.779881115085308,1.779881115085308,2,1,2023: -113.4%; 2025: +469.4%,0.042819311589112674,0.10611601600085319,0.10518423102099961,0.6,0.333,0.007647,-0.008656,-0.0010090000000000003,-0.0038520504758645267,0.033726,0.022505,0.014726,0.4366364229377928,0.61,0.09,17.819672,120.77777,11.891820306598534,7.766661210935184,1.7281399,,-0.1262057877813505,,none,1.233,0.106616326178604,0.005675,standard: (OCF - D&A) at 2.5% growth,2.721623655420597,2.9939394186078827,
GWRS,"Global Water Resources, Inc.",Regulated Water,United States,USD,8.1,0.233242368,0.141741,0.001458,0.004585,0.137156,0.31799345692475467,4.788222464558343,0.01063023126950334,0.14028300000000002,5.086772064689246,4.356714060031596,1.6706072320965537,0.07913900475801763,0.05818720109314507,3,2,2023: +18.6%; 2024: -0.6%; 2025: +5.8%,-0.14646464646464646,-0.27272727272727276,3,1,2023: +37.5%; 2024: -27.3%; 2025: -54.2%,0.05303274866386886,0.10913037488062347,-0.023355625244160804,-0.0406593762155569,1,3,2022: 12.3%; 2023: 15.1%; 2024: 11.0%; 2025: 5.3%,0.2840542673751256,-0.5294924554183813,3,1,2023: -52.9%; 2024: +193.1%; 2025: -54.9%,-0.0427215724322297,-0.07422538443883406,3,1,2023: +8.8%; 2024: -14.2%; 2025: -7.4%,0.07622222781406318,0.054548949383917966,-0.2289434284770302,0.248,0.626,0.020496,-0.044841,-0.024345,-0.10437640557653743,0.060113,0.027578,0.003135,0.052151780812802556,0.11,0.13,73.63637,62.307697,13.544324026397856,3.8800653436028814,2.749491,0.0375,-0.27484333034914954,0.27160493827160503,none,0.931,0.0863092152683636,0.008481700000000002,standard: (OCF - D&A) at 2.5% growth,0.05273636012305662,152.59421812766777,
RGCO,"RGC Resources, Inc.",Regulated Gas,United States,USD,21.28,0.22172816,0.148789532,0.002473427,0.002878142,0.14591139,0.8593832409936687,8.879747072938027,0.01695156903104,0.146316105,4.010340468934534,5.6747648651717375,1.210909673707769,0.050901629796384955,0.12633299099427098,3,2,2023: +15.8%; 2024: -13.1%; 2025: +12.6%,0.06480641258318216,0.06480641258318216,2,2,2024: +1.8%; 2025: +11.2%,0.13929910072577092,0.0042958225325925165,0.1721088620071002,0.022988250007961383,3,3,2022: -37.7%; 2023: 11.6%; 2024: 13.9%; 2025: 13.9%,0.1649685139918219,-0.4087763342592158,3,1,2023: -69.1%; 2024: -40.9%; 2025: +159.5%,0.30775140392185957,0.5301694814115212,3,2,2023: +53.0%; 2024: -26.7%; 2025: +66.0%,0.04240044466944637,0.07877634452201443,0.06371202633822959,-0.009,0.0,0.023083746,-0.021065156,0.002018589999999997,0.009103895508806806,0.107140884,0.036484709,0.013981916,0.1305002859599329,1.35,1.38,15.762963,15.42029,10.087630546813461,2.0695009385959517,1.8043073,0.0404,-0.23972847445516243,0.08082706766917291,none,0.509,0.07385469431873715,0.0160884011,standard: (OCF - D&A) at 2.5% growth,18.35279090760135,0.159496673129222,
SAFX,"XCF Global, Inc.",Renewable,United States,USD,0.3731,0.15494728,0.124601532,0.000329084,0.124601532,0.005253117,0.002641091122378816,0.002641091122378816,0.06264547315431962,0.12427244800000001,1.3201411476841185,10.282131151945862,3.34318178933851,,,0,0,,,,0,0,,3.555194465014937,3.555194465014937,,,0,0,2025: 355.5%,0.474109220015302,0.474109220015302,2,1,2024: +156.8%; 2025: -61.9%,-39.6614886888666,-39.6614886888666,1,0,2024: -3966.1%,,,,-0.895,,-0.020008318,-0.006989148,-0.026997466,-0.17423646287950328,0.015279292,0.094135728,-0.060741573,-3.9754180363854554,-0.43,-0.19,,-1.9636843,2.9661397848859257,10.14099867978176,3.969149,,-0.74,1.9482712409541683,none,-0.294,0.05521549163093564,,standard: (OCF - D&A) at 2.5% growth,,,
AGIG,Abundia Global Impact Group Inc,Renewable,United States,USD,1.34,0.059161432,0.011436279,0.01117992,0.011301758,0.000134521,0.9892195532765786,0.9892195532765786,83.10910564149835,0.00025635900000000114,-0.007315117015363578,-51.08957597739791,0.40366865711121974,,,0,0,,,,0,0,,-71.72429084922753,-71.72429084922753,,,0,0,2025: -7172.4%,4.065473462918339,4.065473462918339,2,2,2024: +34.7%; 2025: +778.4%,,,0,0,,,,,3.044,,-0.008110485,-0.01751906,-0.025629545,-0.43321373627332077,0.002499365,-0.035045099,-0.03602538,-14.413813108529569,-1.02,-0.21,,-6.380953,-1.6954664901931078,23.670585128622672,2.0872273,,-0.8046647230320699,3.477611940298507,strong_buy,0.8,0.08798724618377499,-0.007810035340000001,standard: (OCF - D&A) at 2.5% growth,,,
VGAS,"Verde Clean Fuels, Inc.",Renewable,United States,USD,1.16,0.051677564,0.000359,0.053454,0.000359,3.2e-05,148.89693593314763,148.89693593314763,1670.4375000000002,-0.053095,4.7915350600126345,,0.0124531705286527,,,0,0,,-2.5487014998313637,-2.5487014998313637,1,0,2023: -254.9%,,,,,0,0,,20.920144248295475,2.004358328082336,3,2,2023: +6109.4%; 2024: -33.8%; 2025: +200.4%,,,0,0,,,,,,,-0.006449,-0.006124,-0.012573,-0.243297071820181,0.0,-0.011081,-0.006565,,-0.34,,,,0.12791589206750303,,0.74646074,,-0.6550698780850431,,none,-0.276,0.05903791154342935,-0.006843,standard: (OCF - D&A) at 2.5% growth,,,
STEM,"Stem, Inc.",Renewable,United States,USD,4.48,0.043127812,0.329289,0.038415,0.002997,0.329289,12.817817817817817,16.697697697697695,0.11666044113225768,0.290874,137.65925224798866,0.06941524310118265,-1.2215297639582892,-0.11148672734342575,0.08079732197200243,3,2,2023: +27.1%; 2024: -68.7%; 2025: +8.1%,,,0,0,,0.8815801261950776,-1.417781682316001,0.40778183757258396,0.037521754138027164,2,3,2022: -34.2%; 2023: -30.4%; 2024: -590.7%; 2025: 88.2%,-0.3937076956146109,-0.5043840343680124,3,0,2023: -54.6%; 2024: -50.4%; 2025: -13.1%,,,0,0,,-0.24486993298958204,,,-0.123,,0.011628,-0.004483,0.0071449999999999994,0.1656703567526217,0.148034,0.002113,-0.073078,-0.4936568626126431,-8.74,-5.7843,,-0.7745103,158.0699536204449,0.2913372063174676,-0.15967496,,-0.8609990691901954,0.6629464285714284,hold,1.524,0.07096025147073114,-0.008947400000000005,standard: (OCF - D&A) at 2.5% growth,,,
WAVE,Eco Wave Power Global AB (publ),Renewable,Israel,USD,6.05,0.037749968,0.001274,0.008152,0.001274,1.1e-05,6.398744113029827,6.398744113029827,741.0909090909091,-0.0068779999999999996,1.9,-31.20689655172414,0.16268675775762995,3.181480284421461,-0.45098039215686275,3,1,2023: +1076.9%; 2024: -45.1%; 2025: -77.4%,,,0,0,,-97.28947368421052,-56.70443182333662,4.762483130904187,-6.7748599439775905,1,3,2022: -11157.7%; 2023: -558.8%; 2024: -1236.3%; 2025: -9728.9%,-0.1461597675750518,-0.1857212238950947,3,1,2023: -18.6%; 2024: +8.5%; 2025: -33.8%,,,0,0,,0.13481278073182246,,,,,-0.00304,-0.000525,-0.003565,-0.09443716614541235,3.8e-05,-0.00362,-0.00349,-91.84210526315789,-0.64,-0.715,,-8.461539,-8.528167955801106,993.4202105263158,4.8207173,,-0.44342226310947563,1.43801652892562,none,-0.359,0.05610760628565501,-0.00320236,standard: (OCF - D&A) at 2.5% growth,,,
BESS,Bimergen Energy Corporation,Renewable,United States,USD,2.79,0.019802228,0.000338195,0.009377141,4.0519e-05,0.000297676,231.42577556208198,231.42577556208198,31.50116569693224,-0.009038946,1.6859528087070965,-95.28370092594238,0.010223080465840804,-1.0,-1.0,1,0,2023: -100.0%,,,0,0,,-30.981982669771348,-30.981982669771348,,,0,0,2022: -3098.2%,0.45510685178135485,0.02407867888752567,3,2,2023: -22.9%; 2024: +2.4%; 2025: +157.0%,,,0,0,,,,,,,-0.001114125,-0.00167832,-0.002792445,-0.14101670781691839,0.007903159,-0.005361328,-0.005417595,-0.6854974067964469,-1.16,1.76,,1.5852273,-2.0075776001766727,2.5056092127211413,0.598584,,-0.8370327102803738,2.4946236559139785,none,1.669,0.12298536737098323,-0.00108063307,standard: (OCF - D&A) at 2.5% growth,,,
HTOO,Fusion Fuel Green PLC,Renewable,Ireland,EUR,2.04,0.015333168,0.0025019938759803773,0.0006551213473081588,0.0021818389219045637,0.0003201549540758133,0.3002610966057441,0.3002610966057441,2.046263345195729,0.0018468725286722185,1.040436456996149,64.91666666666666,0.1358742729860166,3.6843076805109516,3.6843076805109516,2,1,2024: -61.3%; 2025: +798.1%,,,0,0,,-0.11751647589316684,-5.718447829495513,3.683519754331409,3.683519754331409,1,2,2023: -748.5%; 2024: -955.3%; 2025: -11.8%,0.030808156512569667,-0.7810650887573964,3,1,2023: -78.1%; 2024: -81.3%; 2025: +168.7%,,,0,0,,0.8642849534472989,,,3.663,,-0.009387034400820731,-0.00036686795449256896,-0.0097539023553133,-0.6361309258017195,0.016423607341647148,0.0017750940158367157,-0.001930044456243515,-0.11751647589316684,-1.44,-0.47,,-4.3404255,9.678383440763369,0.9336053694560755,0.24913235,,-0.6235467798486805,,none,1.832,0.1186624851577835,-0.009532915683097838,standard: (OCF - D&A) at 2.5% growth,,,"Reports in EUR, converted to USD; check against filings"
NXXT,"NextNRG, Inc.",Renewable,United States,USD,0.8509,0.0144653,0.023688942,0.000883696,0.021314029,0.002374913,0.041460767459779654,0.041460767459779654,0.37209615678553276,0.022805246,-0.5381605011160604,-3.262757590232614,-1.258234768093098,1.0715067753579526,1.0715067753579526,2,2,2024: +19.6%; 2025: +194.7%,,,0,0,,-1.0476974973104203,-0.7564131614683642,-0.2983211340007046,-0.2983211340007046,0,2,2023: -45.1%; 2024: -77.0%; 2025: -104.8%,53.376627447052385,6.102306319800868,3,2,2023: +15478.9%; 2024: +610.2%; 2025: -76.2%,,,0,0,,0.8766596119360881,,,0.409,,-0.012728594,-0.005696384,-0.018424977999999998,-1.2737363207123251,0.094678116,-0.042376291,-0.05807855,-0.6134316191927603,-4.4,-1.6,,-0.5318125,-0.8795141132101438,0.15278398653391032,-0.7583779,,-0.9704548611111111,13.690327888118462,none,0.036,0.05813533029077081,-0.005033496959999998,standard: (OCF - D&A) at 2.5% growth,,,
PBK,PowerBank Corporation,Renewable,Canada,CAD,0.263,0.014190636,0.055723488951086995,0.008055990889430046,0.009544805274486541,0.046178683676600454,0.8440183594906723,1.472164643174415,0.17445258825149573,0.04772119995689392,-5.227244582043343,-4.048887496082733,2.7484403861569024,1.4885955521317582,1.4885955521317582,2,2,2023: +80.4%; 2024: +217.3%,-3.166666666666667,-3.166666666666667,1,0,2024: -316.7%,-0.05950973842437946,0.014626536771054311,-0.020517762001182924,-0.020517762001182924,1,2,2022: -1.8%; 2023: 12.2%; 2024: -6.0%,3.3401041356491903,3.3401041356491903,2,1,2023: +683.2%; 2024: -15.2%,7.75674835716348,7.75674835716348,2,2,2023: +1296.5%; 2024: +254.9%,1.391180439383545,-0.9808405208865549,,,,0.00599553396165371,-0.005463461236476898,0.0005320727251768116,0.03749463555945002,0.01902742940711975,-0.00912932219028473,-0.013156964333057403,-0.6914735591206179,-0.13,,,,-6.781646508519487,0.7457989041173422,0.5942622,,-0.8880851063829787,14.20912547528517,none,-0.065,0.054222479047634935,0.007487097035821676,standard: (OCF - D&A) at 2.5% growth,3.982709975078055,-0.9339645614052412,"Reports in CAD, converted to USD; check against filings"
BRNX,BrenX Ltd.,Renewable,Israel,USD,2.49,0.004220617,0.005843,0.004499,0.002066,0.003777,2.1776379477250725,2.1776379477250725,1.1911570029123644,0.0013439999999999997,-0.10362374710871239,-34.67914438502674,1.6722953634802518,-0.7957236842105263,-0.7957236842105263,2,0,2023: -59.1%; 2024: -100.0%,,,0,0,,-35.93023255813954,-19.587944287750044,-14.316432068543453,-14.316432068543453,0,2,2022: -729.7%; 2023: -1553.6%; 2025: -3593.0%,-0.04431771126070899,0.17404963870562362,3,2,2023: -51.1%; 2024: +17.4%; 2025: +20.4%,,,0,0,,-0.36612887784098547,,,,,-0.010399,-0.000217,-0.010616,-2.5152720561946276,0.000387,-0.01297,-0.013905,-35.93023255813954,-11328.85,,,,-0.42903754818812645,10.90598708010336,0.1914501,,-0.993919413919414,,none,-0.51,0.05120164605379954,-0.01066454,standard: (OCF - D&A) at 2.5% growth,,,
