date,Open,High,Low,Close,Adj Close,Volume,Dividends,Stock Splits
2003-12-02,9.5,9.625,9.5,9.625,7.1387834548950195,160000,0.0,0.0
2003-12-03,9.75,9.75,9.75,9.75,7.231493949890137,300000,0.0,0.0
2003-12-04,10.125,10.125,10.125,10.125,7.509627819061279,50000,0.0,0.0
2003-12-05,10.125,10.125,10.125,10.125,7.509627819061279,0,0.0,0.0
2003-12-08,10.5,10.899999618530273,10.5,10.899999618530273,8.084439277648926,954000,0.0,0.0
2003-12-09,10.899999618530273,11.375,10.899999618530273,11.0649995803833,8.206819534301758,3014200,0.0,0.0
2003-12-10,11.125,11.5,11.125,11.25,8.34402847290039,2994600,0.0,0.0
2003-12-11,11.375,11.5,11.3149995803833,11.449999809265137,8.4923677444458,2203200,0.0,0.0
2003-12-12,11.5,11.524999618530273,11.460000038146973,11.475000381469727,8.510909080505371,709000,0.0,0.0
2003-12-15,11.449999809265137,11.449999809265137,11.199999809265137,11.199999809265137,8.306946754455566,1287000,0.0,0.0
2003-12-16,11.175000190734863,11.175000190734863,10.899999618530273,10.975000381469727,8.14006519317627,885600,0.0,0.0
2003-12-17,10.949999809265137,10.949999809265137,10.699999809265137,10.725000381469727,7.9546403884887695,1150800,0.0,0.0
2003-12-18,10.725000381469727,10.774999618530273,10.725000381469727,10.774999618530273,7.99172306060791,2425200,0.0,0.0
2003-12-19,10.774999618530273,10.899999618530273,10.774999618530273,10.899999618530273,8.084439277648926,1421800,0.0,0.0
2003-12-22,10.824999809265137,10.899999618530273,10.824999809265137,10.824999809265137,8.028809547424316,5200,0.0,0.0
2003-12-23,10.850000381469727,10.925000190734863,10.850000381469727,10.899999618530273,8.084439277648926,133800,0.0,0.0
2003-12-24,10.899999618530273,10.925000190734863,10.899999618530273,10.925000190734863,8.102980613708496,20200,0.0,0.0
2003-12-26,10.925000190734863,10.925000190734863,10.925000190734863,10.925000190734863,8.102980613708496,1000,0.0,0.0
2003-12-29,10.899999618530273,10.899999618530273,10.899999618530273,10.899999618530273,8.084439277648926,1200,0.0,0.0
2003-12-30,10.925000190734863,10.949999809265137,10.925000190734863,10.949999809265137,8.1215238571167,31600,0.0,0.0
2003-12-31,10.949999809265137,11.0,10.949999809265137,10.949999809265137,8.1215238571167,14200,0.0,0.0
2004-01-02,11.0,11.225000381469727,10.975000381469727,11.225000381469727,8.325489044189453,557600,0.0,0.0
2004-01-05,11.225000381469727,11.25,11.149999618530273,11.199999809265137,8.306946754455566,136000,0.0,0.0
2004-01-06,11.199999809265137,11.25,11.194999694824219,11.225000381469727,8.325489044189453,160600,0.0,0.0
2004-01-07,11.199999809265137,11.199999809265137,11.0,11.125,8.251320838928223,283400,0.0,0.0
2004-01-08,11.175000190734863,11.175000190734863,11.100000381469727,11.130000114440918,8.255027770996094,385200,0.0,0.0
2004-01-09,11.149999618530273,11.149999618530273,10.574999809265137,10.574999809265137,7.843386173248291,3456200,0.0,0.0
2004-01-12,10.625,10.625,10.600000381469727,10.600000381469727,7.861931800842285,17800,0.0,0.0
2004-01-13,10.625,10.675000190734863,10.479999542236328,10.5,7.787761688232422,1069600,0.0,0.0
2004-01-14,10.524999618530273,10.550000190734863,10.5,10.5,7.787761688232422,208600,0.0,0.0
2004-01-15,10.5,10.5,10.375,10.425000190734863,7.7321343421936035,54200,0.0,0.0
2004-01-16,10.375,10.449999809265137,10.375,10.399999618530273,7.713589668273926,493800,0.0,0.0
2004-01-20,10.5,10.524999618530273,10.484999656677246,10.5,7.787761688232422,856600,0.0,0.0
2004-01-21,10.524999618530273,10.574999809265137,10.5,10.5,7.787761688232422,969600,0.0,0.0
2004-01-22,10.550000190734863,10.800000190734863,10.550000190734863,10.75,7.973186016082764,863600,0.0,0.0
2004-01-23,10.75,10.75,10.550000190734863,10.600000381469727,7.861931800842285,748400,0.0,0.0
2004-01-26,10.600000381469727,10.600000381469727,10.425000190734863,10.425000190734863,7.7321343421936035,291600,0.0,0.0
2004-01-27,10.425000190734863,10.425000190734863,10.350000381469727,10.364999771118164,7.687633514404297,994600,0.0,0.0
2004-01-28,10.375,10.375,10.225000381469727,10.25,7.602340221405029,100000,0.0,0.0
2004-01-29,10.25,10.25,9.875,10.0,7.416915416717529,1169000,0.0,0.0
2004-01-30,10.0,10.125,10.0,10.0,7.416915416717529,341200,0.0,0.0
2004-02-02,10.0,10.175000190734863,10.0,10.074999809265137,7.4725446701049805,80800,0.0,0.0
2004-02-03,10.0,10.154999732971191,10.0,10.149999618530273,7.528168678283691,1379200,0.0,0.0
2004-02-04,10.125,10.149999618530273,10.125,10.125,7.509627819061279,575200,0.0,0.0
2004-02-05,10.135000228881836,10.135000228881836,10.010000228881836,10.024999618530273,7.435456275939941,649000,0.0,0.0
2004-02-06,10.074999809265137,10.074999809265137,10.0,10.024999618530273,7.435456275939941,486600,0.0,0.0
2004-02-09,10.024999618530273,10.024999618530273,10.0,10.0,7.416915416717529,607400,0.0,0.0
2004-02-10,10.0,10.050000190734863,10.0,10.015000343322754,7.428039073944092,544600,0.0,0.0
2004-02-11,10.039999961853027,10.039999961853027,10.0,10.0,7.416915416717529,1015600,0.0,0.0
2004-02-12,10.010000228881836,10.024999618530273,10.0,10.0,7.416915416717529,188600,0.0,0.0
2004-02-13,10.010000228881836,10.020000457763672,10.0,10.020000457763672,7.4317474365234375,927400,0.0,0.0
2004-02-17,10.015000343322754,10.020000457763672,9.899999618530273,9.899999618530273,7.342746734619141,276200,0.0,0.0
2004-02-18,9.875,9.925000190734863,9.75,9.755000114440918,7.235202312469482,442800,0.0,0.0
2004-02-19,9.765000343322754,9.774999618530273,9.75,9.770000457763672,7.246331214904785,680800,0.0,0.0
2004-02-20,9.774999618530273,9.78499984741211,9.75,9.770000457763672,7.246331214904785,210200,0.0,0.0
2004-02-23,9.75,9.760000228881836,9.5,9.625,7.1387834548950195,94800,0.0,0.0
2004-02-24,9.600000381469727,9.800000190734863,9.050000190734863,9.220000267028809,6.838397026062012,2856800,0.0,0.0
2004-02-25,9.25,9.625,9.199999809265137,9.600000381469727,7.1202392578125,2178200,0.0,0.0
2004-02-26,9.600000381469727,9.675000190734863,9.550000190734863,9.574999809265137,7.101696491241455,1029200,0.0,0.0
2004-02-27,9.550000190734863,9.649999618530273,9.550000190734863,9.649999618530273,7.157320499420166,1516600,0.0,0.0
2004-03-01,9.600000381469727,10.100000381469727,9.600000381469727,10.0,7.416915416717529,1330400,0.0,0.0
2004-03-02,10.0,10.024999618530273,9.875,9.949999809265137,7.379830837249756,303800,0.0,0.0
2004-03-03,9.949999809265137,9.994999885559082,9.899999618530273,9.984999656677246,7.405789852142334,465600,0.0,0.0
2004-03-04,9.975000381469727,9.975000381469727,9.425000190734863,9.899999618530273,7.342746734619141,385200,0.0,0.0
2004-03-05,9.899999618530273,9.949999809265137,9.875,9.925000190734863,7.361289978027344,160800,0.0,0.0
2004-03-08,9.949999809265137,9.949999809265137,9.53499984741211,9.75,7.231493949890137,99000,0.0,0.0
2004-03-09,9.800000190734863,9.875,9.75,9.75,7.231493949890137,94800,0.0,0.0
2004-03-10,9.850000381469727,9.850000381469727,9.699999809265137,9.699999809265137,7.194408893585205,129800,0.0,0.0
2004-03-11,9.824999809265137,10.050000190734863,9.824999809265137,9.875,7.324204921722412,2046200,0.0,0.0
2004-03-12,9.949999809265137,10.0,9.875,9.975000381469727,7.398375988006592,764400,0.0,0.0
2004-03-15,9.989999771118164,9.989999771118164,9.875,9.925000190734863,7.361289978027344,35800,0.0,0.0
2004-03-16,9.949999809265137,9.975000381469727,9.899999618530273,9.949999809265137,7.379830837249756,1954800,0.0,0.0
2004-03-17,9.975000381469727,10.274999618530273,9.975000381469727,10.25,7.602340221405029,1440400,0.0,0.0
2004-03-18,10.225000381469727,10.324999809265137,10.199999809265137,10.300000190734863,7.639423370361328,821600,0.0,0.0
2004-03-19,10.324999809265137,10.350000381469727,10.300000190734863,10.324999809265137,7.657963752746582,66600,0.0,0.0
2004-03-22,10.324999809265137,10.399999618530273,10.324999809265137,10.375,7.695047855377197,825400,0.0,0.0
2004-03-23,10.375,10.550000190734863,10.375,10.484999656677246,7.776636123657227,3840000,0.0,0.0
2004-03-24,10.484999656677246,10.649999618530273,10.449999809265137,10.649999618530273,7.899012088775635,1556200,0.0,0.0
2004-03-25,11.0,11.074999809265137,10.5,10.654999732971191,7.902724266052246,1995400,0.0,0.0
2004-03-26,10.6850004196167,10.720000267028809,10.649999618530273,10.65999984741211,7.906429290771484,902800,0.0,0.0
2004-03-29,10.675000190734863,11.100000381469727,10.675000190734863,10.925000190734863,8.102980613708496,1548800,0.0,0.0
2004-03-30,10.949999809265137,11.0,10.835000038146973,10.994999885559082,8.154900550842285,492800,0.0,0.0
2004-03-31,10.925000190734863,11.100000381469727,10.899999618530273,11.100000381469727,8.232771873474121,1969800,0.0,0.0
2004-04-01,11.125,11.175000190734863,11.074999809265137,11.119999885559082,8.247611045837402,852600,0.0,0.0
2004-04-02,11.180000305175781,11.25,11.175000190734863,11.25,8.34402847290039,1118400,0.0,0.0
2004-04-05,11.279999732971191,11.329999923706055,11.149999618530273,11.329999923706055,8.403364181518555,847600,0.0,0.0
2004-04-06,11.329999923706055,11.399999618530273,11.279999732971191,11.329999923706055,8.403364181518555,683600,0.0,0.0
2004-04-07,11.329999923706055,11.329999923706055,11.175000190734863,11.199999809265137,8.306946754455566,629200,0.0,0.0
2004-04-08,11.25,11.25,11.074999809265137,11.095000267028809,8.229066848754883,387400,0.0,0.0
2004-04-12,11.130000114440918,11.15999984741211,10.989999771118164,11.069999694824219,8.210527420043945,500000,0.0,0.0
2004-04-13,11.015000343322754,11.100000381469727,10.925000190734863,10.994999885559082,8.154900550842285,921800,0.0,0.0
2004-04-14,11.0,11.0,10.75,10.850000381469727,8.047353744506836,331000,0.0,0.0
2004-04-15,10.850000381469727,10.850000381469727,10.5,10.619999885559082,7.876766681671143,383000,0.0,0.0
2004-04-16,10.670000076293945,10.699999809265137,10.625,10.675000190734863,7.917555332183838,406400,0.0,0.0
2004-04-19,10.675000190734863,10.800000190734863,10.675000190734863,10.755000114440918,7.97689151763916,225400,0.0,0.0
2004-04-20,10.774999618530273,10.774999618530273,10.510000228881836,10.625,7.880474090576172,146200,0.0,0.0
2004-04-21,10.625,10.625,10.385000228881836,10.420000076293945,7.728424072265625,521000,0.0,0.0
2004-04-22,10.420000076293945,10.449999809265137,10.345000267028809,10.449999809265137,7.750677585601807,553600,0.0,0.0
2004-04-23,10.475000381469727,10.550000190734863,10.470000267028809,10.5,7.787761688232422,816200,0.0,0.0
2004-04-26,10.5,10.600000381469727,10.494999885559082,10.600000381469727,7.861931800842285,468000,0.0,0.0
2004-04-27,10.625,10.625,10.585000038146973,10.614999771118164,7.873057842254639,412800,0.0,0.0
2004-04-28,10.614999771118164,10.975000381469727,10.600000381469727,10.875,8.065896987915039,809600,0.0,0.0
2004-04-29,10.800000190734863,10.850000381469727,10.75,10.850000381469727,8.047353744506836,187000,0.0,0.0
2004-04-30,10.819999694824219,10.920000076293945,10.800000190734863,10.850000381469727,8.047353744506836,177600,0.0,0.0
2004-05-03,10.850000381469727,10.850000381469727,10.300000190734863,10.550000190734863,7.824845314025879,1691000,0.0,0.0
2004-05-04,10.550000190734863,10.550000190734863,10.114999771118164,10.125,7.509627819061279,891400,0.0,0.0
2004-05-05,10.149999618530273,10.149999618530273,9.949999809265137,9.994999885559082,7.413208484649658,697200,0.0,0.0
2004-05-06,10.015000343322754,10.015000343322754,9.850000381469727,9.899999618530273,7.342746734619141,112000,0.0,0.0
2004-05-07,9.854999542236328,9.979999542236328,9.75,9.845000267028809,7.30195426940918,937200,0.0,0.0
2004-05-10,9.774999618530273,9.824999809265137,9.585000038146973,9.8100004196167,7.275993347167969,549600,0.0,0.0
2004-05-11,9.8100004196167,10.369999885559082,9.8100004196167,10.300000190734863,7.639423370361328,1532800,0.0,0.0
2004-05-12,10.350000381469727,10.350000381469727,10.029999732971191,10.244999885559082,7.59862756729126,132200,0.0,0.0
2004-05-13,10.25,10.25,9.9350004196167,9.994999885559082,7.413208484649658,198400,0.0,0.0
2004-05-14,10.100000381469727,10.600000381469727,10.074999809265137,10.475000381469727,7.769220352172852,794200,0.0,0.0
2004-05-17,10.574999809265137,10.574999809265137,10.125,10.164999961853027,7.539294719696045,133400,0.0,0.0
2004-05-18,10.164999961853027,10.375,10.164999961853027,10.25,7.602340221405029,210600,0.0,0.0
2004-05-19,10.25,10.354999542236328,10.25,10.300000190734863,7.639423370361328,131000,0.0,0.0
2004-05-20,10.300000190734863,10.34000015258789,10.225000381469727,10.229999542236328,7.587501525878906,157600,0.0,0.0
2004-05-21,10.204999923706055,10.25,10.125,10.210000038146973,7.572671413421631,137800,0.0,0.0
2004-05-24,10.210000038146973,10.350000381469727,10.145000457763672,10.350000381469727,7.676505088806152,174600,0.0,0.0
2004-05-25,10.350000381469727,10.600000381469727,10.300000190734863,10.375,7.695047855377197,331200,0.0,0.0
2004-05-26,10.399999618530273,10.574999809265137,10.399999618530273,10.550000190734863,7.824845314025879,429600,0.0,0.0
2004-05-27,10.600000381469727,10.619999885559082,10.5600004196167,10.604999542236328,7.8656415939331055,396400,0.0,0.0
2004-05-28,10.675000190734863,10.675000190734863,10.494999885559082,10.569999694824219,7.839681148529053,638600,0.0,0.0
2004-06-01,10.59000015258789,10.635000228881836,10.4350004196167,10.524999618530273,7.80630350112915,657000,0.0,0.0
2004-06-02,10.574999809265137,10.699999809265137,10.574999809265137,10.699999809265137,7.936100006103516,787600,0.0,0.0
2004-06-03,10.699999809265137,10.699999809265137,10.555000305175781,10.649999618530273,7.899012088775635,652200,0.0,0.0
2004-06-04,10.75,10.8149995803833,10.699999809265137,10.800000190734863,8.010266304016113,550000,0.0,0.0
2004-06-07,10.850000381469727,10.9350004196167,10.8149995803833,10.875,8.065896987915039,452600,0.0,0.0
2004-06-08,10.925000190734863,10.994999885559082,10.885000228881836,10.994999885559082,8.154900550842285,200800,0.0,0.0
2004-06-09,11.0,11.625,11.0,11.625,8.62216567993164,2725800,0.0,0.0
2004-06-10,11.625,11.744999885559082,11.375,11.529999732971191,8.551704406738281,2685000,0.0,0.0
2004-06-14,11.59000015258789,11.744999885559082,11.574999809265137,11.600000381469727,8.603622436523438,895200,0.0,0.0
2004-06-15,11.640000343322754,11.640000343322754,11.550000190734863,11.555000305175781,8.570249557495117,1659800,0.0,0.0
2004-06-16,11.600000381469727,11.600000381469727,11.475000381469727,11.5,8.529455184936523,1015600,0.0,0.0
2004-06-17,11.524999618530273,11.5649995803833,11.494999885559082,11.5,8.529455184936523,616200,0.0,0.0
2004-06-18,11.5,11.524999618530273,11.489999771118164,11.494999885559082,8.525745391845703,1063400,0.0,0.0
2004-06-21,11.604999542236328,11.699999809265137,11.475000381469727,11.5,8.529455184936523,623000,0.0,0.0
2004-06-22,11.550000190734863,11.550000190734863,11.369999885559082,11.375,8.436742782592773,536200,0.0,0.0
2004-06-23,11.350000381469727,11.425000190734863,11.225000381469727,11.260000228881836,8.351447105407715,814200,0.0,0.0
2004-06-24,11.350000381469727,11.619999885559082,11.300000190734863,11.550000190734863,8.566534996032715,769000,0.0,0.0
2004-06-25,11.625,11.949999809265137,11.5,11.949999809265137,8.863214492797852,4594000,0.0,0.0
2004-06-28,11.899999618530273,12.0,11.779999732971191,11.989999771118164,8.892879486083984,1200000,0.0,0.0
2004-06-29,11.989999771118164,12.100000381469727,11.975000381469727,12.0,8.900298118591309,1418800,0.0,0.0
2004-06-30,12.125,12.399999618530273,12.095000267028809,12.399999618530273,9.196977615356445,1951400,0.0,0.0
2004-07-01,12.380000114440918,12.46500015258789,12.050000190734863,12.25,9.085721015930176,782600,0.0,0.0
2004-07-02,12.244999885559082,12.399999618530273,12.175000190734863,12.354999542236328,9.163599967956543,316000,0.0,0.0
2004-07-06,12.369999885559082,12.800000190734863,12.350000381469727,12.729999542236328,9.441732406616211,2400200,0.0,0.0
2004-07-07,12.744999885559082,13.029999732971191,12.720000267028809,13.0,9.64199161529541,2822600,0.0,0.0
2004-07-08,13.0,13.125,12.904999732971191,13.0,9.64199161529541,1463800,0.0,0.0
2004-07-09,13.050000190734863,13.225000381469727,12.930000305175781,13.0,9.64199161529541,457200,0.0,0.0
2004-07-12,12.949999809265137,13.350000381469727,12.949999809265137,13.279999732971191,9.849664688110352,1455400,0.0,0.0
2004-07-13,13.350000381469727,13.550000190734863,13.274999618530273,13.545000076293945,10.04621410369873,1437800,0.0,0.0
2004-07-14,13.5,13.524999618530273,13.324999809265137,13.475000381469727,9.994297981262207,1346200,0.0,0.0
2004-07-15,13.475000381469727,13.53499984741211,13.369999885559082,13.375,9.920125961303711,813600,0.0,0.0
2004-07-16,13.329999923706055,13.399999618530273,13.300000190734863,13.3149995803833,9.875621795654297,1167200,0.0,0.0
2004-07-19,13.199999809265137,13.25,12.949999809265137,13.0,9.64199161529541,538400,0.0,0.0
2004-07-20,13.0,13.0,12.869999885559082,12.954999923706055,9.608613967895508,655600,0.0,0.0
2004-07-21,12.994999885559082,13.135000228881836,12.949999809265137,12.984999656677246,9.630865097045898,1018800,0.0,0.0
2004-07-22,12.960000038146973,13.0,12.729999542236328,12.899999618530273,9.567822456359863,656600,0.0,0.0
2004-07-23,12.920000076293945,12.989999771118164,12.845000267028809,12.989999771118164,9.63457202911377,513000,0.0,0.0
2004-07-26,12.989999771118164,12.989999771118164,12.704999923706055,12.824999809265137,9.512191772460938,1213600,0.0,0.0
2004-07-27,12.800000190734863,13.050000190734863,12.800000190734863,12.9350004196167,9.593778610229492,517000,0.0,0.0
2004-07-28,12.984999656677246,13.194999694824219,12.925000190734863,13.125,9.734702110290527,900200,0.0,0.0
2004-07-29,13.125,13.270000457763672,13.125,13.194999694824219,9.78662109375,931600,0.0,0.0
2004-07-30,13.170000076293945,13.300000190734863,13.125,13.295000076293945,9.860791206359863,523400,0.0,0.0
2004-08-02,13.295000076293945,13.515000343322754,13.295000076293945,13.484999656677246,10.001713752746582,1218200,0.0,0.0
2004-08-03,13.475000381469727,13.475000381469727,13.375,13.375,9.920125961303711,193000,0.0,0.0
2004-08-04,13.375,13.569999694824219,13.369999885559082,13.524999618530273,10.031380653381348,2228400,0.0,0.0
2004-08-05,14.0,14.21500015258789,13.8149995803833,13.850000381469727,10.272429466247559,5007200,0.0,0.0
2004-08-06,13.850000381469727,13.890000343322754,13.800000190734863,13.819999694824219,10.250177383422852,1383600,0.0,0.0
2004-08-09,13.819999694824219,13.864999771118164,13.704999923706055,13.859999656677246,10.279845237731934,453200,0.0,0.0
2004-08-10,13.875,13.930000305175781,13.819999694824219,13.850000381469727,10.272429466247559,351200,0.0,0.0
2004-08-11,13.850000381469727,13.869999885559082,13.800000190734863,13.850000381469727,10.272429466247559,528400,0.0,0.0
2004-08-12,13.850000381469727,13.875,13.770000457763672,13.835000038146973,10.261303901672363,983400,0.0,0.0
2004-08-13,13.8100004196167,13.835000038146973,13.645000457763672,13.725000381469727,10.179717063903809,1408000,0.0,0.0
2004-08-16,13.75,13.75,13.71500015258789,13.71500015258789,10.17230224609375,390000,0.0,0.0
2004-08-17,13.675000190734863,13.78499984741211,13.670000076293945,13.739999771118164,10.190841674804688,408000,0.0,0.0
2004-08-18,13.734999656677246,13.734999656677246,13.600000381469727,13.664999961853027,10.135218620300293,1308000,0.0,0.0
2004-08-19,13.675000190734863,13.75,13.604999542236328,13.649999618530273,10.124092102050781,915200,0.0,0.0
2004-08-20,13.699999809265137,13.770000457763672,13.625,13.75,10.198257446289062,797600,0.0,0.0
2004-08-23,13.75,13.800000190734863,13.675000190734863,13.75,10.198257446289062,818400,0.0,0.0
2004-08-24,13.725000381469727,13.739999771118164,13.640000343322754,13.649999618530273,10.124092102050781,247000,0.0,0.0
2004-08-25,13.654999732971191,13.75,13.649999618530273,13.699999809265137,10.161177635192871,1138800,0.0,0.0
2004-08-26,13.725000381469727,13.75,13.675000190734863,13.75,10.198257446289062,499200,0.0,0.0
2004-08-27,13.75,13.795000076293945,13.654999732971191,13.65999984741211,10.13150691986084,260600,0.0,0.0
2004-08-30,13.725000381469727,13.75,13.625,13.675000190734863,10.142633438110352,525800,0.0,0.0
2004-08-31,13.699999809265137,13.729999542236328,13.619999885559082,13.675000190734863,10.142633438110352,510000,0.0,0.0
2004-09-01,13.6899995803833,13.6899995803833,13.609999656677246,13.675000190734863,10.142633438110352,329600,0.0,0.0
2004-09-02,13.6899995803833,13.694999694824219,13.600000381469727,13.649999618530273,10.124092102050781,259000,0.0,0.0
2004-09-03,13.609999656677246,13.649999618530273,13.574999809265137,13.600000381469727,10.087004661560059,124000,0.0,0.0
2004-09-07,13.625,13.635000228881836,13.59000015258789,13.635000228881836,10.112963676452637,713400,0.0,0.0
2004-09-08,13.675000190734863,13.6899995803833,13.430000305175781,13.494999885559082,10.009127616882324,394000,0.0,0.0
2004-09-09,13.494999885559082,13.600000381469727,13.454999923706055,13.515000343322754,10.02396011352539,958200,0.0,0.0
2004-09-10,13.489999771118164,13.550000190734863,13.460000038146973,13.484999656677246,10.001713752746582,451600,0.0,0.0
2004-09-13,13.449999809265137,13.454999923706055,13.255000114440918,13.28499984741211,9.853377342224121,363800,0.0,0.0
2004-09-14,13.225000381469727,13.305000305175781,13.095000267028809,13.15999984741211,9.760662078857422,903000,0.0,0.0
2004-09-15,13.1899995803833,13.210000038146973,13.074999809265137,13.095000267028809,9.712450981140137,311200,0.0,0.0
2004-09-16,13.130000114440918,13.145000457763672,13.079999923706055,13.095000267028809,9.712450981140137,428800,0.0,0.0
2004-09-17,13.100000381469727,13.100000381469727,13.0,13.024999618530273,9.660528182983398,972200,0.0,0.0
2004-09-20,13.050000190734863,13.050000190734863,12.9350004196167,12.949999809265137,9.604904174804688,561600,0.0,0.0
2004-09-21,12.949999809265137,13.244999885559082,12.90999984741211,13.140000343322754,9.745821952819824,3546800,0.0,0.0
2004-09-22,13.085000038146973,13.085000038146973,12.904999732971191,13.015000343322754,9.653115272521973,768200,0.0,0.0
2004-09-23,12.975000381469727,13.074999809265137,12.975000381469727,13.024999618530273,9.660528182983398,430200,0.0,0.0
2004-09-24,12.975000381469727,12.975000381469727,12.824999809265137,12.845000267028809,9.527029037475586,300400,0.0,0.0
2004-09-27,12.845000267028809,12.970000267028809,12.795000076293945,12.899999618530273,9.567822456359863,4346800,0.0,0.0
2004-09-28,12.949999809265137,13.119999885559082,12.949999809265137,13.095000267028809,9.712450981140137,844400,0.0,0.0
2004-09-29,13.114999771118164,13.114999771118164,12.899999618530273,13.005000114440918,9.645696640014648,344600,0.0,0.0
2004-09-30,12.975000381469727,13.470000267028809,12.975000381469727,13.470000267028809,9.990586280822754,1140600,0.0,0.0
2004-10-01,13.510000228881836,13.755000114440918,13.425000190734863,13.680000305175781,10.146341323852539,1098400,0.0,0.0
2004-10-04,13.770000457763672,13.8100004196167,13.654999732971191,13.774999618530273,10.216800689697266,1424000,0.0,0.0
2004-10-05,13.8149995803833,13.925000190734863,13.744999885559082,13.75,10.198257446289062,1317000,0.0,0.0
2004-10-06,13.78499984741211,13.925000190734863,13.699999809265137,13.720000267028809,10.176007270812988,953600,0.0,0.0
2004-10-07,13.725000381469727,13.805000305175781,13.675000190734863,13.675000190734863,10.142633438110352,1179200,0.0,0.0
2004-10-08,13.699999809265137,13.895000457763672,13.699999809265137,13.880000114440918,10.294678688049316,1007200,0.0,0.0
2004-10-11,13.925000190734863,14.0,13.664999961853027,13.824999809265137,10.253884315490723,424200,0.0,0.0
2004-10-12,13.824999809265137,13.885000228881836,13.75,13.824999809265137,10.253884315490723,749800,0.0,0.0
2004-10-13,13.800000190734863,13.829999923706055,13.649999618530273,13.789999961853027,10.227927207946777,713000,0.0,0.0
2004-10-14,13.725000381469727,13.739999771118164,13.505000114440918,13.619999885559082,10.101842880249023,260000,0.0,0.0
2004-10-15,13.619999885559082,13.84000015258789,13.579999923706055,13.725000381469727,10.179717063903809,617200,0.0,0.0
2004-10-18,13.850000381469727,13.850000381469727,13.479999542236328,13.515000343322754,10.02396011352539,317800,0.0,0.0
2004-10-19,13.515000343322754,13.520000457763672,13.170000076293945,13.28499984741211,9.853377342224121,899400,0.0,0.0
2004-10-20,13.345000267028809,13.345000267028809,13.0,13.220000267028809,9.805159568786621,1638800,0.0,0.0
2004-10-21,13.175000190734863,13.4399995803833,13.175000190734863,13.4399995803833,9.968335151672363,259600,0.0,0.0
2004-10-22,13.395000457763672,13.524999618530273,13.239999771118164,13.515000343322754,10.02396011352539,363400,0.0,0.0
2004-10-25,13.550000190734863,13.744999885559082,13.529999732971191,13.744999885559082,10.194552421569824,527600,0.0,0.0
2004-10-26,13.699999809265137,13.949999809265137,13.694999694824219,13.875,10.290974617004395,491400,0.0,0.0
2004-10-27,13.899999618530273,13.899999618530273,13.710000038146973,13.789999961853027,10.227927207946777,436200,0.0,0.0
2004-10-28,13.649999618530273,13.869999885559082,13.649999618530273,13.859999656677246,10.279845237731934,1143200,0.0,0.0
2004-10-29,13.890000343322754,13.890000343322754,13.699999809265137,13.869999885559082,10.287261962890625,610800,0.0,0.0
2004-11-01,13.885000228881836,14.050000190734863,13.850000381469727,13.975000381469727,10.365143775939941,1448200,0.0,0.0
2004-11-02,14.0,14.225000381469727,13.975000381469727,14.204999923706055,10.535726547241211,1854000,0.0,0.0
2004-11-03,14.354999542236328,14.484999656677246,14.229999542236328,14.375,10.661815643310547,1078800,0.0,0.0
2004-11-04,14.25,14.635000228881836,14.149999618530273,14.630000114440918,10.850945472717285,714200,0.0,0.0
2004-11-05,14.609999656677246,14.640000343322754,14.404999732971191,14.625,10.847237586975098,475400,0.0,0.0
2004-11-08,14.625,14.960000038146973,14.425000190734863,14.649999618530273,10.86578369140625,1085800,0.0,0.0
2004-11-09,14.649999618530273,15.625,14.649999618530273,15.550000190734863,11.533305168151855,3572800,0.0,0.0
2004-11-10,15.505000114440918,15.609999656677246,15.375,15.399999618530273,11.422050476074219,2159800,0.0,0.0
2004-11-11,15.425000190734863,15.5,15.375,15.475000381469727,11.477677345275879,258800,0.0,0.0
2004-11-12,15.449999809265137,15.6850004196167,15.449999809265137,15.619999885559082,11.585223197937012,782600,0.0,0.0
2004-11-15,15.649999618530273,15.800000190734863,15.505000114440918,15.699999809265137,11.644558906555176,853200,0.0,0.0
2004-11-16,15.824999809265137,16.059999465942383,15.789999961853027,16.0,11.867066383361816,1789400,0.0,0.0
2004-11-17,16.049999237060547,16.184999465942383,15.899999618530273,15.949999809265137,11.82997989654541,637000,0.0,0.0
2004-11-18,15.899999618530273,16.145000457763672,15.899999618530273,16.024999618530273,11.885607719421387,1279400,0.0,0.0
2004-11-19,16.075000762939453,16.075000762939453,15.675000190734863,15.739999771118164,11.674225807189941,808200,0.0,0.0
2004-11-22,15.725000381469727,15.949999809265137,15.725000381469727,15.899999618530273,11.792896270751953,659000,0.0,0.0
2004-11-23,15.925000190734863,16.024999618530273,15.904999732971191,15.989999771118164,11.859648704528809,1215200,0.0,0.0
2004-11-24,15.899999618530273,15.989999771118164,15.869999885559082,15.875,11.774351119995117,524600,0.0,0.0
2004-11-26,15.845000267028809,16.0,15.845000267028809,16.0,11.867066383361816,137000,0.0,0.0
2004-11-29,16.0,16.0,15.875,15.885000228881836,11.781766891479492,560200,0.0,0.0
2004-11-30,15.875,16.0,15.854999542236328,16.0,11.867066383361816,730200,0.0,0.0
2004-12-01,16.0,16.299999237060547,15.925000190734863,16.1200008392334,11.956069946289062,895000,0.0,0.0
2004-12-02,15.755000114440918,16.295000076293945,15.645000457763672,15.75,11.681639671325684,1409800,0.0,0.0
2004-12-03,15.755000114440918,15.864999771118164,15.5600004196167,15.800000190734863,11.718727111816406,1104000,0.0,0.0
2004-12-06,15.774999618530273,16.125,15.774999618530273,16.059999465942383,11.9115629196167,368200,0.0,0.0
2004-12-07,16.059999465942383,16.059999465942383,15.850000381469727,15.850000381469727,11.755813598632812,911800,0.0,0.0
2004-12-08,15.774999618530273,15.850000381469727,15.600000381469727,15.704999923706055,11.648265838623047,688600,0.0,0.0
2004-12-09,15.75,15.984999656677246,15.75,15.984999656677246,11.855936050415039,209400,0.0,0.0
2004-12-10,15.989999771118164,16.0,15.920000076293945,16.0,11.867066383361816,303200,0.0,0.0
2004-12-13,16.0,16.075000762939453,15.949999809265137,16.0,11.867066383361816,828200,0.0,0.0
2004-12-14,15.75,16.114999771118164,15.670000076293945,16.059999465942383,11.9115629196167,11119200,0.0,0.0
2004-12-15,16.075000762939453,17.299999237060547,16.06999969482422,17.155000686645508,12.723716735839844,21845600,0.0,0.0
2004-12-16,17.155000686645508,17.299999237060547,16.940000534057617,17.1299991607666,12.705177307128906,2102600,0.0,0.0
2004-12-17,17.135000228881836,17.149999618530273,16.7450008392334,16.94499969482422,12.567965507507324,1474200,0.0,0.0
2004-12-20,16.989999771118164,17.25,16.924999237060547,16.94499969482422,12.567965507507324,1384400,0.0,0.0
2004-12-21,17.25,17.5,17.065000534057617,17.329999923706055,12.85351276397705,3590400,0.0,0.0
2004-12-22,17.450000762939453,17.7450008392334,17.350000381469727,17.645000457763672,13.08714485168457,3147200,0.0,0.0
2004-12-23,17.65999984741211,17.799999237060547,17.559999465942383,17.75,13.165022850036621,1350600,0.0,0.0
2004-12-27,17.7549991607666,17.924999237060547,17.704999923706055,17.739999771118164,13.157608985900879,904200,0.0,0.0
2004-12-28,17.7450008392334,18.0,17.739999771118164,17.895000457763672,13.272570610046387,2360200,0.0,0.0
2004-12-29,17.850000381469727,17.975000381469727,17.709999084472656,17.905000686645508,13.279986381530762,746400,0.0,0.0
2004-12-30,17.90999984741211,17.950000762939453,17.825000762939453,17.950000762939453,13.313364028930664,325200,0.0,0.0
2004-12-31,17.950000762939453,18.09000015258789,17.924999237060547,18.024999618530273,13.36899185180664,585200,0.0,0.0
2005-01-03,18.024999618530273,18.084999084472656,17.625,17.704999923706055,13.131648063659668,1489000,0.0,0.0
2005-01-04,17.68000030517578,17.799999237060547,17.200000762939453,17.354999542236328,12.87205696105957,2065600,0.0,0.0
2005-01-05,17.405000686645508,17.459999084472656,17.114999771118164,17.139999389648438,12.712594032287598,1796000,0.0,0.0
2005-01-06,17.225000381469727,17.34000015258789,17.110000610351562,17.309999465942383,12.8386812210083,1399800,0.0,0.0
2005-01-07,17.354999542236328,17.55500030517578,17.200000762939453,17.274999618530273,12.812719345092773,845600,0.0,0.0
2005-01-10,17.299999237060547,17.405000686645508,17.2549991607666,17.344999313354492,12.864640235900879,639000,0.0,0.0
2005-01-11,17.344999313354492,17.344999313354492,16.959999084472656,17.059999465942383,12.653258323669434,1458200,0.0,0.0
2005-01-12,17.100000381469727,17.100000381469727,16.93000030517578,17.030000686645508,12.63100528717041,1669800,0.0,0.0
2005-01-13,17.06999969482422,17.450000762939453,17.049999237060547,17.145000457763672,12.71629810333252,1315200,0.0,0.0
2005-01-14,17.19499969482422,17.385000228881836,17.024999618530273,17.114999771118164,12.694053649902344,1141600,0.0,0.0
2005-01-18,17.149999618530273,17.315000534057617,16.875,17.0,12.608758926391602,929600,0.0,0.0
2005-01-19,17.024999618530273,17.125,16.78499984741211,16.8700008392334,12.512336730957031,884400,0.0,0.0
2005-01-20,16.844999313354492,16.844999313354492,16.549999237060547,16.75,12.423332214355469,867600,0.0,0.0
2005-01-21,16.739999771118164,16.954999923706055,16.600000381469727,16.600000381469727,12.312078475952148,615800,0.0,0.0
2005-01-24,16.725000381469727,16.875,16.665000915527344,16.71500015258789,12.397377967834473,970800,0.0,0.0
2005-01-25,16.709999084472656,17.100000381469727,16.674999237060547,16.71500015258789,12.397377967834473,660400,0.0,0.0
2005-01-26,16.725000381469727,16.934999465942383,16.65999984741211,16.844999313354492,12.493794441223145,1033800,0.0,0.0
2005-01-27,16.844999313354492,17.100000381469727,16.799999237060547,16.989999771118164,12.601334571838379,448400,0.0,0.0
2005-01-28,17.225000381469727,17.350000381469727,16.9950008392334,17.239999771118164,12.786762237548828,712200,0.0,0.0
2005-01-31,17.424999237060547,17.600000381469727,17.385000228881836,17.5,12.979601860046387,1006200,0.0,0.0
2005-02-01,17.5,17.69499969482422,17.450000762939453,17.665000915527344,13.101981163024902,1604800,0.0,0.0
2005-02-02,17.65999984741211,17.889999389648438,17.549999237060547,17.75,13.165022850036621,2563600,0.0,0.0
2005-02-03,18.0,18.0,17.725000381469727,17.795000076293945,13.198400497436523,1352200,0.0,0.0
2005-02-04,17.799999237060547,17.844999313354492,17.459999084472656,17.6200008392334,13.068607330322266,905200,0.0,0.0
2005-02-07,17.5049991607666,17.94499969482422,17.489999771118164,17.850000381469727,13.2391939163208,1327200,0.0,0.0
2005-02-08,17.860000610351562,18.09000015258789,17.764999389648438,18.0,13.350445747375488,2152200,0.0,0.0
2005-02-09,18.014999389648438,18.1200008392334,17.975000381469727,18.0,13.350445747375488,1135400,0.0,0.0
2005-02-10,18.075000762939453,18.110000610351562,17.975000381469727,18.024999618530273,13.36899185180664,2756400,0.0,0.0
2005-02-11,18.049999237060547,18.524999618530273,17.950000762939453,18.375,13.628581047058105,2689000,0.0,0.0
2005-02-14,18.315000534057617,18.8799991607666,18.28499984741211,18.799999237060547,13.943800926208496,4220600,0.0,0.0
2005-02-15,18.864999771118164,19.084999084472656,18.815000534057617,18.844999313354492,13.977174758911133,2865600,0.0,0.0
2005-02-16,18.725000381469727,19.1299991607666,18.53499984741211,19.1299991607666,14.188555717468262,2145200,0.0,0.0
2005-02-17,19.075000762939453,19.405000686645508,18.94499969482422,19.2450008392334,14.273853302001953,1947600,0.0,0.0
2005-02-18,19.2450008392334,19.260000228881836,19.0,19.170000076293945,14.218226432800293,1120600,0.0,0.0
2005-02-22,19.135000228881836,19.139999389648438,18.450000762939453,18.5,13.721296310424805,1992800,0.0,0.0
2005-02-23,18.510000228881836,18.690000534057617,18.40999984741211,18.44499969482422,13.680502891540527,1033800,0.0,0.0
2005-02-24,18.44499969482422,19.040000915527344,18.344999313354492,19.030000686645508,14.114391326904297,2826200,0.0,0.0
2005-02-25,19.104999542236328,19.395000457763672,19.075000762939453,19.334999084472656,14.34060287475586,1062400,0.0,0.0
2005-02-28,19.40999984741211,19.549999237060547,19.165000915527344,19.2549991607666,14.281267166137695,2839200,0.0,0.0
2005-03-01,19.329999923706055,19.485000610351562,19.174999237060547,19.344999313354492,14.34802532196045,1286000,0.0,0.0
2005-03-02,19.315000534057617,19.3700008392334,19.155000686645508,19.235000610351562,14.266439437866211,739200,0.0,0.0
2005-03-03,19.100000381469727,19.219999313354492,18.959999084472656,19.075000762939453,14.14776611328125,842200,0.0,0.0
2005-03-04,19.100000381469727,19.475000381469727,19.100000381469727,19.299999237060547,14.314640998840332,741800,0.0,0.0
2005-03-07,19.274999618530273,19.424999237060547,19.204999923706055,19.274999618530273,14.296100616455078,1401600,0.0,0.0
2005-03-08,19.28499984741211,19.28499984741211,19.100000381469727,19.174999237060547,14.221932411193848,483200,0.0,0.0
2005-03-09,19.125,19.364999771118164,18.950000762939453,19.094999313354492,14.162599563598633,776600,0.0,0.0
2005-03-10,19.075000762939453,19.075000762939453,18.165000915527344,18.729999542236328,13.891881942749023,2095200,0.0,0.0
2005-03-11,18.684999465942383,18.729999542236328,18.549999237060547,18.674999237060547,13.851085662841797,819400,0.0,0.0
2005-03-14,18.725000381469727,19.149999618530273,18.725000381469727,18.924999237060547,14.036508560180664,883000,0.0,0.0
2005-03-15,18.924999237060547,18.950000762939453,18.575000762939453,18.84000015258789,13.973466873168945,812000,0.0,0.0
2005-03-16,18.809999465942383,18.809999465942383,18.344999313354492,18.424999237060547,13.665672302246094,901400,0.0,0.0
2005-03-17,18.5,18.979999542236328,18.5,18.799999237060547,13.943800926208496,1082400,0.0,0.0
2005-03-18,18.875,18.950000762939453,18.709999084472656,18.75,13.90671443939209,1055600,0.0,0.0
2005-03-21,18.795000076293945,18.795000076293945,18.614999771118164,18.700000762939453,13.869629859924316,632600,0.0,0.0
2005-03-22,18.309999465942383,18.459999084472656,17.795000076293945,18.010000228881836,13.357864379882812,6764400,0.0,0.0
2005-03-23,18.010000228881836,18.010000228881836,17.100000381469727,17.459999084472656,12.949934959411621,4537200,0.0,0.0
2005-03-24,17.524999618530273,17.75,17.295000076293945,17.475000381469727,12.961063385009766,1772000,0.0,0.0
2005-03-28,17.545000076293945,17.575000762939453,17.155000686645508,17.274999618530273,12.812719345092773,1304800,0.0,0.0
2005-03-29,17.31999969482422,17.360000610351562,16.80500030517578,17.075000762939453,12.66438102722168,3617200,0.0,0.0
2005-03-30,16.5,17.075000762939453,16.395000457763672,16.549999237060547,12.274996757507324,7605000,0.0,0.0
2005-03-31,16.59000015258789,17.2450008392334,16.59000015258789,17.075000762939453,12.66438102722168,4195600,0.0,0.0
2005-04-01,17.165000915527344,17.454999923706055,17.049999237060547,17.360000610351562,12.875765800476074,3059400,0.0,0.0
2005-04-04,17.375,17.575000762939453,17.149999618530273,17.540000915527344,13.00927448272705,2078800,0.0,0.0
2005-04-05,17.5,17.684999465942383,17.479999542236328,17.5049991607666,12.983307838439941,1089000,0.0,0.0
2005-04-06,17.524999618530273,17.56999969482422,17.350000381469727,17.385000228881836,12.89431095123291,1006000,0.0,0.0
2005-04-07,17.424999237060547,17.549999237060547,17.375,17.524999618530273,12.998143196105957,1028000,0.0,0.0
2005-04-08,17.53499984741211,17.59000015258789,17.350000381469727,17.354999542236328,12.87205696105957,554600,0.0,0.0
2005-04-11,17.309999465942383,17.584999084472656,17.309999465942383,17.4950008392334,12.975893020629883,1017200,0.0,0.0
2005-04-12,17.450000762939453,17.579999923706055,17.149999618530273,17.299999237060547,12.831263542175293,1271200,0.0,0.0
2005-04-13,17.309999465942383,17.350000381469727,16.899999618530273,17.0,12.608758926391602,667000,0.0,0.0
2005-04-14,17.0,17.049999237060547,16.719999313354492,16.75,12.423332214355469,846400,0.0,0.0
2005-04-15,16.7549991607666,16.829999923706055,16.100000381469727,16.145000457763672,11.974614143371582,2819200,0.0,0.0
2005-04-18,16.149999618530273,16.19499969482422,15.654999732971191,16.024999618530273,11.885607719421387,3568800,0.0,0.0
2005-04-19,16.375,16.860000610351562,16.375,16.530000686645508,12.260165214538574,2970000,0.0,0.0
2005-04-20,16.56999969482422,16.75,16.125,16.229999542236328,12.037650108337402,1766600,0.0,0.0
2005-04-21,16.309999465942383,16.5049991607666,16.200000762939453,16.5049991607666,12.241619110107422,1286000,0.0,0.0
2005-04-22,16.545000076293945,16.864999771118164,16.545000076293945,16.799999237060547,12.460416793823242,2006000,0.0,0.0
2005-04-25,16.774999618530273,17.125,16.75,16.875,12.516040802001953,1499000,0.0,0.0
2005-04-26,16.875,16.940000534057617,16.639999389648438,16.700000762939453,12.386248588562012,640200,0.0,0.0
2005-04-27,16.625,16.725000381469727,16.30500030517578,16.479999542236328,12.223078727722168,2058800,0.0,0.0
2005-04-28,16.450000762939453,16.454999923706055,15.90999984741211,15.925000190734863,11.811436653137207,1528600,0.0,0.0
2005-04-29,16.0049991607666,16.260000228881836,15.149999618530273,15.550000190734863,11.533305168151855,3756200,0.0,0.0
2005-05-02,15.59000015258789,15.6850004196167,15.425000190734863,15.430000305175781,11.444300651550293,2108800,0.0,0.0
2005-05-03,15.430000305175781,15.470000267028809,15.3100004196167,15.350000381469727,11.384964942932129,2641800,0.0,0.0
2005-05-04,15.385000228881836,15.5,15.229999542236328,15.449999809265137,11.459132194519043,2734000,0.0,0.0
2005-05-05,15.524999618530273,15.8149995803833,15.494999885559082,15.574999809265137,11.55184555053711,2656400,0.0,0.0
2005-05-06,15.675000190734863,15.899999618530273,15.614999771118164,15.805000305175781,11.72243595123291,1862200,0.0,0.0
2005-05-09,15.805000305175781,16.295000076293945,15.6899995803833,16.295000076293945,12.085862159729004,5467800,0.0,0.0
2005-05-10,16.799999237060547,16.934999465942383,16.700000762939453,16.799999237060547,12.460416793823242,5225200,0.0,0.0
2005-05-11,16.864999771118164,16.950000762939453,16.510000228881836,16.950000762939453,12.571675300598145,2296600,0.0,0.0
2005-05-12,16.975000381469727,16.975000381469727,16.28499984741211,16.415000915527344,12.174867630004883,1392200,0.0,0.0
2005-05-13,16.540000915527344,16.55500030517578,15.359999656677246,15.899999618530273,11.792896270751953,3319200,0.0,0.0
2005-05-16,15.880000114440918,16.049999237060547,15.779999732971191,15.925000190734863,11.811436653137207,2768600,0.0,0.0
2005-05-17,15.864999771118164,16.225000381469727,15.800000190734863,16.040000915527344,11.896736145019531,1993200,0.0,0.0
2005-05-18,16.25,16.545000076293945,16.204999923706055,16.44499969482422,12.197117805480957,2518800,0.0,0.0
2005-05-19,16.485000610351562,16.55500030517578,16.34000015258789,16.55500030517578,12.278705596923828,1005600,0.0,0.0
2005-05-20,16.55500030517578,16.604999542236328,16.350000381469727,16.549999237060547,12.274996757507324,1005800,0.0,0.0
2005-05-23,16.549999237060547,16.854999542236328,16.424999237060547,16.834999084472656,12.48637866973877,1665600,0.0,0.0
2005-05-24,16.899999618530273,17.100000381469727,16.815000534057617,17.045000076293945,12.642131805419922,3035200,0.0,0.0
2005-05-25,17.049999237060547,17.40999984741211,17.024999618530273,17.375,12.886887550354004,3790400,0.0,0.0
2005-05-26,17.454999923706055,17.684999465942383,17.440000534057617,17.600000381469727,13.053770065307617,3533800,0.0,0.0
2005-05-27,17.579999923706055,17.674999237060547,17.5,17.610000610351562,13.06119441986084,919800,0.0,0.0
2005-05-31,17.614999771118164,17.924999237060547,17.614999771118164,17.875,13.257737159729004,2517200,0.0,0.0
2005-06-01,17.899999618530273,18.350000381469727,17.774999618530273,17.94499969482422,13.309654235839844,1116800,0.0,0.0
2005-06-02,17.975000381469727,18.2549991607666,17.850000381469727,18.135000228881836,13.450577735900879,2048600,0.0,0.0
2005-06-03,18.145000457763672,18.264999389648438,17.96500015258789,17.975000381469727,13.331907272338867,2627800,0.0,0.0
2005-06-06,17.979999542236328,18.0,17.600000381469727,17.6200008392334,13.068607330322266,2620200,0.0,0.0
2005-06-07,17.594999313354492,17.649999618530273,17.315000534057617,17.405000686645508,12.909137725830078,4148800,0.0,0.0
2005-06-08,17.399999618530273,17.75,17.399999618530273,17.420000076293945,12.920269012451172,1352600,0.0,0.0
2005-06-09,17.3799991607666,17.709999084472656,17.229999542236328,17.709999084472656,13.135353088378906,1230200,0.0,0.0
2005-06-10,17.815000534057617,18.0,17.799999237060547,17.96500015258789,13.324488639831543,2108800,0.0,0.0
2005-06-13,18.0,18.174999237060547,17.905000686645508,18.149999618530273,13.461699485778809,1380000,0.0,0.0
2005-06-14,18.209999084472656,18.350000381469727,18.149999618530273,18.280000686645508,13.558123588562012,1126000,0.0,0.0
2005-06-15,18.290000915527344,18.329999923706055,18.049999237060547,18.1200008392334,13.439448356628418,1126200,0.0,0.0
2005-06-16,18.149999618530273,18.299999237060547,18.049999237060547,18.299999237060547,13.572954177856445,1100800,0.0,0.0
2005-06-17,18.25,18.450000762939453,18.25,18.405000686645508,13.650832176208496,1194200,0.0,0.0
2005-06-20,18.399999618530273,18.614999771118164,18.315000534057617,18.479999542236328,13.70645809173584,2308000,0.0,0.0
2005-06-21,18.479999542236328,18.655000686645508,18.469999313354492,18.4950008392334,13.717589378356934,1026800,0.0,0.0
2005-06-22,18.53499984741211,18.575000762939453,18.424999237060547,18.485000610351562,13.710172653198242,1293200,0.0,0.0
2005-06-23,18.485000610351562,18.604999542236328,18.424999237060547,18.43000030517578,13.669378280639648,1791600,0.0,0.0
2005-06-24,18.399999618530273,18.549999237060547,18.354999542236328,18.5,13.721296310424805,1031000,0.0,0.0
2005-06-27,18.475000381469727,18.670000076293945,18.299999237060547,18.614999771118164,13.806589126586914,701400,0.0,0.0
2005-06-28,18.614999771118164,18.725000381469727,18.540000915527344,18.690000534057617,13.862214088439941,820400,0.0,0.0
2005-06-29,18.7450008392334,18.770000457763672,18.364999771118164,18.610000610351562,13.802879333496094,900000,0.0,0.0
2005-06-30,18.565000534057617,18.80500030517578,18.549999237060547,18.799999237060547,13.943800926208496,787400,0.0,0.0
2005-07-01,18.799999237060547,19.0049991607666,18.795000076293945,19.0,14.09213924407959,1550000,0.0,0.0
2005-07-05,18.979999542236328,19.06999969482422,18.834999084472656,19.05500030517578,14.1329345703125,1255400,0.0,0.0
2005-07-06,19.010000228881836,19.065000534057617,18.68000030517578,18.729999542236328,13.891881942749023,905400,0.0,0.0
2005-07-07,18.674999237060547,18.844999313354492,18.489999771118164,18.815000534057617,13.95492935180664,811600,0.0,0.0
2005-07-08,18.815000534057617,18.979999542236328,18.719999313354492,18.829999923706055,13.966053009033203,1140600,0.0,0.0
2005-07-11,18.799999237060547,19.049999237060547,18.719999313354492,19.024999618530273,14.110682487487793,1081800,0.0,0.0
2005-07-12,19.014999389648438,19.014999389648438,18.739999771118164,19.0,14.09213924407959,1076000,0.0,0.0
2005-07-13,18.93000030517578,19.209999084472656,18.924999237060547,18.940000534057617,14.047636985778809,984400,0.0,0.0
2005-07-14,18.864999771118164,18.950000762939453,18.594999313354492,18.6299991607666,13.817709922790527,1389400,0.0,0.0
2005-07-15,18.614999771118164,18.6299991607666,18.290000915527344,18.440000534057617,13.676794052124023,1620800,0.0,0.0
2005-07-18,18.385000228881836,18.670000076293945,18.3700008392334,18.469999313354492,13.699041366577148,943000,0.0,0.0
2005-07-19,18.469999313354492,18.55500030517578,18.434999465942383,18.475000381469727,13.702752113342285,513200,0.0,0.0
2005-07-20,18.424999237060547,18.735000610351562,18.290000915527344,18.655000686645508,13.836258888244629,840000,0.0,0.0
2005-07-21,18.65999984741211,18.65999984741211,18.200000762939453,18.280000686645508,13.558123588562012,827600,0.0,0.0
2005-07-22,18.3799991607666,19.165000915527344,18.3799991607666,19.075000762939453,14.14776611328125,1304000,0.0,0.0
2005-07-25,19.149999618530273,19.174999237060547,18.854999542236328,18.885000228881836,14.006840705871582,694000,0.0,0.0
2005-07-26,18.899999618530273,18.899999618530273,18.635000228881836,18.690000534057617,13.862214088439941,1143800,0.0,0.0
2005-07-27,18.75,18.979999542236328,18.485000610351562,18.924999237060547,14.036508560180664,2679200,0.0,0.0
2005-07-28,18.90999984741211,18.954999923706055,18.725000381469727,18.905000686645508,14.021683692932129,1386200,0.0,0.0
2005-07-29,18.905000686645508,19.18000030517578,18.905000686645508,19.174999237060547,14.221932411193848,1422600,0.0,0.0
2005-08-01,19.165000915527344,19.399999618530273,19.114999771118164,19.399999618530273,14.38881778717041,1629200,0.0,0.0
2005-08-02,19.475000381469727,20.024999618530273,19.450000762939453,20.0,14.833830833435059,2985000,0.0,0.0
2005-08-03,19.96500015258789,20.045000076293945,19.780000686645508,19.959999084472656,14.804166793823242,1133000,0.0,0.0
2005-08-04,19.989999771118164,20.950000762939453,19.989999771118164,20.760000228881836,15.397518157958984,2493400,0.0,0.0
2005-08-05,20.790000915527344,20.815000534057617,19.704999923706055,20.0049991607666,14.837543487548828,1979600,0.0,0.0
2005-08-08,20.174999237060547,20.174999237060547,19.25,19.524999618530273,14.481526374816895,3147400,0.0,0.0
2005-08-09,19.329999923706055,19.649999618530273,19.18000030517578,19.350000381469727,14.351730346679688,2300200,0.0,0.0
2005-08-10,19.690000534057617,20.149999618530273,19.549999237060547,19.69499969482422,14.607613563537598,2324800,0.0,0.0
2005-08-11,19.649999618530273,19.649999618530273,18.940000534057617,19.18000030517578,14.2256441116333,2852200,0.0,0.0
2005-08-12,19.25,19.5,19.149999618530273,19.46500015258789,14.437027931213379,2586200,0.0,0.0
2005-08-15,19.524999618530273,19.649999618530273,19.18000030517578,19.225000381469727,14.259016990661621,1074200,0.0,0.0
2005-08-16,19.274999618530273,19.510000228881836,18.84000015258789,18.969999313354492,14.069886207580566,1904600,0.0,0.0
2005-08-17,19.040000915527344,19.040000915527344,18.655000686645508,18.774999618530273,13.925262451171875,1094200,0.0,0.0
2005-08-18,18.790000915527344,18.8700008392334,18.649999618530273,18.725000381469727,13.88817310333252,1338400,0.0,0.0
2005-08-19,18.770000457763672,19.329999923706055,18.704999923706055,19.280000686645508,14.29981803894043,768800,0.0,0.0
2005-08-22,19.280000686645508,19.3700008392334,19.204999923706055,19.299999237060547,14.314640998840332,1230000,0.0,0.0
2005-08-23,19.375,19.489999771118164,19.235000610351562,19.31999969482422,14.32947826385498,880200,0.0,0.0
2005-08-24,19.290000915527344,19.56999969482422,19.2549991607666,19.4950008392334,14.459280014038086,1354000,0.0,0.0
2005-08-25,19.549999237060547,19.584999084472656,19.350000381469727,19.565000534057617,14.511198997497559,1379000,0.0,0.0
2005-08-26,19.524999618530273,19.56999969482422,19.350000381469727,19.450000762939453,14.425897598266602,738800,0.0,0.0
2005-08-29,19.399999618530273,19.614999771118164,19.174999237060547,19.549999237060547,14.500066757202148,764000,0.0,0.0
2005-08-30,19.565000534057617,20.0049991607666,19.454999923706055,20.0,14.833830833435059,1239600,0.0,0.0
2005-08-31,19.975000381469727,20.204999923706055,19.774999618530273,20.010000228881836,14.841248512268066,2004400,0.0,0.0
2005-09-01,20.0049991607666,20.594999313354492,20.0049991607666,20.524999618530273,15.223221778869629,1636200,0.0,0.0
2005-09-02,20.524999618530273,20.594999313354492,20.295000076293945,20.434999465942383,15.156464576721191,857200,0.0,0.0
2005-09-06,20.43000030517578,20.524999618530273,20.235000610351562,20.364999771118164,15.104546546936035,826600,0.0,0.0
2005-09-07,20.260000228881836,20.43000030517578,20.0,20.375,15.111968994140625,3458200,0.0,0.0
2005-09-08,20.385000228881836,20.704999923706055,20.385000228881836,20.700000762939453,15.353010177612305,1550600,0.0,0.0
2005-09-09,20.75,20.93000030517578,20.295000076293945,20.3700008392334,15.108260154724121,1971600,0.0,0.0
2005-09-12,20.420000076293945,20.68000030517578,20.264999389648438,20.5,15.204680442810059,1408000,0.0,0.0
2005-09-13,20.475000381469727,20.4950008392334,20.219999313354492,20.420000076293945,15.145342826843262,1157600,0.0,0.0
2005-09-14,20.364999771118164,20.670000076293945,20.309999465942383,20.5,15.204680442810059,2283200,0.0,0.0
2005-09-15,20.475000381469727,20.68000030517578,20.475000381469727,20.68000030517578,15.338181495666504,1305400,0.0,0.0
2005-09-16,20.725000381469727,20.760000228881836,20.350000381469727,20.44499969482422,15.163874626159668,817800,0.0,0.0
2005-09-19,20.3700008392334,20.524999618530273,20.344999313354492,20.389999389648438,15.123090744018555,819600,0.0,0.0
2005-09-20,20.440000534057617,20.514999389648438,20.170000076293945,20.274999618530273,15.037795066833496,472200,0.0,0.0
2005-09-21,20.315000534057617,20.600000381469727,19.8700008392334,19.875,14.741119384765625,1295800,0.0,0.0
2005-09-22,19.889999389648438,20.030000686645508,19.514999389648438,20.024999618530273,14.852373123168945,1282600,0.0,0.0
2005-09-23,19.950000762939453,20.3700008392334,19.850000381469727,20.2450008392334,15.015546798706055,1501800,0.0,0.0
2005-09-26,20.334999084472656,20.5,20.200000762939453,20.350000381469727,15.09342098236084,1077400,0.0,0.0
2005-09-27,20.399999618530273,20.969999313354492,20.399999618530273,20.764999389648438,15.401226997375488,1879000,0.0,0.0
2005-09-28,21.375,22.225000381469727,21.125,21.524999618530273,15.964916229248047,6851600,0.0,0.0
2005-09-29,21.459999084472656,21.475000381469727,20.844999313354492,21.125,15.66823673248291,3257600,0.0,0.0
2005-09-30,21.174999237060547,21.344999313354492,21.030000686645508,21.299999237060547,15.79802417755127,1414200,0.0,0.0
2005-10-03,21.649999618530273,24.399999618530273,21.649999618530273,24.274999618530273,18.00456428527832,24186600,0.0,0.0
2005-10-04,24.209999084472656,24.719999313354492,23.825000762939453,24.03499984741211,17.826555252075195,5229800,0.0,0.0
2005-10-05,23.7549991607666,24.03499984741211,22.71500015258789,23.049999237060547,17.09599494934082,3223800,0.0,0.0
2005-10-06,23.040000915527344,23.045000076293945,21.959999084472656,22.469999313354492,16.665815353393555,5917000,0.0,0.0
2005-10-07,22.75,22.905000686645508,22.264999389648438,22.55500030517578,16.728851318359375,2808800,0.0,0.0
2005-10-10,22.649999618530273,22.735000610351562,22.350000381469727,22.530000686645508,16.710308074951172,1286600,0.0,0.0
2005-10-11,22.579999923706055,23.149999618530273,22.559999465942383,22.834999084472656,16.936525344848633,1341600,0.0,0.0
2005-10-12,22.875,23.274999618530273,21.94499969482422,22.454999923706055,16.65468406677246,4122200,0.0,0.0
2005-10-13,22.5,22.7450008392334,21.579999923706055,22.100000381469727,16.39138412475586,3711800,0.0,0.0
2005-10-14,22.100000381469727,22.46500015258789,21.9950008392334,22.360000610351562,16.584226608276367,2618000,0.0,0.0
2005-10-17,22.440000534057617,22.7450008392334,22.299999237060547,22.424999237060547,16.632436752319336,2292000,0.0,0.0
2005-10-18,22.424999237060547,22.454999923706055,21.719999313354492,21.985000610351562,16.306087493896484,1810000,0.0,0.0
2005-10-19,22.0049991607666,22.315000534057617,21.334999084472656,22.299999237060547,16.53972625732422,2201400,0.0,0.0
2005-10-20,22.4950008392334,22.600000381469727,20.975000381469727,21.0,15.575523376464844,5127400,0.0,0.0
2005-10-21,21.110000610351562,21.614999771118164,20.80500030517578,20.885000228881836,15.490227699279785,2411200,0.0,0.0
2005-10-24,20.915000915527344,21.389999389648438,20.71500015258789,21.204999923706055,15.72756576538086,2303400,0.0,0.0
2005-10-25,21.315000534057617,21.350000381469727,20.80500030517578,21.149999618530273,15.686772346496582,3040400,0.0,0.0
2005-10-26,21.149999618530273,21.325000762939453,20.979999542236328,21.165000915527344,15.697901725769043,2007800,0.0,0.0
2005-10-27,21.25,21.299999237060547,20.764999389648438,20.81999969482422,15.442011833190918,2643200,0.0,0.0
2005-10-28,20.825000762939453,21.56999969482422,20.780000686645508,21.375,15.853657722473145,1604800,0.0,0.0
2005-10-31,21.450000762939453,21.719999313354492,21.415000915527344,21.5049991607666,15.950074195861816,1550200,0.0,0.0
2005-11-01,21.5,21.5049991607666,20.469999313354492,20.485000610351562,15.193554878234863,3152000,0.0,0.0
2005-11-02,20.524999618530273,20.59000015258789,19.709999084472656,20.235000610351562,15.008131980895996,4070600,0.0,0.0
2005-11-03,20.344999313354492,20.649999618530273,20.344999313354492,20.565000534057617,15.252882957458496,1946800,0.0,0.0
2005-11-04,20.729999542236328,20.850000381469727,20.635000228881836,20.649999618530273,15.315927505493164,3190800,0.0,0.0
2005-11-07,20.674999237060547,21.145000457763672,19.875,20.80500030517578,15.430891036987305,3597400,0.0,0.0
2005-11-08,20.75,20.7549991607666,20.2450008392334,20.325000762939453,15.074881553649902,1407000,0.0,0.0
2005-11-09,20.325000762939453,20.549999237060547,19.78499984741211,20.344999313354492,15.08971118927002,1806200,0.0,0.0
2005-11-10,20.270000457763672,20.325000762939453,19.434999465942383,19.625,14.555694580078125,3387600,0.0,0.0
2005-11-11,19.6200008392334,19.850000381469727,18.96500015258789,19.100000381469727,14.166309356689453,2965800,0.0,0.0
2005-11-14,19.299999237060547,19.90999984741211,18.799999237060547,19.875,14.741119384765625,4942000,0.0,0.0
2005-11-15,19.774999618530273,20.584999084472656,19.69499969482422,20.170000076293945,14.959921836853027,4009800,0.0,0.0
2005-11-16,20.295000076293945,20.5049991607666,20.049999237060547,20.434999465942383,15.156464576721191,2115000,0.0,0.0
2005-11-17,20.485000610351562,21.190000534057617,20.485000610351562,20.850000381469727,15.464268684387207,2549000,0.0,0.0
2005-11-18,21.100000381469727,21.649999618530273,20.9950008392334,21.625,16.03907585144043,3445200,0.0,0.0
2005-11-21,21.625,22.350000381469727,21.575000762939453,22.225000381469727,16.484100341796875,3084800,0.0,0.0
2005-11-22,22.200000762939453,22.719999313354492,22.0049991607666,22.549999237060547,16.725141525268555,3004400,0.0,0.0
2005-11-23,22.475000381469727,22.860000610351562,22.389999389648438,22.625,16.78076934814453,1501600,0.0,0.0
2005-11-25,22.59000015258789,22.764999389648438,22.559999465942383,22.625,16.78076934814453,224200,0.0,0.0
2005-11-28,22.59000015258789,22.594999313354492,21.7549991607666,21.864999771118164,16.21708106994629,2099600,0.0,0.0
2005-11-29,21.889999389648438,22.03499984741211,21.524999618530273,21.709999084472656,16.102123260498047,2342800,0.0,0.0
2005-11-30,21.649999618530273,22.1200008392334,21.6200008392334,21.834999084472656,16.19483757019043,2383400,0.0,0.0
2005-12-01,21.899999618530273,22.309999465942383,21.834999084472656,22.049999237060547,16.354299545288086,2061400,0.0,0.0
2005-12-02,22.125,22.290000915527344,21.565000534057617,21.885000228881836,16.231914520263672,2070400,0.0,0.0
2005-12-05,21.75,22.299999237060547,21.709999084472656,21.940000534057617,16.272714614868164,2591600,0.0,0.0
2005-12-06,21.850000381469727,22.030000686645508,21.829999923706055,22.0,16.317214965820312,1716400,0.0,0.0
2005-12-07,21.700000762939453,22.225000381469727,21.700000762939453,22.0,16.317214965820312,1342800,0.0,0.0
2005-12-08,22.0,22.2549991607666,22.0,22.235000610351562,16.49151611328125,1656400,0.0,0.0
2005-12-09,22.149999618530273,22.354999542236328,22.049999237060547,22.21500015258789,16.4766788482666,682200,0.0,0.0
2005-12-12,22.44499969482422,22.649999618530273,22.25,22.405000686645508,16.61760139465332,2029000,0.0,0.0
2005-12-13,22.5,22.604999542236328,22.225000381469727,22.549999237060547,16.725141525268555,2048400,0.0,0.0
2005-12-14,22.604999542236328,23.0,22.469999313354492,22.559999465942383,16.732568740844727,1981200,0.0,0.0
2005-12-15,22.700000762939453,22.934999465942383,22.5049991607666,22.69499969482422,16.832685470581055,1250800,0.0,0.0
2005-12-16,22.649999618530273,22.850000381469727,22.59000015258789,22.799999237060547,16.910564422607422,1487400,0.0,0.0
2005-12-19,22.665000915527344,22.829999923706055,22.584999084472656,22.674999237060547,16.817855834960938,1265600,0.0,0.0
2005-12-20,22.825000762939453,22.825000762939453,22.354999542236328,22.510000228881836,16.695478439331055,794800,0.0,0.0
2005-12-21,22.510000228881836,22.600000381469727,22.239999771118164,22.450000762939453,16.650978088378906,688000,0.0,0.0
2005-12-22,22.739999771118164,23.184999465942383,22.649999618530273,23.0,17.058910369873047,1888600,0.0,0.0
2005-12-23,23.1200008392334,23.325000762939453,22.9950008392334,23.110000610351562,17.140499114990234,1246200,0.0,0.0
2005-12-27,23.1200008392334,23.139999389648438,22.875,22.885000228881836,16.97360610961914,1192600,0.0,0.0
2005-12-28,22.895000457763672,23.06999969482422,22.8799991607666,23.0,17.058910369873047,875800,0.0,0.0
2005-12-29,22.950000762939453,23.264999389648438,22.825000762939453,23.06999969482422,17.110824584960938,519200,0.0,0.0
2005-12-30,23.024999618530273,23.65999984741211,22.940000534057617,23.559999465942383,17.47425079345703,2841200,0.0,0.0
2006-01-03,23.700000762939453,24.049999237060547,23.389999389648438,23.975000381469727,17.782062530517578,2363200,0.0,0.0
2006-01-04,23.950000762939453,24.19499969482422,23.729999542236328,23.75,17.61517906188965,1922000,0.0,0.0
2006-01-05,23.25,23.405000686645508,22.75,23.174999237060547,17.18869972229004,4340400,0.0,0.0
2006-01-06,23.299999237060547,23.774999618530273,22.9950008392334,23.065000534057617,17.107120513916016,4510200,0.0,0.0
2006-01-09,23.149999618530273,23.59000015258789,23.149999618530273,23.399999618530273,17.355581283569336,2585600,0.0,0.0
2006-01-10,23.350000381469727,23.399999618530273,23.125,23.209999084472656,17.214658737182617,1553200,0.0,0.0
2006-01-11,23.184999465942383,23.184999465942383,22.84000015258789,22.975000381469727,17.040361404418945,1434600,0.0,0.0
2006-01-12,22.96500015258789,24.075000762939453,22.934999465942383,23.540000915527344,17.45941925048828,5722600,0.0,0.0
2006-01-13,23.549999237060547,24.479999542236328,23.549999237060547,24.3700008392334,18.075023651123047,2480000,0.0,0.0
2006-01-17,24.405000686645508,24.729999542236328,24.350000381469727,24.674999237060547,18.301231384277344,2858200,0.0,0.0
2006-01-18,24.600000381469727,24.649999618530273,24.450000762939453,24.604999542236328,18.24932098388672,1789600,0.0,0.0
2006-01-19,24.655000686645508,24.684999465942383,24.2549991607666,24.325000762939453,18.041648864746094,1616600,0.0,0.0
2006-01-20,24.329999923706055,24.4950008392334,24.049999237060547,24.1299991607666,17.897014617919922,1623800,0.0,0.0
2006-01-23,24.18000030517578,24.34000015258789,23.905000686645508,24.200000762939453,17.94893455505371,1902000,0.0,0.0
2006-01-24,24.25,24.674999237060547,24.19499969482422,24.44499969482422,18.130647659301758,2221200,0.0,0.0
2006-01-25,24.549999237060547,24.6299991607666,24.024999618530273,24.625,18.264156341552734,2951800,0.0,0.0
2006-01-26,24.55500030517578,24.55500030517578,23.90999984741211,24.34000015258789,18.052770614624023,22211200,0.0,0.0
2006-01-27,24.34000015258789,24.475000381469727,24.15999984741211,24.30500030517578,18.026809692382812,5189800,0.0,0.0
2006-01-30,24.309999465942383,24.514999389648438,24.110000610351562,24.459999084472656,18.141773223876953,7866400,0.0,0.0
2006-01-31,24.450000762939453,24.475000381469727,24.135000228881836,24.135000228881836,17.900726318359375,3856000,0.0,0.0
2006-02-01,24.25,24.325000762939453,23.9950008392334,24.0,17.800596237182617,2239600,0.0,0.0
2006-02-02,23.875,24.03499984741211,23.395000457763672,23.600000381469727,17.503921508789062,4783200,0.0,0.0
2006-02-03,23.614999771118164,23.649999618530273,23.329999923706055,23.649999618530273,17.541006088256836,2667000,0.0,0.0
2006-02-06,23.764999389648438,24.065000534057617,23.75,24.014999389648438,17.811721801757812,2804800,0.0,0.0
2006-02-07,24.03499984741211,24.149999618530273,23.6200008392334,23.625,17.5224609375,3233000,0.0,0.0
2006-02-08,23.725000381469727,23.78499984741211,23.094999313354492,23.200000762939453,17.207244873046875,3552400,0.0,0.0
2006-02-09,23.15999984741211,23.450000762939453,23.049999237060547,23.200000762939453,17.207244873046875,3566000,0.0,0.0
2006-02-10,23.229999542236328,23.5,22.94499969482422,23.079999923706055,17.118240356445312,3857600,0.0,0.0
2006-02-13,23.0,23.114999771118164,22.485000610351562,23.110000610351562,17.140499114990234,3962600,0.0,0.0
2006-02-14,23.0,23.0,22.15999984741211,22.229999542236328,16.487804412841797,5780200,0.0,0.0
2006-02-15,22.100000381469727,22.6200008392334,22.010000228881836,22.209999084472656,16.47296142578125,3848200,0.0,0.0
2006-02-16,22.135000228881836,22.764999389648438,22.049999237060547,22.684999465942383,16.825273513793945,4243000,0.0,0.0
2006-02-17,22.850000381469727,23.100000381469727,22.735000610351562,22.94499969482422,17.018108367919922,1975000,0.0,0.0
2006-02-21,23.19499969482422,23.25,22.7549991607666,22.850000381469727,16.947650909423828,1824600,0.0,0.0
2006-02-22,22.895000457763672,23.084999084472656,22.674999237060547,22.8700008392334,16.962478637695312,2637400,0.0,0.0
2006-02-23,22.625,22.709999084472656,22.2450008392334,22.25,16.502641677856445,2577000,0.0,0.0
2006-02-24,22.079999923706055,22.510000228881836,22.024999618530273,22.100000381469727,16.39138412475586,1704800,0.0,0.0
2006-02-27,21.985000610351562,22.299999237060547,21.735000610351562,21.790000915527344,16.161460876464844,3900600,0.0,0.0
2006-02-28,21.815000534057617,21.889999389648438,21.059999465942383,21.625,16.03907585144043,6462800,0.0,0.0
2006-03-01,21.625,22.125,21.610000610351562,22.0,16.317214965820312,2164000,0.0,0.0
2006-03-02,22.049999237060547,22.2450008392334,21.94499969482422,22.209999084472656,16.47296142578125,2617600,0.0,0.0
2006-03-03,22.209999084472656,22.31999969482422,21.8799991607666,22.045000076293945,16.350589752197266,2314400,0.0,0.0
2006-03-06,22.0,22.0,21.155000686645508,21.264999389648438,15.772068977355957,4566400,0.0,0.0
2006-03-07,21.899999618530273,22.024999618530273,21.360000610351562,21.450000762939453,15.909280776977539,7979800,0.0,0.0
2006-03-08,21.469999313354492,21.75,20.895000457763672,21.71500015258789,16.105833053588867,4590600,0.0,0.0
2006-03-09,21.7549991607666,21.844999313354492,21.469999313354492,21.649999618530273,16.057619094848633,2217600,0.0,0.0
2006-03-10,21.549999237060547,21.704999923706055,21.264999389648438,21.59000015258789,16.01312828063965,1116200,0.0,0.0
2006-03-13,22.200000762939453,22.334999084472656,22.045000076293945,22.204999923706055,16.469261169433594,2532400,0.0,0.0
2006-03-14,22.204999923706055,22.549999237060547,22.204999923706055,22.440000534057617,16.6435604095459,1898400,0.0,0.0
2006-03-15,22.600000381469727,22.790000915527344,22.354999542236328,22.780000686645508,16.895734786987305,2625400,0.0,0.0
2006-03-16,22.829999923706055,22.895000457763672,22.674999237060547,22.81999969482422,16.92540168762207,2363000,0.0,0.0
2006-03-17,22.969999313354492,23.184999465942383,22.829999923706055,23.110000610351562,17.140499114990234,2650200,0.0,0.0
2006-03-20,23.25,23.450000762939453,22.5049991607666,22.684999465942383,16.825273513793945,4374000,0.0,0.0
2006-03-21,22.530000686645508,22.635000228881836,22.135000228881836,22.325000762939453,16.558263778686523,3741800,0.0,0.0
2006-03-22,22.28499984741211,22.649999618530273,21.875,22.559999465942383,16.732568740844727,4199400,0.0,0.0
2006-03-23,22.4950008392334,22.625,22.225000381469727,22.584999084472656,16.751102447509766,1917200,0.0,0.0
2006-03-24,22.549999237060547,22.774999618530273,22.545000076293945,22.704999923706055,16.840105056762695,3270600,0.0,0.0
2006-03-27,22.649999618530273,22.7450008392334,22.530000686645508,22.604999542236328,16.76594352722168,1083000,0.0,0.0
2006-03-28,22.645000457763672,22.770000457763672,22.40999984741211,22.645000457763672,16.795610427856445,1716200,0.0,0.0
2006-03-29,22.56999969482422,22.655000686645508,22.46500015258789,22.56999969482422,16.739978790283203,1543600,0.0,0.0
2006-03-30,22.549999237060547,22.69499969482422,22.450000762939453,22.549999237060547,16.725141525268555,2236000,0.0,0.0
2006-03-31,22.55500030517578,22.645000457763672,22.315000534057617,22.610000610351562,16.769649505615234,2393400,0.0,0.0
2006-04-03,22.674999237060547,23.204999923706055,22.56999969482422,23.024999618530273,17.077442169189453,3351000,0.0,0.0
2006-04-04,22.8700008392334,23.25,22.674999237060547,23.139999389648438,17.162738800048828,2459600,0.0,0.0
2006-04-05,23.2450008392334,23.75,23.239999771118164,23.71500015258789,17.589210510253906,3910000,0.0,0.0
2006-04-06,23.954999923706055,24.084999084472656,23.795000076293945,24.059999465942383,17.845096588134766,3978000,0.0,0.0
2006-04-07,24.059999465942383,24.094999313354492,23.885000228881836,23.90999984741211,17.733842849731445,5547800,0.0,0.0
2006-04-10,23.975000381469727,24.075000762939453,23.864999771118164,23.899999618530273,17.726428985595703,3107800,0.0,0.0
2006-04-11,23.899999618530273,24.100000381469727,23.53499984741211,23.649999618530273,17.541006088256836,2412200,0.0,0.0
2006-04-12,23.670000076293945,23.80500030517578,23.584999084472656,23.610000610351562,17.511343002319336,1343800,0.0,0.0
2006-04-13,23.600000381469727,23.639999389648438,23.3799991607666,23.559999465942383,17.47425079345703,2062600,0.0,0.0
2006-04-17,23.700000762939453,23.829999923706055,23.489999771118164,23.600000381469727,17.503921508789062,1621400,0.0,0.0
2006-04-18,23.75,24.059999465942383,23.65999984741211,23.94499969482422,17.75980567932129,2453000,0.0,0.0
2006-04-19,24.049999237060547,24.125,23.90999984741211,24.03499984741211,17.826555252075195,1485400,0.0,0.0
2006-04-20,24.075000762939453,24.315000534057617,24.065000534057617,24.174999237060547,17.930391311645508,2551000,0.0,0.0
2006-04-21,24.229999542236328,24.315000534057617,23.844999313354492,23.969999313354492,17.778348922729492,3192600,0.0,0.0
2006-04-24,23.969999313354492,24.075000762939453,23.81999969482422,23.825000762939453,17.670801162719727,1581400,0.0,0.0
2006-04-25,23.825000762939453,23.844999313354492,23.514999389648438,23.729999542236328,17.600341796875,1923400,0.0,0.0
2006-04-26,23.735000610351562,23.850000381469727,23.65999984741211,23.790000915527344,17.64484405517578,1723600,0.0,0.0
2006-04-27,23.790000915527344,23.940000534057617,23.690000534057617,23.850000381469727,17.689346313476562,3271600,0.0,0.0
2006-04-28,23.844999313354492,23.90999984741211,23.735000610351562,23.795000076293945,17.6485538482666,1739600,0.0,0.0
2006-05-01,23.75,23.899999618530273,23.514999389648438,23.579999923706055,17.489084243774414,1250200,0.0,0.0
2006-05-02,23.604999542236328,23.940000534057617,23.530000686645508,23.920000076293945,17.741262435913086,908800,0.0,0.0
2006-05-03,23.809999465942383,24.075000762939453,23.809999465942383,24.020000457763672,17.815433502197266,2432800,0.0,0.0
2006-05-04,23.950000762939453,24.110000610351562,23.75,23.850000381469727,17.689346313476562,1101400,0.0,0.0
2006-05-05,23.875,24.420000076293945,23.854999542236328,24.344999313354492,18.05648422241211,1645400,0.0,0.0
2006-05-08,24.399999618530273,24.450000762939453,23.940000534057617,24.125,17.893306732177734,1663800,0.0,0.0
2006-05-09,24.0,24.25,23.795000076293945,24.104999542236328,17.87847328186035,2756000,0.0,0.0
2006-05-10,23.950000762939453,24.09000015258789,23.71500015258789,24.084999084472656,17.8636417388916,2937200,0.0,0.0
2006-05-11,23.975000381469727,24.049999237060547,23.649999618530273,23.889999389648438,17.719011306762695,2176400,0.0,0.0
2006-05-12,23.80500030517578,23.854999542236328,23.28499984741211,23.329999923706055,17.30366325378418,2691000,0.0,0.0
2006-05-15,23.2549991607666,23.260000228881836,22.600000381469727,22.885000228881836,16.97360610961914,3387400,0.0,0.0
2006-05-16,22.8700008392334,22.959999084472656,22.639999389648438,22.639999389648438,16.79189682006836,2868800,0.0,0.0
2006-05-17,22.450000762939453,22.559999465942383,22.149999618530273,22.225000381469727,16.484100341796875,2806200,0.0,0.0
2006-05-18,22.190000534057617,22.34000015258789,21.725000381469727,21.75,16.131793975830078,4429400,0.0,0.0
2006-05-19,21.75,21.84000015258789,21.219999313354492,21.604999542236328,16.024250030517578,7581000,0.0,0.0
2006-05-22,21.530000686645508,21.6200008392334,21.264999389648438,21.5049991607666,15.950074195861816,3381800,0.0,0.0
2006-05-23,21.719999313354492,22.059999465942383,21.645000457763672,21.7450008392334,16.12807846069336,4764200,0.0,0.0
2006-05-24,21.5,21.774999618530273,21.415000915527344,21.559999465942383,15.99087142944336,3106800,0.0,0.0
2006-05-25,21.649999618530273,21.850000381469727,21.610000610351562,21.700000762939453,16.094707489013672,2794800,0.0,0.0
2006-05-26,21.825000762939453,21.934999465942383,21.700000762939453,21.850000381469727,16.205961227416992,3284800,0.0,0.0
2006-05-30,21.850000381469727,21.93000030517578,21.415000915527344,21.5049991607666,15.950074195861816,2069800,0.0,0.0
2006-05-31,25.649999618530273,25.690000534057617,24.75,24.875,18.44957733154297,37478600,0.0,0.0
2006-06-01,25.0,26.30500030517578,25.0,25.149999618530273,18.653541564941406,19513800,0.0,0.0
2006-06-02,25.149999618530273,25.975000381469727,24.764999389648438,25.934999465942383,19.23577117919922,9207600,0.0,0.0
2006-06-05,25.5,26.06999969482422,25.350000381469727,25.469999313354492,18.890880584716797,4132400,0.0,0.0
2006-06-06,25.469999313354492,25.5,24.924999237060547,25.19499969482422,18.68691062927246,2326600,0.0,0.0
2006-06-07,25.149999618530273,25.875,25.040000915527344,25.225000381469727,18.709171295166016,3844600,0.0,0.0
2006-06-08,25.225000381469727,25.469999313354492,24.854999542236328,25.325000762939453,18.783336639404297,7923200,0.0,0.0
2006-06-09,25.364999771118164,25.799999237060547,25.299999237060547,25.424999237060547,18.857501983642578,4441000,0.0,0.0
2006-06-12,24.725000381469727,24.725000381469727,22.985000610351562,23.459999084472656,17.400081634521484,13748600,0.0,0.0
2006-06-13,23.450000762939453,23.55500030517578,22.450000762939453,22.75,16.873485565185547,10321800,0.0,0.0
2006-06-14,22.6299991607666,23.510000228881836,22.540000915527344,23.325000762939453,17.299959182739258,5168800,0.0,0.0
2006-06-15,23.44499969482422,24.28499984741211,23.364999771118164,24.125,17.893306732177734,2963600,0.0,0.0
2006-06-16,24.1299991607666,24.395000457763672,23.8700008392334,24.225000381469727,17.967483520507812,2679400,0.0,0.0
2006-06-19,24.225000381469727,24.295000076293945,23.639999389648438,23.940000534057617,17.756099700927734,3160400,0.0,0.0
2006-06-20,23.940000534057617,23.9950008392334,23.315000534057617,23.565000534057617,17.47795867919922,1834600,0.0,0.0
2006-06-21,23.424999237060547,23.934999465942383,23.170000076293945,23.924999237060547,17.744972229003906,6626000,0.0,0.0
2006-06-22,23.899999618530273,23.920000076293945,23.375,23.424999237060547,17.374122619628906,2411000,0.0,0.0
2006-06-23,23.43000030517578,23.709999084472656,23.094999313354492,23.579999923706055,17.489084243774414,1322400,0.0,0.0
2006-06-26,23.579999923706055,23.639999389648438,23.100000381469727,23.489999771118164,17.422330856323242,1539200,0.0,0.0
2006-06-27,23.424999237060547,23.684999465942383,23.0,23.2549991607666,17.248037338256836,2466000,0.0,0.0
2006-06-28,23.3700008392334,23.399999618530273,23.0,23.149999618530273,17.17015838623047,1766400,0.0,0.0
2006-06-29,23.225000381469727,23.53499984741211,22.94499969482422,23.469999313354492,17.407495498657227,2626400,0.0,0.0
2006-06-30,23.549999237060547,24.094999313354492,23.524999618530273,24.09000015258789,17.867347717285156,3001600,0.0,0.0
2006-07-03,24.274999618530273,24.274999618530273,23.799999237060547,23.84000015258789,17.681928634643555,769800,0.0,0.0
2006-07-05,23.75,23.75,23.375,23.545000076293945,17.463123321533203,1328200,0.0,0.0
2006-07-06,23.53499984741211,23.655000686645508,23.329999923706055,23.475000381469727,17.411212921142578,1294200,0.0,0.0
2006-07-07,23.46500015258789,24.049999237060547,23.46500015258789,23.71500015258789,17.589210510253906,2038400,0.0,0.0
2006-07-10,23.770000457763672,24.06999969482422,23.770000457763672,23.950000762939453,17.76350975036621,1459200,0.0,0.0
2006-07-11,23.954999923706055,24.075000762939453,23.739999771118164,23.979999542236328,17.78575897216797,1824000,0.0,0.0
2006-07-12,23.959999084472656,24.190000534057617,23.8700008392334,23.934999465942383,17.75238800048828,1760000,0.0,0.0
2006-07-13,23.885000228881836,23.940000534057617,23.375,23.579999923706055,17.489084243774414,1439000,0.0,0.0
2006-07-14,23.549999237060547,23.684999465942383,23.174999237060547,23.579999923706055,17.489084243774414,1707200,0.0,0.0
2006-07-17,23.524999618530273,23.75,23.309999465942383,23.5,17.429752349853516,698000,0.0,0.0
2006-07-18,23.530000686645508,23.81999969482422,23.209999084472656,23.5,17.429752349853516,914000,0.0,0.0
2006-07-19,23.5,23.8799991607666,23.44499969482422,23.674999237060547,17.559547424316406,1361600,0.0,0.0
2006-07-20,23.764999389648438,24.09000015258789,23.69499969482422,24.06999969482422,17.85251808166504,1889600,0.0,0.0
2006-07-21,24.15999984741211,24.309999465942383,23.674999237060547,23.7549991607666,17.6188907623291,2440600,0.0,0.0
2006-07-24,23.84000015258789,24.104999542236328,23.829999923706055,24.0,17.800596237182617,1370600,0.0,0.0
2006-07-25,24.0,24.575000762939453,23.934999465942383,24.43000030517578,18.119524002075195,2641400,0.0,0.0
2006-07-26,24.43000030517578,24.735000610351562,24.375,24.475000381469727,18.152894973754883,2545800,0.0,0.0
2006-07-27,24.5,24.655000686645508,24.149999618530273,24.43000030517578,18.119524002075195,1947800,0.0,0.0
2006-07-28,24.549999237060547,25.075000762939453,24.5,24.90999984741211,18.475534439086914,2025000,0.0,0.0
2006-07-31,25.0,25.094999313354492,24.200000762939453,24.625,18.264156341552734,2918000,0.0,0.0
2006-08-01,24.5,25.25,24.165000915527344,24.295000076293945,18.01939582824707,5321000,0.0,0.0
2006-08-02,24.325000762939453,24.790000915527344,24.25,24.424999237060547,18.115812301635742,5693000,0.0,0.0
2006-08-03,24.385000228881836,24.389999389648438,23.665000915527344,23.7549991607666,17.6188907623291,4335600,0.0,0.0
2006-08-04,23.975000381469727,24.100000381469727,23.44499969482422,23.5,17.429752349853516,2825000,0.0,0.0
2006-08-07,23.424999237060547,23.5049991607666,23.174999237060547,23.360000610351562,17.325916290283203,3122400,0.0,0.0
2006-08-08,23.385000228881836,23.850000381469727,23.200000762939453,23.815000534057617,17.66338348388672,2594400,0.0,0.0
2006-08-09,23.975000381469727,24.59000015258789,23.920000076293945,24.3799991607666,18.082429885864258,4128800,0.0,0.0
2006-08-10,23.875,24.200000762939453,23.875,24.18000030517578,17.93410301208496,9369000,0.0,0.0
2006-08-11,24.155000686645508,24.239999771118164,23.94499969482422,24.05500030517578,17.841394424438477,2618000,0.0,0.0
2006-08-14,24.05500030517578,24.2450008392334,23.8700008392334,24.06999969482422,17.85251808166504,2616200,0.0,0.0
2006-08-15,24.125,24.274999618530273,24.0049991607666,24.200000762939453,17.94893455505371,1714600,0.0,0.0
2006-08-16,24.299999237060547,24.549999237060547,24.110000610351562,24.420000076293945,18.11210823059082,3360400,0.0,0.0
2006-08-17,24.424999237060547,24.584999084472656,23.94499969482422,24.149999618530273,17.911846160888672,2571200,0.0,0.0
2006-08-18,24.03499984741211,24.43000030517578,23.969999313354492,24.3700008392334,18.075023651123047,2031200,0.0,0.0
2006-08-21,24.3700008392334,24.579999923706055,24.125,24.399999618530273,18.097272872924805,1346000,0.0,0.0
2006-08-22,24.299999237060547,24.940000534057617,24.299999237060547,24.895000457763672,18.464412689208984,2774800,0.0,0.0
2006-08-23,24.600000381469727,25.18000030517578,24.5,25.079999923706055,18.601625442504883,7350000,0.0,0.0
2006-08-24,25.0,25.05500030517578,24.674999237060547,24.934999465942383,18.494075775146484,3253200,0.0,0.0
2006-08-25,24.934999465942383,25.350000381469727,24.899999618530273,25.174999237060547,18.672086715698242,1949800,0.0,0.0
2006-08-28,25.125,25.190000534057617,24.71500015258789,24.94499969482422,18.501495361328125,3626600,0.0,0.0
2006-08-29,25.149999618530273,25.264999389648438,24.8799991607666,25.204999923706055,18.69432830810547,2004200,0.0,0.0
2006-08-30,25.299999237060547,25.3700008392334,25.174999237060547,25.334999084472656,18.79075813293457,2595400,0.0,0.0
2006-08-31,25.3799991607666,25.575000762939453,25.219999313354492,25.31999969482422,18.77963638305664,1925800,0.0,0.0
2006-09-01,25.31999969482422,25.40999984741211,25.024999618530273,25.21500015258789,18.701753616333008,1335400,0.0,0.0
2006-09-05,25.375,25.405000686645508,24.899999618530273,25.0,18.54229164123535,1553600,0.0,0.0
2006-09-06,25.0,25.06999969482422,24.774999618530273,24.885000228881836,18.456993103027344,2776600,0.0,0.0
2006-09-07,24.850000381469727,25.1200008392334,24.75,25.049999237060547,18.579378128051758,3787600,0.0,0.0
2006-09-08,25.065000534057617,25.295000076293945,25.065000534057617,25.229999542236328,18.712871551513672,4297000,0.0,0.0
2006-09-11,25.229999542236328,25.229999542236328,24.450000762939453,24.510000228881836,18.178863525390625,4313800,0.0,0.0
2006-09-12,24.600000381469727,24.655000686645508,23.975000381469727,24.200000762939453,17.94893455505371,5426200,0.0,0.0
2006-09-13,24.200000762939453,24.299999237060547,23.889999389648438,23.950000762939453,17.76350975036621,5380800,0.0,0.0
2006-09-14,24.024999618530273,24.139999389648438,23.55500030517578,23.770000457763672,17.630006790161133,4422000,0.0,0.0
2006-09-15,23.75,23.860000610351562,23.565000534057617,23.649999618530273,17.541006088256836,5041600,0.0,0.0
2006-09-18,23.735000610351562,24.415000915527344,23.725000381469727,24.040000915527344,17.830263137817383,4428400,0.0,0.0
2006-09-19,24.200000762939453,24.295000076293945,23.915000915527344,24.040000915527344,17.830263137817383,4608400,0.0,0.0
2006-09-20,24.030000686645508,24.030000686645508,23.604999542236328,23.65999984741211,17.548416137695312,4369200,0.0,0.0
2006-09-21,23.799999237060547,23.934999465942383,23.600000381469727,23.665000915527344,17.552125930786133,4321800,0.0,0.0
2006-09-22,23.604999542236328,23.65999984741211,23.46500015258789,23.614999771118164,17.51504135131836,3797800,0.0,0.0
2006-09-25,23.600000381469727,23.604999542236328,22.700000762939453,23.360000610351562,17.325916290283203,7508800,0.0,0.0
2006-09-26,23.149999618530273,23.174999237060547,22.125,22.459999084472656,16.65839195251465,15239000,0.0,0.0
2006-09-27,22.274999618530273,22.920000076293945,22.274999618530273,22.75,16.873485565185547,6803200,0.0,0.0
2006-09-28,22.725000381469727,22.78499984741211,22.434999465942383,22.65999984741211,16.80672836303711,4495200,0.0,0.0
2006-09-29,22.610000610351562,22.760000228881836,22.5,22.649999618530273,16.79930877685547,4169000,0.0,0.0
2006-10-02,22.610000610351562,23.1299991607666,22.575000762939453,22.834999084472656,16.936525344848633,5889400,0.0,0.0
2006-10-03,22.719999313354492,22.80500030517578,22.510000228881836,22.610000610351562,16.769649505615234,5155800,0.0,0.0
2006-10-04,22.600000381469727,22.69499969482422,22.135000228881836,22.559999465942383,16.732568740844727,6739000,0.0,0.0
2006-10-05,22.53499984741211,22.700000762939453,22.299999237060547,22.405000686645508,16.61760139465332,5084400,0.0,0.0
2006-10-06,22.354999542236328,22.795000076293945,22.219999313354492,22.579999923706055,16.747400283813477,7256400,0.0,0.0
2006-10-09,22.55500030517578,23.0,22.530000686645508,22.764999389648438,16.88460922241211,3312000,0.0,0.0
2006-10-10,22.80500030517578,23.334999084472656,22.80500030517578,23.149999618530273,17.17015838623047,2627200,0.0,0.0
2006-10-11,23.024999618530273,23.389999389648438,22.969999313354492,23.299999237060547,17.281414031982422,2741800,0.0,0.0
2006-10-12,23.350000381469727,23.610000610351562,23.06999969482422,23.540000915527344,17.45941925048828,3873600,0.0,0.0
2006-10-13,23.575000762939453,23.809999465942383,23.55500030517578,23.635000228881836,17.529882431030273,2151200,0.0,0.0
2006-10-16,23.649999618530273,23.915000915527344,23.4950008392334,23.895000457763672,17.722721099853516,2634400,0.0,0.0
2006-10-17,23.850000381469727,24.09000015258789,23.395000457763672,23.450000762939453,17.392667770385742,7918400,0.0,0.0
2006-10-18,23.575000762939453,23.684999465942383,23.30500030517578,23.415000915527344,17.3667049407959,2248800,0.0,0.0
2006-10-19,23.415000915527344,23.895000457763672,23.3799991607666,23.875,17.7078800201416,4498200,0.0,0.0
2006-10-20,23.899999618530273,24.05500030517578,23.834999084472656,23.8700008392334,17.704179763793945,2896800,0.0,0.0
2006-10-23,23.875,24.184999465942383,23.799999237060547,24.139999389648438,17.90443229675293,3315400,0.0,0.0
2006-10-24,24.139999389648438,24.604999542236328,24.079999923706055,24.524999618530273,18.189987182617188,5230200,0.0,0.0
2006-10-25,24.524999618530273,24.875,24.450000762939453,24.549999237060547,18.208528518676758,3641200,0.0,0.0
2006-10-26,24.479999542236328,24.579999923706055,24.114999771118164,24.549999237060547,18.208528518676758,2487200,0.0,0.0
2006-10-27,24.475000381469727,24.5049991607666,24.209999084472656,24.225000381469727,17.967483520507812,1576800,0.0,0.0
2006-10-30,24.25,24.350000381469727,24.05500030517578,24.084999084472656,17.8636417388916,976800,0.0,0.0
2006-10-31,24.065000534057617,24.190000534057617,23.899999618530273,24.075000762939453,17.856224060058594,2372000,0.0,0.0
2006-11-01,24.049999237060547,24.450000762939453,23.96500015258789,24.184999465942383,17.93780517578125,2267400,0.0,0.0
2006-11-02,24.149999618530273,24.315000534057617,24.0049991607666,24.155000686645508,17.91556167602539,2557600,0.0,0.0
2006-11-03,25.0,26.850000381469727,25.0,26.565000534057617,19.703035354614258,26349000,0.0,0.0
2006-11-06,26.375,26.645000457763672,26.155000686645508,26.540000915527344,19.684499740600586,4017200,0.0,0.0
2006-11-07,26.700000762939453,27.024999618530273,26.489999771118164,26.94499969482422,19.984874725341797,7053800,0.0,0.0
2006-11-08,26.950000762939453,27.514999389648438,26.875,27.25,20.211090087890625,5334000,0.0,0.0
2006-11-09,27.209999084472656,27.600000381469727,27.170000076293945,27.454999923706055,20.36314582824707,3862200,0.0,0.0
2006-11-10,27.125,27.3799991607666,27.125,27.200000762939453,20.174009323120117,2865200,0.0,0.0
2006-11-13,27.174999237060547,27.3700008392334,27.075000762939453,27.219999313354492,20.188840866088867,1787600,0.0,0.0
2006-11-14,27.299999237060547,27.450000762939453,27.225000381469727,27.415000915527344,20.33347511291504,1891200,0.0,0.0
2006-11-15,27.299999237060547,27.43000030517578,26.934999465942383,27.149999618530273,20.136926651000977,2349000,0.0,0.0
2006-11-16,27.200000762939453,27.3700008392334,26.90999984741211,26.94499969482422,19.984874725341797,1822800,0.0,0.0
2006-11-17,26.950000762939453,27.170000076293945,26.815000534057617,26.895000457763672,19.947799682617188,4825200,0.0,0.0
2006-11-20,26.8700008392334,27.299999237060547,26.860000610351562,27.2549991607666,20.214805603027344,2431000,0.0,0.0
2006-11-21,27.489999771118164,27.625,27.30500030517578,27.5,20.396514892578125,2780400,0.0,0.0
2006-11-22,27.739999771118164,28.065000534057617,27.600000381469727,27.934999465942383,20.719148635864258,2222600,0.0,0.0
2006-11-24,27.989999771118164,28.059999465942383,27.704999923706055,27.850000381469727,20.656112670898438,803400,0.0,0.0
2006-11-27,27.75,27.864999771118164,27.575000762939453,27.674999237060547,20.526309967041016,2377600,0.0,0.0
2006-11-28,27.700000762939453,28.399999618530273,27.700000762939453,28.34000015258789,21.019540786743164,2489600,0.0,0.0
2006-11-29,28.25,29.045000076293945,28.2450008392334,28.864999771118164,21.408931732177734,4196000,0.0,0.0
2006-11-30,28.825000762939453,28.975000381469727,28.40999984741211,28.459999084472656,21.108539581298828,3146800,0.0,0.0
2006-12-01,28.459999084472656,28.760000228881836,28.459999084472656,28.7549991607666,21.32734489440918,2138600,0.0,0.0
2006-12-04,28.760000228881836,29.014999389648438,28.674999237060547,28.934999465942383,21.46084213256836,3092800,0.0,0.0
2006-12-05,29.0,29.475000381469727,28.950000762939453,29.315000534057617,21.742685317993164,5027600,0.0,0.0
2006-12-06,29.315000534057617,29.475000381469727,29.219999313354492,29.270000457763672,21.709314346313477,3172800,0.0,0.0
2006-12-07,29.43000030517578,29.584999084472656,29.014999389648438,29.139999389648438,21.61289405822754,1908800,0.0,0.0
2006-12-08,29.299999237060547,29.475000381469727,28.7549991607666,28.905000686645508,21.438596725463867,1313800,0.0,0.0
2006-12-11,28.885000228881836,29.079999923706055,28.725000381469727,28.96500015258789,21.483095169067383,1996200,0.0,0.0
2006-12-12,28.924999237060547,29.424999237060547,28.799999237060547,29.040000915527344,21.538724899291992,2427400,0.0,0.0
2006-12-13,29.114999771118164,29.5,29.114999771118164,29.389999389648438,21.79831886291504,2140400,0.0,0.0
2006-12-14,29.420000076293945,29.739999771118164,28.5,28.8700008392334,21.412633895874023,4422400,0.0,0.0
2006-12-15,28.924999237060547,29.0049991607666,28.764999389648438,28.790000915527344,21.353303909301758,1580200,0.0,0.0
2006-12-18,28.860000610351562,29.0049991607666,28.6299991607666,28.924999237060547,21.453428268432617,1328600,0.0,0.0
2006-12-19,28.899999618530273,29.434999465942383,28.649999618530273,28.979999542236328,21.494224548339844,2019400,0.0,0.0
2006-12-20,28.975000381469727,29.075000762939453,28.469999313354492,28.475000381469727,21.119665145874023,1619000,0.0,0.0
2006-12-21,28.524999618530273,28.579999923706055,28.135000228881836,28.174999237060547,20.897157669067383,2602200,0.0,0.0
2006-12-22,28.200000762939453,28.364999771118164,27.94499969482422,28.110000610351562,20.84894371032715,1235800,0.0,0.0
2006-12-26,28.049999237060547,28.350000381469727,28.049999237060547,28.149999618530273,20.87861442565918,764000,0.0,0.0
2006-12-27,28.200000762939453,28.25,27.90999984741211,28.024999618530273,20.785913467407227,961800,0.0,0.0
2006-12-28,28.114999771118164,28.299999237060547,27.93000030517578,28.075000762939453,20.82299041748047,783800,0.0,0.0
2006-12-29,28.0,28.149999618530273,27.84000015258789,28.0049991607666,20.77107048034668,1022200,0.0,0.0
2007-01-03,28.174999237060547,28.549999237060547,27.735000610351562,27.915000915527344,20.704322814941406,6296200,0.0,0.0
2007-01-04,27.924999237060547,28.010000228881836,27.524999618530273,27.700000762939453,20.544858932495117,2699800,0.0,0.0
2007-01-05,27.739999771118164,27.834999084472656,27.21500015258789,27.2549991607666,20.214805603027344,3140400,0.0,0.0
2007-01-08,27.3799991607666,27.639999389648438,27.274999618530273,27.475000381469727,20.377971649169922,2733200,0.0,0.0
2007-01-09,27.399999618530273,27.825000762939453,27.299999237060547,27.69499969482422,20.54114532470703,2724600,0.0,0.0
2007-01-10,27.625,28.010000228881836,27.565000534057617,27.989999771118164,20.759944915771484,2692800,0.0,0.0
2007-01-11,27.989999771118164,28.280000686645508,27.899999618530273,28.145000457763672,20.874906539916992,2727000,0.0,0.0
2007-01-12,28.049999237060547,28.209999084472656,27.829999923706055,27.985000610351562,20.756242752075195,2981400,0.0,0.0
2007-01-16,27.899999618530273,28.100000381469727,27.825000762939453,28.010000228881836,20.774782180786133,1260400,0.0,0.0
2007-01-17,27.975000381469727,28.09000015258789,27.770000457763672,27.989999771118164,20.759944915771484,1761400,0.0,0.0
2007-01-18,28.05500030517578,28.174999237060547,27.825000762939453,28.020000457763672,20.782201766967773,2127800,0.0,0.0
2007-01-19,27.989999771118164,28.520000457763672,27.940000534057617,28.44499969482422,21.0974178314209,2307400,0.0,0.0
2007-01-22,28.56999969482422,28.799999237060547,28.5,28.739999771118164,21.31621742248535,1663600,0.0,0.0
2007-01-23,28.799999237060547,29.225000381469727,28.665000915527344,29.030000686645508,21.53130340576172,1917600,0.0,0.0
2007-01-24,29.049999237060547,29.094999313354492,28.899999618530273,29.09000015258789,21.575807571411133,1301400,0.0,0.0
2007-01-25,29.204999923706055,29.489999771118164,29.059999465942383,29.155000686645508,21.6240177154541,1606200,0.0,0.0
2007-01-26,29.149999618530273,29.25,28.875,29.184999465942383,21.64626121520996,1640200,0.0,0.0
2007-01-29,29.299999237060547,30.114999771118164,29.25,29.299999237060547,21.7315673828125,5074400,0.0,0.0
2007-01-30,29.684999465942383,29.799999237060547,29.559999465942383,29.725000381469727,22.04677391052246,3148000,0.0,0.0
2007-01-31,29.725000381469727,30.020000457763672,29.524999618530273,29.96500015258789,22.22478675842285,1992200,0.0,0.0
2007-02-01,29.975000381469727,30.309999465942383,29.8799991607666,30.290000915527344,22.465835571289062,2446400,0.0,0.0
2007-02-02,30.290000915527344,30.524999618530273,30.25,30.520000457763672,22.636428833007812,1444800,0.0,0.0
2007-02-05,30.600000381469727,30.725000381469727,30.5,30.645000457763672,22.729137420654297,1501400,0.0,0.0
2007-02-06,30.815000534057617,30.815000534057617,30.100000381469727,30.264999389648438,22.44729232788086,2471600,0.0,0.0
2007-02-07,30.43000030517578,30.510000228881836,30.0,30.03499984741211,22.27670669555664,1889800,0.0,0.0
2007-02-08,29.975000381469727,30.30500030517578,29.975000381469727,30.15999984741211,22.36942481994629,2280000,0.0,0.0
2007-02-09,30.200000762939453,30.30500030517578,29.954999923706055,30.049999237060547,22.287830352783203,1207400,0.0,0.0
2007-02-12,30.09000015258789,30.09000015258789,29.774999618530273,29.875,22.158031463623047,2517800,0.0,0.0
2007-02-13,29.969999313354492,30.059999465942383,29.864999771118164,29.975000381469727,22.232206344604492,1374200,0.0,0.0
2007-02-14,29.9950008392334,30.405000686645508,29.9950008392334,30.190000534057617,22.39166831970215,1678600,0.0,0.0
2007-02-15,30.204999923706055,30.420000076293945,29.954999923706055,30.28499984741211,22.462129592895508,1837400,0.0,0.0
2007-02-16,30.290000915527344,30.875,30.125,30.860000610351562,22.888601303100586,2426000,0.0,0.0
2007-02-20,30.799999237060547,30.93000030517578,30.690000534057617,30.8799991607666,22.903432846069336,5162600,0.0,0.0
2007-02-21,30.8799991607666,30.979999542236328,30.524999618530273,30.725000381469727,22.788482666015625,1813200,0.0,0.0
2007-02-22,30.825000762939453,31.209999084472656,30.7450008392334,31.174999237060547,23.12224006652832,1675400,0.0,0.0
2007-02-23,31.100000381469727,31.905000686645508,31.100000381469727,31.760000228881836,23.556123733520508,2506800,0.0,0.0
2007-02-26,34.0,35.0,33.650001525878906,33.875,25.124797821044922,23837200,0.0,0.0
2007-02-27,33.57500076293945,33.849998474121094,33.005001068115234,33.125,24.568527221679688,6018400,0.0,0.0
2007-02-28,33.07500076293945,33.55500030517578,32.75,33.17499923706055,24.605613708496094,4980600,0.0,0.0
2007-03-01,33.375,33.96500015258789,32.619998931884766,33.665000915527344,24.969053268432617,5808800,0.0,0.0
2007-03-02,33.59000015258789,34.20000076293945,33.560001373291016,33.709999084472656,25.002422332763672,5127000,0.0,0.0
2007-03-05,33.599998474121094,34.029998779296875,33.310001373291016,33.505001068115234,24.850366592407227,3047600,0.0,0.0
2007-03-06,33.625,34.20500183105469,33.529998779296875,33.96500015258789,25.19155502319336,5143600,0.0,0.0
2007-03-07,33.96500015258789,34.82500076293945,33.85499954223633,34.595001220703125,25.658823013305664,4634000,0.0,0.0
2007-03-08,34.75,35.345001220703125,34.595001220703125,34.849998474121094,25.847949981689453,5935600,0.0,0.0
2007-03-09,34.79999923706055,35.224998474121094,34.69499969482422,34.974998474121094,25.940658569335938,3169200,0.0,0.0
2007-03-12,34.97999954223633,35.01499938964844,34.724998474121094,34.82500076293945,25.829410552978516,3484400,0.0,0.0
2007-03-13,34.005001068115234,34.70500183105469,33.97999954223633,34.08000183105469,25.2768497467041,5865800,0.0,0.0
2007-03-14,34.150001525878906,34.61000061035156,33.93000030517578,34.60499954223633,25.666240692138672,4133600,0.0,0.0
2007-03-15,34.70500183105469,35.08000183105469,34.41999816894531,34.86000061035156,25.855369567871094,3764800,0.0,0.0
2007-03-16,34.93000030517578,35.07500076293945,34.70000076293945,34.83000183105469,25.8331241607666,1720400,0.0,0.0
2007-03-19,35.04999923706055,35.474998474121094,34.91999816894531,35.334999084472656,26.207674026489258,3565000,0.0,0.0
2007-03-20,35.29999923706055,35.619998931884766,35.125,35.5,26.330045700073242,4345000,0.0,0.0
2007-03-21,35.55500030517578,36.025001525878906,35.26499938964844,36.0,26.700891494750977,3207200,0.0,0.0
2007-03-22,35.9900016784668,36.349998474121094,35.689998626708984,36.099998474121094,26.77506446838379,2780000,0.0,0.0
2007-03-23,36.099998474121094,36.39500045776367,35.95000076293945,36.29499816894531,26.919696807861328,2350400,0.0,0.0
2007-03-26,36.32500076293945,36.529998779296875,35.98500061035156,36.525001525878906,27.090288162231445,2950000,0.0,0.0
2007-03-27,36.529998779296875,36.95000076293945,36.34000015258789,36.880001068115234,27.353588104248047,3099800,0.0,0.0
2007-03-28,36.8849983215332,37.07500076293945,36.439998626708984,36.82500076293945,27.312795639038086,3346800,0.0,0.0
2007-03-29,36.95000076293945,37.084999084472656,36.67499923706055,36.875,27.349868774414062,2830200,0.0,0.0
2007-03-30,36.92499923706055,37.099998474121094,35.310001373291016,36.02000045776367,26.715728759765625,5967600,0.0,0.0
2007-04-02,36.02000045776367,36.8849983215332,35.97999954223633,36.755001068115234,27.260875701904297,3587000,0.0,0.0
2007-04-03,36.92499923706055,37.0,36.65999984741211,36.68000030517578,27.205242156982422,2366600,0.0,0.0
2007-04-04,36.75,36.82500076293945,36.435001373291016,36.810001373291016,27.301664352416992,1724200,0.0,0.0
2007-04-05,36.7400016784668,37.31999969482422,36.6150016784668,36.9900016784668,27.435178756713867,2759600,0.0,0.0
2007-04-09,37.42499923706055,38.67499923706055,37.369998931884766,38.314998626708984,28.417911529541016,7286800,0.0,0.0
2007-04-10,38.369998931884766,38.64500045776367,38.32500076293945,38.57500076293945,28.610750198364258,4954400,0.0,0.0
2007-04-11,38.689998626708984,38.83000183105469,38.400001525878906,38.70000076293945,28.703460693359375,2991400,0.0,0.0
2007-04-12,38.70000076293945,38.94499969482422,38.30500030517578,38.66999816894531,28.68120574951172,6340400,0.0,0.0
2007-04-13,38.875,39.060001373291016,38.45500183105469,38.97999954223633,28.911134719848633,2100000,0.0,0.0
2007-04-16,39.084999084472656,39.45500183105469,39.03499984741211,39.3849983215332,29.211523056030273,2603600,0.0,0.0
2007-04-17,39.525001525878906,39.935001373291016,39.119998931884766,39.400001525878906,29.2226505279541,3103800,0.0,0.0
2007-04-18,39.25,39.72999954223633,39.14500045776367,39.47999954223633,29.281986236572266,1922800,0.0,0.0
2007-04-19,39.32500076293945,39.45000076293945,39.119998931884766,39.26499938964844,29.122512817382812,1277200,0.0,0.0
2007-04-20,39.3650016784668,39.779998779296875,38.90999984741211,38.96500015258789,28.900012969970703,2818200,0.0,0.0
2007-04-23,38.97999954223633,39.7599983215332,38.90999984741211,39.65999984741211,29.41550064086914,2428600,0.0,0.0
2007-04-24,39.665000915527344,39.834999084472656,39.54499816894531,39.80500030517578,29.523027420043945,1632200,0.0,0.0
2007-04-25,39.83000183105469,40.06999969482422,39.71500015258789,39.834999084472656,29.545278549194336,3541400,0.0,0.0
2007-04-26,39.810001373291016,40.3849983215332,39.76499938964844,40.154998779296875,29.782611846923828,2866800,0.0,0.0
2007-04-27,39.939998626708984,39.9900016784668,39.209999084472656,39.439998626708984,29.252328872680664,4836400,0.0,0.0
2007-04-30,39.439998626708984,40.1150016784668,39.38999938964844,39.47999954223633,29.281986236572266,5720000,0.0,0.0
2007-05-01,39.834999084472656,39.875,39.21500015258789,39.790000915527344,29.511920928955078,6714600,0.0,0.0
2007-05-02,40.375,41.775001525878906,39.8650016784668,40.10499954223633,29.745532989501953,7916800,0.0,0.0
2007-05-03,40.5,40.915000915527344,40.415000915527344,40.599998474121094,30.112674713134766,4302400,0.0,0.0
2007-05-04,40.79999923706055,41.900001525878906,40.72999954223633,41.814998626708984,31.013839721679688,4515800,0.0,0.0
2007-05-07,41.880001068115234,42.275001525878906,41.845001220703125,41.97999954223633,31.136213302612305,3011600,0.0,0.0
2007-05-08,41.880001068115234,42.29499816894531,41.654998779296875,41.89500045776367,31.07316017150879,3938000,0.0,0.0
2007-05-09,41.900001525878906,43.27000045776367,41.900001525878906,43.04499816894531,31.926115036010742,6958000,0.0,0.0
2007-05-10,43.04999923706055,43.4900016784668,42.04499816894531,42.2599983215332,31.34387969970703,5615600,0.0,0.0
2007-05-11,42.2599983215332,42.459999084472656,41.849998474121094,42.10499954223633,31.22893524169922,5864400,0.0,0.0
2007-05-14,41.95000076293945,42.52000045776367,41.869998931884766,42.029998779296875,31.173280715942383,4635200,0.0,0.0
2007-05-15,42.2400016784668,42.875,41.84000015258789,41.904998779296875,31.08057975769043,5194400,0.0,0.0
2007-05-16,42.1150016784668,42.310001373291016,40.79999923706055,41.60499954223633,30.858078002929688,8671400,0.0,0.0
2007-05-17,41.404998779296875,42.040000915527344,41.3650016784668,41.904998779296875,31.08057975769043,2973000,0.0,0.0
2007-05-18,42.05500030517578,43.255001068115234,41.974998474121094,42.98500061035156,31.881614685058594,4860200,0.0,0.0
2007-05-21,43.130001068115234,43.65999984741211,42.76499938964844,43.560001373291016,32.308074951171875,3985400,0.0,0.0
2007-05-22,43.71500015258789,43.724998474121094,42.939998626708984,42.96500015258789,31.866796493530273,3640800,0.0,0.0
2007-05-23,42.84000015258789,43.189998626708984,42.625,42.81999969482422,31.75922393798828,3350600,0.0,0.0
2007-05-24,42.92499923706055,43.084999084472656,41.54499816894531,41.75,30.965620040893555,4641000,0.0,0.0
2007-05-25,42.0,42.474998474121094,41.55500030517578,41.90999984741211,31.084293365478516,2972400,0.0,0.0
2007-05-29,42.17499923706055,42.564998626708984,41.96500015258789,42.095001220703125,31.22150230407715,3065400,0.0,0.0
2007-05-30,42.0,43.2400016784668,41.92499923706055,43.154998779296875,32.0077018737793,4237800,0.0,0.0
2007-05-31,43.84000015258789,44.33000183105469,43.400001525878906,43.94499969482422,32.5936393737793,4231600,0.0,0.0
2007-06-01,44.900001525878906,44.95000076293945,43.779998779296875,44.43000030517578,32.9533576965332,4084800,0.0,2.0
2007-06-04,44.4900016784668,44.970001220703125,44.13999938964844,44.45000076293945,32.96820068359375,2449900,0.0,0.0
2007-06-05,44.560001373291016,44.70000076293945,43.630001068115234,43.91999816894531,32.57508850097656,2244000,0.0,0.0
2007-06-06,43.31999969482422,43.56999969482422,42.59000015258789,42.81999969482422,31.75922393798828,2909600,0.0,0.0
2007-06-07,42.47999954223633,42.91999816894531,40.869998931884766,41.31999969482422,30.646692276000977,4466800,0.0,0.0
2007-06-08,41.33000183105469,42.52000045776367,41.130001068115234,42.31999969482422,31.388376235961914,3636100,0.0,0.0
2007-06-11,42.47999954223633,43.43000030517578,42.349998474121094,42.81999969482422,31.75922393798828,2329100,0.0,0.0
2007-06-12,42.650001525878906,43.81999969482422,42.41999816894531,43.40999984741211,32.19682312011719,11227800,0.0,0.0
2007-06-13,43.5,44.349998474121094,43.40999984741211,44.0,32.634429931640625,4187400,0.0,0.0
2007-06-14,44.400001525878906,45.0,44.0099983215332,44.619998931884766,33.094268798828125,2480700,0.0,0.0
2007-06-15,44.9900016784668,45.93000030517578,44.709999084472656,45.70000076293945,33.895301818847656,3489500,0.0,0.0
2007-06-18,45.86000061035156,45.88999938964844,45.02000045776367,45.310001373291016,33.606056213378906,1579000,0.0,0.0
2007-06-19,45.13999938964844,45.310001373291016,44.54999923706055,44.779998779296875,33.212947845458984,3791400,0.0,0.0
2007-06-20,45.0099983215332,45.08000183105469,43.150001525878906,43.31999969482422,32.13008499145508,3098500,0.0,0.0
2007-06-21,43.369998931884766,43.68000030517578,42.38999938964844,43.5099983215332,32.27099609375,3293200,0.0,0.0
2007-06-22,43.560001373291016,43.56999969482422,42.27000045776367,42.40999984741211,31.45513153076172,7606400,0.0,0.0
2007-06-25,42.7400016784668,42.959999084472656,41.939998626708984,42.220001220703125,31.314233779907227,7025700,0.0,0.0
2007-06-26,42.459999084472656,43.029998779296875,41.20000076293945,41.369998931884766,30.683780670166016,2899100,0.0,0.0
2007-06-27,41.0,42.150001525878906,40.380001068115234,42.0099983215332,31.15846061706543,7415600,0.0,0.0
2007-06-28,42.189998626708984,42.47999954223633,41.5099983215332,41.58000183105469,30.839540481567383,4005400,0.0,0.0
2007-06-29,41.72999954223633,42.349998474121094,41.040000915527344,41.56999969482422,30.83212661743164,2985300,0.0,0.0
2007-07-02,41.93000030517578,42.59000015258789,41.70000076293945,42.400001525878906,31.44772720336914,2807600,0.0,0.0
2007-07-03,42.66999816894531,42.939998626708984,42.22999954223633,42.529998779296875,31.544137954711914,813900,0.0,0.0
2007-07-05,42.439998626708984,43.0,42.290000915527344,42.93000030517578,31.8408260345459,1853400,0.0,0.0
2007-07-06,42.95000076293945,43.13999938964844,42.5,42.9900016784668,31.885316848754883,1219800,0.0,0.0
2007-07-09,43.22999954223633,43.58000183105469,43.08000183105469,43.36000061035156,32.15975570678711,2034000,0.0,0.0
2007-07-10,43.310001373291016,43.54999923706055,42.83000183105469,42.9900016784668,31.885316848754883,2482500,0.0,0.0
2007-07-11,43.18000030517578,43.47999954223633,42.290000915527344,42.459999084472656,31.492231369018555,2534000,0.0,0.0
2007-07-12,42.79999923706055,43.939998626708984,42.7599983215332,43.7400016784668,32.44157791137695,3141800,0.0,0.0
2007-07-13,43.9900016784668,44.369998931884766,43.7400016784668,44.0,32.634429931640625,1890700,0.0,0.0
2007-07-16,44.0099983215332,44.720001220703125,43.81999969482422,43.900001525878906,32.56026077270508,2255500,0.0,0.0
2007-07-17,44.18000030517578,44.66999816894531,43.93000030517578,43.939998626708984,32.58992004394531,2164000,0.0,0.0
2007-07-18,43.849998474121094,43.9900016784668,43.400001525878906,43.720001220703125,32.426761627197266,3367300,0.0,0.0
2007-07-19,44.130001068115234,44.54999923706055,43.58000183105469,44.439998626708984,32.96076583862305,3539700,0.0,0.0
2007-07-20,44.54999923706055,44.7400016784668,43.40999984741211,43.7400016784668,32.44157791137695,4052700,0.0,0.0
2007-07-23,44.15999984741211,44.20000076293945,43.52000045776367,43.689998626708984,32.40449523925781,2070900,0.0,0.0
2007-07-24,43.15999984741211,43.310001373291016,40.61000061035156,40.900001525878906,30.335182189941406,5757400,0.0,0.0
2007-07-25,41.369998931884766,42.0099983215332,39.63999938964844,40.119998931884766,29.75666046142578,7474500,0.0,0.0
2007-07-26,38.5,39.310001373291016,37.11000061035156,37.72999954223633,27.984027862548828,14059600,0.0,0.0
2007-07-27,37.599998474121094,38.439998626708984,36.400001525878906,36.650001525878906,27.182994842529297,7158900,0.0,0.0
2007-07-30,37.06999969482422,39.31999969482422,37.06999969482422,38.849998474121094,28.814708709716797,7113300,0.0,0.0
2007-07-31,39.459999084472656,39.970001220703125,38.40999984741211,38.54999923706055,28.592201232910156,5774400,0.0,0.0
2007-08-01,38.52000045776367,39.290000915527344,38.02000045776367,39.099998474121094,29.000133514404297,6343200,0.0,0.0
2007-08-02,39.439998626708984,45.08000183105469,23.030000686645508,40.099998474121094,29.741825103759766,10238700,0.0,0.0
2007-08-03,40.75,40.91999816894531,39.02000045776367,39.18000030517578,29.059476852416992,3965000,0.0,0.0
2007-08-06,39.18000030517578,39.689998626708984,38.189998626708984,39.29999923706055,29.14848518371582,5377000,0.0,0.0
2007-08-07,39.11000061035156,41.11000061035156,38.959999084472656,40.869998931884766,30.312929153442383,4901900,0.0,0.0
2007-08-08,40.5099983215332,42.36000061035156,40.5099983215332,42.04999923706055,31.188142776489258,4692700,0.0,0.0
2007-08-09,40.9900016784668,41.720001220703125,39.45000076293945,40.560001373291016,30.0830020904541,6119500,0.0,0.0
2007-08-10,40.0,40.20000076293945,39.0,39.25,29.11138916015625,5627500,0.0,0.0
2007-08-13,40.63999938964844,41.310001373291016,39.79999923706055,40.029998779296875,29.689910888671875,3512800,0.0,0.0
2007-08-14,39.91999816894531,40.20000076293945,39.2599983215332,39.40999984741211,29.230060577392578,2528400,0.0,0.0
2007-08-15,39.150001525878906,39.86000061035156,38.380001068115234,38.59000015258789,28.621885299682617,2873400,0.0,0.0
2007-08-16,38.150001525878906,38.2599983215332,34.7599983215332,36.70000076293945,27.220081329345703,10779500,0.0,0.0
2007-08-17,39.5099983215332,39.5099983215332,35.459999084472656,36.83000183105469,27.31650733947754,11981600,0.0,0.0
2007-08-20,37.04999923706055,37.459999084472656,36.04999923706055,36.84000015258789,27.323909759521484,3505900,0.0,0.0
2007-08-21,38.54999923706055,38.54999923706055,36.66999816894531,37.06999969482422,27.494504928588867,3310300,0.0,0.0
2007-08-22,37.619998931884766,38.22999954223633,37.310001373291016,38.06999969482422,28.23619842529297,3725600,0.0,0.0
2007-08-23,38.150001525878906,38.91999816894531,37.939998626708984,38.5,28.555133819580078,5819600,0.0,0.0
2007-08-24,38.650001525878906,39.540000915527344,38.040000915527344,39.43000030517578,29.244905471801758,2816900,0.0,0.0
2007-08-27,39.33000183105469,39.45000076293945,38.41999816894531,38.77000045776367,28.75537872314453,2483200,0.0,0.0
2007-08-28,38.27000045776367,38.90999984741211,37.58000183105469,37.70000076293945,27.96177101135254,2438600,0.0,0.0
2007-08-29,37.84000015258789,38.459999084472656,37.70000076293945,38.22999954223633,28.354869842529297,1527700,0.0,0.0
2007-08-30,37.88999938964844,38.38999938964844,37.43000030517578,38.11000061035156,28.265869140625,1558600,0.0,0.0
2007-08-31,38.29999923706055,38.68000030517578,37.83000183105469,38.09000015258789,28.25102996826172,1819500,0.0,0.0
2007-09-04,38.13999938964844,39.709999084472656,38.09000015258789,39.41999816894531,29.23748016357422,2807900,0.0,0.0
2007-09-05,39.40999984741211,39.40999984741211,38.61000061035156,39.029998779296875,28.94821548461914,3452200,0.0,0.0
2007-09-06,39.08000183105469,40.02000045776367,38.869998931884766,39.970001220703125,29.645395278930664,2525000,0.0,0.0
2007-09-07,39.70000076293945,39.86000061035156,38.75,39.13999938964844,29.02981185913086,2325800,0.0,0.0
2007-09-10,39.529998779296875,39.619998931884766,38.08000183105469,38.36000061035156,28.4512882232666,2667600,0.0,0.0
2007-09-11,38.7400016784668,38.869998931884766,38.29999923706055,38.81999969482422,28.79247283935547,1621400,0.0,0.0
2007-09-12,38.7400016784668,39.290000915527344,38.52000045776367,38.939998626708984,28.881465911865234,3180000,0.0,0.0
2007-09-13,39.189998626708984,39.27000045776367,38.560001373291016,38.779998779296875,28.762792587280273,2027300,0.0,0.0
2007-09-14,38.689998626708984,39.41999816894531,38.5099983215332,39.119998931884766,29.014970779418945,1605300,0.0,0.0
2007-09-17,38.95000076293945,38.97999954223633,38.4900016784668,38.79999923706055,28.77763557434082,1521100,0.0,0.0
2007-09-18,38.95000076293945,40.2599983215332,38.630001068115234,40.2599983215332,29.860502243041992,3432800,0.0,0.0
2007-09-19,40.54999923706055,41.29999923706055,40.5,40.939998626708984,30.364850997924805,3085900,0.0,0.0
2007-09-20,40.900001525878906,40.91999816894531,40.209999084472656,40.33000183105469,29.912433624267578,1744600,0.0,0.0
2007-09-21,40.61000061035156,41.400001525878906,40.349998474121094,41.20000076293945,30.557693481445312,2904700,0.0,0.0
2007-09-24,41.0099983215332,42.08000183105469,41.0,41.810001373291016,31.010128021240234,2593500,0.0,0.0
2007-09-25,41.310001373291016,42.04999923706055,41.16999816894531,41.779998779296875,30.987871170043945,2159600,0.0,0.0
2007-09-26,41.869998931884766,42.540000915527344,41.709999084472656,42.0,31.151046752929688,2977800,0.0,0.0
2007-09-27,42.599998474121094,42.7599983215332,41.959999084472656,42.56999969482422,31.57381248474121,1791200,0.0,0.0
2007-09-28,42.4900016784668,42.84000015258789,41.5,42.290000915527344,31.366132736206055,3046200,0.0,0.0
2007-10-01,42.16999816894531,42.93000030517578,42.08000183105469,42.93000030517578,31.8408260345459,1653000,0.0,0.0
2007-10-02,42.849998474121094,42.939998626708984,41.959999084472656,42.540000915527344,31.551551818847656,1416000,0.0,0.0
2007-10-03,42.25,43.060001373291016,42.20000076293945,42.65999984741211,31.640562057495117,1185600,0.0,0.0
2007-10-04,42.869998931884766,43.2400016784668,42.599998474121094,43.11000061035156,31.974319458007812,1302800,0.0,0.0
2007-10-05,43.43000030517578,44.29999923706055,43.31999969482422,43.709999084472656,32.41932678222656,1855100,0.0,0.0
2007-10-08,43.72999954223633,44.06999969482422,43.650001525878906,43.79999923706055,32.4860954284668,1015700,0.0,0.0
2007-10-09,43.70000076293945,44.220001220703125,43.630001068115234,44.209999084472656,32.79018783569336,1375100,0.0,0.0
2007-10-10,43.439998626708984,44.08000183105469,43.15999984741211,43.650001525878906,32.37484359741211,1410200,0.0,0.0
2007-10-11,43.90999984741211,46.31999969482422,43.90999984741211,44.61000061035156,33.08687210083008,5053400,0.0,0.0
2007-10-12,44.81999969482422,45.61000061035156,43.79999923706055,45.400001525878906,33.67280197143555,2465300,0.0,0.0
2007-10-15,45.400001525878906,45.41999816894531,44.400001525878906,44.95000076293945,33.339046478271484,1604900,0.0,0.0
2007-10-16,44.959999084472656,45.61000061035156,44.5,45.38999938964844,33.66537094116211,2684900,0.0,0.0
2007-10-17,45.70000076293945,46.630001068115234,45.18000030517578,46.369998931884766,34.392234802246094,4396700,0.0,0.0
2007-10-18,46.20000076293945,47.060001373291016,46.0099983215332,46.900001525878906,34.785335540771484,2391300,0.0,0.0
2007-10-19,47.0,47.189998626708984,45.529998779296875,46.0,34.117820739746094,3651900,0.0,0.0
2007-10-22,46.029998779296875,46.18000030517578,44.5099983215332,45.119998931884766,33.46513748168945,3042500,0.0,0.0
2007-10-23,45.650001525878906,45.720001220703125,44.470001220703125,44.84000015258789,33.25746536254883,2100900,0.0,0.0
2007-10-24,45.040000915527344,45.29999923706055,43.79999923706055,44.849998474121094,33.26487350463867,2704300,0.0,0.0
2007-10-25,45.0,45.20000076293945,44.27000045776367,44.720001220703125,33.168453216552734,2464100,0.0,0.0
2007-10-26,44.90999984741211,45.099998474121094,44.150001525878906,44.79999923706055,33.227787017822266,2194300,0.0,0.0
2007-10-29,44.900001525878906,45.66999816894531,44.68000030517578,45.439998626708984,33.70246887207031,1526300,0.0,0.0
2007-10-30,45.47999954223633,46.20000076293945,45.209999084472656,45.65999984741211,33.865638732910156,2078200,0.0,0.0
2007-10-31,45.70000076293945,46.11000061035156,44.91999816894531,45.65999984741211,33.865638732910156,4018700,0.0,0.0
2007-11-01,45.650001525878906,45.65999984741211,44.290000915527344,44.5,33.00528335571289,2750100,0.0,0.0
2007-11-02,46.25,46.560001373291016,45.04999923706055,45.41999816894531,33.687618255615234,4123700,0.0,0.0
2007-11-05,40.880001068115234,46.06999969482422,40.880001068115234,45.400001525878906,33.67280197143555,2449300,0.0,0.0
2007-11-06,45.36000061035156,46.02000045776367,45.25,45.68000030517578,33.88046646118164,3570700,0.0,0.0
2007-11-07,45.75,45.75,44.060001373291016,44.209999084472656,32.79018783569336,2816100,0.0,0.0
2007-11-08,44.75,44.90999984741211,43.400001525878906,43.84000015258789,32.5157585144043,2985400,0.0,0.0
2007-11-09,43.439998626708984,43.439998626708984,41.61000061035156,41.7400016784668,30.95821189880371,4664500,0.0,0.0
2007-11-12,42.0,42.40999984741211,40.310001373291016,40.52000045776367,30.0533447265625,4983500,0.0,0.0
2007-11-13,40.630001068115234,41.029998779296875,40.11000061035156,40.95000076293945,30.372272491455078,3163300,0.0,0.0
2007-11-14,41.0,41.459999084472656,40.61000061035156,40.709999084472656,30.194265365600586,1985600,0.0,0.0
2007-11-15,40.70000076293945,40.7599983215332,39.900001525878906,40.15999984741211,29.786331176757812,2781000,0.0,0.0
2007-11-16,40.13999938964844,40.47999954223633,39.06999969482422,39.619998931884766,29.38582420349121,2691000,0.0,0.0
2007-11-19,39.56999969482422,39.81999969482422,39.0099983215332,39.52000045776367,29.311647415161133,2941900,0.0,0.0
2007-11-20,39.52000045776367,40.41999816894531,39.189998626708984,39.54999923706055,29.333900451660156,3042800,0.0,0.0
2007-11-21,39.11000061035156,39.59000015258789,38.83000183105469,39.189998626708984,29.066896438598633,2233600,0.0,0.0
2007-11-23,39.7599983215332,39.7599983215332,38.790000915527344,39.13999938964844,29.02981185913086,844600,0.0,0.0
2007-11-26,38.86000061035156,40.70000076293945,38.86000061035156,39.779998779296875,29.504478454589844,3039800,0.0,0.0
2007-11-27,40.2400016784668,40.650001525878906,39.459999084472656,39.900001525878906,29.593503952026367,3623600,0.0,0.0
2007-11-28,39.790000915527344,41.970001220703125,39.790000915527344,41.779998779296875,30.987871170043945,3359200,0.0,0.0
2007-11-29,41.47999954223633,42.75,41.27000045776367,42.22999954223633,31.321636199951172,3897600,0.0,0.0
2007-11-30,42.5,42.720001220703125,41.529998779296875,42.38999938964844,31.4403076171875,3907600,0.0,0.0
2007-12-03,42.79999923706055,42.79999923706055,41.880001068115234,42.220001220703125,31.314233779907227,2469100,0.0,0.0
2007-12-04,42.06999969482422,42.06999969482422,40.599998474121094,41.56999969482422,30.83212661743164,4522000,0.0,0.0
2007-12-05,41.630001068115234,42.52000045776367,41.630001068115234,42.52000045776367,31.536725997924805,2966300,0.0,0.0
2007-12-06,42.29999923706055,43.060001373291016,42.20000076293945,42.9900016784668,31.885316848754883,1859600,0.0,0.0
2007-12-07,43.43000030517578,43.70000076293945,42.7400016784668,43.33000183105469,32.13750457763672,2309500,0.0,0.0
2007-12-10,43.61000061035156,43.68000030517578,42.349998474121094,42.68000030517578,31.65538787841797,3487200,0.0,0.0
2007-12-11,42.68000030517578,43.189998626708984,41.58000183105469,41.70000076293945,30.928537368774414,2614600,0.0,0.0
2007-12-12,42.08000183105469,42.880001068115234,41.779998779296875,42.290000915527344,31.366132736206055,2501900,0.0,0.0
2007-12-13,42.2599983215332,42.2599983215332,41.47999954223633,41.900001525878906,31.076881408691406,1548100,0.0,0.0
2007-12-14,41.77000045776367,42.29999923706055,41.63999938964844,41.869998931884766,31.054630279541016,1613000,0.0,0.0
2007-12-17,41.40999984741211,41.75,40.970001220703125,41.279998779296875,30.617019653320312,1207400,0.0,0.0
2007-12-18,41.68000030517578,41.689998626708984,40.5,40.66999816894531,30.16459083557129,3293800,0.0,0.0
2007-12-19,40.880001068115234,41.150001525878906,40.61000061035156,40.95000076293945,30.372272491455078,2351300,0.0,0.0
2007-12-20,41.279998779296875,41.86000061035156,40.65999984741211,41.86000061035156,31.04721450805664,1680100,0.0,0.0
2007-12-21,42.0099983215332,43.40999984741211,42.0,43.209999084472656,32.048500061035156,4593700,0.0,0.0
2007-12-24,42.61000061035156,43.68000030517578,42.61000061035156,42.84000015258789,31.77407455444336,616700,0.0,0.0
2007-12-26,42.59000015258789,43.33000183105469,42.5099983215332,43.0,31.892744064331055,2447300,0.0,0.0
2007-12-27,42.959999084472656,43.619998931884766,42.849998474121094,43.119998931884766,31.98174285888672,1444900,0.0,0.0
2007-12-28,43.220001220703125,43.34000015258789,42.939998626708984,43.209999084472656,32.048500061035156,1137600,0.0,0.0
2007-12-31,43.22999954223633,43.5099983215332,43.02000045776367,43.34000015258789,32.14491271972656,1011900,0.0,0.0
2008-01-02,43.709999084472656,43.959999084472656,42.540000915527344,42.81999969482422,31.75922393798828,1768200,0.0,0.0
2008-01-03,42.81999969482422,42.939998626708984,42.09000015258789,42.20000076293945,31.299381256103516,2212200,0.0,0.0
2008-01-04,41.880001068115234,41.88999938964844,41.22999954223633,41.41999816894531,30.720867156982422,2104800,0.0,0.0
2008-01-07,41.41999816894531,41.81999969482422,40.08000183105469,40.189998626708984,29.8085880279541,4329500,0.0,0.0
2008-01-08,40.0099983215332,40.72999954223633,39.029998779296875,39.560001373291016,29.341327667236328,9245100,0.0,0.0
2008-01-09,39.27000045776367,40.130001068115234,38.279998779296875,39.279998779296875,29.133636474609375,5235700,0.0,0.0
2008-01-10,39.08000183105469,39.88999938964844,38.91999816894531,39.540000915527344,29.326494216918945,3090700,0.0,0.0
2008-01-11,39.720001220703125,41.310001373291016,39.720001220703125,40.4900016784668,30.03109359741211,3835000,0.0,0.0
2008-01-14,41.290000915527344,41.290000915527344,39.689998626708984,40.97999954223633,30.39451026916504,2137800,0.0,0.0
2008-01-15,40.72999954223633,40.9900016784668,39.34000015258789,39.41999816894531,29.23748016357422,4755500,0.0,0.0
2008-01-16,39.0099983215332,39.61000061035156,37.31999969482422,38.459999084472656,28.525461196899414,6862100,0.0,0.0
2008-01-17,38.34000015258789,38.61000061035156,36.33000183105469,36.939998626708984,27.398082733154297,6400700,0.0,0.0
2008-01-18,37.09000015258789,37.88999938964844,36.75,37.47999954223633,27.798599243164062,7818100,0.0,0.0
2008-01-22,35.720001220703125,37.599998474121094,35.720001220703125,36.689998626708984,27.212661743164062,6325700,0.0,0.0
2008-01-23,35.529998779296875,37.18000030517578,34.560001373291016,37.15999984741211,27.561260223388672,11978600,0.0,0.0
2008-01-24,37.41999816894531,38.0,36.529998779296875,37.4900016784668,27.806028366088867,11886200,0.0,0.0
2008-01-25,37.900001525878906,38.0,37.20000076293945,37.529998779296875,27.835689544677734,2568200,0.0,0.0
2008-01-28,37.36000061035156,37.47999954223633,36.79999923706055,37.400001525878906,27.739259719848633,3368800,0.0,0.0
2008-01-29,37.40999984741211,37.939998626708984,37.16999816894531,37.70000076293945,27.96177101135254,3058100,0.0,0.0
2008-01-30,38.20000076293945,39.720001220703125,37.66999816894531,37.720001220703125,27.976598739624023,4247200,0.0,0.0
2008-01-31,38.0099983215332,38.790000915527344,37.27000045776367,38.59000015258789,28.621885299682617,4187900,0.0,0.0
2008-02-01,38.52000045776367,39.61000061035156,38.52000045776367,39.58000183105469,29.35616111755371,3910900,0.0,0.0
2008-02-04,39.7400016784668,40.45000076293945,39.66999816894531,40.29999923706055,29.890178680419922,2304600,0.0,0.0
2008-02-05,40.11000061035156,40.2400016784668,39.20000076293945,39.279998779296875,29.133636474609375,5236700,0.0,0.0
2008-02-06,39.56999969482422,40.029998779296875,38.970001220703125,39.09000015258789,28.992721557617188,2471800,0.0,0.0
2008-02-07,38.58000183105469,38.61000061035156,37.81999969482422,38.220001220703125,28.347457885742188,5747000,0.0,0.0
2008-02-08,38.20000076293945,38.5,37.5099983215332,37.779998779296875,28.02110481262207,2481800,0.0,0.0
2008-02-11,37.79999923706055,38.36000061035156,37.2599983215332,38.220001220703125,28.347457885742188,2765200,0.0,0.0
2008-02-12,38.220001220703125,39.130001068115234,38.119998931884766,38.77000045776367,28.75537872314453,4492400,0.0,0.0
2008-02-13,38.7599983215332,39.15999984741211,38.5,38.61000061035156,28.636707305908203,2048100,0.0,0.0
2008-02-14,38.70000076293945,39.45000076293945,38.25,38.54999923706055,28.592201232910156,1776200,0.0,0.0
2008-02-15,38.540000915527344,39.310001373291016,38.29999923706055,39.18000030517578,29.059476852416992,2057600,0.0,0.0
2008-02-19,39.45000076293945,40.31999969482422,39.290000915527344,40.16999816894531,29.793752670288086,2115700,0.0,0.0
2008-02-20,39.619998931884766,40.15999984741211,39.349998474121094,39.88999938964844,29.586074829101562,1595600,0.0,0.0
2008-02-21,40.2599983215332,40.5099983215332,39.470001220703125,39.5,29.29681968688965,2090500,0.0,0.0
2008-02-22,39.619998931884766,40.08000183105469,39.22999954223633,39.79999923706055,29.519323348999023,1602900,0.0,0.0
2008-02-25,39.619998931884766,40.9900016784668,39.61000061035156,40.70000076293945,30.18684196472168,3027400,0.0,0.0
2008-02-26,40.38999938964844,41.560001373291016,40.38999938964844,41.36000061035156,30.676362991333008,2704700,0.0,0.0
2008-02-27,41.09000015258789,41.65999984741211,40.45000076293945,40.7400016784668,30.216520309448242,6320300,0.0,0.0
2008-02-28,41.619998931884766,42.0,41.09000015258789,41.40999984741211,30.71343994140625,4335800,0.0,0.0
2008-02-29,41.380001068115234,41.459999084472656,40.40999984741211,41.27000045776367,30.60961151123047,4748700,0.0,0.0
2008-03-03,41.150001525878906,41.7599983215332,40.9900016784668,41.630001068115234,30.87662124633789,3882100,0.0,0.0
2008-03-04,41.189998626708984,42.630001068115234,41.13999938964844,42.38999938964844,31.4403076171875,4832300,0.0,0.0
2008-03-05,42.40999984741211,42.88999938964844,42.099998474121094,42.720001220703125,31.68507957458496,2643800,0.0,0.0
2008-03-06,42.529998779296875,42.689998626708984,42.13999938964844,42.22999954223633,31.321636199951172,3414600,0.0,0.0
2008-03-07,42.189998626708984,42.599998474121094,41.31999969482422,42.209999084472656,31.306795120239258,5496700,0.0,0.0
2008-03-10,42.43000030517578,42.47999954223633,41.65999984741211,41.79999923706055,31.002710342407227,5833900,0.0,0.0
2008-03-11,42.63999938964844,42.970001220703125,42.02000045776367,42.72999954223633,31.692489624023438,4637300,0.0,0.0
2008-03-12,42.970001220703125,43.0,42.599998474121094,42.70000076293945,31.67022132873535,2455800,0.0,0.0
2008-03-13,42.209999084472656,42.72999954223633,41.84000015258789,42.5099983215332,31.5293025970459,4413700,0.0,0.0
2008-03-14,42.689998626708984,42.81999969482422,40.5099983215332,41.25,30.59478187561035,5554300,0.0,0.0
2008-03-17,40.220001220703125,40.720001220703125,39.209999084472656,39.849998474121094,29.556396484375,10845600,0.0,0.0
2008-03-18,40.5,40.779998779296875,39.650001525878906,40.369998931884766,29.942081451416016,2742200,0.0,0.0
2008-03-19,40.630001068115234,40.79999923706055,38.84000015258789,39.0,28.925975799560547,8426900,0.0,0.0
2008-03-20,38.68000030517578,38.75,37.630001068115234,37.970001220703125,28.162031173706055,7445500,0.0,0.0
2008-03-24,38.0099983215332,38.09000015258789,37.4900016784668,37.54999923706055,27.85052490234375,13809500,0.0,0.0
2008-03-25,37.459999084472656,38.279998779296875,37.459999084472656,37.939998626708984,28.139772415161133,6700900,0.0,0.0
2008-03-26,38.38999938964844,38.970001220703125,38.0,38.59000015258789,28.621885299682617,4712700,0.0,0.0
2008-03-27,38.599998474121094,39.86000061035156,38.40999984741211,38.91999816894531,28.866641998291016,3881500,0.0,0.0
2008-03-28,38.939998626708984,39.31999969482422,38.310001373291016,38.459999084472656,28.525461196899414,2386800,0.0,0.0
2008-03-31,39.0,39.25,38.59000015258789,38.9900016784668,28.918560028076172,2507000,0.0,0.0
2008-04-01,39.290000915527344,40.34000015258789,39.27000045776367,40.04999923706055,29.70474624633789,2545200,0.0,0.0
2008-04-02,40.279998779296875,40.59000015258789,39.4900016784668,39.650001525878906,29.40807342529297,4113200,0.0,0.0
2008-04-03,39.38999938964844,39.4900016784668,38.36000061035156,39.209999084472656,29.08172035217285,3839300,0.0,0.0
2008-04-04,39.09000015258789,40.709999084472656,39.09000015258789,40.220001220703125,29.830848693847656,2524800,0.0,0.0
2008-04-07,40.529998779296875,40.59000015258789,39.4900016784668,39.5,29.29681968688965,2287900,0.0,0.0
2008-04-08,39.400001525878906,39.59000015258789,39.04999923706055,39.31999969482422,29.163320541381836,1686400,0.0,0.0
2008-04-09,39.56999969482422,40.58000183105469,39.5,39.900001525878906,29.593503952026367,3150900,0.0,0.0
2008-04-10,40.70000076293945,41.220001220703125,40.5099983215332,40.79999923706055,30.26102066040039,4969800,0.0,0.0
2008-04-11,40.45000076293945,40.91999816894531,40.15999984741211,40.41999816894531,29.979177474975586,1541300,0.0,0.0
2008-04-14,40.470001220703125,41.599998474121094,40.150001525878906,41.529998779296875,30.802453994750977,2301100,0.0,0.0
2008-04-15,41.619998931884766,42.34000015258789,41.470001220703125,42.29999923706055,31.373544692993164,2411000,0.0,0.0
2008-04-16,42.400001525878906,43.16999816894531,41.959999084472656,42.84000015258789,31.77407455444336,3114000,0.0,0.0
2008-04-17,42.630001068115234,43.779998779296875,42.630001068115234,43.66999816894531,32.38967514038086,3347400,0.0,0.0
2008-04-18,44.0,44.61000061035156,43.619998931884766,44.43000030517578,32.9533576965332,3427600,0.0,0.0
2008-04-21,44.29999923706055,44.97999954223633,44.04999923706055,44.869998931884766,33.27969741821289,2973900,0.0,0.0
2008-04-22,44.849998474121094,45.779998779296875,44.22999954223633,44.779998779296875,33.212947845458984,6030600,0.0,0.0
2008-04-23,44.9900016784668,45.11000061035156,44.45000076293945,44.84000015258789,33.25746536254883,1868600,0.0,0.0
2008-04-24,45.310001373291016,45.310001373291016,43.900001525878906,44.630001068115234,33.1016960144043,1532500,0.0,0.0
2008-04-25,44.84000015258789,44.9900016784668,43.849998474121094,44.11000061035156,32.71601867675781,4664100,0.0,0.0
2008-04-28,44.40999984741211,44.959999084472656,44.209999084472656,44.959999084472656,33.34645462036133,2244200,0.0,0.0
2008-04-29,44.95000076293945,45.0,43.70000076293945,44.099998474121094,32.70859909057617,2648500,0.0,0.0
2008-04-30,44.08000183105469,44.310001373291016,43.560001373291016,43.95000076293945,32.59735870361328,2493100,0.0,0.0
2008-05-01,43.95000076293945,43.970001220703125,42.40999984741211,42.66999816894531,31.64797019958496,7455200,0.0,0.0
2008-05-02,42.439998626708984,43.33000183105469,42.400001525878906,43.130001068115234,31.989151000976562,4841100,0.0,0.0
2008-05-05,42.880001068115234,43.91999816894531,42.880001068115234,43.810001373291016,32.49350357055664,2582800,0.0,0.0
2008-05-06,43.459999084472656,43.77000045776367,43.150001525878906,43.68000030517578,32.3970947265625,2139400,0.0,0.0
2008-05-07,43.54999923706055,43.689998626708984,42.11000061035156,42.34000015258789,31.403228759765625,2634200,0.0,0.0
2008-05-08,42.65999984741211,42.689998626708984,42.029998779296875,42.439998626708984,31.477386474609375,2348900,0.0,0.0
2008-05-09,42.279998779296875,42.61000061035156,42.0,42.459999084472656,31.492231369018555,2361900,0.0,0.0
2008-05-12,42.40999984741211,42.900001525878906,42.25,42.77000045776367,31.722148895263672,2378300,0.0,0.0
2008-05-13,43.0,43.25,42.83000183105469,43.040000915527344,31.92241668701172,2152300,0.0,0.0
2008-05-14,43.29999923706055,43.459999084472656,42.86000061035156,42.97999954223633,31.877897262573242,1910200,0.0,0.0
2008-05-15,42.880001068115234,43.029998779296875,42.619998931884766,42.959999084472656,31.863086700439453,1487300,0.0,0.0
2008-05-16,42.900001525878906,43.9900016784668,42.900001525878906,43.79999923706055,32.4860954284668,1986500,0.0,0.0
2008-05-19,43.84000015258789,44.279998779296875,43.54999923706055,44.08000183105469,32.69375991821289,2718300,0.0,0.0
2008-05-20,42.95000076293945,43.4900016784668,41.869998931884766,42.150001525878906,31.262300491333008,10620700,0.0,0.0
2008-05-21,41.849998474121094,42.9900016784668,41.849998474121094,42.5099983215332,31.5293025970459,4077300,0.0,0.0
2008-05-22,40.91999816894531,41.150001525878906,40.18000030517578,40.349998474121094,29.92724609375,11876300,0.0,0.0
2008-05-23,40.349998474121094,40.47999954223633,39.7599983215332,40.0,29.667661666870117,4925000,0.0,0.0
2008-05-27,39.779998779296875,40.40999984741211,39.779998779296875,40.36000061035156,29.934675216674805,4834000,0.0,0.0
2008-05-28,40.5,41.130001068115234,40.290000915527344,41.029998779296875,30.431612014770508,3302700,0.0,0.0
2008-05-29,40.79999923706055,41.31999969482422,40.54999923706055,40.810001373291016,30.2684268951416,2744800,0.0,0.0
2008-05-30,40.7599983215332,41.790000915527344,40.29999923706055,41.59000015258789,30.846948623657227,6584300,0.0,0.0
2008-06-02,41.279998779296875,42.20000076293945,41.15999984741211,41.59000015258789,30.846948623657227,2576700,0.0,0.0
2008-06-03,41.52000045776367,42.130001068115234,41.52000045776367,41.779998779296875,30.987871170043945,2236600,0.0,0.0
2008-06-04,41.689998626708984,42.79999923706055,41.5099983215332,42.75,31.70731544494629,4604800,0.0,0.0
2008-06-05,42.61000061035156,43.5,42.5099983215332,43.349998474121094,32.15232849121094,4345300,0.0,0.0
2008-06-06,43.310001373291016,43.400001525878906,42.400001525878906,42.40999984741211,31.45513153076172,2748800,0.0,0.0
2008-06-09,42.65999984741211,43.4900016784668,41.869998931884766,43.2599983215332,32.085575103759766,1674700,0.0,0.0
2008-06-10,43.06999969482422,43.5,42.459999084472656,43.369998931884766,32.16716384887695,1480800,0.0,0.0
2008-06-11,43.18000030517578,43.47999954223633,42.900001525878906,42.9900016784668,31.885316848754883,1350800,0.0,0.0
2008-06-12,43.209999084472656,43.290000915527344,42.7599983215332,43.06999969482422,31.944665908813477,1499000,0.0,0.0
2008-06-13,43.369998931884766,43.900001525878906,43.130001068115234,43.81999969482422,32.50092697143555,2289900,0.0,0.0
2008-06-16,43.81999969482422,44.34000015258789,43.43000030517578,44.20000076293945,32.78276824951172,1221900,0.0,0.0
2008-06-17,44.20000076293945,44.400001525878906,43.849998474121094,44.09000015258789,32.70117950439453,2404500,0.0,0.0
2008-06-18,43.970001220703125,43.97999954223633,43.27000045776367,43.529998779296875,32.28584289550781,1570500,0.0,0.0
2008-06-19,43.220001220703125,43.619998931884766,43.130001068115234,43.470001220703125,32.2413330078125,2776600,0.0,0.0
2008-06-20,43.310001373291016,43.540000915527344,42.689998626708984,43.04999923706055,31.929832458496094,1952600,0.0,0.0
2008-06-23,43.279998779296875,43.470001220703125,42.66999816894531,42.970001220703125,31.870487213134766,4236400,0.0,0.0
2008-06-24,42.7400016784668,43.16999816894531,42.599998474121094,42.97999954223633,31.877897262573242,2231300,0.0,0.0
2008-06-25,43.279998779296875,43.939998626708984,43.099998474121094,43.439998626708984,32.219078063964844,6047100,0.0,0.0
2008-06-26,43.2400016784668,43.52000045776367,42.45000076293945,42.66999816894531,31.64797019958496,3801600,0.0,0.0
2008-06-27,42.70000076293945,42.849998474121094,42.20000076293945,42.279998779296875,31.35872459411621,2987000,0.0,0.0
2008-06-30,42.2400016784668,43.18000030517578,42.09000015258789,42.900001525878906,31.818561553955078,2685200,0.0,0.0
2008-07-01,42.689998626708984,43.5099983215332,42.29999923706055,43.33000183105469,32.13750457763672,3128900,0.0,0.0
2008-07-02,43.619998931884766,43.95000076293945,42.900001525878906,42.970001220703125,31.870487213134766,2423000,0.0,0.0
2008-07-03,42.93000030517578,43.119998931884766,41.689998626708984,41.970001220703125,31.12879180908203,1746900,0.0,0.0
2008-07-07,42.130001068115234,42.65999984741211,39.290000915527344,39.95000076293945,29.63056755065918,4286000,0.0,0.0
2008-07-08,40.099998474121094,40.349998474121094,38.5099983215332,39.310001373291016,29.155895233154297,5723200,0.0,0.0
2008-07-09,39.47999954223633,40.470001220703125,39.290000915527344,40.0,29.667661666870117,3049000,0.0,0.0
2008-07-10,40.02000045776367,40.040000915527344,39.310001373291016,39.689998626708984,29.437746047973633,2303100,0.0,0.0
2008-07-11,39.689998626708984,40.29999923706055,39.130001068115234,39.58000183105469,29.35616111755371,1850200,0.0,0.0
2008-07-14,39.709999084472656,39.97999954223633,38.43000030517578,38.779998779296875,28.762792587280273,1764200,0.0,0.0
2008-07-15,38.2599983215332,38.77000045776367,37.630001068115234,38.209999084472656,28.34003257751465,5524900,0.0,0.0
2008-07-16,38.029998779296875,38.52000045776367,37.13999938964844,37.25,27.62801170349121,3828000,0.0,0.0
2008-07-17,37.279998779296875,37.88999938964844,35.959999084472656,36.18000030517578,26.834396362304688,4334700,0.0,0.0
2008-07-18,36.18000030517578,36.970001220703125,36.02000045776367,36.689998626708984,27.212661743164062,4227500,0.0,0.0
2008-07-21,36.900001525878906,38.869998931884766,36.70000076293945,38.849998474121094,28.814708709716797,3566100,0.0,0.0
2008-07-22,38.83000183105469,38.900001525878906,37.619998931884766,37.77000045776367,28.013681411743164,3691100,0.0,0.0
2008-07-23,37.5,37.9900016784668,35.75,36.709999084472656,27.227495193481445,6796500,0.0,0.0
2008-07-24,36.599998474121094,36.619998931884766,34.380001068115234,34.880001068115234,25.87019920349121,7041000,0.0,0.0
2008-07-25,35.029998779296875,36.04999923706055,34.709999084472656,35.790000915527344,26.545141220092773,3505800,0.0,0.0
2008-07-28,35.79999923706055,36.27000045776367,34.439998626708984,34.56999969482422,25.640283584594727,4163900,0.0,0.0
2008-07-29,36.90999984741211,36.90999984741211,34.790000915527344,35.84000015258789,26.582223892211914,11380100,0.0,0.0
2008-07-30,35.91999816894531,37.029998779296875,35.380001068115234,36.720001220703125,27.23491096496582,2973700,0.0,0.0
2008-07-31,36.599998474121094,36.720001220703125,35.970001220703125,36.290000915527344,26.915990829467773,2764400,0.0,0.0
2008-08-01,36.88999938964844,37.16999816894531,36.02000045776367,36.2599983215332,26.893735885620117,5411000,0.0,0.0
2008-08-04,36.06999969482422,36.400001525878906,33.470001220703125,33.650001525878906,24.957923889160156,5479200,0.0,0.0
2008-08-05,33.59000015258789,33.779998779296875,32.439998626708984,32.91999816894531,24.41649055480957,5711400,0.0,0.0
2008-08-06,32.689998626708984,34.220001220703125,32.56999969482422,33.9900016784668,25.210098266601562,4032100,0.0,0.0
2008-08-07,34.02000045776367,34.099998474121094,33.0099983215332,33.75,25.032081604003906,4155500,0.0,0.0
2008-08-08,33.900001525878906,33.900001525878906,33.09000015258789,33.56999969482422,24.898591995239258,2991300,0.0,0.0
2008-08-11,34.099998474121094,34.56999969482422,33.77000045776367,33.95000076293945,25.18042755126953,5428500,0.0,0.0
2008-08-12,33.869998931884766,34.220001220703125,33.099998474121094,33.529998779296875,24.868913650512695,10678900,0.0,0.0
2008-08-13,33.34000015258789,36.09000015258789,33.310001373291016,35.81999969482422,26.567386627197266,8576000,0.0,0.0
2008-08-14,35.880001068115234,35.880001068115234,34.86000061035156,35.220001220703125,26.12238883972168,3326300,0.0,0.0
2008-08-15,37.09000015258789,38.150001525878906,36.0099983215332,37.150001525878906,27.55384635925293,10778200,0.0,0.0
2008-08-18,37.689998626708984,38.75,37.25,38.08000183105469,28.243616104125977,5914200,0.0,0.0
2008-08-19,38.34000015258789,38.34000015258789,37.349998474121094,37.75,27.998857498168945,4122200,0.0,0.0
2008-08-20,37.9900016784668,38.790000915527344,37.75,38.7400016784668,28.733131408691406,2863900,0.0,0.0
2008-08-21,38.79999923706055,38.880001068115234,38.0099983215332,38.619998931884766,28.644126892089844,3507300,0.0,0.0
2008-08-22,38.79999923706055,39.2400016784668,38.310001373291016,38.75,28.74054527282715,1301600,0.0,0.0
2008-08-25,38.70000076293945,38.709999084472656,37.959999084472656,38.290000915527344,28.399375915527344,1309600,0.0,0.0
2008-08-26,38.099998474121094,38.90999984741211,38.099998474121094,38.650001525878906,28.66637420654297,1418000,0.0,0.0
2008-08-27,38.59000015258789,39.099998474121094,38.59000015258789,38.880001068115234,28.836965560913086,1992000,0.0,0.0
2008-08-28,38.7400016784668,39.09000015258789,37.90999984741211,38.11000061035156,28.265869140625,2279800,0.0,0.0
2008-08-29,38.0,38.31999969482422,37.5,37.63999938964844,27.917266845703125,1307000,0.0,0.0
2008-09-02,37.900001525878906,37.900001525878906,36.540000915527344,36.66999816894531,27.197834014892578,3352000,0.0,0.0
2008-09-03,36.5,36.709999084472656,34.790000915527344,35.130001068115234,26.05562973022461,4684400,0.0,0.0
2008-09-04,35.29999923706055,35.310001373291016,34.04999923706055,34.18000030517578,25.35101318359375,3468000,0.0,0.0
2008-09-05,34.27000045776367,34.56999969482422,33.099998474121094,34.040000915527344,25.247182846069336,5459400,0.0,0.0
2008-09-08,34.959999084472656,35.0,32.59000015258789,32.75,24.29039764404297,5288600,0.0,0.0
2008-09-09,32.75,32.83000183105469,29.459999084472656,30.25,22.43617057800293,15985200,0.0,0.0
2008-09-10,30.670000076293945,31.920000076293945,30.0,31.399999618530273,23.28911781311035,8307800,0.0,0.0
2008-09-11,30.969999313354492,32.45000076293945,29.889999389648438,32.040000915527344,23.7637996673584,5867700,0.0,0.0
2008-09-12,31.489999771118164,33.630001068115234,31.489999771118164,33.38999938964844,24.765087127685547,5402400,0.0,0.0
2008-09-15,32.27000045776367,32.27000045776367,29.469999313354492,29.719999313354492,22.04306983947754,6655400,0.0,0.0
2008-09-16,28.920000076293945,29.540000915527344,26.739999771118164,28.190000534057617,20.908292770385742,11076300,0.0,0.0
2008-09-17,27.989999771118164,28.030000686645508,24.860000610351562,25.149999618530273,18.653541564941406,11356800,0.0,0.0
2008-09-18,26.489999771118164,28.510000228881836,25.350000381469727,27.110000610351562,20.107257843017578,11176000,0.0,0.0
2008-09-19,29.93000030517578,33.0,28.100000381469727,30.59000015258789,22.688344955444336,8380400,0.0,0.0
2008-09-22,30.770000457763672,30.899999618530273,28.3700008392334,28.43000030517578,21.086292266845703,5652900,0.0,0.0
2008-09-23,29.110000610351562,29.43000030517578,27.329999923706055,27.719999313354492,20.559690475463867,4146800,0.0,0.0
2008-09-24,28.049999237060547,28.09000015258789,27.15999984741211,27.579999923706055,20.455854415893555,3556100,0.0,0.0
2008-09-25,27.489999771118164,28.809999465942383,27.290000915527344,27.93000030517578,20.715450286865234,5667400,0.0,0.0
2008-09-26,27.479999542236328,27.719999313354492,26.190000534057617,26.40999984741211,19.588071823120117,4955700,0.0,0.0
2008-09-29,26.010000228881836,26.190000534057617,22.200000762939453,23.559999465942383,17.47425079345703,13922500,0.0,0.0
2008-09-30,23.8799991607666,25.0,22.8700008392334,24.75,18.35687255859375,13272300,0.0,0.0
2008-10-01,24.670000076293945,24.75,23.290000915527344,23.920000076293945,17.741262435913086,3395900,0.0,0.0
2008-10-02,23.850000381469727,23.850000381469727,21.170000076293945,21.899999618530273,16.2430477142334,8722000,0.0,0.0
2008-10-03,22.219999313354492,23.510000228881836,21.299999237060547,21.780000686645508,16.154037475585938,5879900,0.0,0.0
2008-10-06,20.979999542236328,20.989999771118164,18.399999618530273,20.239999771118164,15.011838912963867,6837600,0.0,0.0
2008-10-07,21.780000686645508,21.780000686645508,17.170000076293945,17.59000015258789,13.046350479125977,6633200,0.0,0.0
2008-10-08,17.010000228881836,18.809999465942383,16.25,17.760000228881836,13.172441482543945,10076600,0.0,0.0
2008-10-09,18.0,18.399999618530273,16.420000076293945,16.780000686645508,12.445587158203125,5385900,0.0,0.0
2008-10-10,15.720000267028809,17.18000030517578,14.390000343322754,15.170000076293945,11.251458168029785,8930600,0.0,0.0
2008-10-13,16.8799991607666,19.170000076293945,16.239999771118164,18.889999389648438,14.010552406311035,8312100,0.0,0.0
2008-10-14,20.260000228881836,21.969999313354492,18.600000381469727,19.549999237060547,14.500066757202148,10413900,0.0,0.0
2008-10-15,19.0,19.549999237060547,18.0,18.110000610351562,13.432038307189941,7770900,0.0,0.0
2008-10-16,18.010000228881836,18.899999618530273,16.56999969482422,18.18000030517578,13.483956336975098,7001100,0.0,0.0
2008-10-17,17.5,20.200000762939453,17.420000076293945,19.329999923706055,14.336899757385254,5767200,0.0,0.0
2008-10-20,24.010000228881836,25.399999618530273,21.15999984741211,25.0,18.54229164123535,26349100,0.0,0.0
2008-10-21,24.110000610351562,25.219999313354492,24.030000686645508,24.6200008392334,18.26044273376465,11828300,0.0,0.0
2008-10-22,24.280000686645508,24.280000686645508,20.399999618530273,21.8799991607666,16.228212356567383,10866900,0.0,0.0
2008-10-23,21.739999771118164,22.739999771118164,20.299999237060547,21.860000610351562,16.213380813598633,7216100,0.0,0.0
2008-10-24,20.799999237060547,20.969999313354492,19.479999542236328,20.200000762939453,14.982169151306152,5245800,0.0,0.0
2008-10-27,20.229999542236328,20.719999313354492,18.860000610351562,19.31999969482422,14.32947826385498,4352700,0.0,0.0
2008-10-28,20.3799991607666,20.549999237060547,17.8799991607666,19.899999618530273,14.759661674499512,5849700,0.0,0.0
2008-10-29,20.329999923706055,22.5,20.049999237060547,22.0,16.317214965820312,6349600,0.0,0.0
2008-10-30,22.6200008392334,24.3799991607666,22.049999237060547,24.3799991607666,18.082429885864258,4984300,0.0,0.0
2008-10-31,24.0,24.3799991607666,23.25,23.25,17.24433135986328,3796000,0.0,0.0
2008-11-03,22.760000228881836,23.559999465942383,22.260000228881836,22.450000762939453,16.650978088378906,3236400,0.0,0.0
2008-11-04,23.3700008392334,24.969999313354492,23.010000228881836,24.5,18.17144203186035,7990600,0.0,0.0
2008-11-05,24.40999984741211,24.40999984741211,23.239999771118164,24.0,17.800596237182617,2658600,0.0,0.0
2008-11-06,23.309999465942383,24.0,21.360000610351562,21.75,16.131793975830078,2774000,0.0,0.0
2008-11-07,21.780000686645508,23.920000076293945,21.709999084472656,23.860000610351562,17.69676399230957,3097500,0.0,0.0
2008-11-10,23.719999313354492,24.0,21.329999923706055,22.559999465942383,16.732568740844727,3982100,0.0,0.0
2008-11-11,22.56999969482422,23.81999969482422,21.670000076293945,23.049999237060547,17.09599494934082,4199800,0.0,0.0
2008-11-12,21.8799991607666,23.0,21.43000030517578,21.600000381469727,16.020532608032227,2681800,0.0,0.0
2008-11-13,21.639999389648438,23.850000381469727,20.299999237060547,23.850000381469727,17.689346313476562,3838300,0.0,0.0
2008-11-14,23.540000915527344,23.670000076293945,21.899999618530273,22.649999618530273,16.79930877685547,2663400,0.0,0.0
2008-11-17,22.5,22.780000686645508,21.530000686645508,22.31999969482422,16.55455780029297,2019500,0.0,0.0
2008-11-18,22.09000015258789,22.940000534057617,21.219999313354492,22.09000015258789,16.38396644592285,2424300,0.0,0.0
2008-11-19,22.0,22.600000381469727,20.0,20.0,14.833830833435059,3136700,0.0,0.0
2008-11-20,19.670000076293945,19.8799991607666,15.699999809265137,16.520000457763672,12.2527437210083,8982900,0.0,0.0
2008-11-21,16.989999771118164,19.209999084472656,16.6299991607666,19.0,14.09213924407959,5335400,0.0,0.0
2008-11-24,19.5,21.3799991607666,19.5,21.0,15.575523376464844,5565500,0.0,0.0
2008-11-25,20.030000686645508,22.549999237060547,20.030000686645508,22.260000228881836,16.510055541992188,5137900,0.0,0.0
2008-11-26,22.649999618530273,23.040000915527344,21.959999084472656,22.700000762939453,16.836400985717773,3206200,0.0,0.0
2008-11-28,22.40999984741211,23.690000534057617,22.40999984741211,23.690000534057617,17.570676803588867,1232900,0.0,0.0
2008-12-01,23.5,23.700000762939453,21.6200008392334,22.06999969482422,16.369136810302734,2907000,0.0,0.0
2008-12-02,22.110000610351562,23.020000457763672,21.450000762939453,23.020000457763672,17.07373809814453,2773700,0.0,0.0
2008-12-03,23.0,23.469999313354492,21.8700008392334,23.100000381469727,17.13306999206543,1922300,0.0,0.0
2008-12-04,22.510000228881836,23.969999313354492,21.579999923706055,22.170000076293945,16.443302154541016,5221800,0.0,0.0
2008-12-05,21.75,23.5,21.5,23.5,17.429752349853516,2887500,0.0,0.0
2008-12-08,23.989999771118164,24.3700008392334,23.0,23.299999237060547,17.281414031982422,3460900,0.0,0.0
2008-12-09,22.739999771118164,23.399999618530273,22.40999984741211,22.90999984741211,16.992155075073242,3163800,0.0,0.0
2008-12-10,22.84000015258789,24.31999969482422,22.700000762939453,24.31999969482422,18.037939071655273,2767200,0.0,0.0
2008-12-11,24.25,24.440000534057617,22.969999313354492,23.100000381469727,17.13306999206543,2949800,0.0,0.0
2008-12-12,22.260000228881836,23.790000915527344,22.260000228881836,23.729999542236328,17.600341796875,1759900,0.0,0.0
2008-12-15,24.219999313354492,25.149999618530273,21.760000228881836,21.760000228881836,16.139209747314453,3168400,0.0,0.0
2008-12-16,22.780000686645508,22.790000915527344,21.850000381469727,22.43000030517578,16.636144638061523,2961700,0.0,0.0
2008-12-17,22.09000015258789,22.31999969482422,21.579999923706055,21.579999923706055,16.005706787109375,3704300,0.0,0.0
2008-12-18,22.93000030517578,22.93000030517578,21.1200008392334,21.1200008392334,15.664523124694824,5294200,0.0,0.0
2008-12-19,21.219999313354492,21.850000381469727,21.200000762939453,21.670000076293945,16.07245635986328,2694700,0.0,0.0
2008-12-22,21.6200008392334,21.81999969482422,20.100000381469727,20.950000762939453,15.538440704345703,2408900,0.0,0.0
2008-12-23,21.110000610351562,21.110000610351562,19.809999465942383,20.399999618530273,15.130510330200195,2786700,0.0,0.0
2008-12-24,20.209999084472656,20.350000381469727,19.8700008392334,20.270000457763672,15.034086227416992,599800,0.0,0.0
2008-12-26,20.549999237060547,21.600000381469727,20.540000915527344,21.56999969482422,15.99828815460205,897700,0.0,0.0
2008-12-29,21.40999984741211,21.450000762939453,20.170000076293945,20.75,15.390095710754395,1476100,0.0,0.0
2008-12-30,20.65999984741211,21.440000534057617,20.360000610351562,21.399999618530273,15.872200012207031,2290200,0.0,0.0
2008-12-31,21.139999389648438,23.600000381469727,21.139999389648438,23.329999923706055,17.30366325378418,3779000,0.0,0.0
2009-01-02,23.280000686645508,24.0,23.1200008392334,23.639999389648438,17.53359031677246,2214300,0.0,0.0
2009-01-05,23.56999969482422,23.68000030517578,23.149999618530273,23.559999465942383,17.47425079345703,2478200,0.0,0.0
2009-01-06,23.8799991607666,24.729999542236328,23.649999618530273,24.610000610351562,18.253032684326172,4556500,0.0,0.0
2009-01-07,24.799999237060547,24.799999237060547,23.290000915527344,23.3700008392334,17.333332061767578,3859600,0.0,0.0
2009-01-08,23.1200008392334,24.229999542236328,22.989999771118164,24.110000610351562,17.882192611694336,3929200,0.0,0.0
2009-01-09,24.25,24.469999313354492,23.450000762939453,23.700000762939453,17.578092575073242,2762600,0.0,0.0
2009-01-12,23.700000762939453,24.229999542236328,23.360000610351562,24.100000381469727,17.87476921081543,2424200,0.0,0.0
2009-01-13,23.989999771118164,24.190000534057617,23.030000686645508,23.5,17.429752349853516,1176100,0.0,0.0
2009-01-14,23.0,23.350000381469727,22.1299991607666,23.34000015258789,17.31108283996582,1553100,0.0,0.0
2009-01-15,23.43000030517578,23.43000030517578,22.520000457763672,23.399999618530273,17.355581283569336,1534700,0.0,0.0
2009-01-16,23.729999542236328,24.25,23.270000457763672,23.860000610351562,17.69676399230957,1375000,0.0,0.0
2009-01-20,23.959999084472656,24.0,22.18000030517578,22.399999618530273,16.613893508911133,2816600,0.0,0.0
2009-01-21,22.75,22.75,21.329999923706055,22.65999984741211,16.80672836303711,2491700,0.0,0.0
2009-01-22,22.399999618530273,23.200000762939453,21.989999771118164,22.399999618530273,16.613893508911133,1700500,0.0,0.0
2009-01-23,21.799999237060547,23.469999313354492,21.799999237060547,22.600000381469727,16.76222801208496,3137000,0.0,0.0
2009-01-26,22.940000534057617,23.969999313354492,22.799999237060547,23.459999084472656,17.400081634521484,2468400,0.0,0.0
2009-01-27,23.350000381469727,23.790000915527344,22.8799991607666,22.8799991607666,16.969900131225586,1493200,0.0,0.0
2009-01-28,23.290000915527344,24.190000534057617,23.209999084472656,23.8799991607666,17.711591720581055,1914600,0.0,0.0
2009-01-29,23.799999237060547,24.360000610351562,23.43000030517578,23.549999237060547,17.466835021972656,864100,0.0,0.0
2009-01-30,24.079999923706055,24.09000015258789,22.799999237060547,23.360000610351562,17.325916290283203,1440800,0.0,0.0
2009-02-02,23.1299991607666,23.649999618530273,22.600000381469727,23.209999084472656,17.214658737182617,1123300,0.0,0.0
2009-02-03,23.450000762939453,24.31999969482422,23.200000762939453,24.31999969482422,18.037939071655273,857200,0.0,0.0
2009-02-04,24.309999465942383,25.0,24.280000686645508,24.690000534057617,18.312358856201172,1467600,0.0,0.0
2009-02-05,24.56999969482422,24.809999465942383,23.889999389648438,24.700000762939453,18.319787979125977,1195900,0.0,0.0
2009-02-06,24.780000686645508,25.100000381469727,24.31999969482422,25.100000381469727,18.61646270751953,1303300,0.0,0.0
2009-02-09,24.950000762939453,25.3799991607666,24.649999618530273,24.8799991607666,18.45328712463379,1568600,0.0,0.0
2009-02-10,24.809999465942383,25.25,24.049999237060547,24.549999237060547,18.208528518676758,1741700,0.0,0.0
2009-02-11,24.649999618530273,24.649999618530273,23.25,23.489999771118164,17.422330856323242,2850700,0.0,0.0
2009-02-12,23.799999237060547,23.799999237060547,21.75,22.049999237060547,16.354299545288086,5726000,0.0,0.0
2009-02-13,22.110000610351562,22.600000381469727,21.90999984741211,22.31999969482422,16.55455780029297,2946000,0.0,0.0
2009-02-17,21.290000915527344,21.6299991607666,19.8799991607666,19.8799991607666,14.744828224182129,4394900,0.0,0.0
2009-02-18,20.510000228881836,20.510000228881836,19.510000228881836,19.68000030517578,14.596487045288086,2559300,0.0,0.0
2009-02-19,19.93000030517578,20.209999084472656,19.729999542236328,19.920000076293945,14.774492263793945,2303100,0.0,0.0
2009-02-20,19.6299991607666,20.1299991607666,18.600000381469727,19.799999237060547,14.685493469238281,3548600,0.0,0.0
2009-02-23,20.040000915527344,21.31999969482422,19.200000762939453,19.229999542236328,14.262730598449707,3596200,0.0,0.0
2009-02-24,19.479999542236328,20.68000030517578,19.209999084472656,20.600000381469727,15.278846740722656,2767200,0.0,0.0
2009-02-25,20.489999771118164,20.780000686645508,19.979999542236328,20.6200008392334,15.293682098388672,3242300,0.0,0.0
2009-02-26,21.950000762939453,21.950000762939453,19.68000030517578,19.700000762939453,14.61132526397705,3091000,0.0,0.0
2009-02-27,19.360000610351562,19.479999542236328,18.59000015258789,18.899999618530273,14.017970085144043,2691400,0.0,0.0
2009-03-02,18.5,18.889999389648438,18.139999389648438,18.559999465942383,13.765792846679688,2743100,0.0,0.0
2009-03-03,18.639999389648438,18.8799991607666,17.200000762939453,17.450000762939453,12.942519187927246,3507100,0.0,0.0
2009-03-04,17.729999542236328,18.0,17.270000457763672,17.75,13.165022850036621,4718400,0.0,0.0
2009-03-05,17.600000381469727,17.600000381469727,17.0,17.600000381469727,13.053770065307617,2650200,0.0,0.0
2009-03-06,17.100000381469727,18.34000015258789,17.040000915527344,18.34000015258789,13.602621078491211,3517000,0.0,0.0
2009-03-09,17.979999542236328,18.559999465942383,17.219999313354492,17.399999618530273,12.905431747436523,2164500,0.0,0.0
2009-03-10,17.610000610351562,18.600000381469727,16.56999969482422,16.90999984741211,12.54200553894043,6541800,0.0,0.0
2009-03-11,17.0,17.030000686645508,15.1899995803833,16.34000015258789,12.119239807128906,6090900,0.0,0.0
2009-03-12,16.219999313354492,16.889999389648438,15.920000076293945,16.59000015258789,12.304662704467773,2402600,0.0,0.0
2009-03-13,16.889999389648438,17.329999923706055,16.700000762939453,17.209999084472656,12.764510154724121,2703100,0.0,0.0
2009-03-16,17.239999771118164,18.299999237060547,17.079999923706055,17.969999313354492,13.328194618225098,1904000,0.0,0.0
2009-03-17,17.84000015258789,18.1299991607666,17.670000076293945,17.850000381469727,13.2391939163208,2593200,0.0,0.0
2009-03-18,17.8700008392334,18.100000381469727,16.959999084472656,17.90999984741211,13.283693313598633,2777500,0.0,0.0
2009-03-19,18.040000915527344,18.1200008392334,17.350000381469727,17.770000457763672,13.179861068725586,2968800,0.0,0.0
2009-03-20,17.770000457763672,17.920000076293945,17.25,17.350000381469727,12.868354797363281,1669500,0.0,0.0
2009-03-23,18.040000915527344,18.040000915527344,17.350000381469727,17.989999771118164,13.343032836914062,2919200,0.0,0.0
2009-03-24,17.8799991607666,18.0,17.25,17.270000457763672,12.809011459350586,2688100,0.0,0.0
2009-03-25,17.34000015258789,17.559999465942383,16.799999237060547,17.1299991607666,12.705177307128906,3278100,0.0,0.0
2009-03-26,17.31999969482422,17.540000915527344,17.079999923706055,17.3700008392334,12.883184432983398,3614100,0.0,0.0
2009-03-27,17.049999237060547,17.690000534057617,17.049999237060547,17.59000015258789,13.046350479125977,1695300,0.0,0.0
2009-03-30,17.520000457763672,17.520000457763672,16.920000076293945,17.049999237060547,12.645837783813477,1919700,0.0,0.0
2009-03-31,17.34000015258789,17.700000762939453,17.219999313354492,17.600000381469727,13.053770065307617,3827300,0.0,0.0
2009-04-01,17.649999618530273,17.649999618530273,16.969999313354492,17.139999389648438,12.712594032287598,2362200,0.0,0.0
2009-04-02,17.559999465942383,18.790000915527344,17.3799991607666,18.600000381469727,13.795461654663086,9173600,0.0,0.0
2009-04-03,18.739999771118164,19.489999771118164,18.25,19.399999618530273,14.38881778717041,3720200,0.0,0.0
2009-04-06,19.25,19.670000076293945,18.950000762939453,19.299999237060547,14.314640998840332,3677000,0.0,0.0
2009-04-07,19.209999084472656,19.209999084472656,18.6299991607666,18.700000762939453,13.869629859924316,1809100,0.0,0.0
2009-04-08,18.68000030517578,19.0,18.399999618530273,18.899999618530273,14.017970085144043,2990100,0.0,0.0
2009-04-09,19.299999237060547,19.950000762939453,18.899999618530273,19.40999984741211,14.396236419677734,2204700,0.0,0.0
2009-04-13,19.350000381469727,19.399999618530273,18.329999923706055,18.329999923706055,13.595207214355469,2007300,0.0,0.0
2009-04-14,18.40999984741211,18.729999542236328,18.040000915527344,18.399999618530273,13.647124290466309,1924200,0.0,0.0
2009-04-15,18.450000762939453,18.579999923706055,17.940000534057617,18.579999923706055,13.780630111694336,2629000,0.0,0.0
2009-04-16,18.899999618530273,18.899999618530273,17.790000915527344,17.950000762939453,13.313364028930664,3434200,0.0,0.0
2009-04-17,18.110000610351562,18.200000762939453,17.84000015258789,17.889999389648438,13.268865585327148,2281800,0.0,0.0
2009-04-20,17.700000762939453,17.899999618530273,17.43000030517578,17.59000015258789,13.046350479125977,2556700,0.0,0.0
2009-04-21,17.75,17.8799991607666,17.540000915527344,17.780000686645508,13.187275886535645,2230500,0.0,0.0
2009-04-22,17.719999313354492,18.1200008392334,17.309999465942383,17.610000610351562,13.06119441986084,2886200,0.0,0.0
2009-04-23,17.760000228881836,17.899999618530273,17.18000030517578,17.579999923706055,13.038938522338867,2686600,0.0,0.0
2009-04-24,17.799999237060547,17.8700008392334,16.90999984741211,17.309999465942383,12.8386812210083,3408800,0.0,0.0
2009-04-27,17.139999389648438,17.670000076293945,17.010000228881836,17.350000381469727,12.868354797363281,2302700,0.0,0.0
2009-04-28,17.290000915527344,17.34000015258789,16.5,16.5,12.237909317016602,4131000,0.0,0.0
2009-04-29,16.729999542236328,17.469999313354492,16.719999313354492,17.18000030517578,12.742260932922363,2308200,0.0,0.0
2009-04-30,17.81999969482422,18.139999389648438,17.459999084472656,17.979999542236328,13.335616111755371,4098300,0.0,0.0
2009-05-01,18.010000228881836,19.0,17.790000915527344,18.979999542236328,14.077305793762207,3465300,0.0,0.0
2009-05-04,19.06999969482422,19.700000762939453,18.989999771118164,19.479999542236328,14.44815444946289,4994100,0.0,0.0
2009-05-05,19.329999923706055,19.860000610351562,19.030000686645508,19.770000457763672,14.663247108459473,4536300,0.0,0.0
2009-05-06,19.780000686645508,19.969999313354492,19.0,19.15999984741211,14.210805892944336,2380300,0.0,0.0
2009-05-07,19.34000015258789,19.6200008392334,19.100000381469727,19.290000915527344,14.307234764099121,1529700,0.0,0.0
2009-05-08,19.639999389648438,21.399999618530273,19.610000610351562,21.190000534057617,15.716445922851562,4762600,0.0,0.0
2009-05-11,20.829999923706055,21.43000030517578,20.6200008392334,20.639999389648438,15.308509826660156,1775400,0.0,0.0
2009-05-12,20.549999237060547,21.25,20.520000457763672,20.920000076293945,15.516188621520996,3299000,0.0,0.0
2009-05-13,20.75,20.75,19.940000534057617,20.149999618530273,14.945089340209961,2460400,0.0,0.0
2009-05-14,19.950000762939453,20.350000381469727,19.84000015258789,20.25,15.019255638122559,1280200,0.0,0.0
2009-05-15,19.969999313354492,20.0,19.06999969482422,19.579999923706055,14.522322654724121,3378500,0.0,0.0
2009-05-18,19.299999237060547,19.700000762939453,19.1200008392334,19.299999237060547,14.314640998840332,2195200,0.0,0.0
2009-05-19,19.260000228881836,20.06999969482422,19.260000228881836,20.06999969482422,14.885749816894531,2392500,0.0,0.0
2009-05-20,20.110000610351562,20.31999969482422,19.780000686645508,19.889999389648438,14.752239227294922,1947500,0.0,0.0
2009-05-21,19.610000610351562,19.610000610351562,18.940000534057617,19.149999618530273,14.20339298248291,1479700,0.0,0.0
2009-05-22,19.229999542236328,19.260000228881836,18.690000534057617,19.020000457763672,14.10697078704834,4051500,0.0,0.0
2009-05-26,19.09000015258789,20.75,18.649999618530273,20.649999618530273,15.315927505493164,5765000,0.0,0.0
2009-05-27,20.790000915527344,21.719999313354492,20.459999084472656,21.6200008392334,16.035371780395508,7159000,0.0,0.0
2009-05-28,21.6299991607666,22.25,21.479999542236328,22.190000534057617,16.458133697509766,5032500,0.0,0.0
2009-05-29,22.200000762939453,22.610000610351562,21.719999313354492,22.5,16.68805694580078,5610000,0.0,0.0
2009-06-01,22.549999237060547,23.719999313354492,22.549999237060547,23.719999313354492,17.59292221069336,5078100,0.0,0.0
2009-06-02,23.350000381469727,24.139999389648438,22.969999313354492,23.049999237060547,17.09599494934082,6158700,0.0,0.0
2009-06-03,23.110000610351562,23.399999618530273,20.809999465942383,21.389999389648438,15.864777565002441,4851800,0.0,0.0
2009-06-04,22.25,22.479999542236328,21.790000915527344,22.3700008392334,16.59164047241211,3085000,0.0,0.0
2009-06-05,22.6299991607666,23.030000686645508,22.149999618530273,22.260000228881836,16.510055541992188,4600200,0.0,0.0
2009-06-08,22.34000015258789,22.479999542236328,21.760000228881836,22.09000015258789,16.38396644592285,2284600,0.0,0.0
2009-06-09,22.260000228881836,22.809999465942383,22.100000381469727,22.489999771118164,16.68064308166504,3025000,0.0,0.0
2009-06-10,22.649999618530273,23.809999465942383,22.600000381469727,23.6200008392334,17.518760681152344,4768600,0.0,0.0
2009-06-11,23.65999984741211,24.540000915527344,23.639999389648438,24.229999542236328,17.971181869506836,3649600,0.0,0.0
2009-06-12,24.1200008392334,24.700000762939453,23.670000076293945,24.3700008392334,18.075023651123047,2595400,0.0,0.0
2009-06-15,24.229999542236328,24.25,22.799999237060547,23.209999084472656,17.214658737182617,1774400,0.0,0.0
2009-06-16,23.389999389648438,23.489999771118164,22.600000381469727,22.899999618530273,16.9847354888916,1454700,0.0,0.0
2009-06-17,23.469999313354492,23.469999313354492,22.450000762939453,22.75,16.873485565185547,2118100,0.0,0.0
2009-06-18,23.190000534057617,23.90999984741211,23.0,23.700000762939453,17.578092575073242,2098900,0.0,0.0
2009-06-19,23.90999984741211,24.239999771118164,23.600000381469727,23.81999969482422,17.66709327697754,2545800,0.0,0.0
2009-06-22,23.690000534057617,23.719999313354492,23.079999923706055,23.110000610351562,17.140499114990234,1120100,0.0,0.0
2009-06-23,23.0,23.239999771118164,22.420000076293945,22.889999389648438,16.977319717407227,3786200,0.0,0.0
2009-06-24,23.06999969482422,23.65999984741211,22.780000686645508,23.440000534057617,17.38524627685547,2667500,0.0,0.0
2009-06-25,23.84000015258789,24.200000762939453,23.440000534057617,23.809999465942383,17.659679412841797,5907400,0.0,0.0
2009-06-26,23.780000686645508,23.809999465942383,23.299999237060547,23.799999237060547,17.65226173400879,4009400,0.0,0.0
2009-06-29,24.049999237060547,24.950000762939453,23.649999618530273,24.950000762939453,18.505199432373047,6078300,0.0,0.0
2009-06-30,24.739999771118164,25.959999084472656,24.559999465942383,25.959999084472656,19.254314422607422,5803300,0.0,0.0
2009-07-01,26.200000762939453,26.200000762939453,25.25,26.049999237060547,19.321056365966797,6489500,0.0,0.0
2009-07-02,25.299999237060547,25.520000457763672,24.5,24.799999237060547,18.39395523071289,8710600,0.0,0.0
2009-07-06,24.170000076293945,24.299999237060547,23.479999542236328,23.510000228881836,17.437175750732422,5410100,0.0,0.0
2009-07-07,23.579999923706055,23.670000076293945,21.940000534057617,22.079999923706055,16.376544952392578,4685100,0.0,0.0
2009-07-08,22.489999771118164,23.350000381469727,22.389999389648438,23.350000381469727,17.318496704101562,6307700,0.0,0.0
2009-07-09,23.700000762939453,24.579999923706055,23.239999771118164,23.979999542236328,17.78575897216797,4790300,0.0,0.0
2009-07-10,23.670000076293945,24.690000534057617,22.31999969482422,23.239999771118164,17.236909866333008,7622900,0.0,0.0
2009-07-13,23.559999465942383,23.670000076293945,22.5,23.6299991607666,17.526168823242188,6493500,0.0,0.0
2009-07-14,23.989999771118164,24.8700008392334,23.780000686645508,24.850000381469727,18.431028366088867,5937400,0.0,0.0
2009-07-15,25.100000381469727,25.6200008392334,24.43000030517578,24.860000610351562,18.43845558166504,7301800,0.0,0.0
2009-07-16,24.84000015258789,24.84000015258789,23.850000381469727,24.719999313354492,18.334619522094727,3004700,0.0,0.0
2009-07-17,24.729999542236328,24.90999984741211,23.709999084472656,24.389999389648438,18.08985710144043,2596300,0.0,0.0
2009-07-20,24.760000228881836,24.760000228881836,23.540000915527344,23.549999237060547,17.466835021972656,4268400,0.0,0.0
2009-07-21,23.959999084472656,25.110000610351562,22.299999237060547,24.81999969482422,18.408782958984375,12569200,0.0,0.0
2009-07-22,24.510000228881836,24.729999542236328,24.020000457763672,24.600000381469727,18.2456111907959,3178500,0.0,0.0
2009-07-23,24.600000381469727,25.84000015258789,24.43000030517578,25.829999923706055,19.15789031982422,6107800,0.0,0.0
2009-07-24,25.639999389648438,26.90999984741211,25.520000457763672,26.90999984741211,19.95892333984375,4592900,0.0,0.0
2009-07-27,26.75,27.299999237060547,26.75,27.1299991607666,20.122095108032227,4973000,0.0,0.0
2009-07-28,26.760000228881836,27.059999465942383,26.020000457763672,26.299999237060547,19.506486892700195,2269800,0.0,0.0
2009-07-29,26.309999465942383,26.479999542236328,25.889999389648438,26.479999542236328,19.639999389648438,2901000,0.0,0.0
2009-07-30,27.280000686645508,27.790000915527344,27.0,27.440000534057617,20.352014541625977,4330500,0.0,0.0
2009-07-31,27.6200008392334,27.6200008392334,26.75,27.209999084472656,20.181425094604492,2562800,0.0,0.0
2009-08-03,27.739999771118164,28.739999771118164,27.420000076293945,28.709999084472656,21.29395866394043,4043100,0.0,0.0
2009-08-04,28.809999465942383,28.809999465942383,28.030000686645508,28.389999389648438,21.056623458862305,2367400,0.0,0.0
2009-08-05,28.260000228881836,28.3700008392334,27.329999923706055,27.760000228881836,20.589357376098633,2897900,0.0,0.0
2009-08-06,27.799999237060547,28.43000030517578,27.610000610351562,27.850000381469727,20.656112670898438,2682700,0.0,0.0
2009-08-07,28.030000686645508,28.170000076293945,27.1299991607666,27.670000076293945,20.522607803344727,2608400,0.0,0.0
2009-08-10,27.6200008392334,28.899999618530273,27.6200008392334,28.84000015258789,21.390380859375,3633800,0.0,0.0
2009-08-11,28.530000686645508,29.260000228881836,28.31999969482422,28.399999618530273,21.06404685974121,3694100,0.0,0.0
2009-08-12,28.520000457763672,28.690000534057617,27.940000534057617,27.989999771118164,20.759944915771484,2678000,0.0,0.0
2009-08-13,28.309999465942383,28.549999237060547,27.799999237060547,28.399999618530273,21.06404685974121,3505100,0.0,0.0
2009-08-14,28.700000762939453,29.0,28.020000457763672,28.950000762939453,21.471981048583984,3397000,0.0,0.0
2009-08-17,28.6299991607666,28.649999618530273,27.489999771118164,27.700000762939453,20.544858932495117,2961900,0.0,0.0
2009-08-18,27.829999923706055,27.8799991607666,27.329999923706055,27.850000381469727,20.656112670898438,2660700,0.0,0.0
2009-08-19,27.739999771118164,28.719999313354492,27.239999771118164,28.350000381469727,21.02695655822754,2826000,0.0,0.0
2009-08-20,28.229999542236328,28.440000534057617,28.1200008392334,28.290000915527344,20.982454299926758,3351300,0.0,0.0
2009-08-21,28.6299991607666,28.6299991607666,28.06999969482422,28.09000015258789,20.834117889404297,3128000,0.0,0.0
2009-08-24,28.079999923706055,28.5,27.989999771118164,28.079999923706055,20.826704025268555,1896700,0.0,0.0
2009-08-25,28.350000381469727,28.389999389648438,27.829999923706055,28.110000610351562,20.84894371032715,2316800,0.0,0.0
2009-08-26,27.93000030517578,28.100000381469727,27.450000762939453,27.75,20.58194923400879,2617800,0.0,0.0
2009-08-27,27.649999618530273,27.899999618530273,27.479999542236328,27.5,20.396514892578125,2784600,0.0,0.0
2009-08-28,27.799999237060547,27.850000381469727,27.100000381469727,27.760000228881836,20.589357376098633,2887100,0.0,0.0
2009-08-31,27.3700008392334,27.809999465942383,26.559999465942383,26.850000381469727,19.91441535949707,4641500,0.0,0.0
2009-09-01,26.899999618530273,27.530000686645508,26.510000228881836,26.649999618530273,19.766082763671875,2999900,0.0,0.0
2009-09-02,26.530000686645508,26.56999969482422,25.75,25.8799991607666,19.194978713989258,3905300,0.0,0.0
2009-09-03,26.09000015258789,26.200000762939453,25.809999465942383,26.200000762939453,19.43231773376465,2051800,0.0,0.0
2009-09-04,26.360000610351562,26.6200008392334,25.969999313354492,26.59000015258789,19.721582412719727,1853400,0.0,0.0
2009-09-08,26.84000015258789,27.1299991607666,26.450000762939453,26.5,19.65482521057129,2163600,0.0,0.0
2009-09-09,26.610000610351562,26.799999237060547,26.299999237060547,26.700000762939453,19.80316734313965,1735300,0.0,0.0
2009-09-10,26.670000076293945,26.8700008392334,26.360000610351562,26.479999542236328,19.639999389648438,2108300,0.0,0.0
2009-09-11,26.670000076293945,27.020000457763672,26.549999237060547,26.75,19.840251922607422,2312200,0.0,0.0
2009-09-14,26.520000457763672,27.40999984741211,26.510000228881836,27.290000915527344,20.240766525268555,2296700,0.0,0.0
2009-09-15,27.270000457763672,28.299999237060547,27.15999984741211,28.260000228881836,20.96019744873047,3527700,0.0,0.0
2009-09-16,28.270000457763672,29.139999389648438,28.15999984741211,29.1299991607666,21.605478286743164,3537900,0.0,0.0
2009-09-17,29.06999969482422,29.25,28.290000915527344,28.450000762939453,21.101123809814453,5080200,0.0,0.0
2009-09-18,28.530000686645508,28.600000381469727,27.809999465942383,27.899999618530273,20.693199157714844,2252800,0.0,0.0
2009-09-21,27.760000228881836,28.200000762939453,27.18000030517578,28.030000686645508,20.78961181640625,1797200,0.0,0.0
2009-09-22,28.25,28.969999313354492,28.170000076293945,28.399999618530273,21.06404685974121,1853900,0.0,0.0
2009-09-23,28.530000686645508,28.530000686645508,27.530000686645508,27.6200008392334,20.485523223876953,2401600,0.0,0.0
2009-09-24,27.729999542236328,27.84000015258789,26.850000381469727,26.979999542236328,20.010841369628906,1694000,0.0,0.0
2009-09-25,27.079999923706055,27.299999237060547,26.81999969482422,26.889999389648438,19.94408416748047,1204000,0.0,0.0
2009-09-28,27.0,27.440000534057617,26.809999465942383,27.149999618530273,20.136926651000977,1340600,0.0,0.0
2009-09-29,27.25,28.610000610351562,27.25,28.56999969482422,21.190128326416016,2910800,0.0,0.0
2009-09-30,28.770000457763672,28.770000457763672,27.68000030517578,28.190000534057617,20.908292770385742,2433700,0.0,0.0
2009-10-01,28.0,28.299999237060547,26.709999084472656,26.889999389648438,19.94408416748047,3091800,0.0,0.0
2009-10-02,26.799999237060547,26.799999237060547,25.3799991607666,26.209999084472656,19.43973159790039,3889100,0.0,0.0
2009-10-05,26.399999618530273,27.6299991607666,26.18000030517578,27.469999313354492,20.374269485473633,2724500,0.0,0.0
2009-10-06,27.709999084472656,27.719999313354492,27.049999237060547,27.31999969482422,20.26301383972168,2909200,0.0,0.0
2009-10-07,27.170000076293945,27.309999465942383,26.700000762939453,26.899999618530273,19.951505661010742,2460000,0.0,0.0
2009-10-08,26.829999923706055,27.200000762939453,26.420000076293945,27.149999618530273,20.136926651000977,2852900,0.0,0.0
2009-10-09,27.09000015258789,27.65999984741211,27.079999923706055,27.56999969482422,20.44843864440918,1920100,0.0,0.0
2009-10-12,27.760000228881836,28.420000076293945,27.65999984741211,28.3700008392334,21.041786193847656,2696200,0.0,0.0
2009-10-13,28.1299991607666,28.389999389648438,27.709999084472656,28.170000076293945,20.893449783325195,1257400,0.0,0.0
2009-10-14,28.3799991607666,29.1299991607666,28.3799991607666,29.010000228881836,21.51646614074707,2313200,0.0,0.0
2009-10-15,28.770000457763672,29.1299991607666,28.690000534057617,29.06999969482422,21.56097984313965,2847300,0.0,0.0
2009-10-16,28.739999771118164,29.100000381469727,28.5,28.760000228881836,21.331056594848633,1540500,0.0,0.0
2009-10-19,28.8799991607666,29.18000030517578,28.40999984741211,28.889999389648438,21.427471160888672,987200,0.0,0.0
2009-10-20,28.899999618530273,28.940000534057617,28.040000915527344,28.25,20.952789306640625,1213000,0.0,0.0
2009-10-21,27.770000457763672,28.020000457763672,27.209999084472656,27.5,20.396514892578125,4526300,0.0,0.0
2009-10-22,27.3700008392334,27.690000534057617,26.459999084472656,27.299999237060547,20.248184204101562,3389400,0.0,0.0
2009-10-23,27.299999237060547,27.399999618530273,26.639999389648438,26.899999618530273,19.951505661010742,2672000,0.0,0.0
2009-10-26,27.06999969482422,27.559999465942383,26.030000686645508,26.049999237060547,19.321056365966797,2008800,0.0,0.0
2009-10-27,26.25,26.290000915527344,25.190000534057617,25.600000381469727,18.9873046875,3237400,0.0,0.0
2009-10-28,25.5,25.540000915527344,24.420000076293945,24.809999465942383,18.4013671875,5523700,0.0,0.0
2009-10-29,25.059999465942383,25.25,23.40999984741211,24.139999389648438,17.90443229675293,6745400,0.0,0.0
2009-10-30,24.209999084472656,24.25,22.940000534057617,22.989999771118164,17.051490783691406,7119300,0.0,0.0
2009-11-02,23.260000228881836,23.860000610351562,22.81999969482422,23.309999465942383,17.28883171081543,4462800,0.0,0.0
2009-11-03,23.299999237060547,23.469999313354492,22.860000610351562,23.280000686645508,17.266578674316406,4211300,0.0,0.0
2009-11-04,23.360000610351562,24.100000381469727,23.360000610351562,23.59000015258789,17.49650764465332,3736000,0.0,0.0
2009-11-05,23.770000457763672,24.030000686645508,23.5,23.809999465942383,17.659679412841797,3864200,0.0,0.0
2009-11-06,23.59000015258789,24.139999389648438,23.450000762939453,23.760000228881836,17.622594833374023,5511200,0.0,0.0
2009-11-09,23.959999084472656,24.549999237060547,23.8700008392334,24.479999542236328,18.1566104888916,3757100,0.0,0.0
2009-11-10,24.290000915527344,24.950000762939453,24.290000915527344,24.649999618530273,18.282697677612305,3591000,0.0,0.0
2009-11-11,24.719999313354492,24.989999771118164,24.530000686645508,24.65999984741211,18.290111541748047,3483600,0.0,0.0
2009-11-12,24.56999969482422,24.8799991607666,23.40999984741211,23.40999984741211,17.36299705505371,5132100,0.0,0.0
2009-11-13,23.610000610351562,24.600000381469727,23.34000015258789,23.799999237060547,17.65226173400879,3725200,0.0,0.0
2009-11-16,24.100000381469727,24.489999771118164,24.0,24.290000915527344,18.01569366455078,2796700,0.0,0.0
2009-11-17,24.280000686645508,24.40999984741211,23.93000030517578,24.360000610351562,18.067602157592773,2417700,0.0,0.0
2009-11-18,24.360000610351562,24.510000228881836,24.020000457763672,24.350000381469727,18.0601863861084,3578500,0.0,0.0
2009-11-19,24.1299991607666,24.34000015258789,23.200000762939453,23.399999618530273,17.355581283569336,4463700,0.0,0.0
2009-11-20,23.18000030517578,23.969999313354492,23.149999618530273,23.809999465942383,17.659679412841797,3309500,0.0,0.0
2009-11-23,24.1299991607666,24.229999542236328,23.889999389648438,24.010000228881836,17.808015823364258,3299800,0.0,0.0
2009-11-24,23.90999984741211,24.100000381469727,23.579999923706055,23.860000610351562,17.69676399230957,2915600,0.0,0.0
2009-11-25,23.510000228881836,24.239999771118164,23.0,24.149999618530273,17.911846160888672,4527300,0.0,0.0
2009-11-27,23.530000686645508,24.149999618530273,23.309999465942383,23.90999984741211,17.733842849731445,1100300,0.0,0.0
2009-11-30,23.8700008392334,24.239999771118164,23.770000457763672,23.940000534057617,17.756099700927734,3619100,0.0,0.0
2009-12-01,24.079999923706055,24.559999465942383,24.040000915527344,24.479999542236328,18.1566104888916,2728700,0.0,0.0
2009-12-02,24.559999465942383,25.0,24.440000534057617,24.59000015258789,18.238195419311523,3482900,0.0,0.0
2009-12-03,24.690000534057617,24.780000686645508,24.110000610351562,24.110000610351562,17.882192611694336,2912800,0.0,0.0
2009-12-04,24.3799991607666,24.549999237060547,23.459999084472656,24.34000015258789,18.052770614624023,3952800,0.0,0.0
2009-12-07,24.3799991607666,25.030000686645508,24.3799991607666,24.6200008392334,18.26044273376465,3725400,0.0,0.0
2009-12-08,24.56999969482422,24.600000381469727,24.06999969482422,24.229999542236328,17.971181869506836,3754000,0.0,0.0
2009-12-09,24.229999542236328,24.780000686645508,24.030000686645508,24.18000030517578,17.93410301208496,5566400,0.0,0.0
2009-12-10,24.360000610351562,24.600000381469727,24.100000381469727,24.549999237060547,18.208528518676758,4156100,0.0,0.0
2009-12-11,24.8700008392334,25.110000610351562,24.75,25.040000915527344,18.571949005126953,4480300,0.0,0.0
2009-12-14,25.239999771118164,25.649999618530273,25.239999771118164,25.56999969482422,18.965055465698242,1814500,0.0,0.0
2009-12-15,25.450000762939453,25.850000381469727,25.350000381469727,25.850000381469727,19.172725677490234,2023600,0.0,0.0
2009-12-16,25.989999771118164,26.149999618530273,25.59000015258789,25.6200008392334,19.00214195251465,2328800,0.0,0.0
2009-12-17,25.559999465942383,25.889999389648438,25.229999542236328,25.520000457763672,18.927961349487305,2113800,0.0,0.0
2009-12-18,25.68000030517578,25.790000915527344,25.3700008392334,25.450000762939453,18.876052856445312,1507500,0.0,0.0
2009-12-21,25.690000534057617,25.799999237060547,25.399999618530273,25.43000030517578,18.861217498779297,1878300,0.0,0.0
2009-12-22,25.399999618530273,25.59000015258789,24.84000015258789,24.8700008392334,18.44586944580078,1621400,0.0,0.0
2009-12-23,24.899999618530273,24.989999771118164,24.360000610351562,24.399999618530273,18.097272872924805,2415400,0.0,0.0
2009-12-24,24.639999389648438,24.75,24.329999923706055,24.639999389648438,18.27528190612793,689600,0.0,0.0
2009-12-28,24.700000762939453,24.739999771118164,24.059999465942383,24.209999084472656,17.956348419189453,1583900,0.0,0.0
2009-12-29,24.290000915527344,24.34000015258789,23.940000534057617,23.940000534057617,17.756099700927734,2498000,0.0,0.0
2009-12-30,23.950000762939453,24.06999969482422,23.65999984741211,23.920000076293945,17.741262435913086,1433400,0.0,0.0
2009-12-31,23.899999618530273,24.0,23.610000610351562,23.610000610351562,17.511343002319336,1024900,0.0,0.0
2010-01-04,23.780000686645508,24.1299991607666,23.700000762939453,23.8700008392334,17.704179763793945,1683700,0.0,0.0
2010-01-05,23.959999084472656,24.280000686645508,23.809999465942383,24.239999771118164,17.97859764099121,3473400,0.0,0.0
2010-01-06,24.25,24.790000915527344,24.110000610351562,24.770000457763672,18.3716983795166,2719300,0.0,0.0
2010-01-07,24.790000915527344,25.239999771118164,24.729999542236328,24.90999984741211,18.475534439086914,3200800,0.0,0.0
2010-01-08,24.809999465942383,25.010000228881836,24.479999542236328,24.5,18.17144203186035,1694600,0.0,0.0
2010-01-11,24.690000534057617,25.0,24.690000534057617,24.729999542236328,18.342031478881836,2128700,0.0,0.0
2010-01-12,24.600000381469727,24.600000381469727,24.0,24.040000915527344,17.830263137817383,3446100,0.0,0.0
2010-01-13,24.1299991607666,24.350000381469727,24.09000015258789,24.299999237060547,18.023107528686523,2704100,0.0,0.0
2010-01-14,24.25,24.34000015258789,24.0,24.049999237060547,17.837684631347656,2016600,0.0,0.0
2010-01-15,24.6200008392334,25.1299991607666,24.309999465942383,24.399999618530273,18.097272872924805,4573900,0.0,0.0
2010-01-19,24.299999237060547,25.149999618530273,24.299999237060547,25.149999618530273,18.653541564941406,3141600,0.0,0.0
2010-01-20,25.040000915527344,25.049999237060547,24.5,24.670000076293945,18.297529220581055,3770000,0.0,0.0
2010-01-21,24.6299991607666,24.84000015258789,23.989999771118164,24.0,17.800596237182617,4069800,0.0,0.0
2010-01-22,25.149999618530273,25.540000915527344,24.59000015258789,24.729999542236328,18.342031478881836,16160300,0.0,0.0
2010-01-25,24.90999984741211,25.09000015258789,24.799999237060547,24.940000534057617,18.497787475585938,5075600,0.0,0.0
2010-01-26,24.93000030517578,25.040000915527344,24.729999542236328,24.920000076293945,18.482948303222656,3794800,0.0,0.0
2010-01-27,25.219999313354492,25.700000762939453,24.639999389648438,24.989999771118164,18.534868240356445,11804700,0.0,0.0
2010-01-28,25.110000610351562,25.25,24.510000228881836,24.719999313354492,18.334619522094727,52002800,0.0,0.0
2010-01-29,24.540000915527344,24.690000534057617,24.049999237060547,24.110000610351562,17.882192611694336,8070400,0.0,0.0
2010-02-01,24.149999618530273,24.229999542236328,23.559999465942383,23.899999618530273,17.726428985595703,6514500,0.0,0.0
2010-02-02,23.889999389648438,23.889999389648438,23.389999389648438,23.559999465942383,17.47425079345703,6373100,0.0,0.0
2010-02-03,23.420000076293945,23.549999237060547,23.049999237060547,23.110000610351562,17.140499114990234,3993600,0.0,0.0
2010-02-04,23.0,23.0,22.049999237060547,22.100000381469727,16.39138412475586,5576400,0.0,0.0
2010-02-05,22.09000015258789,22.1299991607666,21.3799991607666,21.709999084472656,16.102123260498047,5825600,0.0,0.0
2010-02-08,21.81999969482422,22.010000228881836,21.559999465942383,21.59000015258789,16.01312828063965,3785300,0.0,0.0
2010-02-09,21.860000610351562,22.270000457763672,21.739999771118164,21.889999389648438,16.235624313354492,4363100,0.0,0.0
2010-02-10,21.899999618530273,21.90999984741211,21.34000015258789,21.65999984741211,16.06504249572754,3560600,0.0,0.0
2010-02-11,21.950000762939453,22.280000686645508,21.68000030517578,22.219999313354492,16.480382919311523,4536200,0.0,0.0
2010-02-12,22.049999237060547,22.06999969482422,21.649999618530273,22.059999465942383,16.361711502075195,4044000,0.0,0.0
2010-02-16,22.1299991607666,22.489999771118164,22.100000381469727,22.489999771118164,16.68064308166504,2689900,0.0,0.0
2010-02-17,22.549999237060547,22.760000228881836,22.40999984741211,22.59000015258789,16.754825592041016,3466400,0.0,0.0
2010-02-18,22.40999984741211,22.649999618530273,22.280000686645508,22.56999969482422,16.739978790283203,4348400,0.0,0.0
2010-02-19,22.59000015258789,23.450000762939453,22.440000534057617,23.200000762939453,17.207244873046875,5192300,0.0,0.0
2010-02-22,23.420000076293945,23.520000457763672,23.049999237060547,23.06999969482422,17.110824584960938,3992000,0.0,0.0
2010-02-23,22.5,22.8799991607666,22.200000762939453,22.260000228881836,16.510055541992188,5158300,0.0,0.0
2010-02-24,22.329999923706055,22.5,21.56999969482422,21.860000610351562,16.213380813598633,5536400,0.0,0.0
2010-02-25,21.420000076293945,22.1299991607666,21.360000610351562,22.06999969482422,16.369136810302734,5194900,0.0,0.0
2010-02-26,22.110000610351562,22.239999771118164,21.600000381469727,21.84000015258789,16.19854736328125,5076400,0.0,0.0
2010-03-01,21.889999389648438,22.65999984741211,21.8799991607666,22.579999923706055,16.747400283813477,4454300,0.0,0.0
2010-03-02,22.65999984741211,22.969999313354492,22.639999389648438,22.670000076293945,16.814144134521484,5342400,0.0,0.0
2010-03-03,22.739999771118164,22.979999542236328,22.479999542236328,22.5,16.68805694580078,4167100,0.0,0.0
2010-03-04,22.40999984741211,22.43000030517578,22.0,22.299999237060547,16.53972625732422,5632700,0.0,0.0
2010-03-05,22.34000015258789,23.020000457763672,22.34000015258789,22.81999969482422,16.92540168762207,4665700,0.0,0.0
2010-03-08,22.799999237060547,23.030000686645508,22.700000762939453,22.899999618530273,16.9847354888916,1857500,0.0,0.0
2010-03-09,22.829999923706055,22.979999542236328,22.719999313354492,22.75,16.873485565185547,2425900,0.0,0.0
2010-03-10,22.700000762939453,22.829999923706055,22.559999465942383,22.639999389648438,16.79189682006836,2847600,0.0,0.0
2010-03-11,22.559999465942383,22.940000534057617,22.520000457763672,22.940000534057617,17.0144100189209,2830900,0.0,0.0
2010-03-12,22.729999542236328,22.8799991607666,22.06999969482422,22.190000534057617,16.458133697509766,5232100,0.0,0.0
2010-03-15,22.15999984741211,22.350000381469727,22.020000457763672,22.270000457763672,16.517467498779297,2323500,0.0,0.0
2010-03-16,22.309999465942383,22.520000457763672,22.1299991607666,22.5,16.68805694580078,2155700,0.0,0.0
2010-03-17,22.5,22.639999389648438,22.3799991607666,22.469999313354492,16.665815353393555,2610400,0.0,0.0
2010-03-18,22.59000015258789,22.600000381469727,21.959999084472656,22.020000457763672,16.33204460144043,5028000,0.0,0.0
2010-03-19,22.059999465942383,22.350000381469727,21.799999237060547,22.059999465942383,16.361711502075195,5196100,0.0,0.0
2010-03-22,21.979999542236328,22.030000686645508,21.59000015258789,21.6200008392334,16.035371780395508,3602500,0.0,0.0
2010-03-23,21.610000610351562,21.719999313354492,21.510000228881836,21.579999923706055,16.005706787109375,5733800,0.0,0.0
2010-03-24,21.34000015258789,21.56999969482422,21.030000686645508,21.170000076293945,15.701614379882812,5763500,0.0,0.0
2010-03-25,20.93000030517578,21.049999237060547,20.280000686645508,20.31999969482422,15.071174621582031,5807500,0.0,0.0
2010-03-26,20.280000686645508,20.579999923706055,20.200000762939453,20.25,15.019255638122559,4812200,0.0,0.0
2010-03-29,20.34000015258789,20.6299991607666,20.299999237060547,20.600000381469727,15.278846740722656,4323100,0.0,0.0
2010-03-30,20.700000762939453,21.170000076293945,20.579999923706055,21.09000015258789,15.6422758102417,4447200,0.0,0.0
2010-03-31,21.020000457763672,21.1200008392334,20.850000381469727,20.899999618530273,15.501355171203613,3365700,0.0,0.0
2010-04-01,21.079999923706055,21.600000381469727,21.059999465942383,21.459999084472656,15.916705131530762,3671500,0.0,0.0
2010-04-05,21.549999237060547,21.809999465942383,21.459999084472656,21.649999618530273,16.057619094848633,4275700,0.0,0.0
2010-04-06,21.6200008392334,21.739999771118164,21.399999618530273,21.639999389648438,16.050207138061523,3130600,0.0,0.0
2010-04-07,21.5,21.6200008392334,21.389999389648438,21.450000762939453,15.909280776977539,4468000,0.0,0.0
2010-04-08,21.3700008392334,21.760000228881836,21.170000076293945,21.65999984741211,16.06504249572754,3457600,0.0,0.0
2010-04-09,21.510000228881836,21.84000015258789,21.290000915527344,21.799999237060547,16.16887855529785,3709900,0.0,0.0
2010-04-12,21.950000762939453,22.6299991607666,21.950000762939453,22.40999984741211,16.621307373046875,4397600,0.0,0.0
2010-04-13,22.489999771118164,22.610000610351562,22.020000457763672,22.549999237060547,16.725141525268555,3212500,0.0,0.0
2010-04-14,22.530000686645508,22.540000915527344,22.299999237060547,22.489999771118164,16.68064308166504,2744100,0.0,0.0
2010-04-15,22.5,22.760000228881836,22.260000228881836,22.700000762939453,16.836400985717773,2654300,0.0,0.0
2010-04-16,22.6200008392334,22.690000534057617,21.829999923706055,21.850000381469727,16.205961227416992,4905000,0.0,0.0
2010-04-19,21.829999923706055,22.110000610351562,21.739999771118164,22.059999465942383,16.361711502075195,3068800,0.0,0.0
2010-04-20,22.190000534057617,22.56999969482422,22.049999237060547,22.520000457763672,16.70289421081543,3791200,0.0,0.0
2010-04-21,22.489999771118164,22.549999237060547,22.190000534057617,22.34000015258789,16.56939125061035,3873500,0.0,0.0
2010-04-22,22.170000076293945,22.450000762939453,21.93000030517578,22.40999984741211,16.621307373046875,3013600,0.0,0.0
2010-04-23,22.479999542236328,22.829999923706055,22.219999313354492,22.770000457763672,16.888317108154297,2549700,0.0,0.0
2010-04-26,22.959999084472656,23.440000534057617,22.8700008392334,23.31999969482422,17.29625129699707,3625700,0.0,0.0
2010-04-27,23.1299991607666,23.93000030517578,23.049999237060547,23.579999923706055,17.489084243774414,5623700,0.0,0.0
2010-04-28,23.639999389648438,23.670000076293945,23.25,23.559999465942383,17.47425079345703,3160700,0.0,0.0
2010-04-29,23.670000076293945,23.940000534057617,23.549999237060547,23.790000915527344,17.64484405517578,2839600,0.0,0.0
2010-04-30,23.860000610351562,24.739999771118164,23.799999237060547,24.170000076293945,17.92669105529785,4368600,0.0,0.0
2010-05-03,24.34000015258789,25.190000534057617,24.079999923706055,25.170000076293945,18.668373107910156,4493800,0.0,0.0
2010-05-04,24.829999923706055,25.0,24.1200008392334,24.270000457763672,18.000856399536133,4764000,0.0,0.0
2010-05-05,23.940000534057617,24.170000076293945,23.399999618530273,23.690000534057617,17.570676803588867,3849500,0.0,0.0
2010-05-06,23.59000015258789,23.59000015258789,21.799999237060547,22.760000228881836,16.880901336669922,7584900,0.0,0.0
2010-05-07,22.75,23.350000381469727,22.100000381469727,22.639999389648438,16.79189682006836,6342400,0.0,0.0
2010-05-10,23.6299991607666,23.90999984741211,21.850000381469727,22.06999969482422,16.369136810302734,9064300,0.0,0.0
2010-05-11,21.790000915527344,22.520000457763672,21.739999771118164,21.969999313354492,16.294960021972656,3958600,0.0,0.0
2010-05-12,21.989999771118164,23.399999618530273,21.989999771118164,23.3799991607666,17.340749740600586,4579700,0.0,0.0
2010-05-13,23.299999237060547,24.049999237060547,23.139999389648438,23.420000076293945,17.370418548583984,3741800,0.0,0.0
2010-05-14,23.219999313354492,23.25,22.399999618530273,22.709999084472656,16.843809127807617,4148800,0.0,0.0
2010-05-17,22.739999771118164,23.0,22.209999084472656,22.700000762939453,16.836400985717773,3261600,0.0,0.0
2010-05-18,22.6200008392334,23.149999618530273,22.3700008392334,22.600000381469727,16.76222801208496,4485900,0.0,0.0
2010-05-19,22.389999389648438,22.68000030517578,22.030000686645508,22.489999771118164,16.68064308166504,4047300,0.0,0.0
2010-05-20,21.940000534057617,21.940000534057617,21.459999084472656,21.510000228881836,15.95378303527832,5259800,0.0,0.0
2010-05-21,21.25,21.940000534057617,21.0,21.799999237060547,16.16887855529785,5556900,0.0,0.0
2010-05-24,21.610000610351562,22.059999465942383,21.5,21.600000381469727,16.020532608032227,2288500,0.0,0.0
2010-05-25,20.979999542236328,21.719999313354492,20.489999771118164,21.690000534057617,16.087297439575195,4464600,0.0,0.0
2010-05-26,21.899999618530273,22.520000457763672,21.670000076293945,22.110000610351562,16.3988037109375,5666300,0.0,0.0
2010-05-27,22.559999465942383,23.030000686645508,22.450000762939453,23.020000457763672,17.07373809814453,3385900,0.0,0.0
2010-05-28,23.040000915527344,23.6299991607666,23.030000686645508,23.350000381469727,17.318496704101562,2945600,0.0,0.0
2010-06-01,23.059999465942383,23.1200008392334,22.18000030517578,22.18000030517578,16.450719833374023,3578200,0.0,0.0
2010-06-02,22.219999313354492,22.829999923706055,22.149999618530273,22.809999465942383,16.917978286743164,2796300,0.0,0.0
2010-06-03,22.90999984741211,23.5,22.739999771118164,23.420000076293945,17.370418548583984,5539100,0.0,0.0
2010-06-04,23.0,23.09000015258789,22.459999084472656,22.510000228881836,16.695478439331055,5694000,0.0,0.0
2010-06-07,22.799999237060547,23.100000381469727,22.479999542236328,22.520000457763672,16.70289421081543,3004200,0.0,0.0
2010-06-08,22.600000381469727,22.670000076293945,22.030000686645508,22.530000686645508,16.710308074951172,3377500,0.0,0.0
2010-06-09,22.65999984741211,23.440000534057617,22.549999237060547,22.6299991607666,16.78447723388672,6032400,0.0,0.0
2010-06-10,23.299999237060547,23.6200008392334,23.049999237060547,23.420000076293945,17.370418548583984,3944500,0.0,0.0
2010-06-11,23.229999542236328,23.450000762939453,22.559999465942383,22.940000534057617,17.0144100189209,3091700,0.0,0.0
2010-06-14,23.170000076293945,23.510000228881836,22.889999389648438,22.920000076293945,16.999570846557617,2519800,0.0,0.0
2010-06-15,23.100000381469727,23.579999923706055,23.079999923706055,23.56999969482422,17.481674194335938,2760900,0.0,0.0
2010-06-16,23.31999969482422,23.719999313354492,23.170000076293945,23.34000015258789,17.31108283996582,3349800,0.0,0.0
2010-06-17,23.270000457763672,23.420000076293945,23.030000686645508,23.280000686645508,17.266578674316406,2168800,0.0,0.0
2010-06-18,23.239999771118164,23.760000228881836,23.239999771118164,23.639999389648438,17.53359031677246,3833100,0.0,0.0
2010-06-21,23.920000076293945,24.440000534057617,23.420000076293945,23.600000381469727,17.503921508789062,2503500,0.0,0.0
2010-06-22,23.40999984741211,23.469999313354492,22.270000457763672,22.399999618530273,16.613893508911133,4460300,0.0,0.0
2010-06-23,22.399999618530273,22.530000686645508,22.010000228881836,22.209999084472656,16.47296142578125,2362400,0.0,0.0
2010-06-24,22.110000610351562,22.579999923706055,21.719999313354492,21.780000686645508,16.154037475585938,1940200,0.0,0.0
2010-06-25,21.790000915527344,21.979999542236328,21.520000457763672,21.850000381469727,16.205961227416992,3231100,0.0,0.0
2010-06-28,21.790000915527344,22.110000610351562,21.6299991607666,21.989999771118164,16.30980110168457,2152000,0.0,0.0
2010-06-29,21.75,21.75,21.110000610351562,21.260000228881836,15.768362998962402,3362000,0.0,0.0
2010-06-30,21.149999618530273,21.790000915527344,21.059999465942383,21.209999084472656,15.731283187866211,4215400,0.0,0.0
2010-07-01,21.239999771118164,21.360000610351562,21.040000915527344,21.190000534057617,15.716445922851562,3249300,0.0,0.0
2010-07-02,21.290000915527344,21.510000228881836,21.0,21.0,15.575523376464844,2878100,0.0,0.0
2010-07-06,21.360000610351562,21.729999542236328,21.15999984741211,21.3700008392334,15.849955558776855,2929700,0.0,0.0
2010-07-07,21.43000030517578,22.170000076293945,21.389999389648438,22.110000610351562,16.3988037109375,3234600,0.0,0.0
2010-07-08,22.399999618530273,22.440000534057617,22.020000457763672,22.329999923706055,16.56197738647461,2763700,0.0,0.0
2010-07-09,22.360000610351562,22.6299991607666,22.190000534057617,22.6299991607666,16.78447723388672,1519500,0.0,0.0
2010-07-12,22.59000015258789,23.0,22.459999084472656,23.0,17.058910369873047,1780000,0.0,0.0
2010-07-13,23.200000762939453,23.329999923706055,22.56999969482422,22.899999618530273,16.9847354888916,2621500,0.0,0.0
2010-07-14,22.8799991607666,23.0,22.3700008392334,22.809999465942383,16.917978286743164,1273200,0.0,0.0
2010-07-15,22.739999771118164,22.950000762939453,22.489999771118164,22.8700008392334,16.962478637695312,1931900,0.0,0.0
2010-07-16,22.760000228881836,22.81999969482422,22.200000762939453,22.25,16.502641677856445,1577800,0.0,0.0
2010-07-19,22.299999237060547,22.600000381469727,22.010000228881836,22.459999084472656,16.65839195251465,1677900,0.0,0.0
2010-07-20,22.200000762939453,22.579999923706055,21.93000030517578,22.540000915527344,16.71773338317871,1904400,0.0,0.0
2010-07-21,22.530000686645508,22.65999984741211,21.889999389648438,22.040000915527344,16.346879959106445,2215600,0.0,0.0
2010-07-22,22.360000610351562,22.559999465942383,22.209999084472656,22.399999618530273,16.613893508911133,3248900,0.0,0.0
2010-07-23,22.450000762939453,22.959999084472656,22.190000534057617,22.889999389648438,16.977319717407227,3622900,0.0,0.0
2010-07-26,22.90999984741211,23.420000076293945,22.90999984741211,23.260000228881836,17.25174903869629,2278800,0.0,0.0
2010-07-27,23.399999618530273,23.5,23.190000534057617,23.440000534057617,17.38524627685547,2214700,0.0,0.0
2010-07-28,23.299999237060547,23.540000915527344,23.139999389648438,23.170000076293945,17.184999465942383,1281900,0.0,0.0
2010-07-29,23.270000457763672,23.280000686645508,22.209999084472656,22.420000076293945,16.628732681274414,2980900,0.0,0.0
2010-07-30,22.229999542236328,22.81999969482422,21.959999084472656,22.68000030517578,16.82156753540039,2927800,0.0,0.0
2010-08-02,23.809999465942383,23.809999465942383,22.950000762939453,23.0,17.058910369873047,4396000,0.0,0.0
2010-08-03,22.940000534057617,23.530000686645508,22.75,23.239999771118164,17.236909866333008,2993800,0.0,0.0
2010-08-04,23.31999969482422,23.40999984741211,22.760000228881836,23.190000534057617,17.199832916259766,2391300,0.0,0.0
2010-08-05,23.0,23.229999542236328,22.770000457763672,23.229999542236328,17.22949981689453,1538900,0.0,0.0
2010-08-06,23.09000015258789,23.260000228881836,22.559999465942383,22.989999771118164,17.051490783691406,2279900,0.0,0.0
2010-08-09,23.0,23.209999084472656,22.899999618530273,23.030000686645508,17.08115577697754,1704900,0.0,0.0
2010-08-10,22.790000915527344,23.3799991607666,22.549999237060547,23.09000015258789,17.12565803527832,2899600,0.0,0.0
2010-08-11,22.739999771118164,23.100000381469727,22.459999084472656,22.56999969482422,16.739978790283203,6830800,0.0,0.0
2010-08-12,22.25,22.719999313354492,22.190000534057617,22.40999984741211,16.621307373046875,2957600,0.0,0.0
2010-08-13,22.299999237060547,22.729999542236328,21.809999465942383,21.959999084472656,16.28754425048828,5426500,0.0,0.0
2010-08-16,21.760000228881836,22.219999313354492,21.489999771118164,21.920000076293945,16.25787925720215,3457700,0.0,0.0
2010-08-17,22.100000381469727,22.100000381469727,21.770000457763672,21.950000762939453,16.28013038635254,1955800,0.0,0.0
2010-08-18,21.8700008392334,21.979999542236328,21.610000610351562,21.790000915527344,16.161460876464844,3576400,0.0,0.0
2010-08-19,21.709999084472656,21.709999084472656,21.200000762939453,21.290000915527344,15.790616989135742,2128600,0.0,0.0
2010-08-20,21.139999389648438,21.229999542236328,20.59000015258789,20.729999542236328,15.375267028808594,3299100,0.0,0.0
2010-08-23,20.8700008392334,21.25,20.739999771118164,20.809999465942383,15.434599876403809,2735500,0.0,0.0
2010-08-24,20.510000228881836,20.6200008392334,20.260000228881836,20.31999969482422,15.071174621582031,3630900,0.0,0.0
2010-08-25,20.190000534057617,20.549999237060547,20.149999618530273,20.469999313354492,15.182425498962402,3375200,0.0,0.0
2010-08-26,20.6299991607666,20.690000534057617,20.15999984741211,20.260000228881836,15.02667236328125,2285700,0.0,0.0
2010-08-27,20.450000762939453,20.709999084472656,20.020000457763672,20.6299991607666,15.301092147827148,2527100,0.0,0.0
2010-08-30,20.610000610351562,20.90999984741211,20.31999969482422,20.31999969482422,15.071174621582031,2353400,0.0,0.0
2010-08-31,20.209999084472656,20.65999984741211,20.040000915527344,20.31999969482422,15.071174621582031,3616500,0.0,0.0
2010-09-01,20.610000610351562,21.100000381469727,20.469999313354492,21.040000915527344,15.605192184448242,3780700,0.0,0.0
2010-09-02,21.049999237060547,21.6200008392334,20.940000534057617,21.59000015258789,16.01312828063965,3140100,0.0,0.0
2010-09-03,21.829999923706055,21.850000381469727,21.280000686645508,21.649999618530273,16.057619094848633,2389000,0.0,0.0
2010-09-07,21.559999465942383,21.600000381469727,21.219999313354492,21.270000457763672,15.775775909423828,2143900,0.0,0.0
2010-09-08,21.309999465942383,21.559999465942383,21.280000686645508,21.3700008392334,15.849955558776855,1750700,0.0,0.0
2010-09-09,21.6200008392334,21.920000076293945,21.56999969482422,21.790000915527344,16.161460876464844,1852700,0.0,0.0
2010-09-10,21.8700008392334,22.010000228881836,21.670000076293945,21.84000015258789,16.19854736328125,1895800,0.0,0.0
2010-09-13,22.079999923706055,22.09000015258789,21.739999771118164,21.8799991607666,16.228212356567383,1785800,0.0,0.0
2010-09-14,21.799999237060547,21.829999923706055,21.34000015258789,21.649999618530273,16.057619094848633,1408400,0.0,0.0
2010-09-15,21.579999923706055,21.690000534057617,21.489999771118164,21.65999984741211,16.06504249572754,1212000,0.0,0.0
2010-09-16,21.559999465942383,21.68000030517578,21.489999771118164,21.56999969482422,15.99828815460205,1354600,0.0,0.0
2010-09-17,22.040000915527344,22.040000915527344,21.43000030517578,21.540000915527344,15.976040840148926,2027800,0.0,0.0
2010-09-20,21.09000015258789,21.280000686645508,21.049999237060547,21.260000228881836,15.768362998962402,3257000,0.0,0.0
2010-09-21,21.200000762939453,21.520000457763672,21.059999465942383,21.110000610351562,15.657116889953613,2586600,0.0,0.0
2010-09-22,21.010000228881836,21.260000228881836,20.860000610351562,21.010000228881836,15.582944869995117,2692000,0.0,0.0
2010-09-23,20.8799991607666,21.059999465942383,20.579999923706055,20.600000381469727,15.278846740722656,4492200,0.0,0.0
2010-09-24,20.8799991607666,20.969999313354492,20.68000030517578,20.75,15.390095710754395,3961600,0.0,0.0
2010-09-27,20.729999542236328,20.920000076293945,20.670000076293945,20.700000762939453,15.353010177612305,3249600,0.0,0.0
2010-09-28,20.84000015258789,21.010000228881836,20.649999618530273,20.889999389648438,15.493935585021973,3792400,0.0,0.0
2010-09-29,20.790000915527344,20.899999618530273,20.6299991607666,20.809999465942383,15.434599876403809,2071100,0.0,0.0
2010-09-30,20.850000381469727,21.09000015258789,20.760000228881836,20.81999969482422,15.442011833190918,2070100,0.0,0.0
2010-10-01,21.020000457763672,21.139999389648438,20.889999389648438,21.09000015258789,15.6422758102417,2774000,0.0,0.0
2010-10-04,21.010000228881836,21.149999618530273,20.68000030517578,20.799999237060547,15.427179336547852,2174500,0.0,0.0
2010-10-05,21.010000228881836,21.360000610351562,21.0,21.260000228881836,15.768362998962402,2806100,0.0,0.0
2010-10-06,21.200000762939453,21.479999542236328,21.200000762939453,21.450000762939453,15.909280776977539,2833100,0.0,0.0
2010-10-07,21.540000915527344,21.639999389648438,21.399999618530273,21.489999771118164,15.938948631286621,1661700,0.0,0.0
2010-10-08,21.510000228881836,21.510000228881836,21.25,21.309999465942383,15.805448532104492,1862100,0.0,0.0
2010-10-11,21.239999771118164,21.290000915527344,21.079999923706055,21.139999389648438,15.679362297058105,2208300,0.0,0.0
2010-10-12,21.06999969482422,21.09000015258789,20.950000762939453,20.979999542236328,15.560688972473145,4276000,0.0,0.0
2010-10-13,21.020000457763672,21.309999465942383,20.979999542236328,21.219999313354492,15.738693237304688,1870400,0.0,0.0
2010-10-14,21.149999618530273,21.219999313354492,20.850000381469727,20.899999618530273,15.501355171203613,1895500,0.0,0.0
2010-10-15,21.040000915527344,21.040000915527344,20.729999542236328,20.860000610351562,15.471689224243164,1489500,0.0,0.0
2010-10-18,20.8799991607666,21.020000457763672,20.790000915527344,20.860000610351562,15.471689224243164,2099800,0.0,0.0
2010-10-19,20.690000534057617,20.790000915527344,20.3700008392334,20.459999084472656,15.175003051757812,2700000,0.0,0.0
2010-10-20,20.540000915527344,20.760000228881836,20.450000762939453,20.549999237060547,15.241759300231934,1766200,0.0,0.0
2010-10-21,20.68000030517578,20.809999465942383,20.200000762939453,20.34000015258789,15.086006164550781,2221600,0.0,0.0
2010-10-22,20.360000610351562,20.440000534057617,20.030000686645508,20.239999771118164,15.011838912963867,1422300,0.0,0.0
2010-10-25,20.350000381469727,20.549999237060547,20.059999465942383,20.18000030517578,14.967337608337402,1238900,0.0,0.0
2010-10-26,20.100000381469727,20.309999465942383,19.899999618530273,20.139999389648438,14.937667846679688,2289700,0.0,0.0
2010-10-27,19.969999313354492,20.049999237060547,19.610000610351562,19.90999984741211,14.767083168029785,2505600,0.0,0.0
2010-10-28,20.010000228881836,20.18000030517578,19.729999542236328,19.790000915527344,14.678080558776855,2189500,0.0,0.0
2010-10-29,19.75,20.020000457763672,19.75,19.90999984741211,14.767083168029785,2429300,0.0,0.0
2010-11-01,20.0,20.030000686645508,19.6299991607666,19.739999771118164,14.640993118286133,1976400,0.0,0.0
2010-11-02,19.8799991607666,19.979999542236328,19.780000686645508,19.889999389648438,14.752239227294922,1740200,0.0,0.0
2010-11-03,19.969999313354492,20.139999389648438,19.739999771118164,20.040000915527344,14.863494873046875,1819900,0.0,0.0
2010-11-04,19.989999771118164,20.09000015258789,19.610000610351562,19.93000030517578,14.781913757324219,4077000,0.0,0.0
2010-11-05,19.969999313354492,20.350000381469727,19.799999237060547,20.100000381469727,14.908000946044922,4000800,0.0,0.0
2010-11-08,20.25,20.260000228881836,19.969999313354492,20.170000076293945,14.959921836853027,2182400,0.0,0.0
2010-11-09,20.200000762939453,20.40999984741211,20.06999969482422,20.209999084472656,14.989588737487793,2274400,0.0,0.0
2010-11-10,20.170000076293945,20.200000762939453,19.729999542236328,20.06999969482422,14.885749816894531,1927400,0.0,0.0
2010-11-11,19.989999771118164,20.219999313354492,19.799999237060547,20.15999984741211,14.95250415802002,1822900,0.0,0.0
2010-11-12,20.06999969482422,20.06999969482422,19.540000915527344,19.610000610351562,14.544568061828613,2503300,0.0,0.0
2010-11-15,19.65999984741211,19.889999389648438,19.65999984741211,19.790000915527344,14.678080558776855,1110400,0.0,0.0
2010-11-16,19.639999389648438,19.639999389648438,19.200000762939453,19.440000534057617,14.418482780456543,4006800,0.0,0.0
2010-11-17,19.479999542236328,19.690000534057617,19.350000381469727,19.469999313354492,14.440732955932617,2382100,0.0,0.0
2010-11-18,19.610000610351562,19.649999618530273,19.399999618530273,19.520000457763672,14.477818489074707,3290000,0.0,0.0
2010-11-19,19.43000030517578,19.450000762939453,19.110000610351562,19.350000381469727,14.351730346679688,3671200,0.0,0.0
2010-11-22,19.299999237060547,19.610000610351562,19.209999084472656,19.579999923706055,14.522322654724121,2490200,0.0,0.0
2010-11-23,19.510000228881836,19.510000228881836,19.229999542236328,19.399999618530273,14.38881778717041,2847000,0.0,0.0
2010-11-24,19.459999084472656,19.780000686645508,19.43000030517578,19.760000228881836,14.655823707580566,2443100,0.0,0.0
2010-11-26,19.610000610351562,19.670000076293945,19.5,19.6200008392334,14.551986694335938,1162300,0.0,0.0
2010-11-29,19.520000457763672,19.579999923706055,19.3799991607666,19.549999237060547,14.500066757202148,2345000,0.0,0.0
2010-11-30,19.389999389648438,19.549999237060547,19.360000610351562,19.3799991607666,14.373982429504395,7045200,0.0,0.0
2010-12-01,19.600000381469727,19.700000762939453,19.149999618530273,19.15999984741211,14.210805892944336,3920200,0.0,0.0
2010-12-02,19.170000076293945,19.31999969482422,19.09000015258789,19.190000534057617,14.233063697814941,3420300,0.0,0.0
2010-12-03,19.1200008392334,19.219999313354492,19.020000457763672,19.149999618530273,14.20339298248291,3282200,0.0,0.0
2010-12-06,19.079999923706055,19.149999618530273,19.0,19.09000015258789,14.158890724182129,3592900,0.0,0.0
2010-12-07,19.200000762939453,19.229999542236328,18.850000381469727,18.850000381469727,13.98088550567627,4748800,0.0,0.0
2010-12-08,18.920000076293945,18.979999542236328,18.56999969482422,18.610000610351562,13.802879333496094,4500800,0.0,0.0
2010-12-09,18.649999618530273,18.899999618530273,18.549999237060547,18.75,13.90671443939209,2738700,0.0,0.0
2010-12-10,18.90999984741211,18.93000030517578,18.6299991607666,18.700000762939453,13.869629859924316,3143700,0.0,0.0
2010-12-13,18.90999984741211,19.190000534057617,18.700000762939453,18.739999771118164,13.899299621582031,3460800,0.0,0.0
2010-12-14,18.719999313354492,18.84000015258789,18.6299991607666,18.68000030517578,13.8547945022583,2397700,0.0,0.0
2010-12-15,18.649999618530273,18.790000915527344,18.5,18.510000228881836,13.728705406188965,1942000,0.0,0.0
2010-12-16,18.489999771118164,18.579999923706055,18.299999237060547,18.309999465942383,13.58036994934082,3028500,0.0,0.0
2010-12-17,18.329999923706055,18.709999084472656,18.219999313354492,18.670000076293945,13.847378730773926,3597900,0.0,0.0
2010-12-20,18.719999313354492,18.81999969482422,18.530000686645508,18.700000762939453,13.869629859924316,1987300,0.0,0.0
2010-12-21,18.770000457763672,18.790000915527344,18.610000610351562,18.690000534057617,13.862214088439941,2913900,0.0,0.0
2010-12-22,18.690000534057617,19.149999618530273,18.65999984741211,19.100000381469727,14.166309356689453,2125100,0.0,0.0
2010-12-23,19.100000381469727,19.229999542236328,18.93000030517578,19.190000534057617,14.233063697814941,1934600,0.0,0.0
2010-12-27,19.100000381469727,19.209999084472656,19.0,19.170000076293945,14.218226432800293,1030800,0.0,0.0
2010-12-28,19.170000076293945,19.290000915527344,19.040000915527344,19.229999542236328,14.262730598449707,1122600,0.0,0.0
2010-12-29,19.229999542236328,19.6200008392334,19.1299991607666,19.559999465942383,14.507485389709473,2369200,0.0,0.0
2010-12-30,19.530000686645508,19.709999084472656,19.450000762939453,19.549999237060547,14.500066757202148,1644500,0.0,0.0
2010-12-31,19.489999771118164,19.639999389648438,19.270000457763672,19.540000915527344,14.49266242980957,1976400,0.0,0.0
2011-01-03,19.719999313354492,20.010000228881836,19.56999969482422,19.829999923706055,14.70775032043457,2327200,0.0,0.0
2011-01-04,19.850000381469727,19.889999389648438,19.639999389648438,19.84000015258789,14.715158462524414,1908600,0.0,0.0
2011-01-05,19.729999542236328,19.780000686645508,19.56999969482422,19.639999389648438,14.566818237304688,2526500,0.0,0.0
2011-01-06,19.639999389648438,19.639999389648438,19.40999984741211,19.520000457763672,14.477818489074707,2216100,0.0,0.0
2011-01-07,19.530000686645508,19.639999389648438,19.3700008392334,19.6299991607666,14.55940055847168,3203900,0.0,0.0
2011-01-10,20.489999771118164,20.549999237060547,19.559999465942383,19.770000457763672,14.663247108459473,4278800,0.0,0.0
2011-01-11,19.799999237060547,20.299999237060547,19.780000686645508,20.18000030517578,14.967337608337402,3707200,0.0,0.0
2011-01-12,20.31999969482422,20.329999923706055,20.040000915527344,20.1200008392334,14.922832489013672,3210900,0.0,0.0
2011-01-13,20.149999618530273,20.309999465942383,20.09000015258789,20.229999542236328,15.004420280456543,2640700,0.0,0.0
2011-01-14,20.239999771118164,20.270000457763672,20.1299991607666,20.239999771118164,15.011838912963867,2143900,0.0,0.0
2011-01-18,20.209999084472656,20.270000457763672,20.110000610351562,20.200000762939453,14.982169151306152,1358100,0.0,0.0
2011-01-19,20.219999313354492,20.219999313354492,19.84000015258789,20.049999237060547,14.870912551879883,2847900,0.0,0.0
2011-01-20,20.059999465942383,20.56999969482422,20.049999237060547,20.459999084472656,15.175003051757812,3615000,0.0,0.0
2011-01-21,20.639999389648438,20.770000457763672,20.510000228881836,20.610000610351562,15.286266326904297,3350200,0.0,0.0
2011-01-24,20.649999618530273,20.729999542236328,20.3799991607666,20.709999084472656,15.360433578491211,2717200,0.0,0.0
2011-01-25,20.68000030517578,21.010000228881836,20.6299991607666,20.850000381469727,15.464268684387207,3134000,0.0,0.0
2011-01-26,20.899999618530273,21.440000534057617,20.8700008392334,21.06999969482422,15.62744140625,3976900,0.0,0.0
2011-01-27,20.979999542236328,21.6299991607666,20.979999542236328,21.530000686645508,15.968621253967285,4466800,0.0,0.0
2011-01-28,21.56999969482422,21.700000762939453,20.90999984741211,20.989999771118164,15.568106651306152,4421300,0.0,0.0
2011-01-31,21.079999923706055,21.200000762939453,20.639999389648438,20.75,15.390095710754395,3428500,0.0,0.0
2011-02-01,20.860000610351562,21.15999984741211,20.81999969482422,20.889999389648438,15.493935585021973,2736300,0.0,0.0
2011-02-02,20.860000610351562,21.149999618530273,20.739999771118164,20.760000228881836,15.397518157958984,2541100,0.0,0.0
2011-02-03,20.799999237060547,21.360000610351562,20.670000076293945,21.280000686645508,15.78319263458252,2487000,0.0,0.0
2011-02-04,21.25,21.25,20.6299991607666,20.729999542236328,15.375267028808594,1966600,0.0,0.0
2011-02-07,20.649999618530273,21.260000228881836,20.59000015258789,21.170000076293945,15.701614379882812,1828700,0.0,0.0
2011-02-08,21.1200008392334,21.1200008392334,20.649999618530273,20.739999771118164,15.382678985595703,2151500,0.0,0.0
2011-02-09,20.770000457763672,20.850000381469727,20.549999237060547,20.68000030517578,15.338181495666504,1911700,0.0,0.0
2011-02-10,20.59000015258789,20.8799991607666,20.59000015258789,20.860000610351562,15.471689224243164,1686700,0.0,0.0
2011-02-11,20.760000228881836,21.040000915527344,20.610000610351562,20.899999618530273,15.501355171203613,2306400,0.0,0.0
2011-02-14,20.850000381469727,20.90999984741211,20.559999465942383,20.6299991607666,15.301092147827148,2112200,0.0,0.0
2011-02-15,20.649999618530273,20.920000076293945,20.579999923706055,20.8799991607666,15.48652172088623,1985100,0.0,0.0
2011-02-16,20.90999984741211,21.059999465942383,20.6299991607666,20.760000228881836,15.397518157958984,1366000,0.0,0.0
2011-02-17,20.719999313354492,20.920000076293945,20.65999984741211,20.84000015258789,15.45684814453125,1763000,0.0,0.0
2011-02-18,20.84000015258789,21.059999465942383,20.770000457763672,20.889999389648438,15.493935585021973,2485100,0.0,0.0
2011-02-22,20.530000686645508,20.700000762939453,19.899999618530273,19.969999313354492,14.811579704284668,5522500,0.0,0.0
2011-02-23,20.0,20.260000228881836,19.75,19.799999237060547,14.685493469238281,3785400,0.0,0.0
2011-02-24,19.84000015258789,19.8700008392334,19.219999313354492,19.299999237060547,14.314640998840332,4950200,0.0,0.0
2011-02-25,19.3799991607666,19.700000762939453,19.3700008392334,19.549999237060547,14.500066757202148,2309000,0.0,0.0
2011-02-28,19.6299991607666,20.049999237060547,19.549999237060547,19.989999771118164,14.826416969299316,3864700,0.0,0.0
2011-03-01,20.020000457763672,20.190000534057617,19.5,19.520000457763672,14.477818489074707,2273600,0.0,0.0
2011-03-02,19.530000686645508,19.639999389648438,19.309999465942383,19.360000610351562,14.359148025512695,2571200,0.0,0.0
2011-03-03,19.530000686645508,19.760000228881836,19.299999237060547,19.43000030517578,14.411070823669434,2130000,0.0,0.0
2011-03-04,19.459999084472656,19.600000381469727,19.200000762939453,19.3799991607666,14.373982429504395,2526600,0.0,0.0
2011-03-07,19.3799991607666,19.6299991607666,19.1299991607666,19.219999313354492,14.255317687988281,2035100,0.0,0.0
2011-03-08,19.15999984741211,19.639999389648438,19.09000015258789,19.549999237060547,14.500066757202148,2130500,0.0,0.0
2011-03-09,19.530000686645508,19.81999969482422,19.450000762939453,19.780000686645508,14.670663833618164,1836700,0.0,0.0
2011-03-10,19.549999237060547,19.6299991607666,19.270000457763672,19.290000915527344,14.307234764099121,2428100,0.0,0.0
2011-03-11,19.219999313354492,19.889999389648438,19.190000534057617,19.790000915527344,14.678080558776855,2566200,0.0,0.0
2011-03-14,19.31999969482422,20.540000915527344,19.31999969482422,20.170000076293945,14.959921836853027,7252600,0.0,0.0
2011-03-15,19.709999084472656,20.260000228881836,19.690000534057617,20.1299991607666,14.930251121520996,4605100,0.0,0.0
2011-03-16,20.059999465942383,20.729999542236328,19.979999542236328,20.209999084472656,14.989588737487793,8145100,0.0,0.0
2011-03-17,20.520000457763672,20.65999984741211,20.260000228881836,20.5,15.204680442810059,3347300,0.0,0.0
2011-03-18,20.68000030517578,20.770000457763672,20.440000534057617,20.719999313354492,15.367846488952637,3700700,0.0,0.0
2011-03-21,20.899999618530273,21.0,20.799999237060547,20.860000610351562,15.471689224243164,2332700,0.0,0.0
2011-03-22,20.950000762939453,21.149999618530273,20.700000762939453,21.100000381469727,15.649690628051758,3931000,0.0,0.0
2011-03-23,21.0,21.190000534057617,20.780000686645508,21.079999923706055,15.634857177734375,2320700,0.0,0.0
2011-03-24,21.1299991607666,21.209999084472656,20.81999969482422,21.139999389648438,15.679362297058105,1991200,0.0,0.0
2011-03-25,21.139999389648438,21.5,21.100000381469727,21.329999923706055,15.820281028747559,2377100,0.0,0.0
2011-03-28,21.31999969482422,21.440000534057617,21.229999542236328,21.280000686645508,15.78319263458252,2002900,0.0,0.0
2011-03-29,21.299999237060547,21.670000076293945,21.18000030517578,21.600000381469727,16.020532608032227,2052000,0.0,0.0
2011-03-30,21.709999084472656,21.950000762939453,21.3799991607666,21.84000015258789,16.19854736328125,3228100,0.0,0.0
2011-03-31,21.81999969482422,21.81999969482422,21.489999771118164,21.540000915527344,15.976040840148926,2161500,0.0,0.0
2011-04-01,21.690000534057617,21.799999237060547,21.389999389648438,21.649999618530273,16.057619094848633,1762800,0.0,0.0
2011-04-04,21.649999618530273,21.700000762939453,21.209999084472656,21.3799991607666,15.857361793518066,1655800,0.0,0.0
2011-04-05,21.329999923706055,21.3799991607666,21.049999237060547,21.1200008392334,15.664523124694824,2223900,0.0,0.0
2011-04-06,21.25,21.469999313354492,21.209999084472656,21.31999969482422,15.812858581542969,2034100,0.0,0.0
2011-04-07,21.31999969482422,21.8700008392334,21.309999465942383,21.799999237060547,16.16887855529785,2750100,0.0,0.0
2011-04-08,21.889999389648438,21.959999084472656,21.399999618530273,21.520000457763672,15.96120834350586,2321700,0.0,0.0
2011-04-11,21.5,21.579999923706055,21.329999923706055,21.469999313354492,15.924116134643555,2738300,0.0,0.0
2011-04-12,21.450000762939453,21.459999084472656,21.25,21.34000015258789,15.827693939208984,3578200,0.0,0.0
2011-04-13,21.329999923706055,21.65999984741211,21.299999237060547,21.309999465942383,15.805448532104492,2434100,0.0,0.0
2011-04-14,21.18000030517578,21.5,21.139999389648438,21.34000015258789,15.827693939208984,1871300,0.0,0.0
2011-04-15,21.399999618530273,21.729999542236328,21.360000610351562,21.65999984741211,16.06504249572754,2683500,0.0,0.0
2011-04-18,21.459999084472656,21.6200008392334,21.09000015258789,21.489999771118164,15.938948631286621,2507200,0.0,0.0
2011-04-19,21.459999084472656,22.079999923706055,21.3700008392334,21.8799991607666,16.228212356567383,2751700,0.0,0.0
2011-04-20,22.149999618530273,22.579999923706055,22.030000686645508,22.459999084472656,16.65839195251465,4266800,0.0,0.0
2011-04-21,22.510000228881836,22.860000610351562,22.399999618530273,22.860000610351562,16.95506477355957,1943400,0.0,0.0
2011-04-25,22.799999237060547,22.809999465942383,22.399999618530273,22.579999923706055,16.747400283813477,2346900,0.0,0.0
2011-04-26,22.700000762939453,23.40999984741211,22.670000076293945,23.329999923706055,17.30366325378418,5400000,0.0,0.0
2011-04-27,23.389999389648438,23.93000030517578,23.270000457763672,23.899999618530273,17.726428985595703,4015800,0.0,0.0
2011-04-28,23.81999969482422,23.940000534057617,23.520000457763672,23.93000030517578,17.748680114746094,2754100,0.0,0.0
2011-04-29,23.8799991607666,24.239999771118164,23.700000762939453,24.200000762939453,17.94893455505371,2129700,0.0,0.0
2011-05-02,24.280000686645508,24.299999237060547,23.940000534057617,24.1200008392334,17.88960075378418,2199500,0.0,0.0
2011-05-03,24.100000381469727,24.309999465942383,23.719999313354492,23.829999923706055,17.674509048461914,2958300,0.0,0.0
2011-05-04,23.850000381469727,24.18000030517578,23.610000610351562,23.809999465942383,17.659679412841797,3078800,0.0,0.0
2011-05-05,23.479999542236328,24.209999084472656,23.450000762939453,23.719999313354492,17.59292221069336,3677700,0.0,0.0
2011-05-06,23.979999542236328,24.3700008392334,23.93000030517578,24.09000015258789,17.867347717285156,2371700,0.0,0.0
2011-05-09,24.040000915527344,24.420000076293945,23.940000534057617,24.3700008392334,18.075023651123047,2280900,0.0,0.0
2011-05-10,24.489999771118164,25.139999389648438,24.459999084472656,24.950000762939453,18.505199432373047,3840700,0.0,0.0
2011-05-11,24.93000030517578,25.049999237060547,24.780000686645508,24.8700008392334,18.44586944580078,3137300,0.0,0.0
2011-05-12,24.850000381469727,24.8700008392334,24.56999969482422,24.770000457763672,18.3716983795166,1946100,0.0,0.0
2011-05-13,24.739999771118164,24.84000015258789,24.350000381469727,24.520000457763672,18.1862735748291,1534300,0.0,0.0
2011-05-16,24.520000457763672,24.889999389648438,24.43000030517578,24.690000534057617,18.312358856201172,1996100,0.0,0.0
2011-05-17,24.649999618530273,24.93000030517578,24.530000686645508,24.639999389648438,18.27528190612793,1748200,0.0,0.0
2011-05-18,24.649999618530273,24.850000381469727,24.56999969482422,24.780000686645508,18.379117965698242,1572800,0.0,0.0
2011-05-19,24.780000686645508,24.940000534057617,24.709999084472656,24.920000076293945,18.482948303222656,2675300,0.0,0.0
2011-05-20,24.8799991607666,25.540000915527344,24.75,25.270000457763672,18.74254608154297,2976500,0.0,0.0
2011-05-23,25.0,25.110000610351562,24.600000381469727,24.700000762939453,18.319787979125977,2959600,0.0,0.0
2011-05-24,24.770000457763672,24.979999542236328,24.549999237060547,24.59000015258789,18.238195419311523,3448300,0.0,0.0
2011-05-25,24.520000457763672,24.84000015258789,24.3700008392334,24.700000762939453,18.319787979125977,2030400,0.0,0.0
2011-05-26,24.65999984741211,24.770000457763672,24.479999542236328,24.709999084472656,18.327199935913086,2026300,0.0,0.0
2011-05-27,24.739999771118164,24.84000015258789,24.56999969482422,24.59000015258789,18.238195419311523,1501500,0.0,0.0
2011-05-31,24.860000610351562,24.959999084472656,24.540000915527344,24.760000228881836,18.364286422729492,3090700,0.0,0.0
2011-06-01,24.719999313354492,24.850000381469727,24.309999465942383,24.309999465942383,18.030521392822266,3049000,0.0,0.0
2011-06-02,24.40999984741211,24.40999984741211,23.989999771118164,24.030000686645508,17.82284164428711,2700500,0.0,0.0
2011-06-03,23.75,24.100000381469727,23.600000381469727,23.889999389648438,17.719011306762695,2281000,0.0,0.0
2011-06-06,23.899999618530273,24.31999969482422,23.790000915527344,23.799999237060547,17.65226173400879,3142500,0.0,0.0
2011-06-07,23.899999618530273,24.299999237060547,23.860000610351562,23.899999618530273,17.726428985595703,2143600,0.0,0.0
2011-06-08,23.93000030517578,24.260000228881836,23.850000381469727,24.139999389648438,17.90443229675293,2040800,0.0,0.0
2011-06-09,24.1299991607666,24.309999465942383,24.010000228881836,24.100000381469727,17.87476921081543,1890800,0.0,0.0
2011-06-10,24.09000015258789,24.15999984741211,23.739999771118164,23.790000915527344,17.64484405517578,2158500,0.0,0.0
2011-06-13,23.799999237060547,23.829999923706055,23.5,23.6299991607666,17.526168823242188,2288900,0.0,0.0
2011-06-14,23.799999237060547,23.93000030517578,23.530000686645508,23.739999771118164,17.607755661010742,2053800,0.0,0.0
2011-06-15,23.6200008392334,23.770000457763672,22.959999084472656,23.059999465942383,17.103408813476562,3704900,0.0,0.0
2011-06-16,23.1200008392334,23.329999923706055,22.739999771118164,22.969999313354492,17.036649703979492,3670700,0.0,0.0
2011-06-17,23.15999984741211,23.579999923706055,23.049999237060547,23.309999465942383,17.28883171081543,5025400,0.0,0.0
2011-06-20,23.200000762939453,23.649999618530273,23.200000762939453,23.489999771118164,17.422330856323242,2567800,0.0,0.0
2011-06-21,23.649999618530273,23.889999389648438,23.6200008392334,23.719999313354492,17.59292221069336,2494800,0.0,0.0
2011-06-22,23.549999237060547,23.780000686645508,23.3799991607666,23.399999618530273,17.355581283569336,2080000,0.0,0.0
2011-06-23,23.110000610351562,23.260000228881836,22.8700008392334,23.229999542236328,17.22949981689453,2752800,0.0,0.0
2011-06-24,23.219999313354492,23.43000030517578,22.770000457763672,22.799999237060547,16.910564422607422,2707900,0.0,0.0
2011-06-27,22.799999237060547,23.079999923706055,22.799999237060547,23.059999465942383,17.103408813476562,2125700,0.0,0.0
2011-06-28,23.510000228881836,24.040000915527344,23.440000534057617,23.90999984741211,17.733842849731445,3791000,0.0,0.0
2011-06-29,24.15999984741211,24.34000015258789,24.0,24.290000915527344,18.01569366455078,3150400,0.0,0.0
2011-06-30,24.3799991607666,24.639999389648438,24.25,24.579999923706055,18.23077392578125,2285500,0.0,0.0
2011-07-01,24.5,24.889999389648438,24.360000610351562,24.799999237060547,18.39395523071289,1965800,0.0,0.0
2011-07-05,24.809999465942383,24.809999465942383,24.219999313354492,24.219999313354492,17.963769912719727,2703800,0.0,0.0
2011-07-06,24.149999618530273,24.170000076293945,23.93000030517578,24.010000228881836,17.808015823364258,2020500,0.0,0.0
2011-07-07,24.229999542236328,24.270000457763672,23.8700008392334,24.229999542236328,17.971181869506836,3481100,0.0,0.0
2011-07-08,24.010000228881836,24.229999542236328,23.860000610351562,24.200000762939453,17.94893455505371,2866600,0.0,0.0
2011-07-11,23.899999618530273,23.93000030517578,23.309999465942383,23.389999389648438,17.348161697387695,2407100,0.0,0.0
2011-07-12,23.360000610351562,23.90999984741211,23.260000228881836,23.709999084472656,17.585498809814453,3002800,0.0,0.0
2011-07-13,23.84000015258789,24.420000076293945,23.75,23.989999771118164,17.793188095092773,3565700,0.0,0.0
2011-07-14,23.989999771118164,24.600000381469727,23.950000762939453,24.09000015258789,17.867347717285156,3327400,0.0,0.0
2011-07-15,24.190000534057617,24.459999084472656,24.040000915527344,24.299999237060547,18.023107528686523,3011200,0.0,0.0
2011-07-18,24.170000076293945,24.290000915527344,24.059999465942383,24.190000534057617,17.941511154174805,2490300,0.0,0.0
2011-07-19,24.3700008392334,24.799999237060547,24.34000015258789,24.790000915527344,18.38652992248535,2164000,0.0,0.0
2011-07-20,24.799999237060547,24.989999771118164,24.520000457763672,24.56999969482422,18.223363876342773,1681400,0.0,0.0
2011-07-21,24.75,24.969999313354492,24.510000228881836,24.950000762939453,18.505199432373047,1939100,0.0,0.0
2011-07-22,25.010000228881836,25.020000457763672,24.68000030517578,24.75,18.35687255859375,1715800,0.0,0.0
2011-07-25,24.889999389648438,25.65999984741211,24.889999389648438,25.40999984741211,18.846378326416016,2718700,0.0,0.0
2011-07-26,25.329999923706055,25.329999923706055,25.110000610351562,25.170000076293945,18.668373107910156,2027000,0.0,0.0
2011-07-27,25.079999923706055,25.170000076293945,24.84000015258789,25.1200008392334,18.63129234313965,3584700,0.0,0.0
2011-07-28,25.110000610351562,25.219999313354492,24.829999923706055,24.850000381469727,18.431028366088867,1876200,0.0,0.0
2011-07-29,24.6200008392334,24.850000381469727,24.440000534057617,24.520000457763672,18.1862735748291,1942300,0.0,0.0
2011-08-01,24.760000228881836,24.809999465942383,24.229999542236328,24.440000534057617,18.126937866210938,1866200,0.0,0.0
2011-08-02,24.280000686645508,24.469999313354492,23.670000076293945,23.690000534057617,17.570676803588867,3090500,0.0,0.0
2011-08-03,23.690000534057617,23.780000686645508,23.149999618530273,23.65999984741211,17.548416137695312,4389100,0.0,0.0
2011-08-04,23.600000381469727,24.350000381469727,22.139999389648438,22.15999984741211,16.435888290405273,5822900,0.0,0.0
2011-08-05,22.479999542236328,23.030000686645508,21.290000915527344,22.15999984741211,16.435888290405273,7367400,0.0,0.0
2011-08-08,21.649999618530273,22.530000686645508,20.309999465942383,20.350000381469727,15.09342098236084,7984500,0.0,0.0
2011-08-09,20.639999389648438,21.540000915527344,19.979999542236328,21.479999542236328,15.931543350219727,6607000,0.0,0.0
2011-08-10,20.93000030517578,21.5,20.3799991607666,21.020000457763672,15.590359687805176,5836600,0.0,0.0
2011-08-11,21.06999969482422,22.739999771118164,21.020000457763672,22.450000762939453,16.650978088378906,4260200,0.0,0.0
2011-08-12,22.670000076293945,23.010000228881836,22.170000076293945,22.270000457763672,16.517467498779297,2872300,0.0,0.0
2011-08-15,22.43000030517578,22.969999313354492,22.329999923706055,22.8700008392334,16.962478637695312,3288400,0.0,0.0
2011-08-16,22.540000915527344,22.799999237060547,22.229999542236328,22.440000534057617,16.6435604095459,4190900,0.0,0.0
2011-08-17,22.6200008392334,23.040000915527344,22.1299991607666,22.260000228881836,16.510055541992188,2586200,0.0,0.0
2011-08-18,21.780000686645508,21.860000610351562,21.079999923706055,21.790000915527344,16.161460876464844,4254800,0.0,0.0
2011-08-19,21.469999313354492,21.959999084472656,21.34000015258789,21.3799991607666,15.857361793518066,2987900,0.0,0.0
2011-08-22,21.829999923706055,21.93000030517578,21.0,21.190000534057617,15.716445922851562,2972500,0.0,0.0
2011-08-23,21.6299991607666,21.809999465942383,21.299999237060547,21.719999313354492,16.109539031982422,4035300,0.0,0.0
2011-08-24,21.649999618530273,22.34000015258789,21.6299991607666,22.309999465942383,16.547134399414062,2316100,0.0,0.0
2011-08-25,22.389999389648438,22.469999313354492,21.530000686645508,21.59000015258789,16.01312828063965,2488100,0.0,0.0
2011-08-26,21.5,22.059999465942383,21.079999923706055,21.90999984741211,16.250463485717773,2375400,0.0,0.0
2011-08-29,22.09000015258789,22.690000534057617,22.09000015258789,22.639999389648438,16.79189682006836,2168500,0.0,0.0
2011-08-30,22.559999465942383,22.780000686645508,22.34000015258789,22.610000610351562,16.769649505615234,2176700,0.0,0.0
2011-08-31,22.84000015258789,23.559999465942383,22.719999313354492,23.440000534057617,17.38524627685547,3389200,0.0,0.0
2011-09-01,23.389999389648438,23.84000015258789,23.389999389648438,23.549999237060547,17.466835021972656,2758800,0.0,0.0
2011-09-02,23.09000015258789,23.329999923706055,22.84000015258789,23.15999984741211,17.177576065063477,1933100,0.0,0.0
2011-09-06,22.5,22.809999465942383,22.280000686645508,22.799999237060547,16.910564422607422,2636200,0.0,0.0
2011-09-07,23.170000076293945,23.6200008392334,23.110000610351562,23.549999237060547,17.466835021972656,2343200,0.0,0.0
2011-09-08,23.5,24.059999465942383,23.40999984741211,23.540000915527344,17.45941925048828,2227800,0.0,0.0
2011-09-09,23.309999465942383,23.450000762939453,22.6299991607666,22.709999084472656,16.843809127807617,3181100,0.0,0.0
2011-09-12,22.520000457763672,22.959999084472656,22.40999984741211,22.940000534057617,17.0144100189209,1972800,0.0,0.0
2011-09-13,23.100000381469727,23.209999084472656,22.719999313354492,23.18000030517578,17.19241714477539,2071200,0.0,0.0
2011-09-14,23.209999084472656,23.489999771118164,22.75,23.190000534057617,17.199832916259766,2993100,0.0,0.0
2011-09-15,23.350000381469727,23.8799991607666,23.25,23.790000915527344,17.64484405517578,2736900,0.0,0.0
2011-09-16,23.8700008392334,24.1200008392334,23.3700008392334,23.440000534057617,17.38524627685547,4309600,0.0,0.0
2011-09-19,23.0,23.079999923706055,22.739999771118164,22.969999313354492,17.036649703979492,3018300,0.0,0.0
2011-09-20,23.1200008392334,23.6200008392334,22.670000076293945,23.0,17.058910369873047,2778100,0.0,0.0
2011-09-21,23.0,23.100000381469727,22.34000015258789,22.3700008392334,16.59164047241211,4712800,0.0,0.0
2011-09-22,21.770000457763672,21.8799991607666,21.43000030517578,21.700000762939453,16.094707489013672,4878600,0.0,0.0
2011-09-23,21.530000686645508,22.299999237060547,21.510000228881836,21.760000228881836,16.139209747314453,3628200,0.0,0.0
2011-09-26,21.90999984741211,22.1200008392334,21.43000030517578,21.920000076293945,16.25787925720215,2450300,0.0,0.0
2011-09-27,22.3799991607666,22.420000076293945,21.6200008392334,21.700000762939453,16.094707489013672,3685200,0.0,0.0
2011-09-28,21.809999465942383,21.969999313354492,21.190000534057617,21.229999542236328,15.746115684509277,3859200,0.0,0.0
2011-09-29,21.59000015258789,21.780000686645508,21.31999969482422,21.639999389648438,16.050207138061523,2843900,0.0,0.0
2011-09-30,21.3700008392334,21.610000610351562,21.09000015258789,21.209999084472656,15.731283187866211,2856800,0.0,0.0
2011-10-03,21.0,21.139999389648438,19.899999618530273,19.93000030517578,14.781913757324219,3661600,0.0,0.0
2011-10-04,19.520000457763672,19.610000610351562,18.649999618530273,19.56999969482422,14.51490592956543,5400000,0.0,0.0
2011-10-05,19.579999923706055,20.549999237060547,19.43000030517578,20.510000228881836,15.212093353271484,5305700,0.0,0.0
2011-10-06,20.3799991607666,21.110000610351562,20.190000534057617,20.829999923706055,15.449435234069824,3024300,0.0,0.0
2011-10-07,20.920000076293945,20.920000076293945,20.149999618530273,20.399999618530273,15.130510330200195,3148500,0.0,0.0
2011-10-10,20.729999542236328,20.920000076293945,20.639999389648438,20.889999389648438,15.493935585021973,1863600,0.0,0.0
2011-10-11,20.670000076293945,21.040000915527344,20.579999923706055,20.780000686645508,15.412345886230469,2575700,0.0,0.0
2011-10-12,21.0,21.229999542236328,20.690000534057617,20.989999771118164,15.568106651306152,4147200,0.0,0.0
2011-10-13,20.84000015258789,20.950000762939453,20.469999313354492,20.90999984741211,15.508773803710938,2477900,0.0,0.0
2011-10-14,21.170000076293945,21.25,20.969999313354492,21.139999389648438,15.679362297058105,1505100,0.0,0.0
2011-10-17,21.030000686645508,21.15999984741211,20.469999313354492,20.520000457763672,15.219508171081543,2066400,0.0,0.0
2011-10-18,20.579999923706055,21.110000610351562,20.34000015258789,21.030000686645508,15.597770690917969,2876400,0.0,0.0
2011-10-19,21.010000228881836,21.40999984741211,20.790000915527344,20.889999389648438,15.493935585021973,2788900,0.0,0.0
2011-10-20,20.889999389648438,20.989999771118164,20.450000762939453,20.920000076293945,15.516188621520996,2390500,0.0,0.0
2011-10-21,21.15999984741211,21.6299991607666,21.079999923706055,21.43000030517578,15.894453048706055,2043800,0.0,0.0
2011-10-24,21.420000076293945,21.670000076293945,21.209999084472656,21.479999542236328,15.931543350219727,2257700,0.0,0.0
2011-10-25,21.399999618530273,21.399999618530273,20.8799991607666,20.920000076293945,15.516188621520996,1699000,0.0,0.0
2011-10-26,21.200000762939453,21.270000457763672,20.59000015258789,20.809999465942383,15.434599876403809,2337000,0.0,0.0
2011-10-27,21.299999237060547,22.15999984741211,21.260000228881836,21.920000076293945,16.25787925720215,3638700,0.0,0.0
2011-10-28,21.889999389648438,21.920000076293945,21.56999969482422,21.709999084472656,16.102123260498047,2878800,0.0,0.0
2011-10-31,21.43000030517578,21.65999984741211,21.18000030517578,21.420000076293945,15.88703727722168,1975800,0.0,0.0
2011-11-01,20.760000228881836,21.020000457763672,20.420000076293945,20.510000228881836,15.212093353271484,2520500,0.0,0.0
2011-11-02,20.770000457763672,21.110000610351562,20.75,21.0,15.575523376464844,2356700,0.0,0.0
2011-11-03,21.09000015258789,22.459999084472656,20.709999084472656,21.690000534057617,16.087297439575195,3774400,0.0,0.0
2011-11-04,21.5,21.649999618530273,21.309999465942383,21.520000457763672,15.96120834350586,3326000,0.0,0.0
2011-11-07,21.450000762939453,22.100000381469727,21.360000610351562,21.959999084472656,16.28754425048828,3328500,0.0,0.0
2011-11-08,22.059999465942383,22.610000610351562,21.940000534057617,22.56999969482422,16.739978790283203,2384100,0.0,0.0
2011-11-09,21.90999984741211,22.040000915527344,21.559999465942383,21.6200008392334,16.035371780395508,2704100,0.0,0.0
2011-11-10,22.030000686645508,22.1299991607666,21.459999084472656,21.639999389648438,16.050207138061523,2535800,0.0,0.0
2011-11-11,21.979999542236328,22.06999969482422,21.770000457763672,21.90999984741211,16.250463485717773,1573500,0.0,0.0
2011-11-14,21.93000030517578,22.040000915527344,21.520000457763672,21.59000015258789,16.01312828063965,1690900,0.0,0.0
2011-11-15,21.530000686645508,21.639999389648438,21.360000610351562,21.360000610351562,15.84253978729248,2017000,0.0,0.0
2011-11-16,21.190000534057617,21.280000686645508,20.81999969482422,20.8700008392334,15.479105949401855,2783000,0.0,0.0
2011-11-17,20.850000381469727,21.059999465942383,20.479999542236328,20.739999771118164,15.382678985595703,2452500,0.0,0.0
2011-11-18,20.860000610351562,21.010000228881836,20.520000457763672,20.520000457763672,15.219508171081543,3235400,0.0,0.0
2011-11-21,20.290000915527344,20.34000015258789,19.950000762939453,20.15999984741211,14.95250415802002,3165400,0.0,0.0
2011-11-22,20.18000030517578,20.18000030517578,19.780000686645508,19.860000610351562,14.729996681213379,1714000,0.0,0.0
2011-11-23,19.670000076293945,19.690000534057617,18.760000228881836,18.770000457763672,13.921554565429688,3887700,0.0,0.0
2011-11-25,18.809999465942383,19.010000228881836,18.709999084472656,18.709999084472656,13.877043724060059,1996800,0.0,0.0
2011-11-28,19.209999084472656,19.459999084472656,18.790000915527344,19.010000228881836,14.0995512008667,2168400,0.0,0.0
2011-11-29,19.139999389648438,19.170000076293945,18.860000610351562,19.010000228881836,14.0995512008667,2216900,0.0,0.0
2011-11-30,19.5,19.700000762939453,19.280000686645508,19.68000030517578,14.596487045288086,3915300,0.0,0.0
2011-12-01,19.690000534057617,19.850000381469727,19.600000381469727,19.670000076293945,14.58907413482666,2719500,0.0,0.0
2011-12-02,19.81999969482422,19.81999969482422,19.329999923706055,19.3700008392334,14.366565704345703,2961200,0.0,0.0
2011-12-05,19.610000610351562,19.709999084472656,19.31999969482422,19.3799991607666,14.373982429504395,2841300,0.0,0.0
2011-12-06,19.3799991607666,19.469999313354492,19.34000015258789,19.3700008392334,14.366565704345703,2945000,0.0,0.0
2011-12-07,19.219999313354492,19.690000534057617,19.139999389648438,19.530000686645508,14.485238075256348,2900900,0.0,0.0
2011-12-08,19.1200008392334,19.329999923706055,18.56999969482422,18.610000610351562,13.802879333496094,3208000,0.0,0.0
2011-12-09,18.639999389648438,18.979999542236328,18.639999389648438,18.93000030517578,14.040225982666016,3103000,0.0,0.0
2011-12-12,18.75,18.790000915527344,18.15999984741211,18.290000915527344,13.56553840637207,2997300,0.0,0.0
2011-12-13,18.3700008392334,18.8700008392334,18.329999923706055,18.389999389648438,13.639704704284668,3283200,0.0,0.0
2011-12-14,18.270000457763672,18.389999389648438,17.969999313354492,18.0,13.350445747375488,2350300,0.0,0.0
2011-12-15,18.280000686645508,18.440000534057617,18.18000030517578,18.209999084472656,13.506200790405273,2050500,0.0,0.0
2011-12-16,18.309999465942383,18.520000457763672,18.020000457763672,18.309999465942383,13.58036994934082,4341200,0.0,0.0
2011-12-19,18.229999542236328,18.399999618530273,17.469999313354492,17.56999969482422,13.031524658203125,3025600,0.0,0.0
2011-12-20,17.8799991607666,18.68000030517578,17.860000610351562,18.6200008392334,13.810301780700684,3500900,0.0,0.0
2011-12-21,18.6299991607666,18.75,18.31999969482422,18.639999389648438,13.825130462646484,2834200,0.0,0.0
2011-12-22,18.59000015258789,18.75,18.43000030517578,18.65999984741211,13.839963912963867,2176600,0.0,0.0
2011-12-23,18.709999084472656,18.760000228881836,18.469999313354492,18.56999969482422,13.773213386535645,1265000,0.0,0.0
2011-12-27,18.479999542236328,18.719999313354492,18.479999542236328,18.579999923706055,13.780630111694336,1464500,0.0,0.0
2011-12-28,18.59000015258789,18.59000015258789,18.15999984741211,18.170000076293945,13.476532936096191,1352300,0.0,0.0
2011-12-29,18.280000686645508,18.290000915527344,18.06999969482422,18.25,13.535870552062988,1861600,0.0,0.0
2011-12-30,18.290000915527344,18.31999969482422,18.030000686645508,18.1200008392334,13.439448356628418,1598800,0.0,0.0
2012-01-03,18.440000534057617,18.459999084472656,17.889999389648438,17.969999313354492,13.328194618225098,2276800,0.0,0.0
2012-01-04,17.90999984741211,18.030000686645508,17.84000015258789,17.979999542236328,13.335616111755371,1847000,0.0,0.0
2012-01-05,17.959999084472656,18.110000610351562,17.729999542236328,18.049999237060547,13.387532234191895,2152900,0.0,0.0
2012-01-06,18.010000228881836,18.1299991607666,17.670000076293945,17.690000534057617,13.120523452758789,1338000,0.0,0.0
2012-01-09,17.68000030517578,17.700000762939453,17.40999984741211,17.540000915527344,13.00927448272705,2229700,0.0,0.0
2012-01-10,17.780000686645508,18.0,17.56999969482422,17.6299991607666,13.076021194458008,2459500,0.0,0.0
2012-01-11,17.559999465942383,17.600000381469727,17.309999465942383,17.59000015258789,13.046350479125977,2332700,0.0,0.0
2012-01-12,17.700000762939453,17.84000015258789,17.40999984741211,17.6299991607666,13.076021194458008,2176500,0.0,0.0
2012-01-13,17.440000534057617,17.770000457763672,17.40999984741211,17.690000534057617,13.120523452758789,2699600,0.0,0.0
2012-01-17,17.899999618530273,17.940000534057617,17.190000534057617,17.239999771118164,12.786762237548828,2959600,0.0,0.0
2012-01-18,17.309999465942383,17.420000076293945,17.1200008392334,17.239999771118164,12.786762237548828,3143400,0.0,0.0
2012-01-19,17.260000228881836,17.290000915527344,16.31999969482422,16.420000076293945,12.178573608398438,3997200,0.0,0.0
2012-01-20,16.459999084472656,16.510000228881836,16.059999465942383,16.149999618530273,11.97831916809082,5103500,0.0,0.0
2012-01-23,16.219999313354492,17.200000762939453,16.219999313354492,16.6299991607666,12.334327697753906,6858100,0.0,0.0
2012-01-24,16.520000457763672,16.610000610351562,16.239999771118164,16.5,12.237909317016602,4459800,0.0,0.0
2012-01-25,16.440000534057617,17.389999389648438,16.399999618530273,17.329999923706055,12.85351276397705,4008100,0.0,0.0
2012-01-26,17.3700008392334,17.399999618530273,16.920000076293945,17.079999923706055,12.6680908203125,2389800,0.0,0.0
2012-01-27,16.989999771118164,17.0,16.579999923706055,16.68000030517578,12.371416091918945,2928300,0.0,0.0
2012-01-30,16.579999923706055,16.8799991607666,16.479999542236328,16.799999237060547,12.460416793823242,4476500,0.0,0.0
2012-01-31,16.920000076293945,17.100000381469727,16.75,16.8799991607666,12.519754409790039,4984400,0.0,0.0
2012-02-01,16.90999984741211,16.989999771118164,16.700000762939453,16.809999465942383,12.467836380004883,2037800,0.0,0.0
2012-02-02,16.829999923706055,16.920000076293945,16.59000015258789,16.860000610351562,12.504918098449707,2402700,0.0,0.0
2012-02-03,16.989999771118164,17.299999237060547,16.8700008392334,17.260000228881836,12.801593780517578,1697200,0.0,0.0
2012-02-06,17.18000030517578,17.200000762939453,16.850000381469727,16.950000762939453,12.571675300598145,1408500,0.0,0.0
2012-02-07,16.950000762939453,17.15999984741211,16.719999313354492,17.1200008392334,12.697758674621582,2316000,0.0,0.0
2012-02-08,17.100000381469727,17.229999542236328,16.979999542236328,17.1200008392334,12.697758674621582,2165000,0.0,0.0
2012-02-09,17.110000610351562,17.18000030517578,16.84000015258789,17.079999923706055,12.6680908203125,1424300,0.0,0.0
2012-02-10,16.950000762939453,17.34000015258789,16.700000762939453,17.31999969482422,12.846097946166992,2161500,0.0,0.0
2012-02-13,17.459999084472656,17.670000076293945,17.0,17.079999923706055,12.6680908203125,1937700,0.0,0.0
2012-02-14,16.969999313354492,17.100000381469727,16.65999984741211,17.049999237060547,12.645837783813477,2171000,0.0,0.0
2012-02-15,17.059999465942383,17.200000762939453,16.90999984741211,16.93000030517578,12.556836128234863,1993200,0.0,0.0
2012-02-16,16.989999771118164,17.399999618530273,16.729999542236328,17.34000015258789,12.860929489135742,2435700,0.0,0.0
2012-02-17,17.440000534057617,17.549999237060547,17.309999465942383,17.5,12.979601860046387,3604100,0.0,0.0
2012-02-21,17.610000610351562,17.8799991607666,17.5,17.770000457763672,13.179861068725586,2258300,0.0,0.0
2012-02-22,17.799999237060547,17.81999969482422,17.489999771118164,17.549999237060547,13.01668643951416,1408200,0.0,0.0
2012-02-23,17.540000915527344,17.760000228881836,17.399999618530273,17.739999771118164,13.157608985900879,1372900,0.0,0.0
2012-02-24,17.75,17.989999771118164,17.65999984741211,17.850000381469727,13.2391939163208,1387200,0.0,0.0
2012-02-27,17.780000686645508,17.790000915527344,17.549999237060547,17.600000381469727,13.053770065307617,1984100,0.0,0.0
2012-02-28,17.489999771118164,17.65999984741211,17.0,17.549999237060547,13.01668643951416,4885800,0.0,0.0
2012-02-29,17.469999313354492,17.469999313354492,16.770000457763672,17.100000381469727,12.682928085327148,7202200,0.0,0.0
2012-03-01,17.209999084472656,17.399999618530273,17.100000381469727,17.200000762939453,12.757098197937012,4323400,0.0,0.0
2012-03-02,17.270000457763672,17.5,17.200000762939453,17.290000915527344,12.823845863342285,6891000,0.0,0.0
2012-03-05,17.260000228881836,17.309999465942383,17.010000228881836,17.190000534057617,12.749679565429688,2778400,0.0,0.0
2012-03-06,17.0,17.149999618530273,16.670000076293945,16.719999313354492,12.401082992553711,2438600,0.0,0.0
2012-03-07,16.760000228881836,16.780000686645508,16.549999237060547,16.6200008392334,12.326916694641113,3211000,0.0,0.0
2012-03-08,16.770000457763672,16.860000610351562,16.600000381469727,16.690000534057617,12.378830909729004,2428000,0.0,0.0
2012-03-09,16.809999465942383,16.8700008392334,16.639999389648438,16.729999542236328,12.408499717712402,2364300,0.0,0.0
2012-03-12,16.739999771118164,16.829999923706055,16.420000076293945,16.479999542236328,12.223078727722168,2105100,0.0,0.0
2012-03-13,16.530000686645508,16.729999542236328,16.450000762939453,16.719999313354492,12.401082992553711,3433300,0.0,0.0
2012-03-14,16.729999542236328,16.899999618530273,16.540000915527344,16.600000381469727,12.312078475952148,2963200,0.0,0.0
2012-03-15,16.59000015258789,16.6299991607666,16.270000457763672,16.40999984741211,12.171158790588379,2500800,0.0,0.0
2012-03-16,16.329999923706055,16.770000457763672,16.299999237060547,16.770000457763672,12.438172340393066,4881300,0.0,0.0
2012-03-19,16.729999542236328,16.780000686645508,16.389999389648438,16.40999984741211,12.171158790588379,2294200,0.0,0.0
2012-03-20,16.3700008392334,16.520000457763672,16.149999618530273,16.479999542236328,12.223078727722168,4235500,0.0,0.0
2012-03-21,16.510000228881836,16.989999771118164,16.420000076293945,16.920000076293945,12.549419403076172,5313000,0.0,0.0
2012-03-22,16.790000915527344,16.81999969482422,16.459999084472656,16.649999618530273,12.34916877746582,3020900,0.0,0.0
2012-03-23,16.610000610351562,16.889999389648438,16.549999237060547,16.709999084472656,12.393665313720703,2260300,0.0,0.0
2012-03-26,16.8700008392334,16.959999084472656,16.34000015258789,16.579999923706055,12.297247886657715,2787700,0.0,0.0
2012-03-27,16.6299991607666,16.709999084472656,16.329999923706055,16.5,12.237909317016602,2188800,0.0,0.0
2012-03-28,16.510000228881836,16.559999465942383,16.059999465942383,16.110000610351562,11.948650360107422,2041800,0.0,0.0
2012-03-29,16.040000915527344,16.079999923706055,15.529999732971191,15.739999771118164,11.674225807189941,4795400,0.0,0.0
2012-03-30,15.850000381469727,15.850000381469727,15.630000114440918,15.670000076293945,11.62230396270752,3221300,0.0,0.0
2012-04-02,15.65999984741211,15.6899995803833,15.430000305175781,15.600000381469727,11.570387840270996,2452100,0.0,0.0
2012-04-03,15.5600004196167,15.65999984741211,15.25,15.5,11.496216773986816,2765100,0.0,0.0
2012-04-04,15.579999923706055,15.779999732971191,15.460000038146973,15.550000190734863,11.533305168151855,3978700,0.0,0.0
2012-04-05,15.479999542236328,15.550000190734863,15.09000015258789,15.180000305175781,11.258879661560059,2183400,0.0,0.0
2012-04-09,15.0,15.0600004196167,14.800000190734863,14.859999656677246,11.02153491973877,2585000,0.0,0.0
2012-04-10,14.84000015258789,14.9399995803833,14.539999961853027,14.619999885559082,10.843528747558594,2727400,0.0,0.0
2012-04-11,14.789999961853027,14.869999885559082,14.59000015258789,14.649999618530273,10.86578369140625,3656300,0.0,0.0
2012-04-12,14.640000343322754,14.869999885559082,14.539999961853027,14.739999771118164,10.93253231048584,4237100,0.0,0.0
2012-04-13,14.670000076293945,14.84000015258789,14.489999771118164,14.579999923706055,10.813862800598145,3227800,0.0,0.0
2012-04-16,14.65999984741211,14.760000228881836,14.289999961853027,14.34000015258789,10.635857582092285,4113300,0.0,0.0
2012-04-17,14.75,15.25,14.600000381469727,15.029999732971191,11.147625923156738,5352300,0.0,0.0
2012-04-18,15.010000228881836,15.170000076293945,14.850000381469727,14.970000267028809,11.103123664855957,5188900,0.0,0.0
2012-04-19,14.920000076293945,15.100000381469727,14.75,15.0600004196167,11.16987419128418,4052100,0.0,0.0
2012-04-20,15.100000381469727,15.4399995803833,15.0600004196167,15.390000343322754,11.414633750915527,3564700,0.0,0.0
2012-04-23,15.239999771118164,15.4399995803833,15.170000076293945,15.350000381469727,11.384964942932129,2905900,0.0,0.0
2012-04-24,15.350000381469727,16.040000915527344,15.34000015258789,15.899999618530273,11.792896270751953,4625500,0.0,0.0
2012-04-25,16.040000915527344,16.469999313354492,15.920000076293945,16.360000610351562,12.134071350097656,5003300,0.0,0.0
2012-04-26,16.360000610351562,16.719999313354492,16.25,16.690000534057617,12.378830909729004,4725100,0.0,0.0
2012-04-27,16.709999084472656,16.8799991607666,16.399999618530273,16.6299991607666,12.334327697753906,3034200,0.0,0.0
2012-04-30,16.549999237060547,17.030000686645508,16.5,17.0,12.608758926391602,3010900,0.0,0.0
2012-05-01,16.93000030517578,17.059999465942383,16.829999923706055,16.969999313354492,12.586506843566895,3911100,0.0,0.0
2012-05-02,16.920000076293945,16.920000076293945,16.549999237060547,16.610000610351562,12.319497108459473,3449800,0.0,0.0
2012-05-03,16.030000686645508,16.489999771118164,15.600000381469727,16.209999084472656,12.022818565368652,5639800,0.0,0.0
2012-05-04,16.139999389648438,16.15999984741211,15.15999984741211,15.470000267028809,11.47397232055664,8025800,0.0,0.0
2012-05-07,15.460000038146973,15.729999542236328,15.329999923706055,15.489999771118164,11.48880386352539,3961400,0.0,0.0
2012-05-08,15.380000114440918,15.420000076293945,14.949999809265137,15.15999984741211,11.244044303894043,4925000,0.0,0.0
2012-05-09,15.0,15.5600004196167,14.8100004196167,15.420000076293945,11.436882972717285,4319900,0.0,0.0
2012-05-10,15.6899995803833,16.280000686645508,15.65999984741211,16.1299991607666,11.963482856750488,6104900,0.0,0.0
2012-05-11,16.049999237060547,16.459999084472656,16.0,16.290000915527344,12.082155227661133,4138900,0.0,0.0
2012-05-14,16.1200008392334,16.290000915527344,16.010000228881836,16.06999969482422,11.918985366821289,3952100,0.0,0.0
2012-05-15,16.010000228881836,16.149999618530273,15.619999885559082,15.720000267028809,11.659392356872559,2952400,0.0,0.0
2012-05-16,15.770000457763672,16.049999237060547,15.770000457763672,15.770000457763672,11.696477890014648,3610200,0.0,0.0
2012-05-17,15.779999732971191,15.979999542236328,15.5,15.619999885559082,11.585223197937012,4130300,0.0,0.0
2012-05-18,15.65999984741211,15.760000228881836,15.319999694824219,15.4399995803833,11.451716423034668,3055300,0.0,0.0
2012-05-21,15.489999771118164,15.789999961853027,15.359999656677246,15.760000228881836,11.689056396484375,2699200,0.0,0.0
2012-05-22,15.739999771118164,16.0,15.670000076293945,15.84000015258789,11.748396873474121,3116800,0.0,0.0
2012-05-23,15.710000038146973,15.829999923706055,15.270000457763672,15.670000076293945,11.62230396270752,3521300,0.0,0.0
2012-05-24,15.720000267028809,15.829999923706055,15.539999961853027,15.6899995803833,11.637142181396484,2194500,0.0,0.0
2012-05-25,15.729999542236328,15.899999618530273,15.59000015258789,15.640000343322754,11.600055694580078,1999800,0.0,0.0
2012-05-29,15.75,15.869999885559082,15.600000381469727,15.720000267028809,11.659392356872559,1492100,0.0,0.0
2012-05-30,15.569999694824219,15.640000343322754,15.210000038146973,15.319999694824219,11.362711906433105,2153100,0.0,0.0
2012-05-31,15.369999885559082,15.470000267028809,15.039999961853027,15.319999694824219,11.362711906433105,2633500,0.0,0.0
2012-06-01,15.079999923706055,15.119999885559082,14.819999694824219,14.84000015258789,11.00670337677002,2770000,0.0,0.0
2012-06-04,14.890000343322754,15.149999618530273,14.649999618530273,15.140000343322754,11.22921085357666,3730400,0.0,0.0
2012-06-05,15.0600004196167,15.600000381469727,15.0600004196167,15.489999771118164,11.48880386352539,2397100,0.0,0.0
2012-06-06,15.609999656677246,16.09000015258789,15.5600004196167,16.06999969482422,11.918985366821289,3415600,0.0,0.0
2012-06-07,16.209999084472656,16.299999237060547,15.739999771118164,15.819999694824219,11.733561515808105,2602200,0.0,0.0
2012-06-08,15.779999732971191,16.010000228881836,15.649999618530273,15.930000305175781,11.815147399902344,3157000,0.0,0.0
2012-06-11,16.100000381469727,16.280000686645508,15.239999771118164,15.239999771118164,11.303380012512207,4430600,0.0,0.0
2012-06-12,15.270000457763672,15.329999923706055,14.9399995803833,15.300000190734863,11.347881317138672,4145000,0.0,0.0
2012-06-13,15.260000228881836,15.260000228881836,14.9399995803833,15.029999732971191,11.147625923156738,3944400,0.0,0.0
2012-06-14,15.069999694824219,15.25,14.829999923706055,15.09000015258789,11.19212532043457,5443900,0.0,0.0
2012-06-15,15.149999618530273,15.149999618530273,14.6899995803833,15.020000457763672,11.140206336975098,4136900,0.0,0.0
2012-06-18,14.90999984741211,15.220000267028809,14.859999656677246,15.210000038146973,11.281126976013184,3473500,0.0,0.0
2012-06-19,15.260000228881836,15.869999885559082,15.260000228881836,15.84000015258789,11.748396873474121,3586000,0.0,0.0
2012-06-20,15.869999885559082,15.979999542236328,15.699999809265137,15.8100004196167,11.72614574432373,4410700,0.0,0.0
2012-06-21,15.850000381469727,15.890000343322754,15.220000267028809,15.260000228881836,11.318214416503906,3020500,0.0,0.0
2012-06-22,15.359999656677246,15.729999542236328,15.180000305175781,15.609999656677246,11.577803611755371,3489600,0.0,0.0
2012-06-25,15.489999771118164,15.619999885559082,15.260000228881836,15.5,11.496216773986816,2635700,0.0,0.0
2012-06-26,15.510000228881836,15.699999809265137,15.329999923706055,15.609999656677246,11.577803611755371,3272200,0.0,0.0
2012-06-27,15.710000038146973,16.6299991607666,15.65999984741211,16.549999237060547,12.274996757507324,4243600,0.0,0.0
2012-06-28,16.40999984741211,16.860000610351562,16.299999237060547,16.829999923706055,12.482666969299316,4828900,0.0,0.0
2012-06-29,17.15999984741211,17.489999771118164,17.010000228881836,17.360000610351562,12.875765800476074,5424900,0.0,0.0
2012-07-02,17.440000534057617,17.479999542236328,17.15999984741211,17.260000228881836,12.801593780517578,2792300,0.0,0.0
2012-07-03,17.290000915527344,17.700000762939453,17.270000457763672,17.670000076293945,13.105692863464355,2141100,0.0,0.0
2012-07-05,17.559999465942383,17.6299991607666,17.260000228881836,17.309999465942383,12.8386812210083,2858200,0.0,0.0
2012-07-06,17.09000015258789,17.530000686645508,16.93000030517578,17.139999389648438,12.712594032287598,3192200,0.0,0.0
2012-07-09,17.079999923706055,17.209999084472656,16.850000381469727,16.950000762939453,12.571675300598145,2382700,0.0,0.0
2012-07-10,17.100000381469727,17.100000381469727,16.65999984741211,16.829999923706055,12.482666969299316,2200100,0.0,0.0
2012-07-11,16.809999465942383,17.170000076293945,16.770000457763672,17.100000381469727,12.682928085327148,2358000,0.0,0.0
2012-07-12,16.979999542236328,17.309999465942383,16.889999389648438,17.229999542236328,12.779350280761719,2516900,0.0,0.0
2012-07-13,17.309999465942383,17.700000762939453,17.270000457763672,17.600000381469727,13.053770065307617,2380700,0.0,0.0
2012-07-16,17.649999618530273,17.649999618530273,17.299999237060547,17.459999084472656,12.949934959411621,2361800,0.0,0.0
2012-07-17,17.549999237060547,17.690000534057617,17.420000076293945,17.489999771118164,12.972186088562012,2890900,0.0,0.0
2012-07-18,17.469999313354492,17.979999542236328,17.399999618530273,17.93000030517578,13.298528671264648,2899600,0.0,0.0
2012-07-19,17.920000076293945,18.139999389648438,17.75,18.100000381469727,13.424615859985352,3568900,0.0,0.0
2012-07-20,17.969999313354492,18.350000381469727,17.920000076293945,18.049999237060547,13.387532234191895,2248600,0.0,0.0
2012-07-23,20.0,20.1200008392334,19.219999313354492,19.520000457763672,14.477818489074707,22075200,0.0,0.0
2012-07-24,19.489999771118164,19.489999771118164,18.559999465942383,18.75,13.90671443939209,11366900,0.0,0.0
2012-07-25,18.850000381469727,19.15999984741211,18.760000228881836,19.020000457763672,14.10697078704834,5615100,0.0,0.0
2012-07-26,19.260000228881836,19.68000030517578,18.979999542236328,19.600000381469727,14.537152290344238,5721200,0.0,0.0
2012-07-27,19.670000076293945,19.8700008392334,19.420000076293945,19.780000686645508,14.670663833618164,4791400,0.0,0.0
2012-07-30,19.700000762939453,19.889999389648438,19.639999389648438,19.889999389648438,14.819673538208008,3877000,0.09,0.0
2012-07-31,19.809999465942383,19.959999084472656,19.709999084472656,19.81999969482422,14.767520904541016,4179600,0.0,0.0
2012-08-01,19.829999923706055,20.010000228881836,19.6200008392334,19.75,14.715365409851074,4216000,0.0,0.0
2012-08-02,19.549999237060547,19.690000534057617,18.829999923706055,19.09000015258789,14.223613739013672,6949600,0.0,0.0
2012-08-03,19.3799991607666,19.600000381469727,19.18000030517578,19.40999984741211,14.462034225463867,3618900,0.0,0.0
2012-08-06,19.5,19.739999771118164,19.389999389648438,19.59000015258789,14.59615707397461,2366800,0.0,0.0
2012-08-07,19.610000610351562,19.989999771118164,19.510000228881836,19.540000915527344,14.558897018432617,4155700,0.0,0.0
2012-08-08,19.809999465942383,20.299999237060547,19.670000076293945,20.239999771118164,15.080451965332031,5796100,0.0,0.0
2012-08-09,20.170000076293945,21.059999465942383,20.149999618530273,20.8799991607666,15.55729866027832,8100400,0.0,0.0
2012-08-10,20.81999969482422,20.889999389648438,20.469999313354492,20.860000610351562,15.542405128479004,3442000,0.0,0.0
2012-08-13,20.829999923706055,20.8799991607666,20.5,20.670000076293945,15.400839805603027,2003600,0.0,0.0
2012-08-14,20.709999084472656,20.90999984741211,20.540000915527344,20.90999984741211,15.57966423034668,2643200,0.0,0.0
2012-08-15,20.850000381469727,20.959999084472656,20.6299991607666,20.8700008392334,15.549857139587402,2453600,0.0,0.0
2012-08-16,20.959999084472656,21.09000015258789,20.81999969482422,20.989999771118164,15.639267921447754,3184900,0.0,0.0
2012-08-17,21.0,21.81999969482422,20.899999618530273,21.540000915527344,16.049060821533203,5669800,0.0,0.0
2012-08-20,21.549999237060547,22.290000915527344,21.389999389648438,22.260000228881836,16.58552360534668,6723400,0.0,0.0
2012-08-21,22.260000228881836,22.920000076293945,21.690000534057617,21.850000381469727,16.280038833618164,7496800,0.0,0.0
2012-08-22,21.75,21.899999618530273,21.420000076293945,21.479999542236328,16.00435447692871,5016400,0.0,0.0
2012-08-23,21.5,21.520000457763672,20.989999771118164,21.209999084472656,15.803178787231445,4758300,0.0,0.0
2012-08-24,21.18000030517578,21.25,21.030000686645508,21.18000030517578,15.78082275390625,3077800,0.0,0.0
2012-08-27,21.239999771118164,21.329999923706055,21.010000228881836,21.200000762939453,15.795737266540527,2741700,0.0,0.0
2012-08-28,21.139999389648438,21.309999465942383,21.09000015258789,21.15999984741211,15.765928268432617,2841000,0.0,0.0
2012-08-29,21.170000076293945,21.270000457763672,21.1299991607666,21.200000762939453,15.795737266540527,3040500,0.0,0.0
2012-08-30,21.049999237060547,21.260000228881836,20.989999771118164,21.209999084472656,15.803178787231445,3288400,0.0,0.0
2012-08-31,21.299999237060547,21.389999389648438,21.170000076293945,21.34000015258789,15.900043487548828,2622600,0.0,0.0
2012-09-04,21.299999237060547,21.600000381469727,21.079999923706055,21.530000686645508,16.041606903076172,3347100,0.0,0.0
2012-09-05,21.510000228881836,21.530000686645508,21.25,21.360000610351562,15.914942741394043,3612500,0.0,0.0
2012-09-06,21.450000762939453,22.360000610351562,21.3799991607666,22.329999923706055,16.637676239013672,8270200,0.0,0.0
2012-09-07,22.270000457763672,22.290000915527344,21.360000610351562,21.780000686645508,16.227882385253906,5547000,0.0,0.0
2012-09-10,22.110000610351562,22.290000915527344,21.93000030517578,21.959999084472656,16.361988067626953,3654000,0.0,0.0
2012-09-11,21.959999084472656,22.350000381469727,21.790000915527344,22.309999465942383,16.622770309448242,5326800,0.0,0.0
2012-09-12,22.309999465942383,22.40999984741211,22.049999237060547,22.34000015258789,16.64512062072754,5117300,0.0,0.0
2012-09-13,22.3700008392334,22.3700008392334,21.420000076293945,21.799999237060547,16.242778778076172,8500000,0.0,0.0
2012-09-14,21.799999237060547,22.25,21.770000457763672,22.100000381469727,16.466297149658203,4018400,0.0,0.0
2012-09-17,22.059999465942383,22.15999984741211,21.709999084472656,21.770000457763672,16.220426559448242,3400100,0.0,0.0
2012-09-18,21.40999984741211,21.690000534057617,21.3799991607666,21.450000762939453,15.982000350952148,3770300,0.0,0.0
2012-09-19,21.5,21.600000381469727,21.309999465942383,21.450000762939453,15.982000350952148,4486000,0.0,0.0
2012-09-20,21.40999984741211,21.6299991607666,21.270000457763672,21.479999542236328,16.00435447692871,4048600,0.0,0.0
2012-09-21,21.559999465942383,21.90999984741211,21.530000686645508,21.889999389648438,16.309839248657227,8862300,0.0,0.0
2012-09-24,21.809999465942383,22.139999389648438,21.770000457763672,22.020000457763672,16.40670394897461,3681600,0.0,0.0
2012-09-25,22.059999465942383,22.15999984741211,21.670000076293945,21.719999313354492,16.18317222595215,4991300,0.0,0.0
2012-09-26,21.760000228881836,21.799999237060547,21.25,21.399999618530273,15.94474983215332,3841200,0.0,0.0
2012-09-27,21.420000076293945,21.8799991607666,21.40999984741211,21.579999923706055,16.0788631439209,4463500,0.0,0.0
2012-09-28,21.530000686645508,21.709999084472656,21.06999969482422,21.389999389648438,15.937296867370605,5451800,0.0,0.0
2012-10-01,21.360000610351562,21.920000076293945,21.360000610351562,21.6299991607666,16.116121292114258,3679700,0.0,0.0
2012-10-02,21.780000686645508,21.90999984741211,21.6200008392334,21.860000610351562,16.287487030029297,3598500,0.0,0.0
2012-10-03,21.93000030517578,22.530000686645508,21.899999618530273,22.18000030517578,16.525911331176758,5534700,0.0,0.0
2012-10-04,22.260000228881836,22.670000076293945,22.170000076293945,22.6200008392334,16.853750228881836,2906900,0.0,0.0
2012-10-05,22.690000534057617,22.920000076293945,22.40999984741211,22.760000228881836,16.95806312561035,2737900,0.0,0.0
2012-10-08,22.649999618530273,22.950000762939453,22.549999237060547,22.950000762939453,17.099626541137695,2955200,0.0,0.0
2012-10-09,22.8799991607666,23.5,22.8799991607666,23.09000015258789,17.203933715820312,4599600,0.0,0.0
2012-10-10,23.110000610351562,23.200000762939453,22.8700008392334,23.020000457763672,17.151784896850586,2719600,0.0,0.0
2012-10-11,23.170000076293945,23.780000686645508,23.100000381469727,23.649999618530273,17.621185302734375,4204700,0.0,0.0
2012-10-12,23.719999313354492,23.75,22.989999771118164,23.020000457763672,17.151784896850586,2870300,0.0,0.0
2012-10-15,23.1200008392334,23.299999237060547,22.799999237060547,23.270000457763672,17.338048934936523,3190600,0.0,0.0
2012-10-16,23.190000534057617,23.3700008392334,22.790000915527344,23.229999542236328,17.30824089050293,3970000,0.0,0.0
2012-10-17,23.40999984741211,23.5,23.170000076293945,23.440000534057617,17.4647159576416,3040300,0.0,0.0
2012-10-18,23.309999465942383,23.719999313354492,23.239999771118164,23.270000457763672,17.338048934936523,5100000,0.0,0.0
2012-10-19,23.200000762939453,23.3799991607666,23.149999618530273,23.280000686645508,17.345500946044922,2934700,0.0,0.0
2012-10-22,23.290000915527344,23.5,22.899999618530273,23.020000457763672,17.151784896850586,4644800,0.0,0.0
2012-10-23,22.65999984741211,22.739999771118164,21.770000457763672,22.399999618530273,16.68983268737793,6480700,0.0,0.0
2012-10-24,22.549999237060547,22.8799991607666,22.34000015258789,22.520000457763672,16.779239654541016,4016000,0.0,0.0
2012-10-25,22.649999618530273,22.760000228881836,22.059999465942383,22.25,16.57806396484375,3352700,0.0,0.0
2012-10-26,22.520000457763672,22.59000015258789,21.809999465942383,21.940000534057617,16.347089767456055,6331900,0.0,0.0
2012-10-31,22.06999969482422,22.239999771118164,21.479999542236328,21.559999465942383,16.130128860473633,4119900,0.09,0.0
2012-11-01,21.389999389648438,21.809999465942383,21.34000015258789,21.549999237060547,16.122648239135742,5284600,0.0,0.0
2012-11-02,21.540000915527344,21.719999313354492,21.18000030517578,21.209999084472656,15.86827278137207,3472700,0.0,0.0
2012-11-05,21.559999465942383,21.639999389648438,20.959999084472656,21.0,15.711164474487305,3385100,0.0,0.0
2012-11-06,21.170000076293945,21.829999923706055,21.1299991607666,21.290000915527344,15.928129196166992,3905300,0.0,0.0
2012-11-07,21.110000610351562,21.139999389648438,20.56999969482422,20.790000915527344,15.554051399230957,6315300,0.0,0.0
2012-11-08,20.829999923706055,21.059999465942383,20.6200008392334,20.6200008392334,15.426865577697754,2875600,0.0,0.0
2012-11-09,20.559999465942383,21.030000686645508,20.43000030517578,20.530000686645508,15.359538078308105,6263700,0.0,0.0
2012-11-12,20.34000015258789,21.0,20.030000686645508,20.209999084472656,15.120119094848633,4458800,0.0,0.0
2012-11-13,20.06999969482422,20.190000534057617,19.6200008392334,19.670000076293945,14.716119766235352,7952900,0.0,0.0
2012-11-14,19.520000457763672,19.739999771118164,19.34000015258789,19.420000076293945,14.529077529907227,5848100,0.0,0.0
2012-11-15,19.479999542236328,19.65999984741211,19.149999618530273,19.59000015258789,14.656277656555176,3112900,0.0,0.0
2012-11-16,19.6299991607666,19.889999389648438,19.280000686645508,19.780000686645508,14.798421859741211,4193600,0.0,0.0
2012-11-19,19.950000762939453,19.950000762939453,19.489999771118164,19.75,14.775973320007324,4525600,0.0,0.0
2012-11-20,19.649999618530273,19.829999923706055,19.3799991607666,19.809999465942383,14.82086181640625,4713400,0.0,0.0
2012-11-21,19.920000076293945,20.059999465942383,19.739999771118164,19.979999542236328,14.94804859161377,2459100,0.0,0.0
2012-11-23,19.959999084472656,20.079999923706055,19.719999313354492,19.950000762939453,14.925607681274414,1194000,0.0,0.0
2012-11-26,19.850000381469727,20.219999313354492,19.68000030517578,20.209999084472656,15.120119094848633,3037100,0.0,0.0
2012-11-27,20.1299991607666,20.799999237060547,19.93000030517578,20.670000076293945,15.464274406433105,6130000,0.0,0.0
2012-11-28,20.530000686645508,20.829999923706055,20.260000228881836,20.799999237060547,15.561543464660645,2497500,0.0,0.0
2012-11-29,20.959999084472656,21.139999389648438,20.719999313354492,21.020000457763672,15.726130485534668,3239700,0.0,0.0
2012-11-30,21.06999969482422,21.360000610351562,20.899999618530273,21.100000381469727,15.785980224609375,4807400,0.0,0.0
2012-12-03,21.190000534057617,21.229999542236328,20.829999923706055,21.1299991607666,15.808417320251465,4665100,0.0,0.0
2012-12-04,21.1200008392334,21.350000381469727,21.06999969482422,21.219999313354492,15.875758171081543,2915500,0.0,0.0
2012-12-05,21.209999084472656,21.81999969482422,21.079999923706055,21.729999542236328,16.25731658935547,4394700,0.0,0.0
2012-12-06,21.729999542236328,22.1299991607666,21.729999542236328,21.920000076293945,16.39946174621582,4146100,0.0,0.0
2012-12-07,21.950000762939453,22.06999969482422,21.75,21.8799991607666,16.36954116821289,2862300,0.0,0.0
2012-12-10,21.850000381469727,22.459999084472656,21.719999313354492,22.18000030517578,16.5939884185791,4174800,0.0,0.0
2012-12-11,22.239999771118164,22.579999923706055,22.170000076293945,22.440000534057617,16.788501739501953,4346500,0.0,0.0
2012-12-12,22.459999084472656,22.760000228881836,22.15999984741211,22.579999923706055,16.89324378967285,4285100,0.0,0.0
2012-12-13,22.489999771118164,22.8799991607666,22.3799991607666,22.739999771118164,17.012943267822266,5647800,0.0,0.0
2012-12-14,22.770000457763672,23.540000915527344,22.75,23.0,17.20746612548828,21036400,0.0,0.0
2012-12-17,23.209999084472656,23.5,23.170000076293945,23.450000762939453,17.544132232666016,22932900,0.0,0.0
2012-12-18,23.5,23.739999771118164,23.110000610351562,23.110000610351562,17.28976821899414,9708800,0.0,0.0
2012-12-19,23.09000015258789,23.1299991607666,22.270000457763672,22.780000686645508,17.042871475219727,12900300,0.0,0.0
2012-12-20,22.8799991607666,23.209999084472656,22.790000915527344,23.190000534057617,17.349611282348633,4283000,0.0,0.0
2012-12-21,22.959999084472656,23.020000457763672,22.549999237060547,22.8700008392334,17.110206604003906,6840400,0.0,0.0
2012-12-24,22.84000015258789,22.8799991607666,22.530000686645508,22.760000228881836,17.027915954589844,1584600,0.0,0.0
2012-12-26,22.780000686645508,22.940000534057617,22.559999465942383,22.600000381469727,16.9082088470459,2730300,0.0,0.0
2012-12-27,22.59000015258789,22.979999542236328,22.479999542236328,22.93000030517578,17.15510368347168,3383400,0.0,0.0
2012-12-28,22.84000015258789,22.979999542236328,22.56999969482422,22.59000015258789,16.900720596313477,2227900,0.0,0.0
2012-12-31,22.530000686645508,23.030000686645508,22.3799991607666,22.989999771118164,17.199974060058594,3078800,0.0,0.0
2013-01-02,23.3799991607666,23.399999618530273,22.6200008392334,22.899999618530273,17.13265037536621,7480100,0.0,0.0
2013-01-03,22.84000015258789,23.09000015258789,22.639999389648438,22.959999084472656,17.177539825439453,5812000,0.0,0.0
2013-01-04,23.030000686645508,23.350000381469727,22.860000610351562,23.18000030517578,17.342130661010742,2875900,0.0,0.0
2013-01-07,23.110000610351562,23.18000030517578,22.639999389648438,22.68000030517578,16.96805763244629,4264200,0.0,0.0
2013-01-08,22.639999389648438,22.8799991607666,22.600000381469727,22.8799991607666,17.11768341064453,6008200,0.0,0.0
2013-01-09,22.940000534057617,23.0,22.719999313354492,22.799999237060547,17.05783462524414,3153500,0.0,0.0
2013-01-10,22.860000610351562,23.15999984741211,22.65999984741211,23.139999389648438,17.312204360961914,2782300,0.0,0.0
2013-01-11,23.6200008392334,23.809999465942383,23.360000610351562,23.559999465942383,17.62643051147461,3965500,0.0,0.0
2013-01-14,23.5,23.540000915527344,23.149999618530273,23.200000762939453,17.357097625732422,3481700,0.0,0.0
2013-01-15,23.030000686645508,23.729999542236328,23.030000686645508,23.420000076293945,17.52168846130371,4434100,0.0,0.0
2013-01-16,23.34000015258789,23.389999389648438,23.170000076293945,23.260000228881836,17.40199089050293,3215700,0.0,0.0
2013-01-17,23.43000030517578,23.760000228881836,23.360000610351562,23.68000030517578,17.71621322631836,3535100,0.0,0.0
2013-01-18,23.729999542236328,23.889999389648438,23.3799991607666,23.889999389648438,17.873313903808594,3279000,0.0,0.0
2013-01-22,23.81999969482422,24.270000457763672,23.690000534057617,23.920000076293945,17.895771026611328,4817600,0.0,0.0
2013-01-23,23.8799991607666,23.899999618530273,23.600000381469727,23.8799991607666,17.8658390045166,3558300,0.0,0.0
2013-01-24,23.860000610351562,24.079999923706055,23.6200008392334,23.670000076293945,17.708721160888672,3325300,0.0,0.0
2013-01-25,23.799999237060547,23.81999969482422,23.479999542236328,23.59000015258789,17.648874282836914,2862100,0.0,0.0
2013-01-28,23.56999969482422,23.6200008392334,23.200000762939453,23.579999923706055,17.64139175415039,3746800,0.0,0.0
2013-01-29,23.520000457763672,23.93000030517578,23.450000762939453,23.8799991607666,17.8658390045166,4177900,0.0,0.0
2013-01-30,23.649999618530273,23.950000762939453,23.59000015258789,23.860000610351562,17.918407440185547,2358600,0.09,0.0
2013-01-31,23.809999465942383,24.139999389648438,23.790000915527344,24.0,18.023542404174805,3513100,0.0,0.0
2013-02-01,24.239999771118164,24.239999771118164,23.940000534057617,24.049999237060547,18.061100006103516,2100200,0.0,0.0
2013-02-04,23.959999084472656,24.0,23.610000610351562,23.649999618530273,17.760696411132812,1686000,0.0,0.0
2013-02-05,23.709999084472656,23.829999923706055,23.59000015258789,23.719999313354492,17.81326675415039,1763300,0.0,0.0
2013-02-06,23.56999969482422,24.290000915527344,23.530000686645508,24.270000457763672,18.226308822631836,3544000,0.0,0.0
2013-02-07,24.299999237060547,24.360000610351562,24.059999465942383,24.15999984741211,18.143707275390625,4279900,0.0,0.0
2013-02-08,24.139999389648438,24.190000534057617,23.920000076293945,24.1299991607666,18.121171951293945,1400500,0.0,0.0
2013-02-11,24.040000915527344,24.190000534057617,23.940000534057617,24.1200008392334,18.113656997680664,1692800,0.0,0.0
2013-02-12,24.149999618530273,24.559999465942383,24.110000610351562,24.239999771118164,18.203784942626953,2572300,0.0,0.0
2013-02-13,24.209999084472656,24.350000381469727,24.049999237060547,24.1200008392334,18.113656997680664,2624000,0.0,0.0
2013-02-14,24.010000228881836,24.209999084472656,23.8700008392334,23.889999389648438,17.940929412841797,3499300,0.0,0.0
2013-02-15,24.0,24.09000015258789,23.829999923706055,23.940000534057617,17.978490829467773,2998200,0.0,0.0
2013-02-19,24.0,24.559999465942383,23.940000534057617,24.530000686645508,18.42156410217285,4430500,0.0,0.0
2013-02-20,24.5,24.5,24.020000457763672,24.020000457763672,18.0385684967041,5447600,0.0,0.0
2013-02-21,24.0,24.139999389648438,23.81999969482422,23.950000762939453,17.98599624633789,3000300,0.0,0.0
2013-02-22,23.989999771118164,24.100000381469727,23.8799991607666,24.030000686645508,18.046079635620117,2536200,0.0,0.0
2013-02-25,24.100000381469727,24.3700008392334,23.639999389648438,23.649999618530273,17.760696411132812,2502300,0.0,0.0
2013-02-26,23.709999084472656,24.010000228881836,23.43000030517578,23.829999923706055,17.89588165283203,3734400,0.0,0.0
2013-02-27,23.81999969482422,24.25,23.799999237060547,24.0,18.023542404174805,4475700,0.0,0.0
2013-02-28,24.06999969482422,24.299999237060547,23.850000381469727,24.0,18.023542404174805,6975300,0.0,0.0
2013-03-01,24.030000686645508,24.280000686645508,23.81999969482422,24.0,18.023542404174805,3604800,0.0,0.0
2013-03-04,24.0,24.1299991607666,23.93000030517578,24.1299991607666,18.121171951293945,3733700,0.0,0.0
2013-03-05,24.270000457763672,24.549999237060547,24.200000762939453,24.479999542236328,18.384021759033203,4709600,0.0,0.0
2013-03-06,24.559999465942383,24.729999542236328,24.459999084472656,24.59000015258789,18.46662712097168,5591100,0.0,0.0
2013-03-07,24.6299991607666,24.770000457763672,24.5,24.700000762939453,18.549236297607422,3426600,0.0,0.0
2013-03-08,24.739999771118164,24.940000534057617,24.389999389648438,24.8799991607666,18.684402465820312,3709600,0.0,0.0
2013-03-11,24.8799991607666,25.31999969482422,24.829999923706055,25.209999084472656,18.932228088378906,3373800,0.0,0.0
2013-03-12,25.229999542236328,25.3799991607666,25.030000686645508,25.329999923706055,19.02235221862793,3786600,0.0,0.0
2013-03-13,25.350000381469727,25.540000915527344,25.239999771118164,25.3700008392334,19.052383422851562,3101000,0.0,0.0
2013-03-14,25.440000534057617,25.8700008392334,25.329999923706055,25.8700008392334,19.42788314819336,4908900,0.0,0.0
2013-03-15,25.780000686645508,26.34000015258789,25.65999984741211,26.09000015258789,19.59309959411621,5848400,0.0,0.0
2013-03-18,25.899999618530273,26.399999618530273,25.780000686645508,26.110000610351562,19.608112335205078,4067500,0.0,0.0
2013-03-19,26.149999618530273,26.239999771118164,25.790000915527344,25.969999313354492,19.502981185913086,3375900,0.0,0.0
2013-03-20,26.100000381469727,26.1299991607666,25.920000076293945,25.979999542236328,19.5104923248291,5769900,0.0,0.0
2013-03-21,25.860000610351562,26.1299991607666,25.719999313354492,25.729999542236328,19.322742462158203,2823000,0.0,0.0
2013-03-22,25.75,25.950000762939453,25.59000015258789,25.780000686645508,19.360292434692383,2069300,0.0,0.0
2013-03-25,25.920000076293945,26.040000915527344,25.5,25.690000534057617,19.292701721191406,2994700,0.0,0.0
2013-03-26,25.8700008392334,25.969999313354492,25.6200008392334,25.799999237060547,19.375308990478516,3035100,0.0,0.0
2013-03-27,25.6200008392334,26.25,25.59000015258789,26.239999771118164,19.70574188232422,3670900,0.0,0.0
2013-03-28,26.299999237060547,26.510000228881836,26.219999313354492,26.489999771118164,19.89348602294922,3761900,0.0,0.0
2013-04-01,26.40999984741211,26.540000915527344,26.299999237060547,26.5,19.900997161865234,1999100,0.0,0.0
2013-04-02,26.600000381469727,26.8799991607666,26.530000686645508,26.6200008392334,19.991117477416992,3315600,0.0,0.0
2013-04-03,26.690000534057617,26.700000762939453,26.229999542236328,26.350000381469727,19.78835105895996,3452800,0.0,0.0
2013-04-04,26.329999923706055,26.639999389648438,26.260000228881836,26.389999389648438,19.818387985229492,2353900,0.0,0.0
2013-04-05,26.09000015258789,26.549999237060547,26.06999969482422,26.350000381469727,19.78835105895996,2028100,0.0,0.0
2013-04-08,26.420000076293945,26.770000457763672,26.260000228881836,26.760000228881836,20.096256256103516,1906500,0.0,0.0
2013-04-09,26.81999969482422,27.09000015258789,26.68000030517578,26.93000030517578,20.22392463684082,2955500,0.0,0.0
2013-04-10,27.06999969482422,27.209999084472656,26.969999313354492,27.200000762939453,20.42668914794922,3987600,0.0,0.0
2013-04-11,27.149999618530273,27.31999969482422,26.979999542236328,27.270000457763672,20.479249954223633,3072800,0.0,0.0
2013-04-12,27.110000610351562,27.239999771118164,26.959999084472656,27.139999389648438,20.381622314453125,1665300,0.0,0.0
2013-04-15,27.040000915527344,27.100000381469727,26.3799991607666,26.3799991607666,19.810880661010742,2517400,0.0,0.0
2013-04-16,26.579999923706055,26.81999969482422,26.450000762939453,26.770000457763672,20.103763580322266,2085000,0.0,0.0
2013-04-17,26.639999389648438,26.639999389648438,26.209999084472656,26.399999618530273,19.82590103149414,3149900,0.0,0.0
2013-04-18,26.440000534057617,26.809999465942383,26.229999542236328,26.639999389648438,20.006134033203125,3176000,0.0,0.0
2013-04-19,26.860000610351562,27.270000457763672,26.780000686645508,27.260000228881836,20.471742630004883,3622500,0.0,0.0
2013-04-22,27.299999237060547,27.459999084472656,27.040000915527344,27.40999984741211,20.58438491821289,2150600,0.0,0.0
2013-04-23,27.469999313354492,27.59000015258789,27.34000015258789,27.479999542236328,20.636962890625,2190900,0.0,0.0
2013-04-24,27.56999969482422,27.920000076293945,27.360000610351562,27.8799991607666,20.937355041503906,2769400,0.0,0.0
2013-04-25,27.989999771118164,28.170000076293945,27.790000915527344,27.979999542236328,21.012453079223633,3197600,0.0,0.0
2013-04-26,27.93000030517578,28.020000457763672,27.770000457763672,27.920000076293945,20.967391967773438,2052900,0.0,0.0
2013-04-29,27.889999389648438,28.18000030517578,27.84000015258789,27.940000534057617,21.072980880737305,2528600,0.12,0.0
2013-04-30,28.0,28.100000381469727,27.690000534057617,27.8700008392334,21.020185470581055,2958800,0.0,0.0
2013-05-01,27.860000610351562,27.969999313354492,27.549999237060547,27.600000381469727,20.81654930114746,3181700,0.0,0.0
2013-05-02,27.690000534057617,27.75,27.040000915527344,27.149999618530273,20.477144241333008,4137900,0.0,0.0
2013-05-03,27.34000015258789,27.709999084472656,27.299999237060547,27.610000610351562,20.8240966796875,2920800,0.0,0.0
2013-05-06,27.639999389648438,27.760000228881836,27.3700008392334,27.639999389648438,20.84671401977539,3451300,0.0,0.0
2013-05-07,27.65999984741211,27.729999542236328,27.15999984741211,27.389999389648438,20.658157348632812,5375500,0.0,0.0
2013-05-08,27.31999969482422,27.399999618530273,26.940000534057617,27.219999313354492,20.529939651489258,3773700,0.0,0.0
2013-05-09,27.209999084472656,27.299999237060547,26.809999465942383,26.8700008392334,20.265962600708008,3484100,0.0,0.0
2013-05-10,26.93000030517578,27.200000762939453,26.700000762939453,27.18000030517578,20.499771118164062,3379800,0.0,0.0
2013-05-13,27.06999969482422,27.34000015258789,27.030000686645508,27.200000762939453,20.514862060546875,2300600,0.0,0.0
2013-05-14,27.200000762939453,27.700000762939453,27.200000762939453,27.670000076293945,20.869338989257812,2837600,0.0,0.0
2013-05-15,27.559999465942383,28.170000076293945,27.489999771118164,28.010000228881836,21.125776290893555,4436600,0.0,0.0
2013-05-16,27.8799991607666,28.040000915527344,27.690000534057617,27.719999313354492,20.907052993774414,3247000,0.0,0.0
2013-05-17,27.739999771118164,28.1299991607666,27.719999313354492,28.010000228881836,21.125776290893555,3103500,0.0,0.0
2013-05-20,27.969999313354492,28.34000015258789,27.959999084472656,28.09000015258789,21.186119079589844,3647600,0.0,0.0
2013-05-21,28.06999969482422,28.309999465942383,27.940000534057617,28.18000030517578,21.25399398803711,2029000,0.0,0.0
2013-05-22,28.110000610351562,28.670000076293945,27.649999618530273,27.770000457763672,20.944765090942383,2940700,0.0,0.0
2013-05-23,27.56999969482422,27.93000030517578,27.229999542236328,27.809999465942383,20.974929809570312,4004100,0.0,0.0
2013-05-24,27.649999618530273,27.649999618530273,27.010000228881836,27.170000076293945,20.49223518371582,3061300,0.0,0.0
2013-05-28,26.799999237060547,26.84000015258789,25.729999542236328,26.170000076293945,19.738006591796875,10690900,0.0,0.0
2013-05-29,26.06999969482422,26.09000015258789,25.649999618530273,25.920000076293945,19.54945182800293,4609200,0.0,0.0
2013-05-30,25.989999771118164,26.299999237060547,25.6299991607666,25.68000030517578,19.36843490600586,3934100,0.0,0.0
2013-05-31,25.559999465942383,26.06999969482422,25.520000457763672,25.520000457763672,19.247756958007812,2739600,0.0,0.0
2013-06-03,25.489999771118164,25.690000534057617,25.209999084472656,25.530000686645508,19.255308151245117,3181100,0.0,0.0
2013-06-04,25.43000030517578,25.469999313354492,24.93000030517578,25.190000534057617,18.998863220214844,5156900,0.0,0.0
2013-06-05,25.139999389648438,25.299999237060547,24.93000030517578,25.239999771118164,19.036577224731445,3014100,0.0,0.0
2013-06-06,25.260000228881836,25.780000686645508,25.239999771118164,25.649999618530273,19.345815658569336,3834900,0.0,0.0
2013-06-07,26.739999771118164,27.34000015258789,26.260000228881836,27.100000381469727,20.439434051513672,6391000,0.0,0.0
2013-06-10,27.170000076293945,27.440000534057617,27.100000381469727,27.43000030517578,20.688323974609375,4009500,0.0,0.0
2013-06-11,27.209999084472656,27.549999237060547,27.09000015258789,27.1200008392334,20.454524993896484,4087700,0.0,0.0
2013-06-12,27.200000762939453,27.309999465942383,26.350000381469727,26.440000534057617,19.941652297973633,3322700,0.0,0.0
2013-06-13,26.40999984741211,26.790000915527344,26.030000686645508,26.690000534057617,20.130207061767578,3960000,0.0,0.0
2013-06-14,26.6200008392334,27.020000457763672,26.6200008392334,27.0,20.364009857177734,2087300,0.0,0.0
2013-06-17,26.969999313354492,27.15999984741211,26.65999984741211,26.739999771118164,20.167911529541016,3094800,0.0,0.0
2013-06-18,26.799999237060547,26.959999084472656,26.649999618530273,26.790000915527344,20.20562171936035,1785900,0.0,0.0
2013-06-19,26.790000915527344,27.030000686645508,26.350000381469727,26.350000381469727,19.873767852783203,2867800,0.0,0.0
2013-06-20,26.149999618530273,26.149999618530273,25.309999465942383,25.440000534057617,19.187427520751953,4321300,0.0,0.0
2013-06-21,25.6299991607666,25.84000015258789,24.8799991607666,25.420000076293945,19.172346115112305,4431200,0.0,0.0
2013-06-24,25.790000915527344,26.110000610351562,24.860000610351562,25.940000534057617,19.56453514099121,6663000,0.0,0.0
2013-06-25,26.209999084472656,26.709999084472656,26.09000015258789,26.549999237060547,20.024612426757812,5223000,0.0,0.0
2013-06-26,26.719999313354492,27.040000915527344,26.5,26.540000915527344,20.017070770263672,3626900,0.0,0.0
2013-06-27,26.729999542236328,26.93000030517578,26.56999969482422,26.700000762939453,20.137744903564453,3189400,0.0,0.0
2013-06-28,26.6200008392334,27.200000762939453,26.510000228881836,26.700000762939453,20.137744903564453,4295500,0.0,0.0
2013-07-01,26.760000228881836,26.770000457763672,26.200000762939453,26.260000228881836,19.805889129638672,3364800,0.0,0.0
2013-07-02,26.209999084472656,26.540000915527344,25.989999771118164,26.09000015258789,19.677671432495117,3286900,0.0,0.0
2013-07-03,26.079999923706055,26.3799991607666,25.93000030517578,26.260000228881836,19.805889129638672,1341900,0.0,0.0
2013-07-05,26.360000610351562,26.450000762939453,25.809999465942383,26.139999389648438,19.71538543701172,1841500,0.0,0.0
2013-07-08,26.34000015258789,27.309999465942383,26.309999465942383,27.229999542236328,20.537471771240234,3895800,0.0,0.0
2013-07-09,27.440000534057617,27.760000228881836,27.229999542236328,27.649999618530273,20.85426139831543,3455800,0.0,0.0
2013-07-10,27.639999389648438,27.93000030517578,27.579999923706055,27.850000381469727,21.005098342895508,2602300,0.0,0.0
2013-07-11,28.0,28.690000534057617,28.0,28.670000076293945,21.623565673828125,3974800,0.0,0.0
2013-07-12,28.479999542236328,28.790000915527344,28.399999618530273,28.639999389648438,21.600933074951172,3985700,0.0,0.0
2013-07-15,28.639999389648438,29.079999923706055,28.6200008392334,29.079999923706055,21.93279266357422,4084600,0.0,0.0
2013-07-16,29.100000381469727,29.190000534057617,28.40999984741211,28.790000915527344,21.71407127380371,3974800,0.0,0.0
2013-07-17,28.889999389648438,29.149999618530273,28.270000457763672,28.40999984741211,21.42746925354004,4100000,0.0,0.0
2013-07-18,28.510000228881836,28.799999237060547,28.0,28.420000076293945,21.435014724731445,3760400,0.0,0.0
2013-07-19,28.56999969482422,28.6200008392334,28.229999542236328,28.459999084472656,21.465177536010742,2744800,0.0,0.0
2013-07-22,28.40999984741211,28.530000686645508,27.940000534057617,27.979999542236328,21.1031551361084,2455200,0.0,0.0
2013-07-23,28.110000610351562,28.3700008392334,27.829999923706055,27.940000534057617,21.072980880737305,3034100,0.0,0.0
2013-07-24,27.959999084472656,27.989999771118164,27.34000015258789,27.43000030517578,20.688323974609375,2353600,0.0,0.0
2013-07-25,27.389999389648438,27.649999618530273,27.219999313354492,27.530000686645508,20.763751983642578,3232600,0.0,0.0
2013-07-26,27.350000381469727,27.670000076293945,27.329999923706055,27.670000076293945,20.869338989257812,2047100,0.0,0.0
2013-07-29,27.59000015258789,27.649999618530273,27.209999084472656,27.25,20.552568435668945,2594500,0.0,0.0
2013-07-30,27.290000915527344,27.3799991607666,26.979999542236328,27.0,20.454086303710938,2359100,0.12,0.0
2013-07-31,27.0,27.049999237060547,26.65999984741211,26.81999969482422,20.317726135253906,3289100,0.0,0.0
2013-08-01,26.940000534057617,27.139999389648438,26.690000534057617,27.079999923706055,20.514686584472656,3047300,0.0,0.0
2013-08-02,27.229999542236328,27.280000686645508,26.899999618530273,27.040000915527344,20.484386444091797,1950800,0.0,0.0
2013-08-05,26.920000076293945,27.110000610351562,26.729999542236328,26.90999984741211,20.385896682739258,3290200,0.0,0.0
2013-08-06,26.799999237060547,26.81999969482422,26.200000762939453,26.299999237060547,19.923791885375977,2979200,0.0,0.0
2013-08-07,26.18000030517578,26.43000030517578,25.979999542236328,26.389999389648438,19.99197006225586,3574200,0.0,0.0
2013-08-08,26.40999984741211,27.06999969482422,26.40999984741211,26.899999618530273,20.378324508666992,4300300,0.0,0.0
2013-08-09,26.700000762939453,26.950000762939453,25.950000762939453,26.350000381469727,19.961673736572266,7299300,0.0,0.0
2013-08-12,26.010000228881836,26.170000076293945,25.709999084472656,25.969999313354492,19.673805236816406,4965100,0.0,0.0
2013-08-13,25.93000030517578,25.93000030517578,25.239999771118164,25.520000457763672,19.33289909362793,6074700,0.0,0.0
2013-08-14,25.520000457763672,26.610000610351562,25.399999618530273,26.520000457763672,20.090452194213867,7318500,0.0,0.0
2013-08-15,26.280000686645508,26.420000076293945,26.079999923706055,26.399999618530273,19.999544143676758,5200900,0.0,0.0
2013-08-16,26.239999771118164,26.34000015258789,26.06999969482422,26.149999618530273,19.81015968322754,4190700,0.0,0.0
2013-08-19,26.110000610351562,26.18000030517578,25.940000534057617,26.049999237060547,19.73440170288086,4000100,0.0,0.0
2013-08-20,26.06999969482422,26.510000228881836,26.0,26.489999771118164,20.067726135253906,4370700,0.0,0.0
2013-08-21,26.3799991607666,26.979999542236328,26.149999618530273,26.43000030517578,20.022281646728516,2999300,0.0,0.0
2013-08-22,26.489999771118164,26.610000610351562,26.25,26.3700008392334,19.976823806762695,2839400,0.0,0.0
2013-08-23,26.459999084472656,26.489999771118164,26.100000381469727,26.31999969482422,19.93895149230957,2972000,0.0,0.0
2013-08-26,26.309999465942383,26.34000015258789,25.889999389648438,25.93000030517578,19.643497467041016,2776800,0.0,0.0
2013-08-27,25.75,26.049999237060547,25.739999771118164,25.899999618530273,19.62076759338379,2418400,0.0,0.0
2013-08-28,25.93000030517578,26.020000457763672,25.760000228881836,25.979999542236328,19.681381225585938,1627900,0.0,0.0
2013-08-29,25.889999389648438,26.190000534057617,25.739999771118164,26.0,19.6965274810791,2017800,0.0,0.0
2013-08-30,25.969999313354492,26.3700008392334,25.950000762939453,26.25,19.885913848876953,2295700,0.0,0.0
2013-09-03,26.469999313354492,26.790000915527344,25.979999542236328,26.100000381469727,19.77228355407715,3655000,0.0,0.0
2013-09-04,26.06999969482422,26.209999084472656,25.889999389648438,25.989999771118164,19.688953399658203,2159100,0.0,0.0
2013-09-05,25.899999618530273,26.059999465942383,25.709999084472656,25.729999542236328,19.491985321044922,2909900,0.0,0.0
2013-09-06,25.690000534057617,26.299999237060547,25.690000534057617,26.059999465942383,19.741979598999023,2728900,0.0,0.0
2013-09-09,26.079999923706055,26.3700008392334,26.049999237060547,26.350000381469727,19.961673736572266,1867100,0.0,0.0
2013-09-10,26.530000686645508,26.790000915527344,26.389999389648438,26.790000915527344,20.294998168945312,2809500,0.0,0.0
2013-09-11,26.780000686645508,26.780000686645508,26.100000381469727,26.25,19.885913848876953,3148500,0.0,0.0
2013-09-12,26.040000915527344,26.540000915527344,26.040000915527344,26.360000610351562,19.969247817993164,2372700,0.0,0.0
2013-09-13,26.510000228881836,27.350000381469727,26.479999542236328,27.139999389648438,20.560142517089844,4437100,0.0,0.0
2013-09-16,27.520000457763672,27.8799991607666,27.020000457763672,27.559999465942383,20.87832260131836,3834100,0.0,0.0
2013-09-17,27.59000015258789,28.0,27.56999969482422,27.920000076293945,21.151039123535156,2890400,0.0,0.0
2013-09-18,27.530000686645508,28.1200008392334,27.149999618530273,27.90999984741211,21.14346694946289,6905200,0.0,0.0
2013-09-19,27.959999084472656,28.25,27.709999084472656,27.799999237060547,21.060134887695312,5190500,0.0,0.0
2013-09-20,27.809999465942383,27.93000030517578,27.489999771118164,27.530000686645508,20.855592727661133,5184500,0.0,0.0
2013-09-23,27.469999313354492,28.040000915527344,27.360000610351562,27.950000762939453,21.173757553100586,3488100,0.0,0.0
2013-09-24,27.969999313354492,28.18000030517578,27.81999969482422,28.020000457763672,21.22679328918457,3221400,0.0,0.0
2013-09-25,28.040000915527344,28.239999771118164,27.8799991607666,28.040000915527344,21.24195098876953,2015300,0.0,0.0
2013-09-26,28.049999237060547,28.15999984741211,27.739999771118164,27.940000534057617,21.16619300842285,2106600,0.0,0.0
2013-09-27,27.899999618530273,28.030000686645508,27.68000030517578,27.719999313354492,20.999530792236328,3659200,0.0,0.0
2013-09-30,27.540000915527344,27.68000030517578,27.239999771118164,27.329999923706055,20.70407485961914,2897500,0.0,0.0
2013-10-01,27.3700008392334,27.68000030517578,27.31999969482422,27.450000762939453,20.794992446899414,3694900,0.0,0.0
2013-10-02,27.3700008392334,27.6200008392334,27.110000610351562,27.549999237060547,20.870738983154297,4841300,0.0,0.0
2013-10-03,27.389999389648438,27.510000228881836,27.260000228881836,27.34000015258789,20.711654663085938,3185400,0.0,0.0
2013-10-04,27.350000381469727,27.6200008392334,27.260000228881836,27.43000030517578,20.779836654663086,3785200,0.0,0.0
2013-10-07,27.329999923706055,27.420000076293945,27.170000076293945,27.260000228881836,20.651050567626953,1616600,0.0,0.0
2013-10-08,27.360000610351562,27.790000915527344,27.25,27.469999313354492,20.810138702392578,3978400,0.0,0.0
2013-10-09,27.459999084472656,27.600000381469727,27.309999465942383,27.3700008392334,20.734378814697266,4330900,0.0,0.0
2013-10-10,27.540000915527344,27.8700008392334,27.440000534057617,27.860000610351562,21.105587005615234,2964400,0.0,0.0
2013-10-11,27.90999984741211,28.229999542236328,27.75,28.1299991607666,21.31011962890625,1959200,0.0,0.0
2013-10-14,28.020000457763672,28.049999237060547,27.530000686645508,27.940000534057617,21.16619300842285,1784100,0.0,0.0
2013-10-15,27.81999969482422,28.079999923706055,27.559999465942383,27.559999465942383,20.87832260131836,2879500,0.0,0.0
2013-10-16,27.59000015258789,27.65999984741211,27.280000686645508,27.479999542236328,20.817720413208008,3067300,0.0,0.0
2013-10-17,27.309999465942383,28.020000457763672,27.229999542236328,27.959999084472656,21.18134307861328,2743700,0.0,0.0
2013-10-18,28.06999969482422,30.170000076293945,27.93000030517578,29.299999237060547,22.196468353271484,9749300,0.0,0.0
2013-10-21,29.450000762939453,29.65999984741211,28.520000457763672,28.860000610351562,21.863140106201172,4784000,0.0,0.0
2013-10-22,29.0,29.229999542236328,28.809999465942383,28.889999389648438,21.885868072509766,2671100,0.0,0.0
2013-10-23,28.799999237060547,28.899999618530273,28.299999237060547,28.420000076293945,21.529829025268555,3355800,0.0,0.0
2013-10-24,28.43000030517578,28.56999969482422,27.860000610351562,28.190000534057617,21.35558319091797,2523800,0.0,0.0
2013-10-25,28.280000686645508,30.1299991607666,28.040000915527344,30.110000610351562,22.81009292602539,8717400,0.0,0.0
2013-10-28,30.100000381469727,30.280000686645508,29.3799991607666,29.479999542236328,22.332826614379883,4910100,0.0,0.0
2013-10-29,29.540000915527344,29.639999389648438,28.979999542236328,29.18000030517578,22.105566024780273,3275100,0.0,0.0
2013-10-30,29.1299991607666,29.34000015258789,28.65999984741211,28.84000015258789,21.93821907043457,3337800,0.12,0.0
2013-10-31,28.75,28.920000076293945,28.229999542236328,28.530000686645508,21.702404022216797,3023800,0.0,0.0
2013-11-01,28.6200008392334,28.68000030517578,28.260000228881836,28.389999389648438,21.59589958190918,2957100,0.0,0.0
2013-11-04,28.440000534057617,28.559999465942383,27.920000076293945,28.25,21.489410400390625,3008500,0.0,0.0
2013-11-05,28.219999313354492,28.6200008392334,28.219999313354492,28.299999237060547,21.52743911743164,3393000,0.0,0.0
2013-11-06,28.420000076293945,28.59000015258789,27.889999389648438,28.15999984741211,21.42094612121582,2358800,0.0,0.0
2013-11-07,28.469999313354492,28.489999771118164,27.889999389648438,27.979999542236328,21.284021377563477,3362600,0.0,0.0
2013-11-08,27.8799991607666,28.34000015258789,27.5,28.31999969482422,21.54265785217285,3138500,0.0,0.0
2013-11-11,28.270000457763672,28.459999084472656,27.959999084472656,28.040000915527344,21.32966423034668,2378200,0.0,0.0
2013-11-12,27.059999465942383,27.93000030517578,26.760000228881836,27.059999465942383,20.584190368652344,6657600,0.0,0.0
2013-11-13,26.809999465942383,27.270000457763672,26.690000534057617,27.260000228881836,20.736331939697266,4351400,0.0,0.0
2013-11-14,27.280000686645508,27.290000915527344,26.93000030517578,27.1200008392334,20.629840850830078,3574000,0.0,0.0
2013-11-15,27.020000457763672,27.280000686645508,26.8799991607666,27.270000457763672,20.743932723999023,2670900,0.0,0.0
2013-11-18,27.280000686645508,27.399999618530273,26.8799991607666,27.1200008392334,20.629840850830078,2662000,0.0,0.0
2013-11-19,27.059999465942383,27.239999771118164,26.860000610351562,27.170000076293945,20.66786766052246,2176200,0.0,0.0
2013-11-20,27.170000076293945,27.520000457763672,27.06999969482422,27.229999542236328,20.7135009765625,3156400,0.0,0.0
2013-11-21,27.229999542236328,27.68000030517578,27.1299991607666,27.56999969482422,20.97214126586914,2376400,0.0,0.0
2013-11-22,27.559999465942383,27.59000015258789,27.110000610351562,27.219999313354492,20.70589256286621,2033300,0.0,0.0
2013-11-25,27.209999084472656,27.280000686645508,26.90999984741211,26.940000534057617,20.492908477783203,1971100,0.0,0.0
2013-11-26,26.940000534057617,27.0,26.469999313354492,26.600000381469727,20.234270095825195,3470100,0.0,0.0
2013-11-27,26.59000015258789,26.729999542236328,26.299999237060547,26.649999618530273,20.272302627563477,2726800,0.0,0.0
2013-11-29,26.670000076293945,26.739999771118164,26.40999984741211,26.459999084472656,20.12777328491211,910200,0.0,0.0
2013-12-02,26.459999084472656,26.969999313354492,26.34000015258789,26.829999923706055,20.409231185913086,2896200,0.0,0.0
2013-12-03,26.760000228881836,27.40999984741211,26.6200008392334,27.399999618530273,20.84282112121582,3075900,0.0,0.0
2013-12-04,27.239999771118164,28.0,27.15999984741211,27.950000762939453,21.26119613647461,3740500,0.0,0.0
2013-12-05,27.889999389648438,28.25,27.549999237060547,28.100000381469727,21.37529945373535,3809700,0.0,0.0
2013-12-06,28.260000228881836,28.649999618530273,28.110000610351562,28.59000015258789,21.74803924560547,2824600,0.0,0.0
2013-12-09,28.559999465942383,28.889999389648438,28.420000076293945,28.729999542236328,21.854536056518555,2898200,0.0,0.0
2013-12-10,28.729999542236328,28.770000457763672,28.31999969482422,28.3700008392334,21.580684661865234,3087100,0.0,0.0
2013-12-11,28.31999969482422,28.360000610351562,27.81999969482422,27.950000762939453,21.26119613647461,3438200,0.0,0.0
2013-12-12,27.959999084472656,28.280000686645508,27.90999984741211,27.979999542236328,21.284021377563477,2618100,0.0,0.0
2013-12-13,28.049999237060547,28.09000015258789,27.8799991607666,27.950000762939453,21.26119613647461,2194300,0.0,0.0
2013-12-16,28.049999237060547,28.25,27.739999771118164,27.860000610351562,21.192739486694336,3658300,0.0,0.0
2013-12-17,27.84000015258789,28.110000610351562,27.790000915527344,27.8700008392334,21.20034408569336,2542500,0.0,0.0
2013-12-18,27.93000030517578,28.139999389648438,27.280000686645508,28.100000381469727,21.37529945373535,3591100,0.0,0.0
2013-12-19,28.06999969482422,28.459999084472656,27.809999465942383,28.420000076293945,21.618722915649414,2219700,0.0,0.0
2013-12-20,28.440000534057617,28.75,28.360000610351562,28.399999618530273,21.603517532348633,5398800,0.0,0.0
2013-12-23,28.56999969482422,28.600000381469727,28.31999969482422,28.3700008392334,21.580684661865234,2064000,0.0,0.0
2013-12-24,28.469999313354492,28.549999237060547,28.25,28.3799991607666,21.58829689025879,953000,0.0,0.0
2013-12-26,28.459999084472656,28.540000915527344,28.360000610351562,28.479999542236328,21.664363861083984,1917600,0.0,0.0
2013-12-27,28.530000686645508,28.700000762939453,28.40999984741211,28.59000015258789,21.74803924560547,1946000,0.0,0.0
2013-12-30,28.559999465942383,28.75,28.5,28.6299991607666,21.778465270996094,1997900,0.0,0.0
2013-12-31,28.700000762939453,28.81999969482422,28.56999969482422,28.719999313354492,21.846925735473633,2519800,0.0,0.0
2014-01-02,28.739999771118164,28.780000686645508,28.5,28.579999923706055,21.740432739257812,3896400,0.0,0.0
2014-01-03,28.579999923706055,28.850000381469727,28.579999923706055,28.65999984741211,21.80129051208496,2473400,0.0,0.0
2014-01-06,28.790000915527344,29.299999237060547,28.65999984741211,28.709999084472656,21.83932113647461,3808000,0.0,0.0
2014-01-07,28.75,29.049999237060547,28.520000457763672,28.649999618530273,21.793684005737305,5670500,0.0,0.0
2014-01-08,28.639999389648438,28.84000015258789,28.40999984741211,28.450000762939453,21.64154815673828,6504300,0.0,0.0
2014-01-09,28.489999771118164,28.579999923706055,27.81999969482422,28.06999969482422,21.35247802734375,4994700,0.0,0.0
2014-01-10,28.260000228881836,28.40999984741211,27.93000030517578,28.059999465942383,21.344873428344727,4682300,0.0,0.0
2014-01-13,27.940000534057617,28.079999923706055,27.3700008392334,27.459999084472656,20.888465881347656,4146200,0.0,0.0
2014-01-14,27.420000076293945,27.799999237060547,27.399999618530273,27.790000915527344,21.13949203491211,3154900,0.0,0.0
2014-01-15,27.780000686645508,28.139999389648438,27.709999084472656,28.030000686645508,21.322052001953125,3042900,0.0,0.0
2014-01-16,28.040000915527344,28.1200008392334,27.860000610351562,28.079999923706055,21.360088348388672,4884700,0.0,0.0
2014-01-17,28.139999389648438,28.139999389648438,27.709999084472656,28.06999969482422,21.35247802734375,5668000,0.0,0.0
2014-01-21,28.059999465942383,28.25,27.860000610351562,28.06999969482422,21.35247802734375,2432700,0.0,0.0
2014-01-22,28.1200008392334,28.389999389648438,27.860000610351562,27.889999389648438,21.215557098388672,4933900,0.0,0.0
2014-01-23,27.700000762939453,27.739999771118164,27.139999389648438,27.34000015258789,20.79718780517578,6312100,0.0,0.0
2014-01-24,27.040000915527344,27.479999542236328,26.770000457763672,26.81999969482422,20.401626586914062,7038300,0.0,0.0
2014-01-27,26.860000610351562,26.969999313354492,26.56999969482422,26.75,20.348371505737305,4162700,0.0,0.0
2014-01-28,26.790000915527344,27.209999084472656,26.729999542236328,27.200000762939453,20.690692901611328,3093100,0.0,0.0
2014-01-29,27.040000915527344,27.469999313354492,26.899999618530273,27.190000534057617,20.68307113647461,3479800,0.0,0.0
2014-01-30,27.15999984741211,27.68000030517578,27.15999984741211,27.6299991607666,21.110950469970703,2798500,0.12,0.0
2014-01-31,27.360000610351562,28.049999237060547,27.31999969482422,27.850000381469727,21.279041290283203,3629000,0.0,0.0
2014-02-03,27.899999618530273,27.979999542236328,27.329999923706055,27.43000030517578,20.9581356048584,4992600,0.0,0.0
2014-02-04,27.469999313354492,27.579999923706055,27.170000076293945,27.389999389648438,20.927576065063477,3882400,0.0,0.0
2014-02-05,27.18000030517578,27.5,27.079999923706055,27.360000610351562,20.904661178588867,4630600,0.0,0.0
2014-02-06,27.440000534057617,27.68000030517578,27.360000610351562,27.649999618530273,21.126230239868164,2636100,0.0,0.0
2014-02-07,27.81999969482422,28.030000686645508,27.56999969482422,27.610000610351562,21.095672607421875,3849600,0.0,0.0
2014-02-10,27.690000534057617,27.729999542236328,27.43000030517578,27.579999923706055,21.0727481842041,2892700,0.0,0.0
2014-02-11,27.540000915527344,27.81999969482422,27.5,27.75,21.202640533447266,5459100,0.0,0.0
2014-02-12,27.780000686645508,27.84000015258789,27.43000030517578,27.479999542236328,20.996339797973633,3176500,0.0,0.0
2014-02-13,27.40999984741211,28.280000686645508,27.399999618530273,28.280000686645508,21.607593536376953,4295500,0.0,0.0
2014-02-14,28.299999237060547,28.65999984741211,28.25,28.43000030517578,21.722190856933594,3180900,0.0,0.0
2014-02-18,28.43000030517578,28.790000915527344,28.43000030517578,28.719999313354492,21.943777084350586,2460100,0.0,0.0
2014-02-19,28.709999084472656,28.920000076293945,28.469999313354492,28.530000686645508,21.798612594604492,3529100,0.0,0.0
2014-02-20,28.5,28.790000915527344,28.219999313354492,28.719999313354492,21.943777084350586,3336500,0.0,0.0
2014-02-21,28.670000076293945,28.850000381469727,28.43000030517578,28.559999465942383,21.82152557373047,2665300,0.0,0.0
2014-02-24,28.65999984741211,29.100000381469727,28.549999237060547,28.8799991607666,22.066022872924805,4171200,0.0,0.0
2014-02-25,28.899999618530273,29.010000228881836,28.649999618530273,28.809999465942383,22.01253890991211,2861100,0.0,0.0
2014-02-26,28.8799991607666,28.899999618530273,28.56999969482422,28.709999084472656,21.936132431030273,2883600,0.0,0.0
2014-02-27,28.639999389648438,28.790000915527344,28.540000915527344,28.649999618530273,21.890289306640625,2466200,0.0,0.0
2014-02-28,28.649999618530273,29.329999923706055,28.56999969482422,29.06999969482422,22.211196899414062,3843500,0.0,0.0
2014-03-03,28.729999542236328,28.90999984741211,28.450000762939453,28.579999923706055,21.836809158325195,4060000,0.0,0.0
2014-03-04,28.84000015258789,29.139999389648438,28.56999969482422,28.860000610351562,22.050739288330078,3623400,0.0,0.0
2014-03-05,28.889999389648438,28.979999542236328,28.65999984741211,28.8700008392334,22.05838394165039,2446100,0.0,0.0
2014-03-06,28.8799991607666,29.170000076293945,28.739999771118164,28.760000228881836,21.974336624145508,2452600,0.0,0.0
2014-03-07,28.829999923706055,28.860000610351562,28.43000030517578,28.700000762939453,21.92849349975586,3437300,0.0,0.0
2014-03-10,28.719999313354492,29.100000381469727,28.700000762939453,29.020000457763672,22.17299461364746,2933600,0.0,0.0
2014-03-11,29.0,29.579999923706055,28.84000015258789,29.329999923706055,22.40985870361328,4239000,0.0,0.0
2014-03-12,29.110000610351562,29.920000076293945,28.989999771118164,29.920000076293945,22.86064338684082,3750600,0.0,0.0
2014-03-13,29.969999313354492,30.139999389648438,29.68000030517578,29.790000915527344,22.761322021484375,3557500,0.0,0.0
2014-03-14,29.770000457763672,29.989999771118164,29.68000030517578,29.969999313354492,22.898849487304688,2450200,0.0,0.0
2014-03-17,30.059999465942383,30.079999923706055,29.75,29.889999389648438,22.837724685668945,1473300,0.0,0.0
2014-03-18,29.8700008392334,30.219999313354492,29.739999771118164,30.15999984741211,23.04401969909668,2172000,0.0,0.0
2014-03-19,30.200000762939453,30.639999389648438,29.6299991607666,29.790000915527344,22.761322021484375,3597300,0.0,0.0
2014-03-20,30.190000534057617,30.479999542236328,29.780000686645508,30.469999313354492,23.2808780670166,3384200,0.0,0.0
2014-03-21,30.770000457763672,30.93000030517578,30.360000610351562,30.3799991607666,23.212116241455078,3731900,0.0,0.0
2014-03-24,30.530000686645508,30.700000762939453,30.270000457763672,30.360000610351562,23.19683265686035,2228600,0.0,0.0
2014-03-25,30.440000534057617,30.770000457763672,30.1200008392334,30.760000228881836,23.50245475769043,3128100,0.0,0.0
2014-03-26,30.940000534057617,31.049999237060547,30.530000686645508,30.860000610351562,23.578855514526367,5051000,0.0,0.0
2014-03-27,30.899999618530273,31.309999465942383,30.690000534057617,31.280000686645508,23.899768829345703,3362800,0.0,0.0
2014-03-28,31.389999389648438,31.559999465942383,31.290000915527344,31.549999237060547,24.106061935424805,1920700,0.0,0.0
2014-03-31,31.639999389648438,32.040000915527344,31.56999969482422,31.799999237060547,24.29707145690918,4806900,0.0,0.0
2014-04-01,31.780000686645508,32.02000045776367,31.600000381469727,31.68000030517578,24.205394744873047,3608500,0.0,0.0
2014-04-02,31.84000015258789,32.20000076293945,31.5,32.150001525878906,24.564502716064453,4933700,0.0,0.0
2014-04-03,32.16999816894531,32.43000030517578,31.700000762939453,31.93000030517578,24.396404266357422,6289200,0.0,0.0
2014-04-04,32.04999923706055,32.7400016784668,32.040000915527344,32.65999984741211,24.95417022705078,7799900,0.0,0.0
2014-04-07,32.619998931884766,32.779998779296875,32.08000183105469,32.11000061035156,24.533939361572266,4462400,0.0,0.0
2014-04-08,32.119998931884766,32.439998626708984,31.93000030517578,32.34000015258789,24.709672927856445,2887700,0.0,0.0
2014-04-09,32.400001525878906,33.029998779296875,32.33000183105469,32.880001068115234,25.122268676757812,4146100,0.0,0.0
2014-04-10,32.869998931884766,33.02000045776367,32.279998779296875,32.400001525878906,24.755508422851562,4003900,0.0,0.0
2014-04-11,32.290000915527344,32.400001525878906,31.700000762939453,31.719999313354492,24.235960006713867,4295300,0.0,0.0
2014-04-14,31.989999771118164,32.2400016784668,31.829999923706055,32.02000045776367,24.46516990661621,2196400,0.0,0.0
2014-04-15,31.770000457763672,32.75,31.770000457763672,32.36000061035156,24.724946975708008,4006300,0.0,0.0
2014-04-16,32.52000045776367,32.7400016784668,32.459999084472656,32.650001525878906,24.946523666381836,2970600,0.0,0.0
2014-04-17,32.56999969482422,32.790000915527344,32.13999938964844,32.209999084472656,24.610342025756836,2223400,0.0,0.0
2014-04-21,32.22999954223633,32.599998474121094,31.670000076293945,32.34000015258789,24.709672927856445,4340200,0.0,0.0
2014-04-22,32.29999923706055,32.400001525878906,32.11000061035156,32.349998474121094,24.71731185913086,2403200,0.0,0.0
2014-04-23,32.439998626708984,32.7400016784668,32.439998626708984,32.63999938964844,24.938884735107422,3991800,0.0,0.0
2014-04-24,32.689998626708984,33.04999923706055,32.5099983215332,32.970001220703125,25.191024780273438,3524100,0.0,0.0
2014-04-25,32.970001220703125,33.22999954223633,32.81999969482422,33.15999984741211,25.336193084716797,2085200,0.0,0.0
2014-04-28,33.31999969482422,33.45000076293945,32.7599983215332,32.970001220703125,25.191024780273438,4165300,0.0,0.0
2014-04-29,32.84000015258789,33.06999969482422,32.59000015258789,32.810001373291016,25.175687789916992,3558500,0.14,0.0
2014-04-30,32.720001220703125,33.0099983215332,32.54999923706055,32.720001220703125,25.10662841796875,3443300,0.0,0.0
2014-05-01,32.83000183105469,33.58000183105469,32.83000183105469,33.540000915527344,25.73581886291504,3316400,0.0,0.0
2014-05-02,33.13999938964844,33.939998626708984,33.13999938964844,33.56999969482422,25.75884246826172,4508400,0.0,0.0
2014-05-05,33.61000061035156,33.77000045776367,33.34000015258789,33.75,25.896955490112305,4311400,0.0,0.0
2014-05-06,34.13999938964844,34.54999923706055,33.7599983215332,34.22999954223633,26.26526641845703,7168600,0.0,0.0
2014-05-07,34.290000915527344,35.150001525878906,34.25,35.08000183105469,26.91748809814453,9308900,0.0,0.0
2014-05-08,34.970001220703125,35.13999938964844,34.38999938964844,34.5,26.472442626953125,6500600,0.0,0.0
2014-05-09,34.5,34.619998931884766,34.040000915527344,34.11000061035156,26.173194885253906,4807400,0.0,0.0
2014-05-12,34.279998779296875,34.41999816894531,33.790000915527344,34.099998474121094,26.165512084960938,4407500,0.0,0.0
2014-05-13,34.18000030517578,34.279998779296875,33.560001373291016,33.68000030517578,25.843252182006836,3941300,0.0,0.0
2014-05-14,33.72999954223633,34.2400016784668,33.599998474121094,34.06999969482422,26.142498016357422,3802200,0.0,0.0
2014-05-15,34.029998779296875,34.09000015258789,33.63999938964844,33.68000030517578,25.843252182006836,3546400,0.0,0.0
2014-05-16,33.75,33.810001373291016,33.380001068115234,33.779998779296875,25.919971466064453,3747300,0.0,0.0
2014-05-19,33.56999969482422,33.810001373291016,33.27000045776367,33.41999816894531,25.64373779296875,4073300,0.0,0.0
2014-05-20,33.400001525878906,33.630001068115234,33.34000015258789,33.560001373291016,25.751174926757812,3259000,0.0,0.0
2014-05-21,33.540000915527344,33.7400016784668,33.279998779296875,33.630001068115234,25.804880142211914,2959800,0.0,0.0
2014-05-22,33.59000015258789,33.83000183105469,33.470001220703125,33.650001525878906,25.820228576660156,1970900,0.0,0.0
2014-05-23,33.61000061035156,33.900001525878906,33.38999938964844,33.720001220703125,25.87393569946289,3267300,0.0,0.0
2014-05-27,34.939998626708984,35.33000183105469,34.75,35.310001373291016,27.093978881835938,6465600,0.0,0.0
2014-05-28,35.20000076293945,35.43000030517578,34.869998931884766,35.15999984741211,26.97887420654297,3307900,0.0,0.0
2014-05-29,35.400001525878906,35.56999969482422,35.209999084472656,35.54999923706055,27.27813148498535,3581000,0.0,0.0
2014-05-30,35.5,35.70000076293945,35.36000061035156,35.63999938964844,27.347183227539062,2959900,0.0,0.0
2014-06-02,35.70000076293945,35.900001525878906,35.5099983215332,35.630001068115234,27.339521408081055,3052800,0.0,0.0
2014-06-03,35.599998474121094,36.06999969482422,35.54999923706055,36.060001373291016,27.669452667236328,3962500,0.0,0.0
2014-06-04,36.27000045776367,36.36000061035156,35.95000076293945,36.060001373291016,27.669452667236328,2517300,0.0,0.0
2014-06-05,36.06999969482422,36.47999954223633,35.970001220703125,36.470001220703125,27.984060287475586,2420500,0.0,0.0
2014-06-06,36.470001220703125,36.47999954223633,36.040000915527344,36.099998474121094,27.70015525817871,2596600,0.0,0.0
2014-06-09,36.119998931884766,36.470001220703125,36.029998779296875,36.45000076293945,27.968711853027344,2382700,0.0,0.0
2014-06-10,36.290000915527344,36.5099983215332,36.119998931884766,36.2400016784668,27.807575225830078,1835200,0.0,0.0
2014-06-11,36.25,36.47999954223633,36.040000915527344,36.279998779296875,27.838275909423828,2226100,0.0,0.0
2014-06-12,36.20000076293945,36.369998931884766,35.77000045776367,35.93000030517578,27.569717407226562,3577900,0.0,0.0
2014-06-13,36.0,36.810001373291016,35.88999938964844,36.709999084472656,28.1682071685791,2401700,0.0,0.0
2014-06-16,36.4900016784668,37.02000045776367,36.349998474121094,36.959999084472656,28.36004066467285,3082700,0.0,0.0
2014-06-17,36.810001373291016,37.09000015258789,36.56999969482422,36.7400016784668,28.191242218017578,1956900,0.0,0.0
2014-06-18,36.83000183105469,37.56999969482422,36.83000183105469,37.529998779296875,28.797422409057617,2858400,0.0,0.0
2014-06-19,37.599998474121094,38.09000015258789,37.56999969482422,37.65999984741211,28.89716911315918,4883300,0.0,0.0
2014-06-20,37.77000045776367,37.86000061035156,37.189998626708984,37.2400016784668,28.574892044067383,6264000,0.0,0.0
2014-06-23,37.31999969482422,37.439998626708984,36.7400016784668,37.040000915527344,28.421445846557617,2706300,0.0,0.0
2014-06-24,37.099998474121094,37.38999938964844,36.65999984741211,36.75,28.198902130126953,2380500,0.0,0.0
2014-06-25,36.709999084472656,36.93000030517578,36.54999923706055,36.83000183105469,28.260290145874023,2728500,0.0,0.0
2014-06-26,36.86000061035156,37.029998779296875,36.560001373291016,36.66999816894531,28.137516021728516,2488200,0.0,0.0
2014-06-27,36.619998931884766,37.09000015258789,36.54999923706055,37.04999923706055,28.429101943969727,3002600,0.0,0.0
2014-06-30,37.060001373291016,37.41999816894531,37.029998779296875,37.20000076293945,28.54421043395996,2675000,0.0,0.0
2014-07-01,37.290000915527344,37.38999938964844,36.209999084472656,36.34000015258789,27.88431167602539,3602600,0.0,0.0
2014-07-02,36.29999923706055,36.439998626708984,35.59000015258789,35.7599983215332,27.439260482788086,4133900,0.0,0.0
2014-07-03,35.43000030517578,35.68000030517578,35.220001220703125,35.5099983215332,27.24742889404297,1993100,0.0,0.0
2014-07-07,35.599998474121094,35.68000030517578,34.84000015258789,34.9900016784668,26.848432540893555,4588100,0.0,0.0
2014-07-08,35.029998779296875,35.470001220703125,35.0,35.45000076293945,27.201398849487305,3187300,0.0,0.0
2014-07-09,35.47999954223633,35.83000183105469,35.2599983215332,35.54999923706055,27.27813148498535,3015000,0.0,0.0
2014-07-10,35.099998474121094,35.540000915527344,35.060001373291016,35.36000061035156,27.13233184814453,1988700,0.0,0.0
2014-07-11,35.27000045776367,35.400001525878906,34.38999938964844,34.54999923706055,26.51081657409668,3595600,0.0,0.0
2014-07-14,34.540000915527344,34.56999969482422,33.65999984741211,33.689998626708984,25.850923538208008,5980100,0.0,0.0
2014-07-15,33.83000183105469,33.91999816894531,33.15999984741211,33.22999954223633,25.497947692871094,7456300,0.0,0.0
2014-07-16,33.45000076293945,33.5,32.849998474121094,32.900001525878906,25.244741439819336,4173200,0.0,0.0
2014-07-17,32.900001525878906,33.0,31.770000457763672,31.790000915527344,24.393022537231445,7401100,0.0,0.0
2014-07-18,31.899999618530273,32.400001525878906,31.59000015258789,32.290000915527344,24.77667808532715,7311000,0.0,0.0
2014-07-21,32.130001068115234,32.20000076293945,31.790000915527344,31.809999465942383,24.408357620239258,5649800,0.0,0.0
2014-07-22,31.979999542236328,32.0099983215332,31.31999969482422,31.389999389648438,24.086095809936523,4891800,0.0,0.0
2014-07-23,31.350000381469727,31.81999969482422,31.229999542236328,31.579999923706055,24.23188018798828,5699100,0.0,0.0
2014-07-24,31.579999923706055,31.850000381469727,31.389999389648438,31.68000030517578,24.308612823486328,4113900,0.0,0.0
2014-07-25,31.540000915527344,31.799999237060547,31.34000015258789,31.350000381469727,24.055402755737305,2829000,0.0,0.0
2014-07-28,31.040000915527344,31.979999542236328,31.0,31.770000457763672,24.37766456604004,4077900,0.0,0.0
2014-07-29,31.760000228881836,31.850000381469727,31.1200008392334,31.1299991607666,23.8865909576416,4899500,0.0,0.0
2014-07-30,30.979999542236328,31.299999237060547,30.700000762939453,30.81999969482422,23.75555419921875,4475900,0.14,0.0
2014-07-31,30.270000457763672,31.200000762939453,30.270000457763672,30.959999084472656,23.863462448120117,5949100,0.0,0.0
2014-08-01,30.079999923706055,31.15999984741211,30.079999923706055,30.729999542236328,23.686182022094727,4385900,0.0,0.0
2014-08-04,30.75,31.079999923706055,30.170000076293945,31.030000686645508,23.917421340942383,5096500,0.0,0.0
2014-08-05,31.06999969482422,31.229999542236328,30.520000457763672,30.719999313354492,23.678476333618164,6271600,0.0,0.0
2014-08-06,30.510000228881836,30.579999923706055,30.079999923706055,30.110000610351562,23.208301544189453,5793200,0.0,0.0
2014-08-07,30.190000534057617,30.540000915527344,29.540000915527344,29.829999923706055,22.992483139038086,6224600,0.0,0.0
2014-08-08,29.809999465942383,29.809999465942383,29.170000076293945,29.6200008392334,22.830612182617188,6636000,0.0,0.0
2014-08-11,29.709999084472656,29.84000015258789,29.299999237060547,29.329999923706055,22.60708999633789,3684500,0.0,0.0
2014-08-12,29.350000381469727,29.520000457763672,29.06999969482422,29.200000762939453,22.50688934326172,3916600,0.0,0.0
2014-08-13,29.309999465942383,29.34000015258789,29.09000015258789,29.299999237060547,22.583965301513672,2443500,0.0,0.0
2014-08-14,29.31999969482422,29.579999923706055,29.1299991607666,29.420000076293945,22.67646026611328,3169900,0.0,0.0
2014-08-15,29.469999313354492,29.6299991607666,29.030000686645508,29.15999984741211,22.476057052612305,3840700,0.0,0.0
2014-08-18,29.229999542236328,29.31999969482422,28.969999313354492,29.059999465942383,22.398975372314453,2638300,0.0,0.0
2014-08-19,29.149999618530273,29.709999084472656,29.0,29.6299991607666,22.838321685791016,4951000,0.0,0.0
2014-08-20,29.6200008392334,29.8700008392334,29.389999389648438,29.760000228881836,22.93853187561035,2546600,0.0,0.0
2014-08-21,29.850000381469727,30.350000381469727,29.84000015258789,30.010000228881836,23.131223678588867,3052000,0.0,0.0
2014-08-22,30.0,30.059999465942383,29.549999237060547,29.600000381469727,22.815196990966797,1914100,0.0,0.0
2014-08-25,29.670000076293945,29.860000610351562,29.520000457763672,29.729999542236328,22.915395736694336,2654200,0.0,0.0
2014-08-26,29.719999313354492,30.0,29.6200008392334,29.739999771118164,22.92310905456543,2487500,0.0,0.0
2014-08-27,29.799999237060547,30.479999542236328,29.670000076293945,30.389999389648438,23.424116134643555,4188500,0.0,0.0
2014-08-28,30.450000762939453,30.530000686645508,30.200000762939453,30.479999542236328,23.493484497070312,2480400,0.0,0.0
2014-08-29,30.450000762939453,30.81999969482422,30.399999618530273,30.780000686645508,23.724721908569336,2453900,0.0,0.0
2014-09-02,30.81999969482422,30.8799991607666,30.290000915527344,30.469999313354492,23.48578453063965,3325000,0.0,0.0
2014-09-03,30.440000534057617,30.649999618530273,30.149999618530273,30.520000457763672,23.524322509765625,3818900,0.0,0.0
2014-09-04,30.489999771118164,30.610000610351562,30.200000762939453,30.299999237060547,23.35474967956543,2216200,0.0,0.0
2014-09-05,30.350000381469727,31.18000030517578,30.299999237060547,30.889999389648438,23.80950927734375,4680300,0.0,0.0
2014-09-08,30.920000076293945,30.959999084472656,30.530000686645508,30.799999237060547,23.740140914916992,2215700,0.0,0.0
2014-09-09,30.690000534057617,30.829999923706055,30.469999313354492,30.510000228881836,23.51660919189453,2987200,0.0,0.0
2014-09-10,30.549999237060547,30.829999923706055,30.3799991607666,30.709999084472656,23.670766830444336,2772300,0.0,0.0
2014-09-11,30.719999313354492,31.010000228881836,30.530000686645508,30.979999542236328,23.878877639770508,2926400,0.0,0.0
2014-09-12,30.84000015258789,30.90999984741211,30.170000076293945,30.280000686645508,23.339332580566406,2763000,0.0,0.0
2014-09-15,30.399999618530273,30.5,30.020000457763672,30.200000762939453,23.277671813964844,2476800,0.0,0.0
2014-09-16,30.200000762939453,30.739999771118164,30.110000610351562,30.670000076293945,23.639942169189453,3959300,0.0,0.0
2014-09-17,30.81999969482422,30.989999771118164,30.510000228881836,30.559999465942383,23.55515480041504,3449200,0.0,0.0
2014-09-18,30.600000381469727,30.889999389648438,30.520000457763672,30.799999237060547,23.740140914916992,2871000,0.0,0.0
2014-09-19,30.950000762939453,31.290000915527344,30.799999237060547,31.25,24.086984634399414,5385900,0.0,0.0
2014-09-22,31.139999389648438,31.280000686645508,30.850000381469727,30.950000762939453,23.855754852294922,3534000,0.0,0.0
2014-09-23,31.020000457763672,31.049999237060547,30.579999923706055,30.760000228881836,23.709306716918945,5840700,0.0,0.0
2014-09-24,30.780000686645508,30.809999465942383,30.06999969482422,30.06999969482422,23.177471160888672,3121200,0.0,0.0
2014-09-25,30.020000457763672,30.260000228881836,29.739999771118164,29.770000457763672,22.946229934692383,4100100,0.0,0.0
2014-09-26,29.649999618530273,29.850000381469727,29.399999618530273,29.799999237060547,22.96935272216797,2923000,0.0,0.0
2014-09-29,29.6200008392334,30.479999542236328,29.6200008392334,30.40999984741211,23.43953514099121,3927800,0.0,0.0
2014-09-30,30.43000030517578,30.690000534057617,30.139999389648438,30.479999542236328,23.493484497070312,4080400,0.0,0.0
2014-10-01,30.68000030517578,31.350000381469727,30.68000030517578,31.190000534057617,24.040746688842773,7929200,0.0,0.0
2014-10-02,31.09000015258789,31.760000228881836,31.030000686645508,31.489999771118164,24.2719783782959,6470700,0.0,0.0
2014-10-03,31.579999923706055,31.639999389648438,31.260000228881836,31.559999465942383,24.325931549072266,4062200,0.0,0.0
2014-10-06,31.56999969482422,31.690000534057617,31.360000610351562,31.5,24.27968978881836,2133200,0.0,0.0
2014-10-07,31.360000610351562,31.940000534057617,31.290000915527344,31.350000381469727,24.16407585144043,6468400,0.0,0.0
2014-10-08,31.43000030517578,31.8799991607666,31.420000076293945,31.809999465942383,24.518627166748047,5634400,0.0,0.0
2014-10-09,31.770000457763672,31.969999313354492,30.989999771118164,31.040000915527344,23.92513084411621,4669000,0.0,0.0
2014-10-10,31.15999984741211,31.3799991607666,30.079999923706055,30.139999389648438,23.23141860961914,5712000,0.0,0.0
2014-10-13,30.15999984741211,30.239999771118164,29.06999969482422,29.1299991607666,22.452932357788086,5236400,0.0,0.0
2014-10-14,29.309999465942383,29.56999969482422,27.940000534057617,28.1200008392334,21.674442291259766,9637900,0.0,0.0
2014-10-15,27.790000915527344,28.0,26.43000030517578,27.110000610351562,20.895944595336914,10270100,0.0,0.0
2014-10-16,26.780000686645508,28.31999969482422,26.530000686645508,28.079999923706055,21.64360809326172,7779300,0.0,0.0
2014-10-17,28.209999084472656,28.6200008392334,27.940000534057617,28.209999084472656,21.74380874633789,4108300,0.0,0.0
2014-10-20,28.18000030517578,28.549999237060547,28.079999923706055,28.440000534057617,21.921091079711914,2265500,0.0,0.0
2014-10-21,28.530000686645508,28.639999389648438,28.170000076293945,28.610000610351562,22.0521183013916,3543400,0.0,0.0
2014-10-22,28.6299991607666,29.489999771118164,28.579999923706055,29.18000030517578,22.491466522216797,3629700,0.0,0.0
2014-10-23,29.440000534057617,29.639999389648438,29.06999969482422,29.34000015258789,22.614795684814453,1974900,0.0,0.0
2014-10-24,29.540000915527344,29.969999313354492,29.360000610351562,29.719999313354492,22.907690048217773,3338500,0.0,0.0
2014-10-27,29.549999237060547,29.6299991607666,28.729999542236328,28.75,22.160032272338867,3482500,0.0,0.0
2014-10-28,28.799999237060547,29.239999771118164,28.709999084472656,29.239999771118164,22.5377254486084,2936500,0.0,0.0
2014-10-29,29.190000534057617,29.530000686645508,28.850000381469727,29.219999313354492,22.522296905517578,2407200,0.0,0.0
2014-10-30,29.06999969482422,29.790000915527344,29.049999237060547,29.75,23.041215896606445,2582900,0.14,0.0
2014-10-31,29.84000015258789,30.139999389648438,29.549999237060547,29.979999542236328,23.219345092773438,3639700,0.0,0.0
2014-11-03,30.100000381469727,30.549999237060547,30.020000457763672,30.43000030517578,23.56787109375,4763100,0.0,0.0
2014-11-04,30.389999389648438,30.520000457763672,29.68000030517578,29.940000534057617,23.188364028930664,3392700,0.0,0.0
2014-11-05,30.309999465942383,32.45000076293945,30.18000030517578,32.27000045776367,24.992948532104492,10105300,0.0,0.0
2014-11-06,32.099998474121094,32.779998779296875,31.75,32.630001068115234,25.271760940551758,6500800,0.0,0.0
2014-11-07,32.529998779296875,33.79999923706055,32.5099983215332,33.720001220703125,26.115957260131836,5383200,0.0,0.0
2014-11-10,33.7400016784668,33.91999816894531,33.06999969482422,33.16999816894531,25.689983367919922,4394900,0.0,0.0
2014-11-11,33.13999938964844,33.290000915527344,32.7599983215332,33.15999984741211,25.682233810424805,3856900,0.0,0.0
2014-11-12,32.900001525878906,33.0099983215332,32.380001068115234,32.439998626708984,25.124601364135742,3547200,0.0,0.0
2014-11-13,32.439998626708984,32.560001373291016,31.489999771118164,31.549999237060547,24.435302734375,3973200,0.0,0.0
2014-11-14,31.479999542236328,31.610000610351562,31.15999984741211,31.309999465942383,24.249431610107422,2479000,0.0,0.0
2014-11-17,31.229999542236328,31.729999542236328,31.020000457763672,31.68000030517578,24.535987854003906,3882700,0.0,0.0
2014-11-18,31.1299991607666,32.060001373291016,31.1299991607666,31.739999771118164,24.582454681396484,3203000,0.0,0.0
2014-11-19,31.65999984741211,31.729999542236328,31.190000534057617,31.299999237060547,24.24167251586914,2548500,0.0,0.0
2014-11-20,31.190000534057617,31.489999771118164,31.09000015258789,31.149999618530273,24.125505447387695,2639000,0.0,0.0
2014-11-21,31.329999923706055,31.469999313354492,30.90999984741211,31.309999465942383,24.249431610107422,3750200,0.0,0.0
2014-11-24,31.34000015258789,31.639999389648438,30.959999084472656,31.0,24.009326934814453,2931800,0.0,0.0
2014-11-25,31.100000381469727,31.100000381469727,30.5,30.739999771118164,23.807960510253906,3507200,0.0,0.0
2014-11-26,30.850000381469727,31.010000228881836,30.459999084472656,30.920000076293945,23.947368621826172,2228000,0.0,0.0
2014-11-28,30.790000915527344,31.309999465942383,30.6200008392334,31.260000228881836,24.210691452026367,1411900,0.0,0.0
2014-12-01,31.0,31.270000457763672,30.850000381469727,30.860000610351562,23.900896072387695,2423800,0.0,0.0
2014-12-02,30.729999542236328,31.1299991607666,30.56999969482422,30.850000381469727,23.893150329589844,3035900,0.0,0.0
2014-12-03,30.729999542236328,30.729999542236328,28.68000030517578,29.31999969482422,22.708179473876953,11282300,0.0,0.0
2014-12-04,29.360000610351562,29.670000076293945,28.329999923706055,28.530000686645508,22.096336364746094,7394200,0.0,0.0
2014-12-05,28.420000076293945,28.600000381469727,28.0,28.270000457763672,21.894960403442383,4931400,0.0,0.0
2014-12-08,28.31999969482422,28.360000610351562,27.610000610351562,27.670000076293945,21.43026351928711,4665000,0.0,0.0
2014-12-09,27.809999465942383,28.059999465942383,27.559999465942383,27.84000015258789,21.56192970275879,5645700,0.0,0.0
2014-12-10,27.860000610351562,27.920000076293945,26.90999984741211,26.950000762939453,20.872629165649414,5228900,0.0,0.0
2014-12-11,26.989999771118164,27.329999923706055,26.799999237060547,26.920000076293945,20.849388122558594,5754800,0.0,0.0
2014-12-12,26.68000030517578,26.979999542236328,26.3700008392334,26.65999984741211,20.648019790649414,4343700,0.0,0.0
2014-12-15,26.709999084472656,26.809999465942383,25.959999084472656,26.1200008392334,20.22979164123535,4418900,0.0,0.0
2014-12-16,26.020000457763672,26.549999237060547,25.770000457763672,25.829999923706055,20.00519371032715,4810700,0.0,0.0
2014-12-17,26.049999237060547,27.010000228881836,25.959999084472656,26.75,20.71772575378418,5430200,0.0,0.0
2014-12-18,26.969999313354492,27.790000915527344,26.969999313354492,27.760000228881836,21.499971389770508,5409600,0.0,0.0
2014-12-19,27.81999969482422,27.979999542236328,26.959999084472656,27.020000457763672,20.926843643188477,7165800,0.0,0.0
2014-12-22,27.1299991607666,27.15999984741211,26.190000534057617,26.600000381469727,20.601552963256836,4394200,0.0,0.0
2014-12-23,26.639999389648438,27.299999237060547,26.6299991607666,27.139999389648438,21.019779205322266,2186900,0.0,0.0
2014-12-24,27.09000015258789,27.860000610351562,27.09000015258789,27.739999771118164,21.484481811523438,2187500,0.0,0.0
2014-12-26,27.739999771118164,28.030000686645508,27.6200008392334,27.899999618530273,21.6083927154541,2192600,0.0,0.0
2014-12-29,27.850000381469727,28.389999389648438,27.829999923706055,28.15999984741211,21.809764862060547,3937800,0.0,0.0
2014-12-30,28.06999969482422,28.110000610351562,27.649999618530273,27.700000762939453,21.4534969329834,2591100,0.0,0.0
2014-12-31,27.729999542236328,27.760000228881836,26.940000534057617,26.950000762939453,20.872629165649414,4749400,0.0,0.0
2015-01-02,27.030000686645508,27.579999923706055,26.850000381469727,27.5,21.29859733581543,4712900,0.0,0.0
2015-01-05,27.899999618530273,27.899999618530273,26.239999771118164,26.450000762939453,20.48537826538086,4980200,0.0,0.0
2015-01-06,26.549999237060547,26.65999984741211,25.860000610351562,26.110000610351562,20.222049713134766,4623400,0.0,0.0
2015-01-07,26.3799991607666,26.719999313354492,26.1200008392334,26.229999542236328,20.31499481201172,3567800,0.0,0.0
2015-01-08,26.25,26.899999618530273,26.219999313354492,26.809999465942383,20.76420021057129,3245400,0.0,0.0
2015-01-09,27.190000534057617,27.31999969482422,26.8799991607666,27.139999389648438,21.019779205322266,3492100,0.0,0.0
2015-01-12,27.100000381469727,27.100000381469727,26.510000228881836,26.690000534057617,20.6712589263916,3448900,0.0,0.0
2015-01-13,26.3700008392334,27.030000686645508,26.329999923706055,26.8799991607666,20.81841278076172,5944900,0.0,0.0
2015-01-14,26.440000534057617,27.010000228881836,26.280000686645508,26.969999313354492,20.88811492919922,4112000,0.0,0.0
2015-01-15,27.110000610351562,27.420000076293945,26.5,26.56999969482422,20.578317642211914,4819700,0.0,0.0
2015-01-16,26.540000915527344,26.950000762939453,26.059999465942383,26.299999237060547,20.36920166015625,5447800,0.0,0.0
2015-01-20,26.5,26.5,24.600000381469727,24.68000030517578,19.114526748657227,6382000,0.0,0.0
2015-01-21,24.959999084472656,25.579999923706055,24.56999969482422,25.469999313354492,19.726377487182617,8804100,0.0,0.0
2015-01-22,25.5,25.6299991607666,24.719999313354492,25.09000015258789,19.432069778442383,4536300,0.0,0.0
2015-01-23,25.149999618530273,25.299999237060547,25.0,25.040000915527344,19.39333724975586,3082100,0.0,0.0
2015-01-26,24.93000030517578,25.549999237060547,24.8700008392334,25.540000915527344,19.780595779418945,2051300,0.0,0.0
2015-01-27,25.450000762939453,25.600000381469727,25.229999542236328,25.34000015258789,19.625696182250977,2478700,0.0,0.0
2015-01-28,25.3700008392334,25.56999969482422,24.59000015258789,24.610000610351562,19.06031036376953,3536200,0.0,0.0
2015-01-29,24.510000228881836,24.540000915527344,23.760000228881836,24.43000030517578,19.033042907714844,6014600,0.145,0.0
2015-01-30,24.200000762939453,25.260000228881836,24.1299991607666,24.65999984741211,19.212230682373047,5081100,0.0,0.0
2015-02-02,24.700000762939453,25.3700008392334,24.34000015258789,25.219999313354492,19.648521423339844,4732700,0.0,0.0
2015-02-03,25.209999084472656,26.3700008392334,25.209999084472656,26.040000915527344,20.287370681762695,6356500,0.0,0.0
2015-02-04,25.889999389648438,26.190000534057617,25.559999465942383,26.040000915527344,20.287370681762695,5277600,0.0,0.0
2015-02-05,26.18000030517578,26.510000228881836,26.030000686645508,26.34000015258789,20.521089553833008,3833400,0.0,0.0
2015-02-06,26.239999771118164,26.290000915527344,25.15999984741211,25.280000686645508,19.695262908935547,3337300,0.0,0.0
2015-02-09,25.34000015258789,26.469999313354492,25.260000228881836,26.030000686645508,20.27957534790039,4397200,0.0,0.0
2015-02-10,26.079999923706055,26.65999984741211,25.649999618530273,26.549999237060547,20.684703826904297,3870500,0.0,0.0
2015-02-11,26.299999237060547,26.31999969482422,25.729999542236328,25.790000915527344,20.09259796142578,3923600,0.0,0.0
2015-02-12,25.860000610351562,25.90999984741211,25.31999969482422,25.459999084472656,19.835506439208984,2969300,0.0,0.0
2015-02-13,25.299999237060547,25.6200008392334,25.18000030517578,25.3700008392334,19.765384674072266,2776700,0.0,0.0
2015-02-17,25.219999313354492,25.219999313354492,24.639999389648438,24.979999542236328,19.461538314819336,4148100,0.0,0.0
2015-02-18,25.389999389648438,26.1299991607666,24.780000686645508,25.920000076293945,20.193878173828125,3628200,0.0,0.0
2015-02-19,25.899999618530273,25.920000076293945,24.920000076293945,25.34000015258789,19.742015838623047,5299800,0.0,0.0
2015-02-20,25.399999618530273,25.469999313354492,24.969999313354492,25.389999389648438,19.780960083007812,3259100,0.0,0.0
2015-02-23,25.360000610351562,25.43000030517578,24.920000076293945,25.34000015258789,19.742015838623047,2538800,0.0,0.0
2015-02-24,25.329999923706055,26.170000076293945,25.31999969482422,25.8799991607666,20.162721633911133,3262500,0.0,0.0
2015-02-25,25.8700008392334,25.920000076293945,25.290000915527344,25.3799991607666,19.773181915283203,2414500,0.0,0.0
2015-02-26,25.3700008392334,25.399999618530273,24.75,24.770000457763672,19.29793357849121,4176900,0.0,0.0
2015-02-27,25.799999237060547,25.850000381469727,23.6200008392334,23.979999542236328,18.682458877563477,5528800,0.0,0.0
2015-03-02,23.979999542236328,23.979999542236328,23.209999084472656,23.389999389648438,18.222795486450195,5423000,0.0,0.0
2015-03-03,23.40999984741211,24.299999237060547,23.389999389648438,24.139999389648438,18.80710792541504,4761300,0.0,0.0
2015-03-04,24.049999237060547,24.440000534057617,23.81999969482422,24.389999389648438,19.00187873840332,4188700,0.0,0.0
2015-03-05,24.540000915527344,25.190000534057617,24.389999389648438,25.06999969482422,19.531661987304688,4996700,0.0,0.0
2015-03-06,24.950000762939453,24.969999313354492,24.40999984741211,24.489999771118164,19.079788208007812,5034800,0.0,0.0
2015-03-09,24.559999465942383,24.649999618530273,23.639999389648438,23.719999313354492,18.479890823364258,5089400,0.0,0.0
2015-03-10,23.549999237060547,23.760000228881836,23.329999923706055,23.389999389648438,18.222795486450195,5690800,0.0,0.0
2015-03-11,23.420000076293945,23.6299991607666,23.100000381469727,23.1200008392334,18.012441635131836,4633800,0.0,0.0
2015-03-12,23.25,23.420000076293945,23.110000610351562,23.280000686645508,18.137094497680664,3797400,0.0,0.0
2015-03-13,23.1299991607666,23.65999984741211,22.780000686645508,23.469999313354492,18.28511619567871,5190300,0.0,0.0
2015-03-16,23.780000686645508,23.989999771118164,23.649999618530273,23.780000686645508,18.526636123657227,4158200,0.0,0.0
2015-03-17,23.739999771118164,24.399999618530273,23.729999542236328,24.329999923706055,18.955142974853516,2971100,0.0,0.0
2015-03-18,24.209999084472656,25.579999923706055,24.18000030517578,25.34000015258789,19.742015838623047,5036100,0.0,0.0
2015-03-19,25.079999923706055,25.450000762939453,24.43000030517578,24.6200008392334,19.181066513061523,3506500,0.0,0.0
2015-03-20,24.809999465942383,25.5,24.700000762939453,25.450000762939453,19.82770347595215,5664300,0.0,0.0
2015-03-23,25.389999389648438,26.079999923706055,25.3700008392334,25.729999542236328,20.045856475830078,3895400,0.0,0.0
2015-03-24,25.729999542236328,25.920000076293945,25.209999084472656,25.290000915527344,19.703052520751953,6032200,0.0,0.0
2015-03-25,25.43000030517578,25.459999084472656,24.690000534057617,24.760000228881836,19.29014015197754,2813100,0.0,0.0
2015-03-26,24.829999923706055,25.190000534057617,24.639999389648438,24.65999984741211,19.212230682373047,3815100,0.0,0.0
2015-03-27,24.65999984741211,24.850000381469727,24.06999969482422,24.200000762939453,18.85385513305664,4548400,0.0,0.0
2015-03-30,24.350000381469727,25.239999771118164,24.200000762939453,24.920000076293945,19.41478729248047,5634600,0.0,0.0
2015-03-31,24.899999618530273,25.260000228881836,24.790000915527344,25.190000534057617,19.62514877319336,4283900,0.0,0.0
2015-04-01,24.989999771118164,24.989999771118164,23.530000686645508,23.600000381469727,18.386402130126953,9702700,0.0,0.0
2015-04-02,23.65999984741211,24.299999237060547,23.65999984741211,23.989999771118164,18.690250396728516,5972000,0.0,0.0
2015-04-06,23.93000030517578,24.6299991607666,23.59000015258789,24.5,19.08757972717285,4588500,0.0,0.0
2015-04-07,24.520000457763672,25.059999465942383,24.25,24.889999389648438,19.391420364379883,4397500,0.0,0.0
2015-04-08,25.100000381469727,25.309999465942383,24.84000015258789,24.920000076293945,19.41478729248047,4759600,0.0,0.0
2015-04-09,24.93000030517578,25.040000915527344,24.3799991607666,24.610000610351562,19.173276901245117,3750700,0.0,0.0
2015-04-10,24.649999618530273,24.770000457763672,24.389999389648438,24.56999969482422,19.142114639282227,2280200,0.0,0.0
2015-04-13,24.6200008392334,24.959999084472656,24.43000030517578,24.59000015258789,19.157695770263672,3138100,0.0,0.0
2015-04-14,24.56999969482422,24.799999237060547,24.149999618530273,24.350000381469727,18.970712661743164,3883600,0.0,0.0
2015-04-15,24.510000228881836,25.299999237060547,24.459999084472656,25.149999618530273,19.59398651123047,5177500,0.0,0.0
2015-04-16,25.100000381469727,25.350000381469727,24.700000762939453,25.100000381469727,19.555028915405273,2909900,0.0,0.0
2015-04-17,24.950000762939453,25.170000076293945,24.75,24.959999084472656,19.445955276489258,3858600,0.0,0.0
2015-04-20,25.100000381469727,25.989999771118164,25.049999237060547,25.90999984741211,20.186086654663086,5317200,0.0,0.0
2015-04-21,25.969999313354492,26.170000076293945,25.34000015258789,25.469999313354492,19.843294143676758,4260600,0.0,0.0
2015-04-22,25.450000762939453,25.450000762939453,24.950000762939453,25.06999969482422,19.531661987304688,3802900,0.0,0.0
2015-04-23,25.059999465942383,25.34000015258789,24.600000381469727,24.709999084472656,19.251182556152344,4254100,0.0,0.0
2015-04-24,24.729999542236328,26.93000030517578,24.600000381469727,25.530000686645508,19.890037536621094,6397600,0.0,0.0
2015-04-27,25.459999084472656,25.65999984741211,25.1200008392334,25.309999465942383,19.71864128112793,5984200,0.0,0.0
2015-04-28,25.209999084472656,25.649999618530273,25.1200008392334,25.610000610351562,19.952362060546875,4163200,0.0,0.0
2015-04-29,25.260000228881836,25.729999542236328,25.079999923706055,25.65999984741211,20.105148315429688,3924700,0.145,0.0
2015-04-30,25.469999313354492,25.530000686645508,24.8799991607666,25.239999771118164,19.77606773376465,5388900,0.0,0.0
2015-05-01,25.280000686645508,25.459999084472656,25.06999969482422,25.239999771118164,19.77606773376465,4253800,0.0,0.0
2015-05-04,25.290000915527344,25.920000076293945,25.190000534057617,25.520000457763672,19.995458602905273,4236000,0.0,0.0
2015-05-05,25.520000457763672,25.920000076293945,24.979999542236328,25.110000610351562,19.674209594726562,5289600,0.0,0.0
2015-05-06,25.209999084472656,25.3799991607666,24.450000762939453,24.59000015258789,19.266786575317383,4594400,0.0,0.0
2015-05-07,24.579999923706055,25.209999084472656,24.389999389648438,24.969999313354492,19.564516067504883,5990500,0.0,0.0
2015-05-08,25.530000686645508,26.780000686645508,25.510000228881836,26.399999618530273,20.68495750427246,7024700,0.0,0.0
2015-05-11,26.40999984741211,26.469999313354492,25.959999084472656,26.0,20.371543884277344,4665900,0.0,0.0
2015-05-12,25.8799991607666,26.489999771118164,25.56999969482422,26.43000030517578,20.708465576171875,3960700,0.0,0.0
2015-05-13,26.549999237060547,26.6200008392334,25.969999313354492,26.059999465942383,20.418560028076172,3488900,0.0,0.0
2015-05-14,26.1299991607666,26.34000015258789,25.600000381469727,25.790000915527344,20.207008361816406,2847200,0.0,0.0
2015-05-15,25.790000915527344,26.25,25.530000686645508,26.100000381469727,20.449899673461914,2795500,0.0,0.0
2015-05-18,25.989999771118164,26.110000610351562,25.68000030517578,26.049999237060547,20.41071891784668,1866400,0.0,0.0
2015-05-19,25.8799991607666,25.90999984741211,25.579999923706055,25.799999237060547,20.2148380279541,2362900,0.0,0.0
2015-05-20,25.790000915527344,25.940000534057617,25.549999237060547,25.729999542236328,20.159996032714844,1563600,0.0,0.0
2015-05-21,25.65999984741211,26.15999984741211,25.6200008392334,26.100000381469727,20.449899673461914,2304300,0.0,0.0
2015-05-22,25.959999084472656,26.049999237060547,25.799999237060547,25.969999313354492,20.348045349121094,1704700,0.0,0.0
2015-05-26,25.8799991607666,25.8799991607666,25.18000030517578,25.290000915527344,19.815248489379883,3218900,0.0,0.0
2015-05-27,25.299999237060547,25.549999237060547,25.15999984741211,25.350000381469727,19.862255096435547,5283200,0.0,0.0
2015-05-28,25.360000610351562,25.739999771118164,25.25,25.420000076293945,19.917104721069336,3586600,0.0,0.0
2015-05-29,25.329999923706055,25.440000534057617,24.850000381469727,25.200000762939453,19.744726181030273,3508800,0.0,0.0
2015-06-01,25.170000076293945,25.299999237060547,25.010000228881836,25.139999389648438,19.697721481323242,2175700,0.0,0.0
2015-06-02,25.0,25.059999465942383,24.540000915527344,24.719999313354492,19.368637084960938,3958400,0.0,0.0
2015-06-03,24.709999084472656,24.75,24.209999084472656,24.709999084472656,19.36080551147461,4027700,0.0,0.0
2015-06-04,24.579999923706055,24.780000686645508,24.31999969482422,24.389999389648438,19.11008071899414,3912000,0.0,0.0
2015-06-05,24.190000534057617,24.579999923706055,23.90999984741211,24.3799991607666,19.10224151611328,3226600,0.0,0.0
2015-06-08,24.350000381469727,24.389999389648438,23.90999984741211,24.030000686645508,18.828006744384766,3029500,0.0,0.0
2015-06-09,24.059999465942383,24.190000534057617,23.850000381469727,23.860000610351562,18.694808959960938,4445600,0.0,0.0
2015-06-10,24.559999465942383,25.229999542236328,24.469999313354492,24.6200008392334,19.290287017822266,6116400,0.0,0.0
2015-06-11,24.799999237060547,24.799999237060547,24.149999618530273,24.530000686645508,19.21977424621582,3134300,0.0,0.0
2015-06-12,24.450000762939453,24.56999969482422,24.0,24.18000030517578,18.945531845092773,2781000,0.0,0.0
2015-06-15,24.100000381469727,24.200000762939453,23.8700008392334,23.940000534057617,18.75749397277832,2533700,0.0,0.0
2015-06-16,23.93000030517578,24.229999542236328,23.739999771118164,24.209999084472656,18.969039916992188,2483100,0.0,0.0
2015-06-17,24.209999084472656,24.469999313354492,24.010000228881836,24.40999984741211,19.125747680664062,3435500,0.0,0.0
2015-06-18,24.440000534057617,25.06999969482422,24.40999984741211,24.969999313354492,19.564516067504883,4863000,0.0,0.0
2015-06-19,25.1299991607666,25.18000030517578,24.809999465942383,24.920000076293945,19.525346755981445,4770800,0.0,0.0
2015-06-22,25.010000228881836,25.389999389648438,24.979999542236328,25.09000015258789,19.65854835510254,3007000,0.0,0.0
2015-06-23,25.229999542236328,25.280000686645508,24.940000534057617,24.989999771118164,19.580184936523438,3579600,0.0,0.0
2015-06-24,24.899999618530273,25.049999237060547,24.850000381469727,24.889999389648438,19.50183868408203,4418300,0.0,0.0
2015-06-25,24.940000534057617,24.959999084472656,24.309999465942383,24.360000610351562,19.08656883239746,3624700,0.0,0.0
2015-06-26,24.329999923706055,24.350000381469727,24.059999465942383,24.200000762939453,18.96120834350586,4166900,0.0,0.0
2015-06-29,24.079999923706055,24.170000076293945,23.420000076293945,23.440000534057617,18.365739822387695,4313700,0.0,0.0
2015-06-30,23.510000228881836,23.579999923706055,22.829999923706055,22.8799991607666,17.926959991455078,6531000,0.0,0.0
2015-07-01,22.989999771118164,23.0,22.31999969482422,22.450000762939453,17.590049743652344,5229000,0.0,0.0
2015-07-02,22.65999984741211,22.780000686645508,22.229999542236328,22.600000381469727,17.707578659057617,4344800,0.0,0.0
2015-07-06,22.780000686645508,22.81999969482422,22.459999084472656,22.760000228881836,17.83294105529785,4338200,0.0,0.0
2015-07-07,22.75,23.219999313354492,22.6299991607666,23.100000381469727,18.099334716796875,4839400,0.0,0.0
2015-07-08,22.93000030517578,23.059999465942383,22.049999237060547,22.100000381469727,17.315814971923828,3674000,0.0,0.0
2015-07-09,22.309999465942383,22.360000610351562,21.709999084472656,21.889999389648438,17.15127182006836,4033700,0.0,0.0
2015-07-10,22.100000381469727,22.100000381469727,21.649999618530273,21.760000228881836,17.049419403076172,4933400,0.0,0.0
2015-07-13,21.8799991607666,22.239999771118164,21.639999389648438,22.229999542236328,17.41766929626465,3034800,0.0,0.0
2015-07-14,22.829999923706055,22.829999923706055,22.0,22.079999923706055,17.300142288208008,2920600,0.0,0.0
2015-07-15,22.1200008392334,22.190000534057617,21.760000228881836,21.889999389648438,17.15127182006836,2500100,0.0,0.0
2015-07-16,21.93000030517578,22.459999084472656,21.770000457763672,22.25,17.43334197998047,2902900,0.0,0.0
2015-07-17,22.229999542236328,22.40999984741211,22.020000457763672,22.239999771118164,17.425504684448242,2888100,0.0,0.0
2015-07-20,22.290000915527344,22.299999237060547,21.3799991607666,21.56999969482422,16.900543212890625,6682600,0.0,0.0
2015-07-21,21.549999237060547,21.56999969482422,20.959999084472656,21.059999465942383,16.500951766967773,3878200,0.0,0.0
2015-07-22,21.020000457763672,22.030000686645508,20.950000762939453,21.979999542236328,17.221792221069336,5515900,0.0,0.0
2015-07-23,21.940000534057617,22.030000686645508,21.479999542236328,21.649999618530273,16.963232040405273,4074000,0.0,0.0
2015-07-24,21.56999969482422,21.639999389648438,21.3700008392334,21.399999618530273,16.76734733581543,5251100,0.0,0.0
2015-07-27,21.399999618530273,21.860000610351562,21.280000686645508,21.549999237060547,16.884876251220703,5097300,0.0,0.0
2015-07-28,21.56999969482422,22.190000534057617,21.479999542236328,22.15999984741211,17.362825393676758,4874600,0.0,0.0
2015-07-29,22.06999969482422,22.15999984741211,21.780000686645508,22.0,17.237459182739258,3431400,0.0,0.0
2015-07-30,21.780000686645508,22.579999923706055,21.690000534057617,22.360000610351562,17.635766983032227,3143500,0.145,0.0
2015-07-31,22.510000228881836,23.06999969482422,22.389999389648438,22.450000762939453,17.706748962402344,3948900,0.0,0.0
2015-08-03,22.389999389648438,22.600000381469727,21.959999084472656,22.270000457763672,17.564788818359375,5873900,0.0,0.0
2015-08-04,21.68000030517578,21.899999618530273,19.90999984741211,20.040000915527344,15.805936813354492,15806400,0.0,0.0
2015-08-05,20.059999465942383,20.959999084472656,19.950000762939453,20.030000686645508,15.798047065734863,7234600,0.0,0.0
2015-08-06,19.989999771118164,19.989999771118164,19.190000534057617,19.43000030517578,15.324819564819336,8551700,0.0,0.0
2015-08-07,19.420000076293945,20.200000762939453,19.399999618530273,19.600000381469727,15.458901405334473,5782100,0.0,0.0
2015-08-10,19.40999984741211,20.1299991607666,19.360000610351562,19.850000381469727,15.656083106994629,5558300,0.0,0.0
2015-08-11,19.770000457763672,19.90999984741211,19.09000015258789,19.229999542236328,15.167072296142578,5165700,0.0,0.0
2015-08-12,19.200000762939453,20.540000915527344,18.950000762939453,20.530000686645508,16.192413330078125,7055600,0.0,0.0
2015-08-13,20.530000686645508,20.719999313354492,20.190000534057617,20.329999923706055,16.034671783447266,3776100,0.0,0.0
2015-08-14,20.229999542236328,20.829999923706055,20.229999542236328,20.790000915527344,16.397480010986328,3873000,0.0,0.0
2015-08-17,20.729999542236328,21.280000686645508,20.719999313354492,21.239999771118164,16.752403259277344,4660800,0.0,0.0
2015-08-18,21.1299991607666,21.219999313354492,20.770000457763672,20.989999771118164,16.555217742919922,2813100,0.0,0.0
2015-08-19,20.829999923706055,21.239999771118164,20.719999313354492,20.959999084472656,16.53155517578125,5524000,0.0,0.0
2015-08-20,20.829999923706055,21.030000686645508,20.290000915527344,20.299999237060547,16.011003494262695,4372500,0.0,0.0
2015-08-21,20.079999923706055,20.209999084472656,19.489999771118164,19.579999923706055,15.443127632141113,5598300,0.0,0.0
2015-08-24,19.030000686645508,20.360000610351562,18.979999542236328,19.219999313354492,15.159186363220215,10988800,0.0,0.0
2015-08-25,19.850000381469727,20.389999389648438,18.8799991607666,18.899999618530273,14.90679931640625,6926200,0.0,0.0
2015-08-26,19.360000610351562,19.360000610351562,18.549999237060547,19.06999969482422,15.040876388549805,5600100,0.0,0.0
2015-08-27,19.170000076293945,20.200000762939453,19.1299991607666,19.81999969482422,15.632418632507324,6723500,0.0,0.0
2015-08-28,19.829999923706055,20.450000762939453,19.809999465942383,20.219999313354492,15.947912216186523,3367100,0.0,0.0
2015-08-31,20.030000686645508,20.309999465942383,19.489999771118164,19.920000076293945,15.711285591125488,5375500,0.0,0.0
2015-09-01,19.6299991607666,19.799999237060547,19.059999465942383,19.239999771118164,15.174959182739258,4611700,0.0,0.0
2015-09-02,19.670000076293945,19.709999084472656,18.56999969482422,18.68000030517578,14.73327922821045,5740100,0.0,0.0
2015-09-03,18.700000762939453,19.479999542236328,18.549999237060547,18.899999618530273,14.90679931640625,5498600,0.0,0.0
2015-09-04,18.65999984741211,18.68000030517578,17.920000076293945,17.93000030517578,14.14173412322998,5763800,0.0,0.0
2015-09-08,18.290000915527344,18.43000030517578,18.139999389648438,18.40999984741211,14.520325660705566,5226300,0.0,0.0
2015-09-09,18.549999237060547,18.760000228881836,17.969999313354492,18.0,14.196950912475586,4310600,0.0,0.0
2015-09-10,17.950000762939453,18.3799991607666,17.690000534057617,18.350000381469727,14.473002433776855,6888100,0.0,0.0
2015-09-11,18.229999542236328,18.450000762939453,18.139999389648438,18.450000762939453,14.551872253417969,3488200,0.0,0.0
2015-09-14,18.469999313354492,18.510000228881836,18.200000762939453,18.420000076293945,14.528212547302246,4808500,0.0,0.0
2015-09-15,18.649999618530273,19.239999771118164,18.610000610351562,19.049999237060547,15.025104522705078,6023300,0.0,0.0
2015-09-16,19.040000915527344,19.139999389648438,18.829999923706055,18.969999313354492,14.962004661560059,6446200,0.0,0.0
2015-09-17,18.979999542236328,19.530000686645508,18.68000030517578,19.170000076293945,15.119754791259766,7428100,0.0,0.0
2015-09-18,19.139999389648438,19.260000228881836,17.75,17.979999542236328,14.181170463562012,15523100,0.0,0.0
2015-09-21,18.25,18.3700008392334,16.329999923706055,16.399999618530273,12.934999465942383,14325600,0.0,0.0
2015-09-22,16.450000762939453,16.450000762939453,14.9399995803833,15.359999656677246,12.114731788635254,19685900,0.0,0.0
2015-09-23,15.119999885559082,15.989999771118164,15.100000381469727,15.430000305175781,12.169943809509277,11341500,0.0,0.0
2015-09-24,15.239999771118164,15.65999984741211,14.979999542236328,15.479999542236328,12.209378242492676,10102900,0.0,0.0
2015-09-25,15.649999618530273,15.729999542236328,14.989999771118164,15.069999694824219,11.886000633239746,10803700,0.0,0.0
2015-09-28,15.069999694824219,15.170000076293945,14.8100004196167,14.890000343322754,11.74403190612793,9496600,0.0,0.0
2015-09-29,14.9399995803833,14.960000038146973,14.430000305175781,14.470000267028809,11.41277027130127,9956500,0.0,0.0
2015-09-30,14.59000015258789,14.949999809265137,14.59000015258789,14.850000381469727,11.712484359741211,10736900,0.0,0.0
2015-10-01,14.869999885559082,15.039999961853027,14.670000076293945,14.739999771118164,11.625723838806152,11130300,0.0,0.0
2015-10-02,14.550000190734863,14.979999542236328,14.550000190734863,14.869999885559082,11.728256225585938,14113000,0.0,0.0
2015-10-05,15.0,15.90999984741211,15.0,15.789999961853027,12.453880310058594,12920200,0.0,0.0
2015-10-06,15.829999923706055,15.930000305175781,15.420000076293945,15.779999732971191,12.445992469787598,5083800,0.0,0.0
2015-10-07,15.880000114440918,16.110000610351562,15.350000381469727,15.399999618530273,12.146278381347656,7447900,0.0,0.0
2015-10-08,15.350000381469727,15.609999656677246,15.020000457763672,15.449999809265137,12.185715675354004,13124400,0.0,0.0
2015-10-09,15.479999542236328,15.600000381469727,15.140000343322754,15.460000038146973,12.193601608276367,5324100,0.0,0.0
2015-10-12,15.510000228881836,15.579999923706055,14.789999961853027,14.90999984741211,11.759806632995605,4810400,0.0,0.0
2015-10-13,14.930000305175781,15.380000114440918,14.550000190734863,15.029999732971191,11.854453086853027,7284600,0.0,0.0
2015-10-14,15.100000381469727,15.479999542236328,14.970000267028809,15.199999809265137,11.988534927368164,4839600,0.0,0.0
2015-10-15,15.25,15.430000305175781,15.020000457763672,15.380000114440918,12.130502700805664,3516300,0.0,0.0
2015-10-16,15.399999618530273,15.479999542236328,14.779999732971191,15.020000457763672,11.84656810760498,4651900,0.0,0.0
2015-10-19,14.880000114440918,14.960000038146973,14.5600004196167,14.800000190734863,11.673051834106445,4159700,0.0,0.0
2015-10-20,14.789999961853027,15.380000114440918,14.789999961853027,15.25,12.027972221374512,5477300,0.0,0.0
2015-10-21,15.25,15.319999694824219,14.760000228881836,14.800000190734863,11.673051834106445,4224000,0.0,0.0
2015-10-22,14.899999618530273,15.050000190734863,14.65999984741211,14.920000076293945,11.767694473266602,5609400,0.0,0.0
2015-10-23,14.930000305175781,14.9399995803833,13.960000038146973,14.020000457763672,11.05784797668457,7593600,0.0,0.0
2015-10-26,14.029999732971191,14.050000190734863,13.079999923706055,13.149999618530273,10.371658325195312,9598700,0.0,0.0
2015-10-27,13.149999618530273,13.180000305175781,12.619999885559082,12.649999618530273,9.977301597595215,15136500,0.0,0.0
2015-10-28,12.65999984741211,13.34000015258789,12.649999618530273,13.029999732971191,10.277013778686523,8364600,0.0,0.0
2015-10-29,12.850000381469727,13.020000457763672,12.819999694824219,12.890000343322754,10.281002044677734,4403200,0.145,0.0
2015-10-30,12.819999694824219,12.970000267028809,12.649999618530273,12.890000343322754,10.281002044677734,4596400,0.0,0.0
2015-11-02,12.859999656677246,13.4399995803833,12.75,13.359999656677246,10.655871391296387,7998800,0.0,0.0
2015-11-03,13.300000190734863,13.8100004196167,13.289999961853027,13.479999542236328,10.751585006713867,7984600,0.0,0.0
2015-11-04,13.930000305175781,14.539999961853027,13.670000076293945,14.079999923706055,11.230138778686523,10410700,0.0,0.0
2015-11-05,13.949999809265137,14.069999694824219,13.460000038146973,13.579999923706055,10.831342697143555,7089400,0.0,0.0
2015-11-06,13.380000114440918,13.510000228881836,13.029999732971191,13.510000228881836,10.775510787963867,6664900,0.0,0.0
2015-11-09,13.479999542236328,13.800000190734863,13.119999885559082,13.300000190734863,10.608016967773438,6140600,0.0,0.0
2015-11-10,13.15999984741211,13.75,13.15999984741211,13.579999923706055,10.831342697143555,4705400,0.0,0.0
2015-11-11,13.649999618530273,13.739999771118164,12.859999656677246,13.029999732971191,10.392663955688477,6904100,0.0,0.0
2015-11-12,12.890000343322754,13.119999885559082,12.489999771118164,12.510000228881836,9.977916717529297,7222600,0.0,0.0
2015-11-13,12.539999961853027,12.850000381469727,12.329999923706055,12.609999656677246,10.0576753616333,8722100,0.0,0.0
2015-11-16,12.539999961853027,12.829999923706055,12.510000228881836,12.720000267028809,10.145413398742676,7307400,0.0,0.0
2015-11-17,12.720000267028809,12.739999771118164,11.960000038146973,12.020000457763672,9.587096214294434,4630100,0.0,0.0
2015-11-18,12.119999885559082,12.329999923706055,11.829999923706055,12.130000114440918,9.674825668334961,11028600,0.0,0.0
2015-11-19,12.180000305175781,12.180000305175781,11.630000114440918,11.930000305175781,9.515310287475586,5685000,0.0,0.0
2015-11-20,12.09000015258789,12.100000381469727,11.770000457763672,12.0,9.571141242980957,4181000,0.0,0.0
2015-11-23,12.09000015258789,12.229999542236328,11.829999923706055,12.149999618530273,9.690779685974121,6477200,0.0,0.0
2015-11-24,12.050000190734863,12.680000305175781,12.050000190734863,12.619999885559082,10.06564998626709,6917800,0.0,0.0
2015-11-25,12.550000190734863,12.550000190734863,12.079999923706055,12.180000305175781,9.714709281921387,6371000,0.0,0.0
2015-11-27,12.180000305175781,12.229999542236328,11.550000190734863,11.619999885559082,9.268056869506836,3425900,0.0,0.0
2015-11-30,11.670000076293945,12.420000076293945,11.510000228881836,12.359999656677246,9.8582763671875,8749800,0.0,0.0
2015-12-01,12.180000305175781,12.649999618530273,12.039999961853027,12.350000381469727,9.850301742553711,6499100,0.0,0.0
2015-12-02,12.210000038146973,12.210000038146973,10.520000457763672,10.789999961853027,8.60605239868164,14984800,0.0,0.0
2015-12-03,11.010000228881836,11.649999618530273,10.710000038146973,10.970000267028809,8.749619483947754,17098200,0.0,0.0
2015-12-04,10.9399995803833,10.949999809265137,8.8100004196167,9.0,7.178356170654297,28919500,0.0,0.0
2015-12-07,8.90999984741211,9.710000038146973,8.800000190734863,9.550000190734863,7.617033958435059,14567100,0.0,0.0
2015-12-08,9.449999809265137,10.380000114440918,9.199999809265137,10.09000015258789,8.047733306884766,17914200,0.0,0.0
2015-12-09,10.09000015258789,10.65999984741211,9.949999809265137,10.550000190734863,8.414628982543945,11716200,0.0,0.0
2015-12-10,10.5,10.850000381469727,10.350000381469727,10.470000267028809,8.35081958770752,7126900,0.0,0.0
2015-12-11,10.329999923706055,10.40999984741211,10.09000015258789,10.140000343322754,8.087615966796875,8512800,0.0,0.0
2015-12-14,10.119999885559082,10.270000457763672,9.119999885559082,9.199999809265137,7.337876796722412,10894500,0.0,0.0
2015-12-15,9.260000228881836,9.680000305175781,9.220000267028809,9.279999732971191,7.401682376861572,9406800,0.0,0.0
2015-12-16,9.350000381469727,9.729999542236328,9.239999771118164,9.640000343322754,7.688817024230957,9996500,0.0,0.0
2015-12-17,9.630000114440918,9.720000267028809,9.220000267028809,9.520000457763672,7.593106269836426,6540600,0.0,0.0
2015-12-18,9.430000305175781,10.40999984741211,9.430000305175781,10.369999885559082,8.271058082580566,21494300,0.0,0.0
2015-12-21,10.220000267028809,11.199999809265137,10.050000190734863,11.069999694824219,8.829376220703125,12196100,0.0,0.0
2015-12-22,10.979999542236328,11.25,10.729999542236328,10.899999618530273,8.693784713745117,6320100,0.0,0.0
2015-12-23,11.0,11.760000228881836,10.960000038146973,11.539999961853027,9.20424747467041,6631500,0.0,0.0
2015-12-24,11.520000457763672,11.710000038146973,11.369999885559082,11.5,9.172343254089355,4220000,0.0,0.0
2015-12-28,11.5,11.579999923706055,11.0600004196167,11.369999885559082,9.068656921386719,4710900,0.0,0.0
2015-12-29,11.4399995803833,11.710000038146973,11.020000457763672,11.550000190734863,9.212224960327148,5219100,0.0,0.0
2015-12-30,11.359999656677246,11.65999984741211,11.079999923706055,11.09000015258789,8.845329284667969,3956200,0.0,0.0
2015-12-31,11.109999656677246,11.9399995803833,11.100000381469727,11.770000457763672,9.387694358825684,4772000,0.0,0.0
2016-01-04,11.569999694824219,11.880000114440918,11.239999771118164,11.529999732971191,9.196270942687988,6279800,0.0,0.0
2016-01-05,11.569999694824219,12.039999961853027,11.119999885559082,11.970000267028809,9.547215461730957,6550300,0.0,0.0
2016-01-06,11.720000267028809,11.789999961853027,10.9399995803833,11.029999732971191,8.797477722167969,8211400,0.0,0.0
2016-01-07,10.829999923706055,11.65999984741211,10.729999542236328,11.260000228881836,8.980918884277344,6546400,0.0,0.0
2016-01-08,11.359999656677246,11.739999771118164,11.0600004196167,11.34000015258789,9.04472827911377,6937800,0.0,0.0
2016-01-11,11.329999923706055,11.369999885559082,10.180000305175781,10.229999542236328,8.15939712524414,10061300,0.0,0.0
2016-01-12,10.3100004196167,10.65999984741211,9.789999961853027,9.899999618530273,7.8961920738220215,9426800,0.0,0.0
2016-01-13,10.039999961853027,10.270000457763672,9.579999923706055,9.819999694824219,7.832386016845703,8335300,0.0,0.0
2016-01-14,9.869999885559082,10.600000381469727,9.640000343322754,10.479999542236328,8.358795166015625,8482300,0.0,0.0
2016-01-15,10.140000343322754,10.239999771118164,9.520000457763672,10.109999656677246,8.063689231872559,6972900,0.0,0.0
2016-01-19,10.220000267028809,10.399999618530273,9.859999656677246,10.029999732971191,7.999880313873291,7006900,0.0,0.0
2016-01-20,9.710000038146973,9.789999961853027,8.920000076293945,9.579999923706055,7.640963077545166,9379500,0.0,0.0
2016-01-21,9.600000381469727,10.479999542236328,9.569999694824219,9.890000343322754,7.888216495513916,9008100,0.0,0.0
2016-01-22,10.039999961853027,10.239999771118164,9.729999542236328,9.930000305175781,7.920119285583496,8052800,0.0,0.0
2016-01-25,9.630000114440918,9.760000228881836,8.930000305175781,8.979999542236328,7.162403106689453,7453200,0.0,0.0
2016-01-26,9.180000305175781,9.729999542236328,8.960000038146973,9.670000076293945,7.712744235992432,5084100,0.0,0.0
2016-01-27,9.680000305175781,10.289999961853027,9.460000038146973,9.890000343322754,7.888216495513916,7390400,0.0,0.0
2016-01-28,9.819999694824219,10.149999618530273,9.649999618530273,10.100000381469727,8.175575256347656,6482800,0.145,0.0
2016-01-29,10.300000190734863,10.789999961853027,10.300000190734863,10.640000343322754,8.612686157226562,7807900,0.0,0.0
2016-02-01,10.630000114440918,10.760000228881836,10.109999656677246,10.670000076293945,8.636966705322266,6163000,0.0,0.0
2016-02-02,10.569999694824219,10.75,10.199999809265137,10.710000038146973,8.669352531433105,5154100,0.0,0.0
2016-02-03,10.84000015258789,11.680000305175781,10.819999694824219,11.380000114440918,9.211687088012695,8692500,0.0,0.0
2016-02-04,11.239999771118164,12.140000343322754,11.1899995803833,11.680000305175781,9.454526901245117,11622800,0.0,0.0
2016-02-05,11.600000381469727,11.8100004196167,11.15999984741211,11.569999694824219,9.36548137664795,11192500,0.0,0.0
2016-02-08,11.420000076293945,11.920000076293945,10.949999809265137,11.140000343322754,9.017415046691895,9316300,0.0,0.0
2016-02-09,10.899999618530273,11.010000228881836,10.600000381469727,10.84000015258789,8.774577140808105,5342900,0.0,0.0
2016-02-10,10.770000457763672,10.970000267028809,10.170000076293945,10.699999809265137,8.661252975463867,5083900,0.0,0.0
2016-02-11,10.4399995803833,10.569999694824219,9.529999732971191,9.59000015258789,7.762750148773193,5993100,0.0,0.0
2016-02-12,9.699999809265137,9.729999542236328,9.029999732971191,9.579999923706055,7.754654407501221,6319600,0.0,0.0
2016-02-16,9.569999694824219,9.800000190734863,9.5,9.699999809265137,7.851792812347412,4103200,0.0,0.0
2016-02-17,9.8100004196167,10.75,9.779999732971191,10.199999809265137,8.256523132324219,6843000,0.0,0.0
2016-02-18,10.199999809265137,10.529999732971191,10.0600004196167,10.430000305175781,8.44269847869873,7247200,0.0,0.0
2016-02-19,10.279999732971191,10.289999961853027,9.760000228881836,10.010000228881836,8.102724075317383,5761600,0.0,0.0
2016-02-22,10.149999618530273,10.579999923706055,10.119999885559082,10.569999694824219,8.556024551391602,6488700,0.0,0.0
2016-02-23,10.449999809265137,10.550000190734863,10.140000343322754,10.319999694824219,8.353658676147461,4410900,0.0,0.0
2016-02-24,10.180000305175781,10.949999809265137,9.970000267028809,10.829999923706055,8.766484260559082,6341400,0.0,0.0
2016-02-25,10.859999656677246,11.369999885559082,10.65999984741211,10.899999618530273,8.823144912719727,3836800,0.0,0.0
2016-02-26,10.970000267028809,11.319999694824219,10.930000305175781,11.079999923706055,8.968847274780273,5193400,0.0,0.0
2016-02-29,10.350000381469727,10.979999542236328,10.109999656677246,10.779999732971191,8.726008415222168,10349500,0.0,0.0
2016-03-01,10.869999885559082,11.279999732971191,10.65999984741211,11.260000228881836,9.114551544189453,6735600,0.0,0.0
2016-03-02,11.130000114440918,12.1899995803833,11.050000190734863,12.15999984741211,9.843070030212402,5908300,0.0,0.0
2016-03-03,12.109999656677246,12.770000457763672,12.069999694824219,12.520000457763672,10.134478569030762,7250600,0.0,0.0
2016-03-04,12.489999771118164,13.300000190734863,12.4399995803833,13.069999694824219,10.579680442810059,8034300,0.0,0.0
2016-03-07,13.0600004196167,14.15999984741211,13.029999732971191,13.640000343322754,11.0410737991333,9337800,0.0,0.0
2016-03-08,13.59000015258789,13.649999618530273,12.449999809265137,12.510000228881836,10.126381874084473,9361400,0.0,0.0
2016-03-09,12.569999694824219,12.84000015258789,12.0,12.359999656677246,10.004963874816895,15573300,0.0,0.0
2016-03-10,12.4399995803833,13.010000228881836,12.25,12.890000343322754,10.433978080749512,7738800,0.0,0.0
2016-03-11,13.130000114440918,13.869999885559082,13.119999885559082,13.739999771118164,11.122020721435547,8501900,0.0,0.0
2016-03-14,13.729999542236328,13.9399995803833,13.510000228881836,13.670000076293945,11.065359115600586,6334900,0.0,0.0
2016-03-15,13.539999961853027,13.569999694824219,12.84000015258789,13.300000190734863,10.765854835510254,5352200,0.0,0.0
2016-03-16,13.350000381469727,13.899999618530273,13.25,13.850000381469727,11.21106243133545,5218900,0.0,0.0
2016-03-17,14.0600004196167,14.369999885559082,13.59000015258789,13.960000038146973,11.300101280212402,5091800,0.0,0.0
2016-03-18,13.970000267028809,14.470000267028809,13.640000343322754,13.699999809265137,11.089642524719238,8065700,0.0,0.0
2016-03-21,13.670000076293945,14.0,13.489999771118164,13.5600004196167,10.976319313049316,4556800,0.0,0.0
2016-03-22,13.5,13.920000076293945,13.380000114440918,13.770000457763672,11.146303176879883,3819100,0.0,0.0
2016-03-23,13.6899995803833,13.720000267028809,12.979999542236328,12.989999771118164,10.514924049377441,4170300,0.0,0.0
2016-03-24,12.859999656677246,13.180000305175781,12.350000381469727,13.140000343322754,10.63634204864502,5809700,0.0,0.0
2016-03-28,13.199999809265137,13.25,12.670000076293945,12.890000343322754,10.433978080749512,3114900,0.0,0.0
2016-03-29,12.779999732971191,13.229999542236328,12.100000381469727,13.220000267028809,10.70109748840332,7167000,0.0,0.0
2016-03-30,13.350000381469727,13.5600004196167,12.930000305175781,12.9399995803833,10.47445011138916,5551600,0.0,0.0
2016-03-31,12.9399995803833,13.199999809265137,12.819999694824219,13.010000228881836,10.531111717224121,5116800,0.0,0.0
2016-04-01,12.979999542236328,12.989999771118164,12.329999923706055,12.770000457763672,10.336843490600586,7085200,0.0,0.0
2016-04-04,12.770000457763672,13.270000457763672,12.619999885559082,12.8100004196167,10.369219779968262,6554300,0.0,0.0
2016-04-05,12.699999809265137,12.75,12.199999809265137,12.210000038146973,9.883538246154785,12557900,0.0,0.0
2016-04-06,12.289999961853027,12.350000381469727,11.6899995803833,12.029999732971191,9.737837791442871,10375700,0.0,0.0
2016-04-07,12.020000457763672,12.489999771118164,11.970000267028809,12.239999771118164,9.90782642364502,8468700,0.0,0.0
2016-04-08,12.470000267028809,13.0,12.470000267028809,12.670000076293945,10.255894660949707,5634600,0.0,0.0
2016-04-11,12.770000457763672,13.359999656677246,12.699999809265137,13.109999656677246,10.612054824829102,5292800,0.0,0.0
2016-04-12,13.140000343322754,13.380000114440918,12.84000015258789,13.279999732971191,10.749665260314941,4739300,0.0,0.0
2016-04-13,13.3100004196167,13.649999618530273,13.069999694824219,13.430000305175781,10.871087074279785,4157500,0.0,0.0
2016-04-14,13.430000305175781,13.550000190734863,13.239999771118164,13.3100004196167,10.773953437805176,3609000,0.0,0.0
2016-04-15,13.220000267028809,13.800000190734863,13.149999618530273,13.649999618530273,11.04916763305664,4331300,0.0,0.0
2016-04-18,13.289999961853027,13.920000076293945,13.119999885559082,13.779999732971191,11.154397964477539,5437400,0.0,0.0
2016-04-19,13.90999984741211,14.329999923706055,13.729999542236328,14.3100004196167,11.583415031433105,7431300,0.0,0.0
2016-04-20,14.300000190734863,14.300000190734863,13.899999618530273,14.079999923706055,11.397236824035645,6106800,0.0,0.0
2016-04-21,14.109999656677246,14.369999885559082,13.850000381469727,13.989999771118164,11.324387550354004,6258100,0.0,0.0
2016-04-22,14.079999923706055,14.569999694824219,14.010000228881836,14.199999809265137,11.49437427520752,5664500,0.0,0.0
2016-04-25,14.100000381469727,14.319999694824219,13.970000267028809,14.180000305175781,11.478181838989258,5069200,0.0,0.0
2016-04-26,14.210000038146973,14.5600004196167,14.199999809265137,14.550000190734863,11.77768325805664,5349500,0.0,0.0
2016-04-27,14.640000343322754,15.260000228881836,14.619999885559082,14.979999542236328,12.125755310058594,8405500,0.0,0.0
2016-04-28,14.850000381469727,15.329999923706055,14.670000076293945,15.0,12.166311264038086,6280500,0.03,0.0
2016-04-29,15.100000381469727,15.25,14.850000381469727,15.100000381469727,12.247416496276855,5496800,0.0,0.0
2016-05-02,15.010000228881836,15.079999923706055,14.760000228881836,14.899999618530273,12.085203170776367,7783500,0.0,0.0
2016-05-03,14.75,14.779999732971191,13.920000076293945,14.029999732971191,11.379554748535156,5892400,0.0,0.0
2016-05-04,14.130000114440918,14.6899995803833,14.109999656677246,14.619999885559082,11.858094215393066,7506400,0.0,0.0
2016-05-05,14.920000076293945,15.680000305175781,14.770000457763672,14.859999656677246,12.052754402160645,7549500,0.0,0.0
2016-05-06,14.880000114440918,15.59000015258789,14.84000015258789,15.520000457763672,12.58807373046875,6041800,0.0,0.0
2016-05-09,15.65999984741211,15.770000457763672,15.25,15.649999618530273,12.693513870239258,5664100,0.0,0.0
2016-05-10,15.75,15.970000267028809,15.5600004196167,15.949999809265137,12.936842918395996,4599100,0.0,0.0
2016-05-11,15.949999809265137,16.149999618530273,15.600000381469727,15.770000457763672,12.790847778320312,5384400,0.0,0.0
2016-05-12,15.890000343322754,16.030000686645508,15.520000457763672,15.630000114440918,12.677291870117188,4776800,0.0,0.0
2016-05-13,15.579999923706055,15.800000190734863,15.380000114440918,15.449999809265137,12.531295776367188,4175200,0.0,0.0
2016-05-16,15.5,15.960000038146973,15.4399995803833,15.760000228881836,12.782734870910645,5913900,0.0,0.0
2016-05-17,15.729999542236328,16.15999984741211,15.569999694824219,15.789999961853027,12.80706787109375,4640000,0.0,0.0
2016-05-18,15.640000343322754,15.859999656677246,15.180000305175781,15.3100004196167,12.417747497558594,4154000,0.0,0.0
2016-05-19,15.170000076293945,15.699999809265137,15.079999923706055,15.489999771118164,12.563740730285645,3255100,0.0,0.0
2016-05-20,15.569999694824219,15.819999694824219,15.489999771118164,15.729999542236328,12.758400917053223,3024600,0.0,0.0
2016-05-23,15.6899995803833,16.149999618530273,15.65999984741211,15.899999618530273,12.89628791809082,3280200,0.0,0.0
2016-05-24,16.010000228881836,16.209999084472656,15.699999809265137,16.020000457763672,12.993619918823242,3819500,0.0,0.0
2016-05-25,15.619999885559082,15.949999809265137,15.430000305175781,15.850000381469727,12.855735778808594,6265700,0.0,0.0
2016-05-26,15.930000305175781,16.09000015258789,15.5600004196167,15.649999618530273,12.693513870239258,7175600,0.0,0.0
2016-05-27,15.65999984741211,16.260000228881836,15.65999984741211,16.190000534057617,13.13150405883789,3843500,0.0,0.0
2016-05-31,16.239999771118164,16.75,16.190000534057617,16.3799991607666,13.285611152648926,5780300,0.0,0.0
2016-06-01,16.34000015258789,16.93000030517578,16.299999237060547,16.850000381469727,13.666823387145996,6392200,0.0,0.0
2016-06-02,16.75,17.350000381469727,16.75,17.149999618530273,13.910146713256836,4419400,0.0,0.0
2016-06-03,17.299999237060547,17.56999969482422,17.059999465942383,17.389999389648438,14.10481071472168,6667200,0.0,0.0
2016-06-06,17.5,17.899999618530273,17.440000534057617,17.8700008392334,14.494132041931152,6683400,0.0,0.0
2016-06-07,17.809999465942383,18.0,17.56999969482422,17.899999618530273,14.518463134765625,6320100,0.0,0.0
2016-06-08,18.06999969482422,18.31999969482422,17.739999771118164,17.780000686645508,14.421128273010254,4577600,0.0,0.0
2016-06-09,16.90999984741211,16.920000076293945,16.049999237060547,16.59000015258789,13.455937385559082,10766900,0.0,0.0
2016-06-10,16.360000610351562,16.360000610351562,14.859999656677246,14.899999618530273,12.085203170776367,9009700,0.0,0.0
2016-06-13,14.850000381469727,15.180000305175781,14.65999984741211,14.880000114440918,12.068979263305664,5681300,0.0,0.0
2016-06-14,14.800000190734863,14.890000343322754,14.09000015258789,14.229999542236328,11.541770935058594,7032800,0.0,0.0
2016-06-15,14.119999885559082,14.34000015258789,13.760000228881836,13.949999809265137,11.314666748046875,6757400,0.0,0.0
2016-06-16,13.84000015258789,14.210000038146973,13.619999885559082,13.970000267028809,11.330889701843262,8548500,0.0,0.0
2016-06-17,14.020000457763672,14.720000267028809,14.020000457763672,14.390000343322754,11.671542167663574,6458200,0.0,0.0
2016-06-20,14.4399995803833,14.720000267028809,14.239999771118164,14.25,11.557991027832031,3950400,0.0,0.0
2016-06-21,14.260000228881836,14.460000038146973,14.069999694824219,14.329999923706055,11.622881889343262,3314300,0.0,0.0
2016-06-22,14.300000190734863,14.359999656677246,13.880000114440918,14.140000343322754,11.468770980834961,4075800,0.0,0.0
2016-06-23,14.270000457763672,14.550000190734863,14.210000038146973,14.529999732971191,11.785096168518066,3186600,0.0,0.0
2016-06-24,14.170000076293945,14.350000381469727,13.869999885559082,13.989999771118164,11.3471097946167,7257900,0.0,0.0
2016-06-27,13.8100004196167,13.979999542236328,13.220000267028809,13.319999694824219,10.803681373596191,5504900,0.0,0.0
2016-06-28,13.59000015258789,14.270000457763672,13.59000015258789,14.1899995803833,11.509325981140137,6337900,0.0,0.0
2016-06-29,14.369999885559082,14.84000015258789,14.359999656677246,14.710000038146973,11.931092262268066,5609900,0.0,0.0
2016-06-30,14.75,15.010000228881836,14.3100004196167,14.989999771118164,12.158197402954102,5480100,0.0,0.0
2016-07-01,15.029999732971191,15.40999984741211,14.960000038146973,15.020000457763672,12.18253231048584,4415500,0.0,0.0
2016-07-05,14.850000381469727,14.930000305175781,14.199999809265137,14.5,11.760764122009277,3326900,0.0,0.0
2016-07-06,14.399999618530273,14.710000038146973,14.319999694824219,14.630000114440918,11.866207122802734,2517200,0.0,0.0
2016-07-07,14.649999618530273,14.9399995803833,14.359999656677246,14.5600004196167,11.809431076049805,3597900,0.0,0.0
2016-07-08,14.6899995803833,15.069999694824219,14.680000305175781,15.069999694824219,12.2230863571167,3921300,0.0,0.0
2016-07-11,14.949999809265137,15.369999885559082,14.930000305175781,15.359999656677246,12.458301544189453,3267700,0.0,0.0
2016-07-12,15.489999771118164,15.970000267028809,15.489999771118164,15.779999732971191,12.798958778381348,4065800,0.0,0.0
2016-07-13,15.8100004196167,15.880000114440918,15.5,15.869999885559082,12.871953010559082,4365900,0.0,0.0
2016-07-14,15.609999656677246,16.020000457763672,15.289999961853027,15.3100004196167,12.417747497558594,5740000,0.0,0.0
2016-07-15,15.350000381469727,15.550000190734863,15.229999542236328,15.470000267028809,12.54751968383789,3465000,0.0,0.0
2016-07-18,15.470000267028809,15.539999961853027,15.350000381469727,15.529999732971191,12.596186637878418,3310900,0.0,0.0
2016-07-19,15.479999542236328,15.529999732971191,14.609999656677246,14.640000343322754,11.874320983886719,4485200,0.0,0.0
2016-07-20,14.529999732971191,14.779999732971191,14.180000305175781,14.670000076293945,11.89864730834961,5182100,0.0,0.0
2016-07-21,14.649999618530273,14.859999656677246,14.5,14.569999694824219,11.817541122436523,4363300,0.0,0.0
2016-07-22,14.619999885559082,14.890000343322754,14.520000457763672,14.789999961853027,11.995983123779297,3523400,0.0,0.0
2016-07-25,14.8100004196167,15.029999732971191,14.65999984741211,14.789999961853027,11.995983123779297,2850600,0.0,0.0
2016-07-26,14.84000015258789,15.050000190734863,14.670000076293945,14.770000457763672,11.979757308959961,2584700,0.0,0.0
2016-07-27,14.869999885559082,14.989999771118164,13.880000114440918,13.979999542236328,11.33899974822998,5553900,0.0,0.0
2016-07-28,13.970000267028809,14.180000305175781,13.800000190734863,14.09000015258789,11.452795028686523,3548900,0.03,0.0
2016-07-29,14.029999732971191,14.130000114440918,13.770000457763672,13.84000015258789,11.249591827392578,4590400,0.0,0.0
2016-08-01,13.779999732971191,13.899999618530273,13.460000038146973,13.65999984741211,11.103278160095215,4738000,0.0,0.0
2016-08-02,13.680000305175781,13.869999885559082,13.539999961853027,13.770000457763672,11.1926908493042,3456900,0.0,0.0
2016-08-03,13.800000190734863,14.539999961853027,13.65999984741211,14.140000343322754,11.493436813354492,3950900,0.0,0.0
2016-08-04,14.100000381469727,14.25,13.5600004196167,13.800000190734863,11.217077255249023,4995500,0.0,0.0
2016-08-05,13.640000343322754,13.930000305175781,13.600000381469727,13.619999885559082,11.070767402648926,3833300,0.0,0.0
2016-08-08,13.699999809265137,13.880000114440918,13.5,13.520000457763672,10.989480972290039,4528000,0.0,0.0
2016-08-09,13.510000228881836,13.819999694824219,12.75,12.829999923706055,10.428627967834473,5769100,0.0,0.0
2016-08-10,12.850000381469727,13.109999656677246,12.539999961853027,12.75,10.363603591918945,5298800,0.0,0.0
2016-08-11,12.8100004196167,13.050000190734863,12.6899995803833,12.970000267028809,10.542423248291016,3624700,0.0,0.0
2016-08-12,13.020000457763672,13.149999618530273,12.670000076293945,12.720000267028809,10.339219093322754,3449000,0.0,0.0
2016-08-15,12.770000457763672,12.869999885559082,12.550000190734863,12.609999656677246,10.249805450439453,4669100,0.0,0.0
2016-08-16,12.640000343322754,12.729999542236328,12.279999732971191,12.300000190734863,9.99782943725586,4576600,0.0,0.0
2016-08-17,12.279999732971191,12.449999809265137,12.079999923706055,12.380000114440918,10.062850952148438,5199200,0.0,0.0
2016-08-18,12.390000343322754,12.569999694824219,12.350000381469727,12.569999694824219,10.21729564666748,3166300,0.0,0.0
2016-08-19,12.510000228881836,12.510000228881836,12.279999732971191,12.369999885559082,10.05472469329834,2549400,0.0,0.0
2016-08-22,12.289999961853027,12.5,12.1899995803833,12.489999771118164,10.152266502380371,3361900,0.0,0.0
2016-08-23,12.550000190734863,12.800000190734863,12.479999542236328,12.5600004196167,10.209163665771484,4414300,0.0,0.0
2016-08-24,12.550000190734863,12.619999885559082,12.140000343322754,12.199999809265137,9.916543960571289,3306900,0.0,0.0
2016-08-25,12.210000038146973,12.460000038146973,12.199999809265137,12.350000381469727,10.038472175598145,1913500,0.0,0.0
2016-08-26,12.40999984741211,12.680000305175781,12.210000038146973,12.260000228881836,9.965315818786621,3124300,0.0,0.0
2016-08-29,12.289999961853027,12.529999732971191,12.260000228881836,12.520000457763672,10.176651954650879,2509500,0.0,0.0
2016-08-30,12.539999961853027,12.630000114440918,12.15999984741211,12.1899995803833,9.908415794372559,2537100,0.0,0.0
2016-08-31,12.15999984741211,12.25,11.75,12.109999656677246,9.843391418457031,4021800,0.0,0.0
2016-09-01,12.100000381469727,12.170000076293945,11.5600004196167,11.600000381469727,9.42884635925293,4334300,0.0,0.0
2016-09-02,11.710000038146973,12.079999923706055,11.710000038146973,11.979999542236328,9.737719535827637,2527700,0.0,0.0
2016-09-06,11.979999542236328,12.239999771118164,11.84000015258789,12.149999618530273,9.87590503692627,2441100,0.0,0.0
2016-09-07,12.149999618530273,12.479999542236328,12.149999618530273,12.300000190734863,9.99782943725586,3561500,0.0,0.0
2016-09-08,12.289999961853027,12.510000228881836,12.220000267028809,12.420000076293945,10.095368385314941,5409300,0.0,0.0
2016-09-09,12.25,12.25,11.59000015258789,11.600000381469727,9.42884635925293,3863000,0.0,0.0
2016-09-12,11.789999961853027,12.050000190734863,11.569999694824219,11.979999542236328,9.737719535827637,4535100,0.0,0.0
2016-09-13,11.720000267028809,11.789999961853027,10.779999732971191,10.979999542236328,8.92488956451416,6640100,0.0,0.0
2016-09-14,10.979999542236328,11.149999618530273,10.760000228881836,10.890000343322754,8.851734161376953,6349800,0.0,0.0
2016-09-15,10.819999694824219,11.3100004196167,10.699999809265137,11.149999618530273,9.063074111938477,6636300,0.0,0.0
2016-09-16,10.979999542236328,11.300000190734863,10.859999656677246,11.260000228881836,9.152483940124512,9279500,0.0,0.0
2016-09-19,11.270000457763672,11.329999923706055,11.069999694824219,11.220000267028809,9.119970321655273,3089900,0.0,0.0
2016-09-20,11.270000457763672,11.529999732971191,11.15999984741211,11.430000305175781,9.290663719177246,5937700,0.0,0.0
2016-09-21,11.539999961853027,11.979999542236328,11.5,11.880000114440918,9.656441688537598,6697600,0.0,0.0
2016-09-22,11.979999542236328,12.09000015258789,11.510000228881836,11.760000228881836,9.558897018432617,5600400,0.0,0.0
2016-09-23,11.65999984741211,11.850000381469727,11.510000228881836,11.529999732971191,9.3719482421875,5562700,0.0,0.0
2016-09-26,11.489999771118164,11.539999961853027,11.25,11.300000190734863,9.1850004196167,4892900,0.0,0.0
2016-09-27,11.260000228881836,11.3100004196167,11.029999732971191,11.1899995803833,9.095585823059082,3556100,0.0,0.0
2016-09-28,11.239999771118164,11.489999771118164,11.199999809265137,11.420000076293945,9.282533645629883,5283600,0.0,0.0
2016-09-29,11.369999885559082,11.399999618530273,11.029999732971191,11.100000381469727,9.022432327270508,4856400,0.0,0.0
2016-09-30,11.180000305175781,11.260000228881836,11.039999961853027,11.210000038146973,9.11184310913086,4397900,0.0,0.0
2016-10-03,11.319999694824219,11.619999885559082,11.039999961853027,11.279999732971191,9.168739318847656,5168000,0.0,0.0
2016-10-04,11.260000228881836,11.300000190734863,10.84000015258789,11.050000190734863,8.981786727905273,5934000,0.0,0.0
2016-10-05,11.140000343322754,11.15999984741211,10.880000114440918,10.970000267028809,8.916763305664062,4074400,0.0,0.0
2016-10-06,10.90999984741211,11.119999885559082,10.869999885559082,10.970000267028809,8.916763305664062,4210400,0.0,0.0
2016-10-07,11.079999923706055,11.180000305175781,10.970000267028809,10.979999542236328,8.92488956451416,5827400,0.0,0.0
2016-10-10,11.100000381469727,11.4399995803833,11.100000381469727,11.420000076293945,9.282533645629883,3755200,0.0,0.0
2016-10-11,11.34000015258789,11.380000114440918,10.960000038146973,11.130000114440918,9.046814918518066,5548800,0.0,0.0
2016-10-12,11.149999618530273,11.300000190734863,11.0,11.140000343322754,9.054945945739746,3423200,0.0,0.0
2016-10-13,11.069999694824219,11.34000015258789,10.869999885559082,11.270000457763672,9.160612106323242,4231700,0.0,0.0
2016-10-14,11.270000457763672,11.460000038146973,11.020000457763672,11.109999656677246,9.030557632446289,5277000,0.0,0.0
2016-10-17,11.130000114440918,11.25,10.920000076293945,10.970000267028809,8.916763305664062,3838800,0.0,0.0
2016-10-18,11.130000114440918,11.760000228881836,11.0,11.699999809265137,9.510129928588867,9783300,0.0,0.0
2016-10-19,11.75,12.119999885559082,11.489999771118164,12.100000381469727,9.835262298583984,5508900,0.0,0.0
2016-10-20,12.09000015258789,12.149999618530273,11.380000114440918,11.640000343322754,9.461360931396484,6933600,0.0,0.0
2016-10-21,11.520000457763672,11.880000114440918,11.329999923706055,11.520000457763672,9.363821029663086,6072000,0.0,0.0
2016-10-24,11.569999694824219,11.729999542236328,11.050000190734863,11.109999656677246,9.030557632446289,5960000,0.0,0.0
2016-10-25,11.109999656677246,11.180000305175781,10.8100004196167,10.949999809265137,8.900504112243652,7115000,0.0,0.0
2016-10-26,10.869999885559082,10.930000305175781,10.399999618530273,10.529999732971191,8.559114456176758,7669400,0.0,0.0
2016-10-27,10.5,10.720000267028809,10.369999885559082,10.470000267028809,8.510346412658691,5371200,0.0,0.0
2016-10-28,10.40999984741211,10.569999694824219,10.199999809265137,10.300000190734863,8.396224021911621,5802500,0.03,0.0
2016-10-31,10.369999885559082,10.800000190734863,10.369999885559082,10.630000114440918,8.6652250289917,8552900,0.0,0.0
2016-11-01,10.649999618530273,10.760000228881836,10.5,10.630000114440918,8.6652250289917,5105100,0.0,0.0
2016-11-02,10.460000038146973,10.479999542236328,9.880000114440918,9.890000343322754,8.062005996704102,8691100,0.0,0.0
2016-11-03,9.949999809265137,10.369999885559082,9.84000015258789,10.130000114440918,8.257643699645996,6046800,0.0,0.0
2016-11-04,10.779999732971191,11.670000076293945,10.729999542236328,11.029999732971191,8.991296768188477,11248600,0.0,0.0
2016-11-07,11.260000228881836,11.520000457763672,11.239999771118164,11.380000114440918,9.276604652404785,6461400,0.0,0.0
2016-11-08,11.470000267028809,11.65999984741211,11.319999694824219,11.470000267028809,9.349967002868652,6675800,0.0,0.0
2016-11-09,11.569999694824219,12.149999618530273,11.430000305175781,12.029999732971191,9.806461334228516,7199900,0.0,0.0
2016-11-10,12.100000381469727,12.100000381469727,11.0600004196167,11.069999694824219,9.023900032043457,8540700,0.0,0.0
2016-11-11,11.079999923706055,11.25,10.779999732971191,11.069999694824219,9.023900032043457,5899100,0.0,0.0
2016-11-14,11.170000076293945,11.829999923706055,11.109999656677246,11.680000305175781,9.521151542663574,5602700,0.0,0.0
2016-11-15,11.59000015258789,11.75,11.279999732971191,11.479999542236328,9.358119010925293,6342400,0.0,0.0
2016-11-16,11.430000305175781,11.430000305175781,11.020000457763672,11.1899995803833,9.121722221374512,4729900,0.0,0.0
2016-11-17,11.170000076293945,11.520000457763672,11.140000343322754,11.25,9.17063045501709,4539500,0.0,0.0
2016-11-18,11.270000457763672,11.470000267028809,11.199999809265137,11.210000038146973,9.138025283813477,2820400,0.0,0.0
2016-11-21,11.329999923706055,11.609999656677246,11.3100004196167,11.520000457763672,9.390727996826172,3108400,0.0,0.0
2016-11-22,11.40999984741211,11.449999809265137,10.890000343322754,10.90999984741211,8.893476486206055,4404000,0.0,0.0
2016-11-23,10.760000228881836,11.119999885559082,10.75,11.029999732971191,8.991296768188477,2868000,0.0,0.0
2016-11-25,11.029999732971191,11.109999656677246,10.920000076293945,10.949999809265137,8.926079750061035,1755900,0.0,0.0
2016-11-28,11.050000190734863,11.569999694824219,11.039999961853027,11.550000190734863,9.415184020996094,5696800,0.0,0.0
2016-11-29,11.520000457763672,11.640000343322754,11.220000267028809,11.3100004196167,9.219539642333984,5020600,0.0,0.0
2016-11-30,11.359999656677246,11.510000228881836,11.289999961853027,11.34000015258789,9.243996620178223,19546800,0.0,0.0
2016-12-01,11.3100004196167,11.4399995803833,11.0600004196167,11.109999656677246,9.056507110595703,9253700,0.0,0.0
2016-12-02,10.979999542236328,11.449999809265137,10.979999542236328,11.239999771118164,9.162480354309082,4807300,0.0,0.0
2016-12-05,11.319999694824219,11.75,11.0600004196167,11.710000038146973,9.545608520507812,6788500,0.0,0.0
2016-12-06,11.6899995803833,11.859999656677246,11.489999771118164,11.819999694824219,9.63527774810791,6877200,0.0,0.0
2016-12-07,11.890000343322754,12.039999961853027,11.800000190734863,11.949999809265137,9.74124813079834,7441300,0.0,0.0
2016-12-08,11.899999618530273,12.489999771118164,11.859999656677246,12.460000038146973,10.156982421875,5565600,0.0,0.0
2016-12-09,12.5,12.890000343322754,12.369999885559082,12.859999656677246,10.483052253723145,8596000,0.0,0.0
2016-12-12,12.930000305175781,13.0600004196167,12.430000305175781,12.600000381469727,10.271109580993652,10262100,0.0,0.0
2016-12-13,12.6899995803833,12.880000114440918,12.520000457763672,12.789999961853027,10.425992012023926,7563200,0.0,0.0
2016-12-14,12.779999732971191,13.010000228881836,12.420000076293945,12.479999542236328,10.173286437988281,7381100,0.0,0.0
2016-12-15,12.420000076293945,12.600000381469727,12.100000381469727,12.579999923706055,10.254807472229004,5194000,0.0,0.0
2016-12-16,12.329999923706055,12.619999885559082,12.220000267028809,12.300000190734863,10.026559829711914,20156300,0.0,0.0
2016-12-19,12.34000015258789,12.859999656677246,12.3100004196167,12.850000381469727,10.474899291992188,6513500,0.0,0.0
2016-12-20,12.850000381469727,12.880000114440918,12.460000038146973,12.5,10.189589500427246,3681600,0.0,0.0
2016-12-21,12.550000190734863,12.699999809265137,12.329999923706055,12.369999885559082,10.083617210388184,6076000,0.0,0.0
2016-12-22,12.34000015258789,12.460000038146973,12.109999656677246,12.130000114440918,9.887981414794922,5885800,0.0,0.0
2016-12-23,12.210000038146973,12.430000305175781,12.140000343322754,12.34000015258789,10.059161186218262,3600500,0.0,0.0
2016-12-27,12.300000190734863,12.609999656677246,12.300000190734863,12.600000381469727,10.271109580993652,3651800,0.0,0.0
2016-12-28,12.65999984741211,12.699999809265137,12.420000076293945,12.430000305175781,10.132529258728027,2749100,0.0,0.0
2016-12-29,12.430000305175781,12.5600004196167,12.329999923706055,12.390000343322754,10.099923133850098,2640500,0.0,0.0
2016-12-30,12.449999809265137,12.460000038146973,12.220000267028809,12.260000228881836,9.993951797485352,3448500,0.0,0.0
2017-01-03,12.319999694824219,12.449999809265137,12.1899995803833,12.300000190734863,10.026559829711914,3228300,0.0,0.0
2017-01-04,12.319999694824219,13.069999694824219,12.300000190734863,13.029999732971191,10.62162971496582,8040900,0.0,0.0
2017-01-05,13.010000228881836,13.3100004196167,12.920000076293945,13.279999732971191,10.825419425964355,8121200,0.0,0.0
2017-01-06,13.3100004196167,13.449999809265137,12.960000038146973,13.359999656677246,10.890634536743164,8693200,0.0,0.0
2017-01-09,13.350000381469727,13.510000228881836,13.130000114440918,13.470000267028809,10.980303764343262,8444500,0.0,0.0
2017-01-10,13.430000305175781,13.710000038146973,13.239999771118164,13.619999885559082,11.102579116821289,8770600,0.0,0.0
2017-01-11,13.680000305175781,14.100000381469727,13.680000305175781,14.100000381469727,11.493857383728027,14526800,0.0,0.0
2017-01-12,14.050000190734863,14.4399995803833,13.949999809265137,14.380000114440918,11.722103118896484,7591100,0.0,0.0
2017-01-13,14.329999923706055,14.630000114440918,14.300000190734863,14.600000381469727,11.901442527770996,6953100,0.0,0.0
2017-01-17,15.449999809265137,15.920000076293945,15.050000190734863,15.34000015258789,12.504663467407227,10918000,0.0,0.0
2017-01-18,15.390000343322754,15.5600004196167,15.130000114440918,15.260000228881836,12.43945598602295,6565500,0.0,0.0
2017-01-19,15.170000076293945,15.569999694824219,15.109999656677246,15.5600004196167,12.684000015258789,13204100,0.0,0.0
2017-01-20,15.680000305175781,16.40999984741211,15.65999984741211,16.110000610351562,13.132345199584961,8393900,0.0,0.0
2017-01-23,16.209999084472656,16.5,15.890000343322754,16.209999084472656,13.213859558105469,5812700,0.0,0.0
2017-01-24,16.31999969482422,16.6200008392334,16.200000762939453,16.3700008392334,13.344289779663086,6634400,0.0,0.0
2017-01-25,16.389999389648438,16.559999465942383,16.309999465942383,16.440000534057617,13.401349067687988,5031100,0.0,0.0
2017-01-26,16.459999084472656,16.639999389648438,16.329999923706055,16.459999084472656,13.41765308380127,4412700,0.0,0.0
2017-01-27,16.40999984741211,16.600000381469727,16.309999465942383,16.450000762939453,13.409503936767578,3317600,0.0,0.0
2017-01-30,16.399999618530273,16.420000076293945,16.020000457763672,16.260000228881836,13.278839111328125,4848300,0.03,0.0
2017-01-31,16.18000030517578,16.579999923706055,16.18000030517578,16.540000915527344,13.507503509521484,3836500,0.0,0.0
2017-02-01,16.489999771118164,16.600000381469727,16.18000030517578,16.34000015258789,13.344168663024902,3379100,0.0,0.0
2017-02-02,16.280000686645508,16.790000915527344,16.079999923706055,16.709999084472656,13.646329879760742,6049700,0.0,0.0
2017-02-03,16.739999771118164,17.559999465942383,16.56999969482422,17.079999923706055,13.948492050170898,11968900,0.0,0.0
2017-02-06,17.1200008392334,17.209999084472656,16.389999389648438,16.700000762939453,13.638166427612305,6966300,0.0,0.0
2017-02-07,16.639999389648438,16.700000762939453,16.229999542236328,16.270000457763672,13.287004470825195,5060100,0.0,0.0
2017-02-08,16.200000762939453,16.510000228881836,16.020000457763672,16.360000610351562,13.36050033569336,4443500,0.0,0.0
2017-02-09,16.229999542236328,16.5,16.209999084472656,16.420000076293945,13.409505844116211,4257500,0.0,0.0
2017-02-10,16.5,16.65999984741211,16.31999969482422,16.65999984741211,13.605493545532227,3186500,0.0,0.0
2017-02-13,16.600000381469727,16.940000534057617,16.540000915527344,16.75,13.67900276184082,5708900,0.0,0.0
2017-02-14,16.6299991607666,16.809999465942383,16.31999969482422,16.790000915527344,13.711665153503418,6752800,0.0,0.0
2017-02-15,16.739999771118164,17.75,16.729999542236328,17.489999771118164,14.283323287963867,8390700,0.0,0.0
2017-02-16,17.489999771118164,17.489999771118164,17.09000015258789,17.110000610351562,13.97299861907959,4478900,0.0,0.0
2017-02-17,17.110000610351562,17.1299991607666,16.729999542236328,17.100000381469727,13.96483039855957,3987000,0.0,0.0
2017-02-21,16.790000915527344,17.299999237060547,16.520000457763672,17.1200008392334,13.981163024902344,3779100,0.0,0.0
2017-02-22,17.049999237060547,17.049999237060547,16.68000030517578,16.829999923706055,13.744332313537598,4705800,0.0,0.0
2017-02-23,17.010000228881836,17.280000686645508,16.940000534057617,17.040000915527344,13.915827751159668,6036000,0.0,0.0
2017-02-24,17.190000534057617,17.56999969482422,17.1299991607666,17.459999084472656,14.258820533752441,6467900,0.0,0.0
2017-02-27,17.40999984741211,17.709999084472656,16.65999984741211,16.770000457763672,13.695330619812012,9383100,0.0,0.0
2017-02-28,16.43000030517578,16.8799991607666,15.829999923706055,16.559999465942383,13.523836135864258,9653000,0.0,0.0
2017-03-01,16.860000610351562,17.100000381469727,16.700000762939453,16.850000381469727,13.760661125183105,14262200,0.0,0.0
2017-03-02,16.729999542236328,17.469999313354492,16.729999542236328,17.030000686645508,13.907660484313965,8078900,0.0,0.0
2017-03-03,17.030000686645508,17.309999465942383,16.889999389648438,17.299999237060547,14.12816333770752,4584500,0.0,0.0
2017-03-06,17.280000686645508,17.43000030517578,16.950000762939453,17.360000610351562,14.177165031433105,10790000,0.0,0.0
2017-03-07,17.489999771118164,17.65999984741211,16.950000762939453,17.100000381469727,13.96483039855957,5974700,0.0,0.0
2017-03-08,17.059999465942383,17.270000457763672,16.59000015258789,17.170000076293945,14.021993637084961,7587500,0.0,0.0
2017-03-09,17.09000015258789,17.8700008392334,17.040000915527344,17.860000610351562,14.585488319396973,7437100,0.0,0.0
2017-03-10,17.959999084472656,18.059999465942383,17.56999969482422,17.860000610351562,14.585488319396973,5923900,0.0,0.0
2017-03-13,17.8700008392334,18.059999465942383,17.270000457763672,17.329999923706055,14.152658462524414,9000200,0.0,0.0
2017-03-14,17.350000381469727,17.350000381469727,16.790000915527344,17.010000228881836,13.891328811645508,6336200,0.0,0.0
2017-03-15,17.139999389648438,17.610000610351562,17.079999923706055,17.459999084472656,14.258820533752441,8199800,0.0,0.0
2017-03-16,17.469999313354492,17.979999542236328,17.219999313354492,17.889999389648438,14.609983444213867,9434900,0.0,0.0
2017-03-17,18.0,18.559999465942383,18.0,18.059999465942383,14.74881649017334,12065100,0.0,0.0
2017-03-20,18.1299991607666,18.399999618530273,17.93000030517578,18.329999923706055,14.969314575195312,6020600,0.0,0.0
2017-03-21,18.31999969482422,18.510000228881836,18.170000076293945,18.239999771118164,14.895816802978516,3805800,0.0,0.0
2017-03-22,18.280000686645508,18.329999923706055,17.889999389648438,18.010000228881836,14.707983016967773,4262300,0.0,0.0
2017-03-23,18.030000686645508,18.270000457763672,18.0,18.139999389648438,14.814148902893066,3395400,0.0,0.0
2017-03-24,18.149999618530273,18.260000228881836,18.100000381469727,18.15999984741211,14.830488204956055,3133000,0.0,0.0
2017-03-27,18.1200008392334,18.190000534057617,17.969999313354492,18.18000030517578,14.846817970275879,2915800,0.0,0.0
2017-03-28,18.110000610351562,18.15999984741211,17.920000076293945,18.110000610351562,14.789649963378906,4216700,0.0,0.0
2017-03-29,18.68000030517578,18.950000762939453,18.450000762939453,18.729999542236328,15.295977592468262,7569700,0.0,0.0
2017-03-30,18.700000762939453,18.729999542236328,18.229999542236328,18.3700008392334,15.001986503601074,3167200,0.0,0.0
2017-03-31,18.3799991607666,18.950000762939453,18.290000915527344,18.700000762939453,15.271480560302734,4979700,0.0,0.0
2017-04-03,18.579999923706055,18.75,18.309999465942383,18.729999542236328,15.295977592468262,4489900,0.0,0.0
2017-04-04,18.739999771118164,19.06999969482422,18.6299991607666,18.8799991607666,15.418472290039062,4466300,0.0,0.0
2017-04-05,18.8799991607666,19.059999465942383,18.600000381469727,18.690000534057617,15.263309478759766,3784500,0.0,0.0
2017-04-06,18.700000762939453,18.979999542236328,18.600000381469727,18.899999618530273,15.434808731079102,5780200,0.0,0.0
2017-04-07,18.920000076293945,18.969999313354492,18.469999313354492,18.510000228881836,15.116312980651855,3658500,0.0,0.0
2017-04-10,18.510000228881836,18.8799991607666,18.510000228881836,18.760000228881836,15.320477485656738,2997600,0.0,0.0
2017-04-11,18.690000534057617,18.770000457763672,18.489999771118164,18.709999084472656,15.279643058776855,2695500,0.0,0.0
2017-04-12,18.65999984741211,18.799999237060547,18.450000762939453,18.729999542236328,15.295977592468262,3962900,0.0,0.0
2017-04-13,18.75,18.790000915527344,18.350000381469727,18.389999389648438,15.018315315246582,2724000,0.0,0.0
2017-04-17,18.3799991607666,18.479999542236328,18.329999923706055,18.450000762939453,15.067310333251953,2724700,0.0,0.0
2017-04-18,18.389999389648438,18.549999237060547,18.31999969482422,18.440000534057617,15.05915355682373,3685500,0.0,0.0
2017-04-19,18.469999313354492,18.649999618530273,17.860000610351562,17.8799991607666,14.60181999206543,4801100,0.0,0.0
2017-04-20,18.010000228881836,18.020000457763672,17.200000762939453,17.239999771118164,14.079161643981934,6910400,0.0,0.0
2017-04-21,17.260000228881836,17.350000381469727,16.760000228881836,17.06999969482422,13.94033145904541,6418700,0.0,0.0
2017-04-24,17.149999618530273,17.479999542236328,17.059999465942383,17.299999237060547,14.12816333770752,4138800,0.0,0.0
2017-04-25,17.06999969482422,17.170000076293945,16.84000015258789,17.010000228881836,13.891328811645508,4951200,0.0,0.0
2017-04-26,17.030000686645508,17.40999984741211,16.93000030517578,17.280000686645508,14.111828804016113,8660700,0.0,0.0
2017-04-27,17.18000030517578,17.309999465942383,16.790000915527344,16.84000015258789,13.776418685913086,3956300,0.03,0.0
2017-04-28,16.920000076293945,17.219999313354492,16.799999237060547,16.899999618530273,13.8254976272583,4055200,0.0,0.0
2017-05-01,16.700000762939453,16.920000076293945,16.6299991607666,16.670000076293945,13.637340545654297,5518200,0.0,0.0
2017-05-02,16.270000457763672,16.780000686645508,15.550000190734863,15.770000457763672,12.901073455810547,10205700,0.0,0.0
2017-05-03,15.760000228881836,15.760000228881836,14.9399995803833,14.979999542236328,12.254789352416992,8193600,0.0,0.0
2017-05-04,14.979999542236328,15.029999732971191,14.520000457763672,14.600000381469727,11.943922996520996,11847800,0.0,0.0
2017-05-05,14.670000076293945,15.119999885559082,14.529999732971191,15.029999732971191,12.295694351196289,7759800,0.0,0.0
2017-05-08,14.960000038146973,14.970000267028809,14.529999732971191,14.789999961853027,12.099357604980469,6579700,0.0,0.0
2017-05-09,14.949999809265137,15.069999694824219,14.59000015258789,14.720000267028809,12.042091369628906,6700300,0.0,0.0
2017-05-10,14.75,15.329999923706055,14.579999923706055,15.130000114440918,12.377503395080566,7121400,0.0,0.0
2017-05-11,15.020000457763672,15.670000076293945,14.869999885559082,15.270000457763672,12.492034912109375,5532000,0.0,0.0
2017-05-12,15.289999961853027,15.289999961853027,15.0,15.069999694824219,12.328418731689453,3264100,0.0,0.0
2017-05-15,15.079999923706055,15.319999694824219,14.979999542236328,15.079999923706055,12.336601257324219,4169900,0.0,0.0
2017-05-16,15.050000190734863,15.15999984741211,14.850000381469727,14.920000076293945,12.205707550048828,4205700,0.0,0.0
2017-05-17,14.920000076293945,15.199999809265137,14.699999809265137,15.050000190734863,12.312058448791504,3762000,0.0,0.0
2017-05-18,15.0,15.3100004196167,14.760000228881836,15.239999771118164,12.467493057250977,3992000,0.0,0.0
2017-05-19,15.920000076293945,16.100000381469727,15.5600004196167,15.710000038146973,12.8519868850708,5644200,0.0,0.0
2017-05-22,15.729999542236328,16.020000457763672,15.529999732971191,15.960000038146973,13.056507110595703,5800900,0.0,0.0
2017-05-23,16.59000015258789,16.790000915527344,15.869999885559082,15.880000114440918,12.991060256958008,7323300,0.0,0.0
2017-05-24,15.880000114440918,16.799999237060547,15.84000015258789,16.760000228881836,13.710966110229492,6612700,0.0,0.0
2017-05-25,16.729999542236328,16.889999389648438,16.350000381469727,16.450000762939453,13.457364082336426,4819100,0.0,0.0
2017-05-26,16.479999542236328,16.559999465942383,16.270000457763672,16.469999313354492,13.473725318908691,4007300,0.0,0.0
2017-05-30,16.440000534057617,16.469999313354492,16.170000076293945,16.209999084472656,13.261022567749023,3232800,0.0,0.0
2017-05-31,16.209999084472656,16.280000686645508,15.829999923706055,16.059999465942383,13.138311386108398,4360000,0.0,0.0
2017-06-01,16.510000228881836,16.770000457763672,16.239999771118164,16.760000228881836,13.710966110229492,4620400,0.0,0.0
2017-06-02,16.709999084472656,17.18000030517578,16.670000076293945,16.920000076293945,13.84185791015625,5383800,0.0,0.0
2017-06-05,16.860000610351562,17.010000228881836,16.610000610351562,16.700000762939453,13.661883354187012,3633100,0.0,0.0
2017-06-06,16.709999084472656,16.899999618530273,16.540000915527344,16.780000686645508,13.72732925415039,5652700,0.0,0.0
2017-06-07,16.729999542236328,16.75,16.260000228881836,16.399999618530273,13.416459083557129,4679600,0.0,0.0
2017-06-08,16.399999618530273,16.450000762939453,16.149999618530273,16.399999618530273,13.416459083557129,3135600,0.0,0.0
2017-06-09,16.360000610351562,16.709999084472656,16.290000915527344,16.690000534057617,13.653701782226562,2969000,0.0,0.0
2017-06-12,16.670000076293945,16.81999969482422,16.540000915527344,16.709999084472656,13.670063018798828,4641100,0.0,0.0
2017-06-13,16.739999771118164,16.989999771118164,16.690000534057617,16.940000534057617,13.858221054077148,3589800,0.0,0.0
2017-06-14,16.8799991607666,16.969999313354492,16.31999969482422,16.469999313354492,13.473725318908691,6925300,0.0,0.0
2017-06-15,16.469999313354492,16.75,16.25,16.610000610351562,13.588258743286133,3483100,0.0,0.0
2017-06-16,16.6200008392334,16.93000030517578,16.260000228881836,16.90999984741211,13.833680152893066,5700000,0.0,0.0
2017-06-19,16.959999084472656,17.09000015258789,16.770000457763672,16.950000762939453,13.866401672363281,3212000,0.0,0.0
2017-06-20,16.860000610351562,16.90999984741211,16.489999771118164,16.760000228881836,13.710966110229492,3131100,0.0,0.0
2017-06-21,16.860000610351562,17.139999389648438,16.729999542236328,16.780000686645508,13.72732925415039,3899400,0.0,0.0
2017-06-22,16.829999923706055,17.450000762939453,16.829999923706055,17.229999542236328,14.095462799072266,4316400,0.0,0.0
2017-06-23,17.229999542236328,17.420000076293945,17.1200008392334,17.389999389648438,14.226360321044922,5152000,0.0,0.0
2017-06-26,17.420000076293945,17.75,17.420000076293945,17.639999389648438,14.430875778198242,8019300,0.0,0.0
2017-06-27,17.649999618530273,17.739999771118164,17.209999084472656,17.209999084472656,14.07910442352295,2920500,0.0,0.0
2017-06-28,17.31999969482422,17.579999923706055,17.299999237060547,17.31999969482422,14.169095039367676,2814900,0.0,0.0
2017-06-29,17.260000228881836,17.34000015258789,16.850000381469727,17.020000457763672,13.92366886138916,3308400,0.0,0.0
2017-06-30,17.049999237060547,17.399999618530273,17.049999237060547,17.219999313354492,14.087282180786133,3403600,0.0,0.0
2017-07-03,17.34000015258789,17.6299991607666,17.110000610351562,17.170000076293945,14.046380043029785,1807000,0.0,0.0
2017-07-05,17.1299991607666,17.3799991607666,16.799999237060547,16.799999237060547,13.743692398071289,3659000,0.0,0.0
2017-07-06,16.8799991607666,16.950000762939453,16.329999923706055,16.360000610351562,13.383736610412598,4213600,0.0,0.0
2017-07-07,16.34000015258789,16.399999618530273,15.949999809265137,16.239999771118164,13.285569190979004,4773500,0.0,0.0
2017-07-10,16.209999084472656,16.3700008392334,16.040000915527344,16.1200008392334,13.18740177154541,5976400,0.0,0.0
2017-07-11,16.34000015258789,16.520000457763672,16.139999389648438,16.299999237060547,13.3346529006958,7656000,0.0,0.0
2017-07-12,19.510000228881836,21.139999389648438,18.899999618530273,21.09000015258789,17.25324058532715,53494000,0.0,0.0
2017-07-13,21.530000686645508,23.360000610351562,21.440000534057617,22.200000762939453,18.161312103271484,36824800,0.0,0.0
2017-07-14,22.239999771118164,23.280000686645508,22.200000762939453,23.239999771118164,19.012104034423828,17236700,0.0,0.0
2017-07-17,23.239999771118164,23.260000228881836,22.40999984741211,22.920000076293945,18.750320434570312,11527800,0.0,0.0
2017-07-18,22.959999084472656,23.469999313354492,22.670000076293945,23.420000076293945,19.159360885620117,8665100,0.0,0.0
2017-07-19,23.420000076293945,24.1200008392334,23.100000381469727,24.0,19.633840560913086,10103400,0.0,0.0
2017-07-20,24.0,24.15999984741211,23.670000076293945,24.110000610351562,19.72383689880371,8014400,0.0,0.0
2017-07-21,24.149999618530273,24.59000015258789,23.84000015258789,24.489999771118164,20.034704208374023,8096700,0.0,0.0
2017-07-24,24.420000076293945,25.290000915527344,24.270000457763672,25.280000686645508,20.680986404418945,9173800,0.0,0.0
2017-07-25,25.3700008392334,25.43000030517578,24.90999984741211,25.010000228881836,20.460098266601562,8829900,0.0,0.0
2017-07-26,25.059999465942383,25.25,24.549999237060547,24.670000076293945,20.181961059570312,8624600,0.0,0.0
2017-07-27,24.75,25.100000381469727,24.469999313354492,24.610000610351562,20.132871627807617,9561600,0.0,0.0
2017-07-28,24.639999389648438,25.239999771118164,24.489999771118164,25.170000076293945,20.616127014160156,4679800,0.03,0.0
2017-07-31,25.18000030517578,25.209999084472656,24.559999465942383,24.6200008392334,20.16564178466797,5065500,0.0,0.0
2017-08-01,24.65999984741211,24.8700008392334,24.239999771118164,24.530000686645508,20.0919246673584,5016300,0.0,0.0
2017-08-02,24.399999618530273,24.739999771118164,24.18000030517578,24.469999313354492,20.042781829833984,5252300,0.0,0.0
2017-08-03,24.350000381469727,24.920000076293945,23.81999969482422,23.979999542236328,19.64142417907715,4122200,0.0,0.0
2017-08-04,24.059999465942383,24.700000762939453,24.0,24.450000762939453,20.026390075683594,4126100,0.0,0.0
2017-08-07,24.399999618530273,24.649999618530273,24.219999313354492,24.5,20.067344665527344,5418400,0.0,0.0
2017-08-08,24.440000534057617,24.799999237060547,24.0,24.25,19.862581253051758,4799000,0.0,0.0
2017-08-09,24.329999923706055,24.420000076293945,24.1299991607666,24.329999923706055,19.9281005859375,2899700,0.0,0.0
2017-08-10,24.239999771118164,25.68000030517578,24.139999389648438,24.389999389648438,19.977245330810547,6914700,0.0,0.0
2017-08-11,24.149999618530273,24.809999465942383,24.149999618530273,24.670000076293945,20.206588745117188,3422000,0.0,0.0
2017-08-14,24.81999969482422,25.610000610351562,24.780000686645508,25.469999313354492,20.86185073852539,5262300,0.0,0.0
2017-08-15,25.3700008392334,25.579999923706055,25.049999237060547,25.469999313354492,20.86185073852539,3567100,0.0,0.0
2017-08-16,25.709999084472656,25.940000534057617,25.530000686645508,25.670000076293945,21.025663375854492,3725800,0.0,0.0
2017-08-17,25.6200008392334,25.790000915527344,25.170000076293945,25.25,20.681655883789062,3477600,0.0,0.0
2017-08-18,25.290000915527344,25.989999771118164,25.139999389648438,25.770000457763672,21.107568740844727,5441100,0.0,0.0
2017-08-21,25.760000228881836,25.829999923706055,25.309999465942383,25.719999313354492,21.066617965698242,4640400,0.0,0.0
2017-08-22,25.829999923706055,26.25,25.709999084472656,25.860000610351562,21.181289672851562,6389900,0.0,0.0
2017-08-23,26.0,26.0,25.389999389648438,25.610000610351562,20.976520538330078,8988300,0.0,0.0
2017-08-24,25.6200008392334,25.649999618530273,25.059999465942383,25.43000030517578,20.829092025756836,4948600,0.0,0.0
2017-08-25,25.31999969482422,25.3799991607666,24.360000610351562,24.579999923706055,20.132871627807617,7480300,0.0,0.0
2017-08-28,24.600000381469727,24.81999969482422,24.43000030517578,24.56999969482422,20.124679565429688,5501500,0.0,0.0
2017-08-29,24.479999542236328,25.1299991607666,24.31999969482422,24.950000762939453,20.435928344726562,4618300,0.0,0.0
2017-08-30,24.940000534057617,24.969999313354492,24.6299991607666,24.850000381469727,20.354022979736328,2929900,0.0,0.0
2017-08-31,24.829999923706055,25.059999465942383,24.65999984741211,24.90999984741211,20.403167724609375,6573500,0.0,0.0
2017-09-01,24.90999984741211,24.959999084472656,24.600000381469727,24.809999465942383,20.321256637573242,2568500,0.0,0.0
2017-09-05,24.93000030517578,25.0,24.059999465942383,24.399999618530273,19.985443115234375,4004900,0.0,0.0
2017-09-06,24.520000457763672,24.520000457763672,23.639999389648438,23.940000534057617,19.608661651611328,11715900,0.0,0.0
2017-09-07,24.100000381469727,24.270000457763672,23.940000534057617,24.1299991607666,19.7642879486084,5267400,0.0,0.0
2017-09-08,24.110000610351562,24.200000762939453,23.780000686645508,23.920000076293945,19.59228515625,2427500,0.0,0.0
2017-09-11,23.979999542236328,24.149999618530273,23.799999237060547,23.8799991607666,19.559526443481445,3382600,0.0,0.0
2017-09-12,23.940000534057617,24.1200008392334,23.790000915527344,23.8799991607666,19.559526443481445,2929700,0.0,0.0
2017-09-13,23.8799991607666,23.940000534057617,23.5,23.559999465942383,19.297414779663086,6402300,0.0,0.0
2017-09-14,23.5,23.700000762939453,22.979999542236328,23.100000381469727,18.920639038085938,7055100,0.0,0.0
2017-09-15,23.1200008392334,23.459999084472656,22.899999618530273,22.93000030517578,18.78139305114746,12235100,0.0,0.0
2017-09-18,23.020000457763672,23.979999542236328,22.950000762939453,23.84000015258789,19.526758193969727,6512600,0.0,0.0
2017-09-19,23.889999389648438,24.65999984741211,23.780000686645508,24.6200008392334,20.16564178466797,8214200,0.0,0.0
2017-09-20,24.670000076293945,24.690000534057617,24.110000610351562,24.139999389648438,19.772478103637695,5866700,0.0,0.0
2017-09-21,23.940000534057617,24.25,23.920000076293945,24.190000534057617,19.813432693481445,3491400,0.0,0.0
2017-09-22,24.1200008392334,24.18000030517578,23.799999237060547,23.940000534057617,19.608661651611328,3382600,0.0,0.0
2017-09-25,23.979999542236328,24.049999237060547,23.329999923706055,23.389999389648438,19.158174514770508,3497000,0.0,0.0
2017-09-26,23.389999389648438,24.15999984741211,23.18000030517578,24.100000381469727,19.739715576171875,7919300,0.0,0.0
2017-09-27,24.040000915527344,24.959999084472656,24.040000915527344,24.899999618530273,20.394975662231445,9426800,0.0,0.0
2017-09-28,24.729999542236328,24.950000762939453,24.31999969482422,24.899999618530273,20.394975662231445,7020200,0.0,0.0
2017-09-29,24.8799991607666,25.709999084472656,24.81999969482422,25.59000015258789,20.96013641357422,7162400,0.0,0.0
2017-10-02,25.600000381469727,25.68000030517578,25.25,25.579999923706055,20.951950073242188,5043400,0.0,0.0
2017-10-03,25.700000762939453,26.030000686645508,25.399999618530273,25.889999389648438,21.205860137939453,8176800,0.0,0.0
2017-10-04,26.0,26.059999465942383,25.700000762939453,25.770000457763672,21.107568740844727,6803900,0.0,0.0
2017-10-05,25.809999465942383,25.850000381469727,25.190000534057617,25.56999969482422,20.94375991821289,4479900,0.0,0.0
2017-10-06,25.479999542236328,25.610000610351562,25.209999084472656,25.489999771118164,20.87822914123535,4376400,0.0,0.0
2017-10-09,25.510000228881836,25.93000030517578,25.43000030517578,25.739999771118164,21.082998275756836,2407000,0.0,0.0
2017-10-10,25.920000076293945,25.950000762939453,25.579999923706055,25.690000534057617,21.042041778564453,3354800,0.0,0.0
2017-10-11,25.450000762939453,25.690000534057617,25.270000457763672,25.469999313354492,20.86185073852539,4273400,0.0,0.0
2017-10-12,25.540000915527344,25.829999923706055,25.219999313354492,25.68000030517578,21.033857345581055,4492100,0.0,0.0
2017-10-13,25.829999923706055,26.139999389648438,25.469999313354492,26.059999465942383,21.345104217529297,7584000,0.0,0.0
2017-10-16,25.989999771118164,26.68000030517578,25.850000381469727,26.6200008392334,21.803789138793945,5441600,0.0,0.0
2017-10-17,26.600000381469727,26.600000381469727,25.90999984741211,26.0,21.295963287353516,6414200,0.0,0.0
2017-10-18,25.899999618530273,26.170000076293945,25.84000015258789,25.950000762939453,21.255006790161133,4471300,0.0,0.0
2017-10-19,25.84000015258789,26.0,25.290000915527344,25.540000915527344,20.9191837310791,4846700,0.0,0.0
2017-10-20,25.6200008392334,25.68000030517578,25.299999237060547,25.399999618530273,20.80451202392578,3744100,0.0,0.0
2017-10-23,25.450000762939453,25.540000915527344,24.850000381469727,24.889999389648438,20.386789321899414,7504100,0.0,0.0
2017-10-24,25.030000686645508,25.25,24.950000762939453,25.110000610351562,20.56698226928711,3752800,0.0,0.0
2017-10-25,24.920000076293945,25.049999237060547,24.549999237060547,24.920000076293945,20.411357879638672,7443700,0.0,0.0
2017-10-26,25.040000915527344,25.100000381469727,24.579999923706055,24.770000457763672,20.288501739501953,3408500,0.0,0.0
2017-10-27,24.799999237060547,25.350000381469727,24.690000534057617,25.34000015258789,20.7553653717041,2922400,0.0,0.0
2017-10-30,25.290000915527344,25.84000015258789,24.90999984741211,25.010000228881836,20.485082626342773,4083900,0.0,0.0
2017-10-31,25.010000228881836,25.149999618530273,24.729999542236328,25.0,20.50147819519043,4420500,0.03,0.0
2017-11-01,25.200000762939453,25.31999969482422,24.649999618530273,24.84000015258789,20.370267868041992,7077700,0.0,0.0
2017-11-02,25.850000381469727,27.440000534057617,25.59000015258789,25.969999313354492,21.29693603515625,17476800,0.0,0.0
2017-11-03,26.100000381469727,28.09000015258789,26.100000381469727,27.6200008392334,22.650035858154297,11615000,0.0,0.0
2017-11-06,27.739999771118164,28.489999771118164,27.739999771118164,28.25,23.16666603088379,6282800,0.0,0.0
2017-11-07,28.299999237060547,28.670000076293945,28.239999771118164,28.420000076293945,23.306079864501953,4122100,0.0,0.0
2017-11-08,28.329999923706055,28.450000762939453,27.59000015258789,28.020000457763672,22.978052139282227,4859400,0.0,0.0
2017-11-09,28.06999969482422,28.530000686645508,27.649999618530273,27.81999969482422,22.814041137695312,3664600,0.0,0.0
2017-11-10,27.75,28.440000534057617,27.559999465942383,28.350000381469727,23.248676300048828,6410000,0.0,0.0
2017-11-13,28.260000228881836,28.860000610351562,28.030000686645508,28.780000686645508,23.601299285888672,5968300,0.0,0.0
2017-11-14,28.6200008392334,29.059999465942383,28.469999313354492,28.920000076293945,23.716106414794922,3970500,0.0,0.0
2017-11-15,28.8700008392334,29.459999084472656,28.559999465942383,29.3700008392334,24.085132598876953,3483600,0.0,0.0
2017-11-16,29.3799991607666,29.780000686645508,29.049999237060547,29.440000534057617,24.14253807067871,3628300,0.0,0.0
2017-11-17,29.399999618530273,29.649999618530273,29.18000030517578,29.489999771118164,24.183544158935547,3061300,0.0,0.0
2017-11-20,29.540000915527344,29.639999389648438,29.200000762939453,29.31999969482422,24.044126510620117,5796300,0.0,0.0
2017-11-21,29.6200008392334,29.639999389648438,29.290000915527344,29.469999313354492,24.167137145996094,3474800,0.0,0.0
2017-11-22,29.479999542236328,29.65999984741211,28.989999771118164,29.219999313354492,23.962125778198242,6876400,0.0,0.0
2017-11-24,29.43000030517578,29.469999313354492,28.84000015258789,29.030000686645508,23.806310653686523,1931500,0.0,0.0
2017-11-27,29.010000228881836,29.239999771118164,28.709999084472656,28.770000457763672,23.593097686767578,5932600,0.0,0.0
2017-11-28,28.969999313354492,29.059999465942383,28.420000076293945,28.860000610351562,23.666900634765625,4728500,0.0,0.0
2017-11-29,28.209999084472656,28.84000015258789,28.049999237060547,28.200000762939453,23.12566566467285,6191400,0.0,0.0
2017-11-30,28.239999771118164,28.459999084472656,27.520000457763672,27.649999618530273,22.67462730407715,6950300,0.0,0.0
2017-12-01,27.760000228881836,28.43000030517578,27.760000228881836,27.950000762939453,22.920650482177734,5373100,0.0,0.0
2017-12-04,27.860000610351562,28.139999389648438,27.34000015258789,27.40999984741211,22.477815628051758,9520300,0.0,0.0
2017-12-05,27.360000610351562,27.770000457763672,27.170000076293945,27.31999969482422,22.404010772705078,3109300,0.0,0.0
2017-12-06,27.34000015258789,27.690000534057617,27.049999237060547,27.290000915527344,22.379409790039062,3730700,0.0,0.0
2017-12-07,27.15999984741211,27.850000381469727,27.059999465942383,27.729999542236328,22.740238189697266,4023100,0.0,0.0
2017-12-08,27.780000686645508,28.34000015258789,27.729999542236328,28.25,23.16666603088379,3357700,0.0,0.0
2017-12-11,28.219999313354492,29.209999084472656,28.219999313354492,29.1299991607666,23.888315200805664,3959800,0.0,0.0
2017-12-12,29.079999923706055,29.1299991607666,28.68000030517578,28.700000762939453,23.535696029663086,4409400,0.0,0.0
2017-12-13,28.809999465942383,28.809999465942383,28.06999969482422,28.149999618530273,23.08466148376465,3664100,0.0,0.0
2017-12-14,28.139999389648438,28.139999389648438,27.6299991607666,27.68000030517578,22.699235916137695,3441200,0.0,0.0
2017-12-15,27.75,27.93000030517578,27.420000076293945,27.5,22.551626205444336,6005100,0.0,0.0
2017-12-18,27.610000610351562,28.079999923706055,27.459999084472656,27.59000015258789,22.625431060791016,4655800,0.0,0.0
2017-12-19,27.540000915527344,27.739999771118164,27.200000762939453,27.25,22.346609115600586,7813700,0.0,0.0
2017-12-20,27.3799991607666,27.40999984741211,26.690000534057617,27.0,22.141597747802734,7280000,0.0,0.0
2017-12-21,27.059999465942383,27.770000457763672,26.959999084472656,27.459999084472656,22.518823623657227,5046400,0.0,0.0
2017-12-22,27.549999237060547,28.5,27.329999923706055,28.15999984741211,23.092863082885742,8527900,0.0,0.0
2017-12-26,27.989999771118164,28.459999084472656,27.90999984741211,28.43000030517578,23.31428337097168,2622600,0.0,0.0
2017-12-27,28.459999084472656,28.530000686645508,27.65999984741211,27.700000762939453,22.715639114379883,4329000,0.0,0.0
2017-12-28,27.799999237060547,28.1200008392334,27.239999771118164,28.010000228881836,22.969846725463867,3265100,0.0,0.0
2017-12-29,27.90999984741211,28.770000457763672,27.90999984741211,28.479999542236328,23.355283737182617,4888400,0.0,0.0
2018-01-02,28.56999969482422,29.0,28.43000030517578,28.899999618530273,23.699705123901367,6522600,0.0,0.0
2018-01-03,28.950000762939453,29.610000610351562,28.610000610351562,28.8799991607666,23.68330955505371,7780700,0.0,0.0
2018-01-04,28.8799991607666,29.290000915527344,28.489999771118164,28.549999237060547,23.41268539428711,4346700,0.0,0.0
2018-01-05,28.639999389648438,28.850000381469727,28.3799991607666,28.729999542236328,23.5602970123291,4539200,0.0,0.0
2018-01-08,28.75,29.399999618530273,28.739999771118164,29.170000076293945,23.92112159729004,12297800,0.0,0.0
2018-01-09,29.31999969482422,29.3799991607666,28.68000030517578,28.719999313354492,23.55209732055664,3402100,0.0,0.0
2018-01-10,28.489999771118164,28.510000228881836,28.030000686645508,28.239999771118164,23.158466339111328,3241100,0.0,0.0
2018-01-11,28.3700008392334,28.809999465942383,28.209999084472656,28.610000610351562,23.461889266967773,6183600,0.0,0.0
2018-01-12,28.540000915527344,28.899999618530273,28.43000030517578,28.700000762939453,23.535696029663086,4825500,0.0,0.0
2018-01-16,28.799999237060547,28.8799991607666,27.850000381469727,27.899999618530273,22.87965202331543,4521300,0.0,0.0
2018-01-17,28.100000381469727,28.15999984741211,27.280000686645508,27.43000030517578,22.494224548339844,6914000,0.0,0.0
2018-01-18,27.040000915527344,27.43000030517578,26.459999084472656,26.809999465942383,21.98577880859375,10096100,0.0,0.0
2018-01-19,26.729999542236328,27.0,26.31999969482422,26.899999618530273,22.059589385986328,8706000,0.0,0.0
2018-01-22,26.989999771118164,27.270000457763672,26.709999084472656,26.920000076293945,22.075990676879883,10257900,0.0,0.0
2018-01-23,27.0,27.459999084472656,26.850000381469727,27.139999389648438,22.256399154663086,3161500,0.0,0.0
2018-01-24,27.020000457763672,27.520000457763672,27.0,27.25,22.346609115600586,4660000,0.0,0.0
2018-01-25,27.34000015258789,27.8700008392334,27.190000534057617,27.649999618530273,22.67462730407715,4606300,0.0,0.0
2018-01-26,28.049999237060547,28.049999237060547,27.239999771118164,27.399999618530273,22.469619750976562,5814000,0.0,0.0
2018-01-29,27.290000915527344,27.399999618530273,26.850000381469727,26.860000610351562,22.02678680419922,4122800,0.0,0.0
2018-01-30,26.709999084472656,26.729999542236328,25.709999084472656,26.09000015258789,21.39534568786621,7600100,0.0,0.0
2018-01-31,26.110000610351562,26.299999237060547,25.790000915527344,26.010000228881836,21.354286193847656,5764800,0.03,0.0
2018-02-01,25.889999389648438,26.68000030517578,25.700000762939453,26.43000030517578,21.699111938476562,5319100,0.0,0.0
2018-02-02,26.149999618530273,26.3799991607666,25.729999542236328,26.190000534057617,21.502073287963867,4394200,0.0,0.0
2018-02-05,26.020000457763672,26.139999389648438,25.06999969482422,25.15999984741211,20.656436920166016,7126700,0.0,0.0
2018-02-06,24.6299991607666,25.690000534057617,24.149999618530273,25.510000228881836,20.94379234313965,8603100,0.0,0.0
2018-02-07,26.729999542236328,27.040000915527344,25.31999969482422,25.360000610351562,20.820640563964844,12115800,0.0,0.0
2018-02-08,25.219999313354492,25.280000686645508,24.0,24.0,19.70407485961914,8448500,0.0,0.0
2018-02-09,24.149999618530273,24.790000915527344,23.75,24.59000015258789,20.18846893310547,8992300,0.0,0.0
2018-02-12,24.700000762939453,24.889999389648438,24.25,24.719999313354492,20.29519271850586,8545300,0.0,0.0
2018-02-13,24.68000030517578,24.760000228881836,24.450000762939453,24.610000610351562,20.204891204833984,4256700,0.0,0.0
2018-02-14,24.290000915527344,25.06999969482422,24.200000762939453,24.799999237060547,20.360876083374023,4243900,0.0,0.0
2018-02-15,25.0,25.309999465942383,24.780000686645508,25.260000228881836,20.738542556762695,3629600,0.0,0.0
2018-02-16,25.079999923706055,25.559999465942383,25.049999237060547,25.219999313354492,20.705692291259766,2938500,0.0,0.0
2018-02-20,25.15999984741211,25.950000762939453,25.030000686645508,25.690000534057617,21.091567993164062,5603900,0.0,0.0
2018-02-21,25.649999618530273,25.690000534057617,25.0,25.0,20.525075912475586,4785100,0.0,0.0
2018-02-22,25.110000610351562,25.610000610351562,25.059999465942383,25.260000228881836,20.738542556762695,3206800,0.0,0.0
2018-02-23,25.59000015258789,26.479999542236328,25.540000915527344,26.420000076293945,21.69090461730957,7695300,0.0,0.0
2018-02-26,26.540000915527344,26.549999237060547,25.780000686645508,26.290000915527344,21.584171295166016,3706100,0.0,0.0
2018-02-27,26.260000228881836,26.399999618530273,25.989999771118164,25.989999771118164,21.337871551513672,6401400,0.0,0.0
2018-02-28,26.0,26.190000534057617,25.790000915527344,25.860000610351562,21.231143951416016,5007700,0.0,0.0
2018-03-01,26.899999618530273,27.5,26.489999771118164,26.920000076293945,22.10140609741211,7636500,0.0,0.0
2018-03-02,27.010000228881836,28.030000686645508,26.90999984741211,27.889999389648438,22.897781372070312,5427400,0.0,0.0
2018-03-05,27.75,29.020000457763672,27.700000762939453,28.950000762939453,23.76803970336914,7935400,0.0,0.0
2018-03-06,28.950000762939453,29.489999771118164,28.8799991607666,29.209999084472656,23.98149871826172,6318400,0.0,0.0
2018-03-07,29.0,29.549999237060547,28.90999984741211,29.3799991607666,24.121070861816406,6169000,0.0,0.0
2018-03-08,29.520000457763672,29.889999389648438,29.5,29.600000381469727,24.30169677734375,6822500,0.0,0.0
2018-03-09,29.540000915527344,29.829999923706055,29.420000076293945,29.75,24.42484474182129,7617100,0.0,0.0
2018-03-12,29.700000762939453,30.1200008392334,29.600000381469727,29.889999389648438,24.539783477783203,6867700,0.0,0.0
2018-03-13,30.1200008392334,30.239999771118164,29.860000610351562,30.0,24.630094528198242,4602700,0.0,0.0
2018-03-14,30.0,30.40999984741211,29.950000762939453,30.200000762939453,24.79429817199707,5060200,0.0,0.0
2018-03-15,30.40999984741211,30.84000015258789,30.350000381469727,30.770000457763672,25.262269973754883,6782000,0.0,0.0
2018-03-16,30.790000915527344,30.84000015258789,30.290000915527344,30.299999237060547,24.876392364501953,6816500,0.0,0.0
2018-03-19,30.299999237060547,30.6299991607666,29.979999542236328,30.170000076293945,24.769664764404297,5618600,0.0,0.0
2018-03-20,30.31999969482422,30.530000686645508,30.200000762939453,30.299999237060547,24.876392364501953,3498500,0.0,0.0
2018-03-21,30.360000610351562,30.729999542236328,30.139999389648438,30.190000534057617,24.786088943481445,4293200,0.0,0.0
2018-03-22,30.399999618530273,30.850000381469727,29.989999771118164,30.299999237060547,24.876392364501953,5722700,0.0,0.0
2018-03-23,30.389999389648438,30.56999969482422,29.739999771118164,29.790000915527344,24.457677841186523,5135100,0.0,0.0
2018-03-26,29.969999313354492,30.399999618530273,29.790000915527344,30.3700008392334,24.933862686157227,4510200,0.0,0.0
2018-03-27,30.450000762939453,31.149999618530273,29.959999084472656,30.0,24.630094528198242,8099300,0.0,0.0
2018-03-28,30.579999923706055,30.780000686645508,30.059999465942383,30.270000457763672,24.851760864257812,6223000,0.0,0.0
2018-03-29,30.459999084472656,30.850000381469727,30.40999984741211,30.530000686645508,25.065221786499023,4356600,0.0,0.0
2018-04-02,30.559999465942383,30.780000686645508,29.969999313354492,30.34000015258789,24.90923309326172,6324400,0.0,0.0
2018-04-03,30.40999984741211,30.6299991607666,29.979999542236328,30.469999313354492,25.01596450805664,4499400,0.0,0.0
2018-04-04,30.290000915527344,30.469999313354492,29.850000381469727,30.399999618530273,24.958492279052734,4905900,0.0,0.0
2018-04-05,30.5,30.700000762939453,30.09000015258789,30.309999465942383,24.88460350036621,4198600,0.0,0.0
2018-04-06,30.200000762939453,30.450000762939453,29.81999969482422,29.959999084472656,24.597253799438477,5531100,0.0,0.0
2018-04-09,30.200000762939453,30.709999084472656,30.0,30.530000686645508,25.065221786499023,5067800,0.0,0.0
2018-04-10,30.829999923706055,30.829999923706055,30.15999984741211,30.559999465942383,25.089860916137695,3734900,0.0,0.0
2018-04-11,30.479999542236328,30.799999237060547,30.420000076293945,30.639999389648438,25.155536651611328,3198300,0.0,0.0
2018-04-12,30.639999389648438,30.649999618530273,29.850000381469727,30.020000457763672,24.646512985229492,5539600,0.0,0.0
2018-04-13,30.09000015258789,30.3799991607666,29.989999771118164,30.1299991607666,24.7368221282959,3775900,0.0,0.0
2018-04-16,30.25,30.899999618530273,30.229999542236328,30.719999313354492,25.221214294433594,4989700,0.0,0.0
2018-04-17,30.579999923706055,31.34000015258789,30.56999969482422,31.25,25.656349182128906,5779300,0.0,0.0
2018-04-18,31.469999313354492,31.780000686645508,31.360000610351562,31.3799991607666,25.763076782226562,4056800,0.0,0.0
2018-04-19,31.459999084472656,31.719999313354492,31.190000534057617,31.489999771118164,25.8533935546875,4359800,0.0,0.0
2018-04-20,31.489999771118164,31.56999969482422,31.09000015258789,31.170000076293945,25.59066390991211,2824200,0.0,0.0
2018-04-23,31.239999771118164,31.309999465942383,30.93000030517578,31.209999084472656,25.623506546020508,2842100,0.0,0.0
2018-04-24,31.40999984741211,31.81999969482422,30.860000610351562,30.989999771118164,25.442888259887695,4184700,0.0,0.0
2018-04-25,30.8799991607666,31.139999389648438,30.670000076293945,31.09000015258789,25.524988174438477,3098300,0.0,0.0
2018-04-26,31.200000762939453,31.530000686645508,31.040000915527344,31.34000015258789,25.730234146118164,3542600,0.0,0.0
2018-04-27,31.360000610351562,31.610000610351562,31.31999969482422,31.510000228881836,25.86980628967285,3110000,0.0,0.0
2018-04-30,31.399999618530273,31.469999313354492,30.969999313354492,31.0,25.475351333618164,5178300,0.03,0.0
2018-05-01,31.09000015258789,31.290000915527344,30.329999923706055,30.649999618530273,25.187721252441406,4959500,0.0,0.0
2018-05-02,30.59000015258789,30.920000076293945,30.25,30.479999542236328,25.04802131652832,5846300,0.0,0.0
2018-05-03,31.06999969482422,32.790000915527344,30.649999618530273,32.349998474121094,26.584762573242188,16097700,0.0,0.0
2018-05-04,32.45000076293945,33.75,32.40999984741211,33.29999923706055,27.365459442138672,9657600,0.0,0.0
2018-05-07,33.58000183105469,34.380001068115234,33.5,34.15999984741211,28.072200775146484,6825500,0.0,0.0
2018-05-08,33.869998931884766,34.2599983215332,33.779998779296875,33.900001525878906,27.858530044555664,7494500,0.0,0.0
2018-05-09,34.0,34.29999923706055,33.79999923706055,34.22999954223633,28.129716873168945,6262400,0.0,0.0
2018-05-10,34.5,34.90999984741211,34.369998931884766,34.65999984741211,28.48307991027832,5916000,0.0,0.0
2018-05-11,34.72999954223633,35.16999816894531,34.72999954223633,34.90999984741211,28.68853187561035,4338600,0.0,0.0
2018-05-14,34.939998626708984,35.060001373291016,34.68000030517578,34.779998779296875,28.58170509338379,4079200,0.0,0.0
2018-05-15,34.470001220703125,34.470001220703125,33.619998931884766,33.75,27.735258102416992,5588100,0.0,0.0
2018-05-16,34.040000915527344,34.040000915527344,33.470001220703125,33.75,27.735258102416992,4584800,0.0,0.0
2018-05-17,33.79999923706055,33.93000030517578,33.349998474121094,33.54999923706055,27.570903778076172,3485900,0.0,0.0
2018-05-18,33.54999923706055,33.79999923706055,33.439998626708984,33.709999084472656,27.702388763427734,2493300,0.0,0.0
2018-05-21,34.08000183105469,34.08000183105469,33.04999923706055,33.5,27.529813766479492,5111600,0.0,0.0
2018-05-22,33.560001373291016,33.709999084472656,33.22999954223633,33.45000076293945,27.488727569580078,10724200,0.0,0.0
2018-05-23,33.439998626708984,33.59000015258789,32.84000015258789,33.150001525878906,27.2421932220459,5345000,0.0,0.0
2018-05-24,33.5,34.54999923706055,33.470001220703125,34.43000030517578,28.294071197509766,7094800,0.0,0.0
2018-05-25,34.15999984741211,34.279998779296875,33.61000061035156,33.97999954223633,27.924270629882812,4896300,0.0,0.0
2018-05-29,33.689998626708984,33.97999954223633,33.43000030517578,33.720001220703125,27.710607528686523,4308600,0.0,0.0
2018-05-30,33.779998779296875,34.7599983215332,33.61000061035156,34.40999984741211,28.277645111083984,5040700,0.0,0.0
2018-05-31,34.41999816894531,34.599998474121094,34.06999969482422,34.22999954223633,28.129716873168945,3900400,0.0,0.0
2018-06-01,34.16999816894531,34.25,33.529998779296875,33.90999984741211,27.86673927307129,3552400,0.0,0.0
2018-06-04,34.209999084472656,34.29999923706055,33.470001220703125,33.849998474121094,27.81744384765625,5117800,0.0,0.0
2018-06-05,33.779998779296875,34.209999084472656,33.4900016784668,33.650001525878906,27.65308380126953,4586400,0.0,0.0
2018-06-06,33.70000076293945,34.0099983215332,33.38999938964844,33.939998626708984,27.891395568847656,4097800,0.0,0.0
2018-06-07,34.060001373291016,34.290000915527344,33.5,33.5,27.529813766479492,4355100,0.0,0.0
2018-06-08,33.5,33.68000030517578,32.75,33.150001525878906,27.2421932220459,5622100,0.0,0.0
2018-06-11,33.18000030517578,33.52000045776367,32.65999984741211,32.65999984741211,26.839521408081055,6026600,0.0,0.0
2018-06-12,32.77000045776367,33.970001220703125,32.77000045776367,33.5099983215332,27.53803253173828,6485700,0.0,0.0
2018-06-13,33.540000915527344,34.040000915527344,33.529998779296875,33.97999954223633,27.924270629882812,5840200,0.0,0.0
2018-06-14,34.09000015258789,34.52000045776367,33.459999084472656,33.5099983215332,27.53803253173828,4383000,0.0,0.0
2018-06-15,33.5,33.560001373291016,32.93000030517578,33.380001068115234,27.431201934814453,5280100,0.0,0.0
2018-06-18,33.34000015258789,33.689998626708984,32.779998779296875,32.97999954223633,27.102487564086914,5494800,0.0,0.0
2018-06-19,32.61000061035156,32.75,31.850000381469727,31.959999084472656,26.264265060424805,10248300,0.0,0.0
2018-06-20,32.0,32.38999938964844,31.760000228881836,31.850000381469727,26.173873901367188,5970700,0.0,0.0
2018-06-21,31.8700008392334,32.040000915527344,31.690000534057617,31.8799991607666,26.198522567749023,4974100,0.0,0.0
2018-06-22,32.22999954223633,32.2400016784668,30.959999084472656,31.020000457763672,25.491783142089844,7075000,0.0,0.0
2018-06-25,31.0,31.200000762939453,30.350000381469727,31.059999465942383,25.524654388427734,7500000,0.0,0.0
2018-06-26,31.229999542236328,31.670000076293945,31.139999389648438,31.329999923706055,25.746536254882812,7610700,0.0,0.0
2018-06-27,31.25,31.65999984741211,30.920000076293945,30.93000030517578,25.417827606201172,5245200,0.0,0.0
2018-06-28,31.010000228881836,31.31999969482422,30.68000030517578,30.709999084472656,25.237031936645508,4995800,0.0,0.0
2018-06-29,30.75,31.06999969482422,30.540000915527344,30.700000762939453,25.22881507873535,5336700,0.0,0.0
2018-07-02,30.299999237060547,31.030000686645508,29.899999618530273,30.969999313354492,25.450695037841797,4387300,0.0,0.0
2018-07-03,31.079999923706055,31.079999923706055,30.5,30.579999923706055,25.130205154418945,2385700,0.0,0.0
2018-07-05,30.420000076293945,30.770000457763672,30.31999969482422,30.729999542236328,25.253469467163086,5436400,0.0,0.0
2018-07-06,30.829999923706055,31.219999313354492,30.65999984741211,31.1299991607666,25.582181930541992,3124000,0.0,0.0
2018-07-09,31.110000610351562,31.420000076293945,30.399999618530273,30.56999969482422,25.121990203857422,4595800,0.0,0.0
2018-07-10,30.43000030517578,31.149999618530273,30.43000030517578,30.969999313354492,25.450695037841797,4322800,0.0,0.0
2018-07-11,30.899999618530273,31.049999237060547,30.540000915527344,30.670000076293945,25.204166412353516,3329100,0.0,0.0
2018-07-12,30.850000381469727,31.540000915527344,30.530000686645508,31.479999542236328,25.86980628967285,4599900,0.0,0.0
2018-07-13,31.489999771118164,31.729999542236328,31.25,31.56999969482422,25.943761825561523,2924600,0.0,0.0
2018-07-16,31.530000686645508,32.22999954223633,31.34000015258789,32.150001525878906,26.420408248901367,4147300,0.0,0.0
2018-07-17,32.22999954223633,32.88999938964844,32.04999923706055,32.27000045776367,26.519018173217773,3276100,0.0,0.0
2018-07-18,32.290000915527344,32.869998931884766,32.15999984741211,32.470001220703125,26.683378219604492,5089600,0.0,0.0
2018-07-19,32.40999984741211,32.560001373291016,31.860000610351562,32.29999923706055,26.543672561645508,4024400,0.0,0.0
2018-07-20,32.2599983215332,32.33000183105469,31.920000076293945,32.13999938964844,26.412187576293945,1979900,0.0,0.0
2018-07-23,32.2400016784668,32.279998779296875,31.559999465942383,31.600000381469727,25.968425750732422,2644000,0.0,0.0
2018-07-24,31.790000915527344,31.790000915527344,30.860000610351562,31.200000762939453,25.639707565307617,5234900,0.0,0.0
2018-07-25,31.170000076293945,31.829999923706055,31.15999984741211,31.360000610351562,25.771194458007812,5052200,0.0,0.0
2018-07-26,31.34000015258789,31.989999771118164,31.34000015258789,31.68000030517578,26.03417205810547,3548400,0.0,0.0
2018-07-27,31.8700008392334,31.989999771118164,31.3700008392334,31.579999923706055,25.951988220214844,2461000,0.0,0.0
2018-07-30,31.299999237060547,31.299999237060547,30.719999313354492,31.06999969482422,25.532880783081055,5416800,0.0,0.0
2018-07-31,31.06999969482422,31.860000610351562,30.93000030517578,31.670000076293945,26.051103591918945,4067100,0.03,0.0
2018-08-01,31.56999969482422,31.979999542236328,31.139999389648438,31.899999618530273,26.24028968811035,4341500,0.0,0.0
2018-08-02,31.059999465942383,32.41999816894531,30.959999084472656,31.56999969482422,25.968843460083008,5625900,0.0,0.0
2018-08-03,31.700000762939453,32.95000076293945,31.639999389648438,32.61000061035156,26.824325561523438,5892000,0.0,0.0
2018-08-06,32.880001068115234,33.5099983215332,32.880001068115234,33.310001373291016,27.400135040283203,6176100,0.0,0.0
2018-08-07,33.56999969482422,34.33000183105469,33.54999923706055,34.20000076293945,28.132230758666992,5507300,0.0,0.0
2018-08-08,34.36000061035156,34.380001068115234,33.959999084472656,34.20000076293945,28.132230758666992,3940200,0.0,0.0
2018-08-09,34.400001525878906,34.45000076293945,34.0,34.130001068115234,28.074649810791016,2496300,0.0,0.0
2018-08-10,34.0099983215332,34.689998626708984,33.70000076293945,33.790000915527344,27.794971466064453,2627900,0.0,0.0
2018-08-13,33.7599983215332,33.90999984741211,32.459999084472656,32.5,26.733840942382812,4018600,0.0,0.0
2018-08-14,32.619998931884766,33.0099983215332,32.47999954223633,32.83000183105469,27.005287170410156,4348300,0.0,0.0
2018-08-15,32.65999984741211,32.779998779296875,32.41999816894531,32.61000061035156,26.824325561523438,4490500,0.0,0.0
2018-08-16,32.7400016784668,33.97999954223633,32.619998931884766,33.790000915527344,27.794971466064453,4806000,0.0,0.0
2018-08-17,33.61000061035156,34.18000030517578,33.400001525878906,33.95000076293945,27.926584243774414,4135800,0.0,0.0
2018-08-20,34.029998779296875,34.18000030517578,33.66999816894531,34.18000030517578,28.115774154663086,2248800,0.0,0.0
2018-08-21,34.2599983215332,34.41999816894531,33.66999816894531,33.7400016784668,27.753841400146484,3324100,0.0,0.0
2018-08-22,33.7400016784668,33.79999923706055,33.279998779296875,33.709999084472656,27.72916030883789,3157500,0.0,0.0
2018-08-23,33.65999984741211,33.65999984741211,33.279998779296875,33.43000030517578,27.498838424682617,2546500,0.0,0.0
2018-08-24,33.560001373291016,34.20000076293945,33.560001373291016,34.09000015258789,28.041746139526367,1662100,0.0,0.0
2018-08-27,34.220001220703125,34.619998931884766,33.90999984741211,34.150001525878906,28.09109878540039,1929500,0.0,0.0
2018-08-28,34.220001220703125,34.38999938964844,33.880001068115234,34.16999816894531,28.1075496673584,1721100,0.0,0.0
2018-08-29,34.31999969482422,34.4900016784668,34.0,34.36000061035156,28.26384162902832,2620800,0.0,0.0
2018-08-30,34.36000061035156,34.7599983215332,34.13999938964844,34.650001525878906,28.50238800048828,2430000,0.0,0.0
2018-08-31,34.7599983215332,35.7599983215332,34.70000076293945,35.38999938964844,29.11109733581543,4434800,0.0,0.0
2018-09-04,35.31999969482422,35.90999984741211,35.290000915527344,35.619998931884766,29.300289154052734,4289600,0.0,0.0
2018-09-05,35.70000076293945,35.70000076293945,34.849998474121094,35.27000045776367,29.01239013671875,6255000,0.0,0.0
2018-09-06,35.220001220703125,35.43000030517578,34.88999938964844,34.97999954223633,28.773832321166992,3779200,0.0,0.0
2018-09-07,34.68000030517578,34.880001068115234,34.5099983215332,34.79999923706055,28.625776290893555,3099600,0.0,0.0
2018-09-10,35.06999969482422,35.38999938964844,34.810001373291016,35.2599983215332,29.004161834716797,2605700,0.0,0.0
2018-09-11,35.04999923706055,35.52000045776367,34.97999954223633,35.40999984741211,29.127552032470703,2280300,0.0,0.0
2018-09-12,35.45000076293945,35.84000015258789,35.369998931884766,35.77000045776367,29.423681259155273,2746200,0.0,0.0
2018-09-13,35.880001068115234,36.369998931884766,35.470001220703125,36.16999816894531,29.752710342407227,3606700,0.0,0.0
2018-09-14,36.060001373291016,36.66999816894531,36.060001373291016,36.2400016784668,29.810293197631836,2671200,0.0,0.0
2018-09-17,36.25,36.34000015258789,35.4900016784668,35.5,29.201581954956055,3479600,0.0,0.0
2018-09-18,35.61000061035156,36.130001068115234,35.52000045776367,35.880001068115234,29.5141658782959,2354100,0.0,0.0
2018-09-19,36.099998474121094,36.18000030517578,35.34000015258789,35.58000183105469,29.26739501953125,2720100,0.0,0.0
2018-09-20,35.81999969482422,36.09000015258789,35.5099983215332,35.83000183105469,29.473039627075195,4341300,0.0,0.0
2018-09-21,35.7599983215332,36.38999938964844,35.7599983215332,36.15999984741211,29.744487762451172,5110300,0.0,0.0
2018-09-24,36.150001525878906,36.45000076293945,35.9900016784668,36.09000015258789,29.686891555786133,3241900,0.0,0.0
2018-09-25,36.15999984741211,36.15999984741211,35.349998474121094,35.790000915527344,29.440122604370117,3099400,0.0,0.0
2018-09-26,35.849998474121094,35.970001220703125,35.5099983215332,35.560001373291016,29.250938415527344,3530200,0.0,0.0
2018-09-27,35.61000061035156,36.5,35.58000183105469,36.45000076293945,29.983036041259766,3864000,0.0,0.0
2018-09-28,36.349998474121094,37.41999816894531,36.349998474121094,37.400001525878906,30.764484405517578,4129200,0.0,0.0
2018-10-01,37.47999954223633,37.689998626708984,37.09000015258789,37.619998931884766,30.945444107055664,5975500,0.0,0.0
2018-10-02,37.790000915527344,38.04999923706055,37.16999816894531,37.68000030517578,30.99480438232422,4080500,0.0,0.0
2018-10-03,37.81999969482422,38.25,36.97999954223633,37.0,30.435447692871094,4272800,0.0,0.0
2018-10-04,36.86000061035156,37.04999923706055,36.349998474121094,36.619998931884766,30.12286376953125,3768000,0.0,0.0
2018-10-05,36.68000030517578,37.599998474121094,36.66999816894531,37.20000076293945,30.599971771240234,3982900,0.0,0.0
2018-10-08,37.31999969482422,37.7400016784668,37.2400016784668,37.290000915527344,30.673999786376953,2904400,0.0,0.0
2018-10-09,37.29999923706055,37.599998474121094,37.08000183105469,37.41999816894531,30.78093147277832,2832700,0.0,0.0
2018-10-10,37.25,37.810001373291016,36.400001525878906,36.439998626708984,29.974802017211914,4167700,0.0,0.0
2018-10-11,36.279998779296875,36.45000076293945,35.66999816894531,35.97999954223633,29.59642219543457,4969200,0.0,0.0
2018-10-12,36.52000045776367,36.779998779296875,35.86000061035156,36.369998931884766,29.91722869873047,3925900,0.0,0.0
2018-10-15,36.52000045776367,36.900001525878906,36.38999938964844,36.599998474121094,30.106412887573242,2989300,0.0,0.0
2018-10-16,36.93000030517578,38.029998779296875,36.88999938964844,37.66999816894531,30.9865779876709,3419600,0.0,0.0
2018-10-17,37.560001373291016,37.70000076293945,36.88999938964844,37.52000045776367,30.86318588256836,2950600,0.0,0.0
2018-10-18,37.40999984741211,37.83000183105469,36.58000183105469,36.86000061035156,30.320289611816406,5583500,0.0,0.0
2018-10-19,36.84000015258789,37.43000030517578,36.79999923706055,36.81999969482422,30.28738784790039,2918200,0.0,0.0
2018-10-22,36.93000030517578,37.16999816894531,36.2599983215332,36.9900016784668,30.427227020263672,2174500,0.0,0.0
2018-10-23,36.61000061035156,36.689998626708984,35.790000915527344,36.18000030517578,29.760940551757812,4139700,0.0,0.0
2018-10-24,36.290000915527344,36.72999954223633,35.83000183105469,35.83000183105469,29.473039627075195,3417000,0.0,0.0
2018-10-25,35.84000015258789,36.119998931884766,35.77000045776367,35.880001068115234,29.5141658782959,3123700,0.0,0.0
2018-10-26,35.5,36.09000015258789,35.08000183105469,35.560001373291016,29.250938415527344,6141900,0.0,0.0
2018-10-29,35.790000915527344,36.220001220703125,35.13999938964844,35.40999984741211,29.127552032470703,4501900,0.0,0.0
2018-10-30,35.400001525878906,35.93000030517578,35.36000061035156,35.72999954223633,29.390771865844727,3507400,0.0,0.0
2018-10-31,35.790000915527344,36.810001373291016,35.790000915527344,36.189998626708984,29.794179916381836,4774600,0.03,0.0
2018-11-01,36.29999923706055,37.06999969482422,36.2400016784668,37.06999969482422,30.518665313720703,4288700,0.0,0.0
2018-11-02,37.16999816894531,37.72999954223633,36.95000076293945,37.41999816894531,30.806795120239258,3695900,0.0,0.0
2018-11-05,37.630001068115234,38.380001068115234,37.630001068115234,38.29999923706055,31.531278610229492,4023400,0.0,0.0
2018-11-06,38.29999923706055,38.619998931884766,37.880001068115234,37.95000076293945,31.243131637573242,3600100,0.0,0.0
2018-11-07,38.349998474121094,38.619998931884766,38.11000061035156,38.400001525878906,31.613611221313477,5014800,0.0,0.0
2018-11-08,37.68000030517578,38.95000076293945,36.06999969482422,36.9900016784668,30.452796936035156,8490800,0.0,0.0
2018-11-09,36.86000061035156,38.90999984741211,36.81999969482422,38.279998779296875,31.514814376831055,8064800,0.0,0.0
2018-11-12,38.45000076293945,40.380001068115234,38.36000061035156,39.79999923706055,32.766178131103516,10335400,0.0,0.0
2018-11-13,40.029998779296875,40.09000015258789,39.130001068115234,39.400001525878906,32.43688201904297,6258600,0.0,0.0
2018-11-14,39.40999984741211,39.939998626708984,38.75,39.040000915527344,32.140506744384766,6474300,0.0,0.0
2018-11-15,38.810001373291016,39.4900016784668,38.689998626708984,39.20000076293945,32.272212982177734,4699800,0.0,0.0
2018-11-16,39.40999984741211,39.689998626708984,38.869998931884766,39.27000045776367,32.3298454284668,3546100,0.0,0.0
2018-11-19,39.16999816894531,39.36000061035156,38.88999938964844,39.08000183105469,32.17343521118164,3924400,0.0,0.0
2018-11-20,38.75,38.849998474121094,37.33000183105469,37.88999938964844,31.19373893737793,6436200,0.0,0.0
2018-11-21,38.040000915527344,38.709999084472656,37.970001220703125,38.15999984741211,31.416027069091797,4179800,0.0,0.0
2018-11-23,37.810001373291016,38.7599983215332,37.79999923706055,38.439998626708984,31.64651870727539,2539000,0.0,0.0
2018-11-26,38.63999938964844,39.13999938964844,38.560001373291016,39.060001373291016,32.15696334838867,3567500,0.0,0.0
2018-11-27,39.06999969482422,39.13999938964844,38.38999938964844,38.459999084472656,31.663009643554688,3338300,0.0,0.0
2018-11-28,38.75,39.439998626708984,38.5,39.369998931884766,32.41217041015625,4750700,0.0,0.0
2018-11-29,39.349998474121094,39.56999969482422,38.52000045776367,38.790000915527344,31.934682846069336,5203000,0.0,0.0
2018-11-30,38.68000030517578,39.31999969482422,38.33000183105469,38.43000030517578,31.63829803466797,19793100,0.0,0.0
2018-12-03,38.86000061035156,40.02000045776367,38.689998626708984,39.81999969482422,32.782649993896484,6551700,0.0,0.0
2018-12-04,39.7400016784668,40.31999969482422,39.279998779296875,39.83000183105469,32.7908821105957,6754100,0.0,0.0
2018-12-06,39.5,40.560001373291016,39.130001068115234,40.560001373291016,33.39186096191406,5501800,0.0,0.0
2018-12-07,40.599998474121094,41.290000915527344,40.34000015258789,40.529998779296875,33.36717987060547,4018000,0.0,0.0
2018-12-10,40.38999938964844,40.880001068115234,40.0,40.59000015258789,33.41657638549805,3267400,0.0,0.0
2018-12-11,40.97999954223633,42.119998931884766,40.59000015258789,41.66999816894531,34.30569839477539,6910500,0.0,0.0
2018-12-12,42.06999969482422,42.61000061035156,41.959999084472656,42.209999084472656,34.750267028808594,5587900,0.0,0.0
2018-12-13,42.279998779296875,43.08000183105469,42.25,42.68000030517578,35.137203216552734,5763500,0.0,0.0
2018-12-14,42.369998931884766,42.970001220703125,42.20000076293945,42.31999969482422,34.8408203125,4831300,0.0,0.0
2018-12-17,42.439998626708984,42.779998779296875,40.88999938964844,41.02000045776367,33.77057647705078,6241200,0.0,0.0
2018-12-18,41.220001220703125,42.279998779296875,40.650001525878906,40.88999938964844,33.66354751586914,6617200,0.0,0.0
2018-12-19,40.689998626708984,40.959999084472656,39.75,40.08000183105469,32.9967041015625,7320600,0.0,0.0
2018-12-20,40.04999923706055,40.04999923706055,37.41999816894531,38.220001220703125,31.46541404724121,10360900,0.0,0.0
2018-12-21,38.0,38.619998931884766,36.81999969482422,37.209999084472656,30.633913040161133,10863000,0.0,0.0
2018-12-24,37.0,37.099998474121094,36.18000030517578,36.2400016784668,29.83534049987793,2480000,0.0,0.0
2018-12-26,36.36000061035156,38.11000061035156,35.97999954223633,38.099998474121094,31.366622924804688,4738600,0.0,0.0
2018-12-27,37.689998626708984,38.630001068115234,37.189998626708984,38.619998931884766,31.794723510742188,3578600,0.0,0.0
2018-12-28,38.849998474121094,39.060001373291016,38.279998779296875,38.619998931884766,31.794723510742188,3267500,0.0,0.0
2018-12-31,39.029998779296875,39.709999084472656,38.849998474121094,39.599998474121094,32.601531982421875,2776800,0.0,0.0
2019-01-02,39.099998474121094,39.20000076293945,37.88999938964844,38.11000061035156,31.37486457824707,5156700,0.0,0.0
2019-01-03,38.04999923706055,38.5,37.54999923706055,37.75,31.078481674194336,3969900,0.0,0.0
2019-01-04,37.970001220703125,39.209999084472656,37.90999984741211,39.040000915527344,32.140506744384766,4092800,0.0,0.0
2019-01-07,39.33000183105469,39.9900016784668,38.959999084472656,39.400001525878906,32.43688201904297,3123800,0.0,0.0
2019-01-08,39.88999938964844,40.220001220703125,39.63999938964844,40.0,32.93083572387695,2727700,0.0,0.0
2019-01-09,39.77000045776367,40.31999969482422,39.380001068115234,39.54999923706055,32.560367584228516,3319400,0.0,0.0
2019-01-10,39.41999816894531,40.470001220703125,39.310001373291016,40.40999984741211,33.26838684082031,3462500,0.0,0.0
2019-01-11,40.2599983215332,40.58000183105469,39.959999084472656,40.29999923706055,33.17782211303711,2006200,0.0,0.0
2019-01-14,39.93000030517578,40.189998626708984,39.5099983215332,39.66999816894531,32.659156799316406,2272000,0.0,0.0
2019-01-15,39.70000076293945,40.720001220703125,39.58000183105469,40.439998626708984,33.2930793762207,3043600,0.0,0.0
2019-01-16,40.33000183105469,40.880001068115234,40.33000183105469,40.689998626708984,33.49889373779297,2647000,0.0,0.0
2019-01-17,40.52000045776367,41.81999969482422,40.52000045776367,41.060001373291016,33.80351257324219,3308100,0.0,0.0
2019-01-18,41.189998626708984,41.349998474121094,40.04999923706055,40.34000015258789,33.210758209228516,4360200,0.0,0.0
2019-01-22,40.400001525878906,40.880001068115234,40.119998931884766,40.5,33.342472076416016,4355900,0.0,0.0
2019-01-23,40.79999923706055,41.47999954223633,40.75,41.34000015258789,34.03402328491211,2754000,0.0,0.0
2019-01-24,41.29999923706055,41.7599983215332,41.040000915527344,41.72999954223633,34.355106353759766,2986900,0.0,0.0
2019-01-25,41.86000061035156,42.0,40.86000061035156,40.93000030517578,33.69648742675781,4320600,0.0,0.0
2019-01-28,40.2599983215332,40.63999938964844,40.08000183105469,40.13999938964844,33.04610061645508,3093700,0.0,0.0
2019-01-29,40.119998931884766,40.66999816894531,39.790000915527344,39.93000030517578,32.873207092285156,4479500,0.0,0.0
2019-01-30,40.189998626708984,40.38999938964844,39.970001220703125,40.18000030517578,33.07902145385742,3306600,0.0,0.0
2019-01-31,40.15999984741211,41.040000915527344,40.09000015258789,40.90999984741211,33.70517349243164,4433700,0.03,0.0
2019-02-01,40.79999923706055,40.9900016784668,40.52000045776367,40.79999923706055,33.61455535888672,3419500,0.0,0.0
2019-02-04,40.779998779296875,41.2400016784668,40.47999954223633,41.040000915527344,33.812286376953125,2319300,0.0,0.0
2019-02-05,41.099998474121094,41.25,40.40999984741211,40.689998626708984,33.5239372253418,2654600,0.0,0.0
2019-02-06,40.529998779296875,40.970001220703125,40.34000015258789,40.86000061035156,33.66398620605469,2382600,0.0,0.0
2019-02-07,40.720001220703125,41.59000015258789,40.68000030517578,41.56999969482422,34.248958587646484,2743600,0.0,0.0
2019-02-08,41.33000183105469,41.9900016784668,41.13999938964844,41.83000183105469,34.46316909790039,2702600,0.0,0.0
2019-02-11,41.869998931884766,42.380001068115234,41.849998474121094,42.25,34.80919647216797,2452600,0.0,0.0
2019-02-12,42.5,42.91999816894531,42.150001525878906,42.40999984741211,34.94101333618164,4096200,0.0,0.0
2019-02-13,42.400001525878906,42.79999923706055,42.209999084472656,42.54999923706055,35.05635452270508,2800600,0.0,0.0
2019-02-14,42.560001373291016,42.959999084472656,42.38999938964844,42.61000061035156,35.10579299926758,2409000,0.0,0.0
2019-02-15,42.849998474121094,43.09000015258789,42.43000030517578,42.459999084472656,34.98221206665039,2609200,0.0,0.0
2019-02-19,42.41999816894531,42.59000015258789,42.22999954223633,42.45000076293945,34.973968505859375,2341500,0.0,0.0
2019-02-20,42.380001068115234,42.599998474121094,41.9900016784668,42.060001373291016,34.652645111083984,2926900,0.0,0.0
2019-02-21,41.90999984741211,42.47999954223633,41.630001068115234,42.459999084472656,34.98221206665039,3722000,0.0,0.0
2019-02-22,42.650001525878906,42.849998474121094,42.11000061035156,42.220001220703125,34.78447341918945,2192000,0.0,0.0
2019-02-25,42.36000061035156,42.5099983215332,41.630001068115234,41.84000015258789,34.47138977050781,2742500,0.0,0.0
2019-02-26,41.86000061035156,41.95000076293945,41.02000045776367,41.369998931884766,34.08417510986328,3333700,0.0,0.0
2019-02-27,41.16999816894531,41.33000183105469,40.65999984741211,41.02000045776367,33.795806884765625,4805400,0.0,0.0
2019-02-28,42.5,42.54999923706055,40.20000076293945,41.68000030517578,34.339576721191406,5384500,0.0,0.0
2019-03-01,41.75,42.31999969482422,41.52000045776367,42.20000076293945,34.76799774169922,4953900,0.0,0.0
2019-03-04,42.349998474121094,42.79999923706055,40.54999923706055,41.709999084472656,34.36429214477539,5895700,0.0,0.0
2019-03-05,41.68000030517578,41.939998626708984,41.27000045776367,41.7400016784668,34.389007568359375,4989900,0.0,0.0
2019-03-06,41.779998779296875,41.97999954223633,41.34000015258789,41.380001068115234,34.0924186706543,3635600,0.0,0.0
2019-03-07,41.40999984741211,41.939998626708984,41.11000061035156,41.2400016784668,33.97706604003906,4227400,0.0,0.0
2019-03-08,41.18000030517578,41.4900016784668,40.7599983215332,41.459999084472656,34.158321380615234,3672900,0.0,0.0
2019-03-11,41.58000183105469,41.810001373291016,40.939998626708984,41.790000915527344,34.430198669433594,3246800,0.0,0.0
2019-03-12,41.880001068115234,43.130001068115234,41.63999938964844,42.939998626708984,35.37767028808594,6952800,0.0,0.0
2019-03-13,42.93000030517578,43.47999954223633,42.65999984741211,43.060001373291016,35.476539611816406,5465800,0.0,0.0
2019-03-14,43.0099983215332,43.029998779296875,41.83000183105469,41.86000061035156,34.48786926269531,5956800,0.0,0.0
2019-03-15,41.93000030517578,42.189998626708984,41.369998931884766,41.970001220703125,34.5785026550293,6119400,0.0,0.0
2019-03-18,41.900001525878906,42.29999923706055,41.720001220703125,41.880001068115234,34.50434875488281,4431400,0.0,0.0
2019-03-19,41.939998626708984,42.27000045776367,41.79999923706055,41.93000030517578,34.54555130004883,4339400,0.0,0.0
2019-03-20,42.029998779296875,42.66999816894531,41.790000915527344,42.5099983215332,35.02339553833008,3014800,0.0,0.0
2019-03-21,42.599998474121094,43.5,42.380001068115234,43.369998931884766,35.7319450378418,2961700,0.0,0.0
2019-03-22,43.40999984741211,43.65999984741211,42.4900016784668,42.4900016784668,35.00691604614258,3263600,0.0,0.0
2019-03-25,42.45000076293945,43.41999816894531,42.25,43.130001068115234,35.53422164916992,3354800,0.0,0.0
2019-03-26,43.31999969482422,43.560001373291016,43.060001373291016,43.36000061035156,35.72371292114258,2525700,0.0,0.0
2019-03-27,43.20000076293945,43.33000183105469,42.630001068115234,42.81999969482422,35.278804779052734,2110800,0.0,0.0
2019-03-28,42.83000183105469,42.9900016784668,42.40999984741211,42.7599983215332,35.229373931884766,3314700,0.0,0.0
2019-03-29,42.79999923706055,42.939998626708984,42.47999954223633,42.47999954223633,34.99867630004883,3658900,0.0,0.0
2019-04-01,42.66999816894531,42.91999816894531,41.61000061035156,41.779998779296875,34.421966552734375,3437100,0.0,0.0
2019-04-02,41.91999816894531,42.560001373291016,41.83000183105469,42.36000061035156,34.89982223510742,3050500,0.0,0.0
2019-04-03,42.349998474121094,43.02000045776367,42.18000030517578,42.34000015258789,34.88334655761719,2513300,0.0,0.0
2019-04-04,42.560001373291016,42.560001373291016,42.060001373291016,42.2400016784668,34.800941467285156,2195600,0.0,0.0
2019-04-05,42.33000183105469,42.459999084472656,41.68000030517578,42.06999969482422,34.660888671875,2432200,0.0,0.0
2019-04-08,42.0,42.09000015258789,41.540000915527344,41.95000076293945,34.56203842163086,2143000,0.0,0.0
2019-04-09,41.79999923706055,42.189998626708984,41.79999923706055,42.15999984741211,34.73503112792969,2458700,0.0,0.0
2019-04-10,42.290000915527344,42.79999923706055,42.16999816894531,42.2599983215332,34.81742477416992,2410800,0.0,0.0
2019-04-11,42.22999954223633,42.45000076293945,42.04999923706055,42.40999984741211,34.94101333618164,2309700,0.0,0.0
2019-04-12,42.47999954223633,42.540000915527344,42.209999084472656,42.27000045776367,34.82566833496094,1960400,0.0,0.0
2019-04-15,42.36000061035156,42.560001373291016,42.13999938964844,42.290000915527344,34.84213638305664,1863800,0.0,0.0
2019-04-16,42.2400016784668,42.45000076293945,41.9900016784668,42.029998779296875,34.6279411315918,2100400,0.0,0.0
2019-04-17,42.0,42.09000015258789,40.790000915527344,41.18000030517578,33.92761993408203,6153200,0.0,0.0
2019-04-18,41.279998779296875,41.470001220703125,40.84000015258789,41.0,33.779335021972656,3146400,0.0,0.0
2019-04-22,41.02000045776367,41.060001373291016,40.58000183105469,40.88999938964844,33.68870162963867,2345500,0.0,0.0
2019-04-23,41.04999923706055,41.529998779296875,40.88999938964844,41.34000015258789,34.059452056884766,3154800,0.0,0.0
2019-04-24,41.400001525878906,41.61000061035156,41.119998931884766,41.349998474121094,34.06768035888672,1756600,0.0,0.0
2019-04-25,41.130001068115234,41.34000015258789,40.79999923706055,40.88999938964844,33.68870162963867,2306200,0.0,0.0
2019-04-26,41.06999969482422,41.349998474121094,40.849998474121094,40.91999816894531,33.71341323852539,1475800,0.0,0.0
2019-04-29,40.900001525878906,41.099998474121094,40.59000015258789,40.880001068115234,33.68046951293945,1868600,0.0,0.0
2019-04-30,40.810001373291016,41.18000030517578,40.54999923706055,41.16999816894531,33.944313049316406,2890900,0.03,0.0
2019-05-01,41.0,41.16999816894531,40.4900016784668,40.54999923706055,33.43312454223633,2646700,0.0,0.0
2019-05-02,40.33000183105469,41.0,39.5099983215332,39.56999969482422,32.6251106262207,3789900,0.0,0.0
2019-05-03,39.4900016784668,40.0,38.86000061035156,39.439998626708984,32.51793670654297,3541200,0.0,0.0
2019-05-06,39.34000015258789,39.540000915527344,37.84000015258789,38.349998474121094,31.619251251220703,4050900,0.0,0.0
2019-05-07,38.15999984741211,38.88999938964844,38.09000015258789,38.650001525878906,31.8665828704834,4499000,0.0,0.0
2019-05-08,38.52000045776367,38.540000915527344,36.189998626708984,36.959999084472656,30.47318458557129,8454400,0.0,0.0
2019-05-09,36.95000076293945,37.220001220703125,36.2400016784668,36.68000030517578,30.242340087890625,5629900,0.0,0.0
2019-05-10,36.650001525878906,37.400001525878906,36.20000076293945,37.310001373291016,30.761762619018555,4107800,0.0,0.0
2019-05-13,37.04999923706055,37.36000061035156,36.619998931884766,36.810001373291016,30.349531173706055,3380300,0.0,0.0
2019-05-14,36.970001220703125,37.060001373291016,36.06999969482422,36.2400016784668,29.87956428527832,4120300,0.0,0.0
2019-05-15,36.04999923706055,36.25,35.59000015258789,35.9900016784668,29.673439025878906,3575100,0.0,0.0
2019-05-16,36.04999923706055,36.29999923706055,35.599998474121094,35.79999923706055,29.516788482666016,3048500,0.0,0.0
2019-05-17,35.5,35.869998931884766,35.43000030517578,35.58000183105469,29.335399627685547,2688900,0.0,0.0
2019-05-20,35.380001068115234,35.970001220703125,35.130001068115234,35.90999984741211,29.60748291015625,5142700,0.0,0.0
2019-05-21,35.91999816894531,36.959999084472656,35.81999969482422,36.70000076293945,30.258831024169922,4515500,0.0,0.0
2019-05-22,36.52000045776367,36.79999923706055,36.33000183105469,36.5,30.093921661376953,3300400,0.0,0.0
2019-05-23,36.209999084472656,36.290000915527344,35.439998626708984,35.529998779296875,29.294166564941406,4361500,0.0,0.0
2019-05-24,35.61000061035156,36.04999923706055,35.459999084472656,35.529998779296875,29.294166564941406,2618600,0.0,0.0
2019-05-28,35.5,35.709999084472656,34.81999969482422,35.02000045776367,28.873682022094727,5998600,0.0,0.0
2019-05-29,35.02000045776367,35.099998474121094,34.2400016784668,34.279998779296875,28.263559341430664,3490600,0.0,0.0
2019-05-30,34.33000183105469,34.4900016784668,33.689998626708984,33.7400016784668,27.818328857421875,3092300,0.0,0.0
2019-05-31,33.59000015258789,34.34000015258789,33.43000030517578,34.040000915527344,28.065683364868164,4530900,0.0,0.0
2019-06-03,34.150001525878906,34.54999923706055,33.939998626708984,34.279998779296875,28.263559341430664,3674300,0.0,0.0
2019-06-04,34.470001220703125,34.939998626708984,34.029998779296875,34.880001068115234,28.758258819580078,6226100,0.0,0.0
2019-06-05,35.119998931884766,35.209999084472656,34.59000015258789,35.150001525878906,28.980871200561523,4168700,0.0,0.0
2019-06-06,35.31999969482422,35.45000076293945,34.7599983215332,35.279998779296875,29.088045120239258,3340500,0.0,0.0
2019-06-07,35.290000915527344,35.54999923706055,34.63999938964844,34.72999954223633,28.634578704833984,3156300,0.0,0.0
2019-06-10,34.68000030517578,34.900001525878906,34.02000045776367,34.20000076293945,28.19760513305664,3057900,0.0,0.0
2019-06-11,34.189998626708984,34.779998779296875,34.150001525878906,34.54999923706055,28.486169815063477,3441400,0.0,0.0
2019-06-12,34.4900016784668,35.11000061035156,34.36000061035156,34.5,28.444948196411133,2622900,0.0,0.0
2019-06-13,34.56999969482422,34.939998626708984,34.15999984741211,34.41999816894531,28.37899398803711,2827300,0.0,0.0
2019-06-14,34.439998626708984,34.880001068115234,34.220001220703125,34.779998779296875,28.67580795288086,2717300,0.0,0.0
2019-06-17,34.790000915527344,34.869998931884766,34.34000015258789,34.439998626708984,28.395475387573242,3077900,0.0,0.0
2019-06-18,34.63999938964844,35.02000045776367,34.27000045776367,34.650001525878906,28.568618774414062,3387100,0.0,0.0
2019-06-19,34.650001525878906,35.0099983215332,34.380001068115234,34.79999923706055,28.692291259765625,4387500,0.0,0.0
2019-06-20,35.220001220703125,35.25,34.75,35.040000915527344,28.890172958374023,3878700,0.0,0.0
2019-06-21,35.060001373291016,35.38999938964844,34.880001068115234,35.16999816894531,28.997350692749023,6029500,0.0,0.0
2019-06-24,35.65999984741211,35.91999816894531,35.0099983215332,35.18000030517578,29.005596160888672,4526400,0.0,0.0
2019-06-25,35.2599983215332,35.58000183105469,35.029998779296875,35.13999938964844,28.972618103027344,3782600,0.0,0.0
2019-06-26,34.97999954223633,35.029998779296875,33.689998626708984,33.70000076293945,27.78536033630371,4327200,0.0,0.0
2019-06-27,33.7400016784668,34.029998779296875,33.0099983215332,34.029998779296875,28.05742645263672,6333800,0.0,0.0
2019-06-28,34.040000915527344,35.130001068115234,33.88999938964844,35.119998931884766,28.956130981445312,5632200,0.0,0.0
2019-07-01,35.2400016784668,35.56999969482422,34.91999816894531,35.43000030517578,29.211715698242188,4052600,0.0,0.0
2019-07-02,35.45000076293945,35.619998931884766,34.810001373291016,35.2400016784668,29.05506706237793,2741600,0.0,0.0
2019-07-03,35.369998931884766,36.060001373291016,35.34000015258789,35.810001373291016,29.525028228759766,1850900,0.0,0.0
2019-07-05,35.560001373291016,36.099998474121094,35.5,36.09000015258789,29.75588607788086,2102800,0.0,0.0
2019-07-08,36.0099983215332,36.27000045776367,35.43000030517578,35.709999084472656,29.442577362060547,3541900,0.0,0.0
2019-07-09,35.619998931884766,35.91999816894531,35.2400016784668,35.59000015258789,29.343639373779297,2676000,0.0,0.0
2019-07-10,35.91999816894531,36.11000061035156,35.650001525878906,35.959999084472656,29.648698806762695,2649600,0.0,0.0
2019-07-11,35.880001068115234,36.09000015258789,35.65999984741211,35.9900016784668,29.673439025878906,1991600,0.0,0.0
2019-07-12,36.02000045776367,36.15999984741211,35.790000915527344,35.9900016784668,29.673439025878906,2029800,0.0,0.0
2019-07-15,35.91999816894531,36.2400016784668,35.52000045776367,35.63999938964844,29.38486671447754,2700400,0.0,0.0
2019-07-16,35.400001525878906,35.619998931884766,33.91999816894531,34.09000015258789,28.106908798217773,4879000,0.0,0.0
2019-07-17,34.04999923706055,35.029998779296875,34.04999923706055,34.79999923706055,28.692291259765625,6674700,0.0,0.0
2019-07-18,34.72999954223633,35.099998474121094,34.36000061035156,35.099998474121094,28.939645767211914,2420100,0.0,0.0
2019-07-19,35.04999923706055,35.54999923706055,34.81999969482422,35.13999938964844,28.972618103027344,4132300,0.0,0.0
2019-07-22,35.15999984741211,35.22999954223633,34.4900016784668,34.939998626708984,28.807722091674805,2471700,0.0,0.0
2019-07-23,35.0,35.0099983215332,34.2599983215332,34.4900016784668,28.43670082092285,2684000,0.0,0.0
2019-07-24,34.529998779296875,35.060001373291016,34.529998779296875,34.7599983215332,28.659320831298828,2226600,0.0,0.0
2019-07-25,34.540000915527344,35.18000030517578,34.470001220703125,34.869998931884766,28.7500057220459,1897400,0.0,0.0
2019-07-26,34.97999954223633,35.130001068115234,34.33000183105469,34.459999084472656,28.41196632385254,2070600,0.0,0.0
2019-07-29,34.45000076293945,34.52000045776367,34.11000061035156,34.4900016784668,28.43670082092285,1995800,0.0,0.0
2019-07-30,34.29999923706055,34.810001373291016,34.29999923706055,34.790000915527344,28.684049606323242,2227600,0.0,0.0
2019-07-31,34.75,34.7599983215332,34.02000045776367,34.13999938964844,28.172428131103516,3579100,0.03,0.0
2019-08-01,34.11000061035156,34.97999954223633,34.099998474121094,34.31999969482422,28.320960998535156,4325300,0.0,0.0
2019-08-02,34.43000030517578,35.0,34.31999969482422,34.7400016784668,28.667545318603516,2797500,0.0,0.0
2019-08-05,34.66999816894531,34.66999816894531,33.52000045776367,33.720001220703125,27.825836181640625,2976200,0.0,0.0
2019-08-06,33.720001220703125,34.04999923706055,33.15999984741211,33.93000030517578,27.999126434326172,3232700,0.0,0.0
2019-08-07,33.97999954223633,34.75,32.630001068115234,33.29999923706055,27.479249954223633,4928200,0.0,0.0
2019-08-08,33.43000030517578,35.130001068115234,33.33000183105469,35.119998931884766,28.981122970581055,4843800,0.0,0.0
2019-08-09,35.09000015258789,35.13999938964844,33.939998626708984,34.150001525878906,28.180675506591797,3310400,0.0,0.0
2019-08-12,34.040000915527344,34.45000076293945,33.56999969482422,33.939998626708984,28.007383346557617,2287900,0.0,0.0
2019-08-13,34.0099983215332,34.61000061035156,33.77000045776367,34.59000015258789,28.54376220703125,2383700,0.0,0.0
2019-08-14,34.29999923706055,34.43000030517578,33.88999938964844,33.97999954223633,28.040388107299805,2153000,0.0,0.0
2019-08-15,33.970001220703125,34.529998779296875,33.869998931884766,34.31999969482422,28.320960998535156,2338900,0.0,0.0
2019-08-16,34.459999084472656,35.58000183105469,34.45000076293945,35.470001220703125,29.26994514465332,3132200,0.0,0.0
2019-08-19,35.709999084472656,35.7400016784668,35.06999969482422,35.459999084472656,29.261695861816406,3602800,0.0,0.0
2019-08-20,35.38999938964844,35.38999938964844,34.93000030517578,35.29999923706055,29.129653930664062,2058700,0.0,0.0
2019-08-21,35.459999084472656,35.81999969482422,35.279998779296875,35.779998779296875,29.525753021240234,2260300,0.0,0.0
2019-08-22,35.790000915527344,36.08000183105469,35.689998626708984,35.849998474121094,29.583518981933594,2306700,0.0,0.0
2019-08-23,35.81999969482422,35.83000183105469,34.83000183105469,35.02000045776367,28.898601531982422,4258900,0.0,0.0
2019-08-26,35.2599983215332,35.68000030517578,35.119998931884766,35.65999984741211,29.426733016967773,2000700,0.0,0.0
2019-08-27,35.81999969482422,36.15999984741211,35.33000183105469,35.369998931884766,29.187421798706055,2678300,0.0,0.0
2019-08-28,35.369998931884766,35.61000061035156,35.22999954223633,35.349998474121094,29.170909881591797,1469300,0.0,0.0
2019-08-29,35.59000015258789,35.810001373291016,35.470001220703125,35.65999984741211,29.426733016967773,1554100,0.0,0.0
2019-08-30,35.81999969482422,36.529998779296875,35.72999954223633,36.400001525878906,30.037384033203125,2009700,0.0,0.0
2019-09-03,36.2599983215332,36.84000015258789,36.13999938964844,36.79999923706055,30.367456436157227,2386400,0.0,0.0
2019-09-04,37.11000061035156,37.279998779296875,36.81999969482422,37.209999084472656,30.70579719543457,2287200,0.0,0.0
2019-09-05,37.15999984741211,37.88999938964844,37.0,37.599998474121094,31.027620315551758,2918600,0.0,0.0
2019-09-06,38.09000015258789,38.529998779296875,37.65999984741211,37.7400016784668,31.143152236938477,2230700,0.0,0.0
2019-09-09,37.880001068115234,38.060001373291016,37.56999969482422,37.84000015258789,31.225666046142578,1855600,0.0,0.0
2019-09-10,37.790000915527344,38.2400016784668,37.689998626708984,37.9900016784668,31.349451065063477,2088100,0.0,0.0
2019-09-11,38.099998474121094,38.93000030517578,37.81999969482422,38.61000061035156,31.861083984375,2100800,0.0,0.0
2019-09-12,38.52000045776367,38.7599983215332,38.2599983215332,38.290000915527344,31.597026824951172,2339800,0.0,0.0
2019-09-13,38.13999938964844,38.709999084472656,37.72999954223633,38.5,31.770309448242188,2929100,0.0,0.0
2019-09-16,38.529998779296875,39.040000915527344,38.349998474121094,39.029998779296875,32.20767593383789,2435200,0.0,0.0
2019-09-17,39.099998474121094,39.369998931884766,38.79999923706055,39.029998779296875,32.20767593383789,2801000,0.0,0.0
2019-09-18,39.08000183105469,39.130001068115234,38.56999969482422,38.95000076293945,32.14164352416992,3035100,0.0,0.0
2019-09-19,39.06999969482422,39.16999816894531,38.70000076293945,38.79999923706055,32.01786422729492,2081000,0.0,0.0
2019-09-20,39.02000045776367,39.2599983215332,38.720001220703125,39.06999969482422,32.24067687988281,4399900,0.0,0.0
2019-09-23,38.9900016784668,39.619998931884766,38.849998474121094,39.279998779296875,32.413970947265625,2497100,0.0,0.0
2019-09-24,39.47999954223633,39.849998474121094,39.290000915527344,39.33000183105469,32.455223083496094,2831400,0.0,0.0
2019-09-25,39.2400016784668,39.83000183105469,39.2400016784668,39.7599983215332,32.810054779052734,2605600,0.0,0.0
2019-09-26,39.939998626708984,40.02000045776367,39.439998626708984,39.5,32.595497131347656,2256800,0.0,0.0
2019-09-27,39.540000915527344,39.83000183105469,39.16999816894531,39.439998626708984,32.54600143432617,1520300,0.0,0.0
2019-09-30,39.310001373291016,39.790000915527344,39.310001373291016,39.599998474121094,32.67802047729492,1899600,0.0,0.0
2019-10-01,39.540000915527344,39.619998931884766,39.029998779296875,39.13999938964844,32.298431396484375,1859400,0.0,0.0
2019-10-02,38.93000030517578,39.0,38.20000076293945,38.209999084472656,31.530996322631836,3188300,0.0,0.0
2019-10-03,38.2400016784668,38.66999816894531,37.79999923706055,38.65999984741211,31.902341842651367,2272800,0.0,0.0
2019-10-04,38.7599983215332,39.189998626708984,38.54999923706055,39.15999984741211,32.31493377685547,1756400,0.0,0.0
2019-10-07,39.0099983215332,39.209999084472656,38.83000183105469,38.91999816894531,32.11689758300781,1596300,0.0,0.0
2019-10-08,38.83000183105469,39.459999084472656,38.65999984741211,39.0,32.18290328979492,2484900,0.0,0.0
2019-10-09,39.099998474121094,39.310001373291016,38.41999816894531,38.7599983215332,31.9848575592041,2102700,0.0,0.0
2019-10-10,38.70000076293945,38.959999084472656,38.5,38.79999923706055,32.01786422729492,1518800,0.0,0.0
2019-10-11,39.060001373291016,39.650001525878906,38.97999954223633,39.18000030517578,32.331443786621094,1646900,0.0,0.0
2019-10-14,39.29999923706055,39.52000045776367,39.029998779296875,39.119998931884766,32.28192901611328,1615900,0.0,0.0
2019-10-15,39.150001525878906,39.689998626708984,39.11000061035156,39.380001068115234,32.496490478515625,1206000,0.0,0.0
2019-10-16,39.380001068115234,39.63999938964844,39.2400016784668,39.52000045776367,32.61201095581055,2136500,0.0,0.0
2019-10-17,39.619998931884766,39.900001525878906,39.52000045776367,39.75,32.80180740356445,1453500,0.0,0.0
2019-10-18,39.619998931884766,40.220001220703125,39.5,40.150001525878906,33.13188552856445,3082400,0.0,0.0
2019-10-21,40.290000915527344,40.45000076293945,40.060001373291016,40.349998474121094,33.29693603515625,1529500,0.0,0.0
2019-10-22,40.5099983215332,40.83000183105469,40.279998779296875,40.75,33.627017974853516,2127200,0.0,0.0
2019-10-23,40.650001525878906,40.869998931884766,40.40999984741211,40.619998931884766,33.519737243652344,1447300,0.0,0.0
2019-10-24,40.720001220703125,40.869998931884766,40.4900016784668,40.84000015258789,33.70128631591797,1793700,0.0,0.0
2019-10-25,40.560001373291016,40.91999816894531,40.40999984741211,40.810001373291016,33.6765251159668,1791400,0.0,0.0
2019-10-28,40.91999816894531,41.189998626708984,40.36000061035156,40.380001068115234,33.32168960571289,1963500,0.0,0.0
2019-10-29,40.2599983215332,40.689998626708984,40.16999816894531,40.5099983215332,33.4289665222168,1771100,0.0,0.0
2019-10-30,40.619998931884766,40.849998474121094,40.349998474121094,40.75,33.627017974853516,1232400,0.0,0.0
2019-10-31,40.709999084472656,40.97999954223633,40.029998779296875,40.119998931884766,33.13152313232422,1892000,0.03,0.0
2019-11-01,40.29999923706055,40.81999969482422,40.25,40.689998626708984,33.60224151611328,2129900,0.0,0.0
2019-11-04,40.79999923706055,41.09000015258789,40.470001220703125,40.810001373291016,33.70133590698242,1878200,0.0,0.0
2019-11-05,40.810001373291016,40.91999816894531,39.599998474121094,39.61000061035156,32.710365295410156,4309200,0.0,0.0
2019-11-06,39.75,40.20000076293945,39.540000915527344,39.58000183105469,32.68559265136719,3781000,0.0,0.0
2019-11-07,39.939998626708984,41.779998779296875,39.88999938964844,40.040000915527344,33.065460205078125,6602400,0.0,0.0
2019-11-08,39.7599983215332,39.83000183105469,38.38999938964844,38.439998626708984,31.744165420532227,6554200,0.0,0.0
2019-11-11,38.63999938964844,38.7599983215332,38.400001525878906,38.540000915527344,31.826751708984375,3451800,0.0,0.0
2019-11-12,38.56999969482422,39.08000183105469,38.43000030517578,38.7400016784668,31.99190902709961,2292400,0.0,0.0
2019-11-13,38.779998779296875,39.11000061035156,38.72999954223633,38.790000915527344,32.033206939697266,2466700,0.0,0.0
2019-11-14,38.900001525878906,39.4900016784668,38.849998474121094,39.40999984741211,32.545204162597656,3120200,0.0,0.0
2019-11-15,39.45000076293945,39.90999984741211,39.040000915527344,39.79999923706055,32.86726760864258,2907900,0.0,0.0
2019-11-18,39.880001068115234,40.06999969482422,39.599998474121094,39.79999923706055,32.86726760864258,1808100,0.0,0.0
2019-11-19,39.779998779296875,39.88999938964844,39.369998931884766,39.38999938964844,32.528690338134766,2409700,0.0,0.0
2019-11-20,39.369998931884766,39.75,39.290000915527344,39.63999938964844,32.735137939453125,2947900,0.0,0.0
2019-11-21,39.81999969482422,39.81999969482422,39.029998779296875,39.20000076293945,32.37179183959961,4088900,0.0,0.0
2019-11-22,39.31999969482422,39.470001220703125,39.040000915527344,39.369998931884766,32.512168884277344,3505500,0.0,0.0
2019-11-25,39.2599983215332,39.400001525878906,38.9900016784668,39.189998626708984,32.363521575927734,2886300,0.0,0.0
2019-11-26,39.2400016784668,39.27000045776367,38.790000915527344,38.91999816894531,32.14055633544922,3600300,0.0,0.0
2019-11-27,39.119998931884766,39.2400016784668,38.90999984741211,39.06999969482422,32.26443099975586,3246300,0.0,0.0
2019-11-29,39.0099983215332,39.900001525878906,38.880001068115234,39.72999954223633,32.8094596862793,1678000,0.0,0.0
2019-12-02,39.66999816894531,40.189998626708984,39.65999984741211,39.86000061035156,32.916812896728516,2500100,0.0,0.0
2019-12-03,39.77000045776367,40.540000915527344,39.630001068115234,40.40999984741211,33.37101364135742,3465600,0.0,0.0
2019-12-04,40.189998626708984,40.27000045776367,39.4900016784668,39.52000045776367,32.63603591918945,4480600,0.0,0.0
2019-12-05,39.5099983215332,39.560001373291016,38.369998931884766,38.58000183105469,31.859777450561523,3718500,0.0,0.0
2019-12-06,38.560001373291016,39.2599983215332,38.45000076293945,38.470001220703125,31.768949508666992,3952500,0.0,0.0
2019-12-09,38.650001525878906,39.029998779296875,38.439998626708984,38.560001373291016,31.8432559967041,3056800,0.0,0.0
2019-12-10,38.61000061035156,38.75,38.33000183105469,38.380001068115234,31.69462013244629,2829600,0.0,0.0
2019-12-11,38.38999938964844,39.099998474121094,38.290000915527344,38.91999816894531,32.14055633544922,1915700,0.0,0.0
2019-12-12,38.86000061035156,39.36000061035156,38.84000015258789,39.33000183105469,32.4791374206543,2391800,0.0,0.0
2019-12-13,39.380001068115234,39.65999984741211,39.22999954223633,39.369998931884766,32.512168884277344,2480600,0.0,0.0
2019-12-16,39.349998474121094,40.130001068115234,39.29999923706055,40.119998931884766,33.13152313232422,2452300,0.0,0.0
2019-12-17,40.189998626708984,40.220001220703125,39.59000015258789,39.59000015258789,32.693843841552734,2893900,0.0,0.0
2019-12-18,39.5099983215332,39.90999984741211,39.4900016784668,39.7599983215332,32.834228515625,2078600,0.0,0.0
2019-12-19,39.779998779296875,40.630001068115234,39.7400016784668,40.310001373291016,33.2884407043457,2793300,0.0,0.0
2019-12-20,40.40999984741211,40.9900016784668,40.150001525878906,40.619998931884766,33.544429779052734,4070600,0.0,0.0
2019-12-23,40.689998626708984,40.70000076293945,39.970001220703125,40.08000183105469,33.09849166870117,1699900,0.0,0.0
2019-12-24,40.11000061035156,40.11000061035156,39.790000915527344,39.88999938964844,32.941585540771484,701900,0.0,0.0
2019-12-26,39.970001220703125,40.04999923706055,39.08000183105469,39.22999954223633,32.39656448364258,1420000,0.0,0.0
2019-12-27,39.25,39.43000030517578,39.150001525878906,39.22999954223633,32.39656448364258,1714500,0.0,0.0
2019-12-30,39.119998931884766,39.29999923706055,39.0099983215332,39.22999954223633,32.39656448364258,1431000,0.0,0.0
2019-12-31,39.15999984741211,39.7599983215332,39.11000061035156,39.75,32.82597351074219,1644500,0.0,0.0
2020-01-02,39.83000183105469,39.9900016784668,38.59000015258789,38.79999923706055,32.04145812988281,2581100,0.0,0.0
2020-01-03,38.56999969482422,38.790000915527344,38.0099983215332,38.20000076293945,31.545978546142578,2751300,0.0,0.0
2020-01-06,38.13999938964844,38.18000030517578,37.2599983215332,37.380001068115234,30.868803024291992,2605600,0.0,0.0
2020-01-07,37.220001220703125,37.58000183105469,36.81999969482422,36.869998931884766,30.447641372680664,2446000,0.0,0.0
2020-01-08,36.880001068115234,37.0,36.2400016784668,36.86000061035156,30.43937873840332,3594200,0.0,0.0
2020-01-09,36.88999938964844,37.310001373291016,36.7599983215332,37.13999938964844,30.670610427856445,2329200,0.0,0.0
2020-01-10,37.22999954223633,37.63999938964844,37.06999969482422,37.310001373291016,30.81099510192871,1859300,0.0,0.0
2020-01-13,37.220001220703125,37.43000030517578,36.900001525878906,36.91999816894531,30.488927841186523,2447800,0.0,0.0
2020-01-14,36.939998626708984,37.5099983215332,36.900001525878906,37.5,30.967897415161133,2728000,0.0,0.0
2020-01-15,37.380001068115234,38.400001525878906,37.380001068115234,38.130001068115234,31.488170623779297,2736500,0.0,0.0
2020-01-16,38.27000045776367,38.79999923706055,38.22999954223633,38.619998931884766,31.892812728881836,2059100,0.0,0.0
2020-01-17,38.619998931884766,38.689998626708984,38.2599983215332,38.540000915527344,31.826751708984375,2209200,0.0,0.0
2020-01-21,38.5099983215332,38.619998931884766,38.09000015258789,38.52000045776367,31.810226440429688,1958500,0.0,0.0
2020-01-22,38.68000030517578,39.2400016784668,38.619998931884766,38.68000030517578,31.94235610961914,2445600,0.0,0.0
2020-01-23,38.61000061035156,38.90999984741211,38.33000183105469,38.869998931884766,32.099266052246094,1912200,0.0,0.0
2020-01-24,38.790000915527344,38.88999938964844,37.79999923706055,37.959999084472656,31.347776412963867,2912600,0.0,0.0
2020-01-27,37.66999816894531,37.779998779296875,36.79999923706055,36.81999969482422,30.406347274780273,2094100,0.0,0.0
2020-01-28,37.0,37.290000915527344,36.83000183105469,37.0099983215332,30.56324577331543,1822900,0.0,0.0
2020-01-29,36.959999084472656,37.2599983215332,36.36000061035156,37.15999984741211,30.68712043762207,2315200,0.0,0.0
2020-01-30,37.20000076293945,37.220001220703125,36.58000183105469,37.15999984741211,30.68712043762207,2352800,0.0,0.0
2020-01-31,36.70000076293945,37.13999938964844,36.650001525878906,36.88999938964844,30.712099075317383,3231300,0.3,0.0
2020-02-03,37.029998779296875,37.75,36.970001220703125,37.540000915527344,31.253253936767578,2428800,0.0,0.0
2020-02-04,37.66999816894531,38.119998931884766,37.2599983215332,37.2599983215332,31.020137786865234,3247900,0.0,0.0
2020-02-05,37.2599983215332,38.40999984741211,37.2599983215332,38.0,31.636213302612305,2897100,0.0,0.0
2020-02-06,38.11000061035156,38.209999084472656,37.72999954223633,37.83000183105469,31.494688034057617,2283400,0.0,0.0
2020-02-07,37.810001373291016,38.04999923706055,37.599998474121094,37.880001068115234,31.53631591796875,1302300,0.0,0.0
2020-02-10,37.86000061035156,38.31999969482422,37.63999938964844,38.290000915527344,31.877653121948242,1810800,0.0,0.0
2020-02-11,38.4900016784668,39.369998931884766,38.40999984741211,38.84000015258789,32.335540771484375,1978100,0.0,0.0
2020-02-12,38.849998474121094,39.5099983215332,38.779998779296875,39.2400016784668,32.66856002807617,1822200,0.0,0.0
2020-02-13,39.220001220703125,39.70000076293945,39.099998474121094,39.560001373291016,32.934967041015625,1749300,0.0,0.0
2020-02-14,39.650001525878906,40.060001373291016,39.5099983215332,40.060001373291016,33.35123825073242,1825500,0.0,0.0
2020-02-18,40.0099983215332,40.25,39.7599983215332,39.95000076293945,33.25965118408203,1828100,0.0,0.0
2020-02-19,40.11000061035156,40.150001525878906,39.38999938964844,39.400001525878906,32.8017578125,1888200,0.0,0.0
2020-02-20,39.380001068115234,39.380001068115234,38.279998779296875,39.040000915527344,32.50204849243164,2425700,0.0,0.0
2020-02-21,38.88999938964844,39.400001525878906,38.810001373291016,39.369998931884766,32.77678298950195,1854600,0.0,0.0
2020-02-24,38.790000915527344,39.029998779296875,38.06999969482422,38.13999938964844,31.75277328491211,2629700,0.0,0.0
2020-02-25,38.08000183105469,38.08000183105469,36.040000915527344,36.130001068115234,30.07937240600586,3499700,0.0,0.0
2020-02-26,36.150001525878906,36.29999923706055,35.029998779296875,35.04999923706055,29.18023681640625,3559400,0.0,0.0
2020-02-27,34.849998474121094,35.41999816894531,33.5099983215332,34.5,28.72235679626465,3885300,0.0,0.0
2020-02-28,33.650001525878906,33.650001525878906,31.899999618530273,33.209999084472656,27.648387908935547,6020200,0.0,0.0
2020-03-02,33.310001373291016,34.189998626708984,32.86000061035156,34.16999816894531,28.447612762451172,3885200,0.0,0.0
2020-03-03,34.220001220703125,34.970001220703125,33.04999923706055,33.29999923706055,27.72331428527832,3208800,0.0,0.0
2020-03-04,33.77000045776367,35.5,33.720001220703125,35.45000076293945,29.51325798034668,4961200,0.0,0.0
2020-03-05,34.54999923706055,35.099998474121094,33.849998474121094,34.349998474121094,28.597475051879883,3471000,0.0,0.0
2020-03-06,32.97999954223633,34.439998626708984,32.83000183105469,34.31999969482422,28.572498321533203,3078700,0.0,0.0
2020-03-09,31.530000686645508,31.8700008392334,29.329999923706055,30.1299991607666,25.084192276000977,4954700,0.0,0.0
2020-03-10,31.31999969482422,32.369998931884766,30.459999084472656,32.349998474121094,26.932411193847656,4503900,0.0,0.0
2020-03-11,31.290000915527344,31.469999313354492,29.209999084472656,30.0,24.97595977783203,5745400,0.0,0.0
2020-03-12,27.979999542236328,29.450000762939453,26.459999084472656,26.600000381469727,22.145353317260742,6385500,0.0,0.0
2020-03-13,28.3799991607666,28.889999389648438,25.860000610351562,28.850000381469727,24.018545150756836,5398200,0.0,0.0
2020-03-16,25.65999984741211,28.56999969482422,24.75,24.889999389648438,20.72171974182129,3893800,0.0,0.0
2020-03-17,25.530000686645508,26.530000686645508,23.239999771118164,23.56999969482422,19.62277603149414,4547800,0.0,0.0
2020-03-18,21.6200008392334,22.270000457763672,19.540000915527344,21.989999771118164,18.307376861572266,5335200,0.0,0.0
2020-03-19,21.979999542236328,24.299999237060547,20.549999237060547,23.950000762939453,19.93914031982422,3611600,0.0,0.0
2020-03-20,24.389999389648438,25.68000030517578,22.920000076293945,23.309999465942383,19.406314849853516,6080800,0.0,0.0
2020-03-23,23.100000381469727,23.100000381469727,20.969999313354492,22.15999984741211,18.448911666870117,5404600,0.0,0.0
2020-03-24,23.489999771118164,26.020000457763672,23.350000381469727,25.760000228881836,21.446020126342773,4211500,0.0,0.0
2020-03-25,25.829999923706055,27.469999313354492,24.329999923706055,26.290000915527344,21.887264251708984,4666500,0.0,0.0
2020-03-26,26.59000015258789,28.719999313354492,26.200000762939453,28.239999771118164,23.510704040527344,3597500,0.0,0.0
2020-03-27,26.829999923706055,30.389999389648438,26.739999771118164,29.549999237060547,24.601318359375,3399400,0.0,0.0
2020-03-30,29.649999618530273,30.0,27.510000228881836,28.450000762939453,23.685537338256836,3588900,0.0,0.0
2020-03-31,28.6299991607666,28.6299991607666,26.969999313354492,27.260000228881836,22.69482421875,2981400,0.0,0.0
2020-04-01,26.329999923706055,26.969999313354492,25.299999237060547,26.84000015258789,22.34515953063965,3880500,0.0,0.0
2020-04-02,26.670000076293945,28.030000686645508,26.06999969482422,27.790000915527344,23.136062622070312,6675100,0.0,0.0
2020-04-03,27.5,28.1200008392334,25.75,26.209999084472656,21.820661544799805,6458700,0.0,0.0
2020-04-06,27.6200008392334,27.809999465942383,26.40999984741211,27.239999771118164,22.678171157836914,2995900,0.0,0.0
2020-04-07,28.639999389648438,29.1200008392334,27.270000457763672,27.360000610351562,22.778076171875,3158500,0.0,0.0
2020-04-08,27.450000762939453,29.84000015258789,27.200000762939453,29.450000762939453,24.518064498901367,2547400,0.0,0.0
2020-04-09,30.219999313354492,31.799999237060547,30.149999618530273,30.760000228881836,25.608678817749023,4052900,0.0,0.0
2020-04-13,30.469999313354492,30.75,29.219999313354492,29.979999542236328,24.959304809570312,2122100,0.0,0.0
2020-04-14,30.459999084472656,30.770000457763672,29.5,30.40999984741211,25.317298889160156,2359200,0.0,0.0
2020-04-15,29.40999984741211,29.8700008392334,29.059999465942383,29.5,24.5596923828125,2733900,0.0,0.0
2020-04-16,29.5,29.889999389648438,28.610000610351562,29.690000534057617,24.71787452697754,4127300,0.0,0.0
2020-04-17,30.3700008392334,31.59000015258789,30.15999984741211,31.3700008392334,26.116527557373047,3055900,0.0,0.0
2020-04-20,30.709999084472656,31.8700008392334,30.510000228881836,31.030000686645508,25.833465576171875,3348500,0.0,0.0
2020-04-21,29.90999984741211,30.979999542236328,29.75,30.309999465942383,25.234039306640625,2488600,0.0,0.0
2020-04-22,30.920000076293945,31.329999923706055,30.229999542236328,31.09000015258789,25.8834171295166,3442200,0.0,0.0
2020-04-23,31.25,31.649999618530273,30.829999923706055,31.229999542236328,25.99997329711914,2170300,0.0,0.0
2020-04-24,31.770000457763672,32.810001373291016,31.450000762939453,32.599998474121094,27.140539169311523,2481200,0.0,0.0
2020-04-27,33.2400016784668,33.83000183105469,32.720001220703125,33.68000030517578,28.0396728515625,2376900,0.0,0.0
2020-04-28,34.810001373291016,35.63999938964844,33.470001220703125,33.709999084472656,28.064655303955078,3463200,0.0,0.0
2020-04-29,34.720001220703125,35.130001068115234,34.04999923706055,34.63999938964844,28.83890724182129,3530400,0.0,0.0
2020-04-30,34.15999984741211,34.22999954223633,32.939998626708984,33.529998779296875,28.158662796020508,2636600,0.3,0.0
2020-05-01,32.91999816894531,33.029998779296875,32.25,32.970001220703125,27.68837547302246,1812500,0.0,0.0
2020-05-04,32.7400016784668,33.11000061035156,32.060001373291016,32.95000076293945,27.67157745361328,2200700,0.0,0.0
2020-05-05,33.31999969482422,34.11000061035156,32.880001068115234,32.88999938964844,27.621191024780273,2798200,0.0,0.0
2020-05-06,33.04999923706055,33.060001373291016,32.18000030517578,32.779998779296875,27.5288143157959,2553500,0.0,0.0
2020-05-07,32.630001068115234,33.029998779296875,31.399999618530273,32.119998931884766,26.974544525146484,4350100,0.0,0.0
2020-05-08,32.5,33.38999938964844,32.290000915527344,32.77000045776367,27.520414352416992,2407600,0.0,0.0
2020-05-11,32.43000030517578,32.7599983215332,31.889999389648438,32.5,27.293664932250977,2625300,0.0,0.0
2020-05-12,32.58000183105469,32.849998474121094,32.04999923706055,32.06999969482422,26.932546615600586,3764000,0.0,0.0
2020-05-13,31.940000534057617,32.04999923706055,31.1200008392334,31.75,26.663808822631836,3145300,0.0,0.0
2020-05-14,31.290000915527344,32.709999084472656,30.690000534057617,32.650001525878906,27.41963768005371,2665700,0.0,0.0
2020-05-15,32.38999938964844,32.93000030517578,32.0099983215332,32.599998474121094,27.377647399902344,2708200,0.0,0.0
2020-05-18,33.52000045776367,35.83000183105469,33.25,35.529998779296875,29.838268280029297,3769600,0.0,0.0
2020-05-19,35.27000045776367,36.029998779296875,35.029998779296875,35.349998474121094,29.687103271484375,2427600,0.0,0.0
2020-05-20,35.93000030517578,36.779998779296875,35.400001525878906,35.5,29.813081741333008,2650700,0.0,0.0
2020-05-21,35.5,35.959999084472656,35.22999954223633,35.29999923706055,29.645118713378906,1905300,0.0,0.0
2020-05-22,35.290000915527344,35.72999954223633,35.08000183105469,35.720001220703125,29.997833251953125,1524100,0.0,0.0
2020-05-26,36.58000183105469,37.09000015258789,35.59000015258789,35.7400016784668,30.014631271362305,2330400,0.0,0.0
2020-05-27,36.11000061035156,36.75,35.68000030517578,35.970001220703125,30.207786560058594,2344900,0.0,0.0
2020-05-28,36.470001220703125,36.880001068115234,35.81999969482422,36.439998626708984,30.60250473022461,2298100,0.0,0.0
2020-05-29,36.380001068115234,36.459999084472656,35.45000076293945,36.04999923706055,30.27497673034668,3471600,0.0,0.0
2020-06-01,36.060001373291016,36.40999984741211,35.650001525878906,36.09000015258789,30.308555603027344,1692900,0.0,0.0
2020-06-02,36.41999816894531,36.5099983215332,35.810001373291016,35.900001525878906,30.14899253845215,2319100,0.0,0.0
2020-06-03,36.290000915527344,36.619998931884766,36.08000183105469,36.380001068115234,30.552114486694336,3021000,0.0,0.0
2020-06-04,36.20000076293945,36.470001220703125,35.029998779296875,35.439998626708984,29.76268768310547,3377300,0.0,0.0
2020-06-05,36.09000015258789,37.04999923706055,35.65999984741211,36.720001220703125,30.837646484375,4298200,0.0,0.0
2020-06-08,36.83000183105469,38.27000045776367,36.79999923706055,38.15999984741211,32.04695510864258,2784800,0.0,0.0
2020-06-09,37.56999969482422,37.75,36.310001373291016,36.400001525878906,30.568904876708984,1985100,0.0,0.0
2020-06-10,36.34000015258789,36.7400016784668,35.72999954223633,36.189998626708984,30.392555236816406,2744900,0.0,0.0
2020-06-11,35.310001373291016,35.380001068115234,33.689998626708984,33.77000045776367,28.360219955444336,3303500,0.0,0.0
2020-06-12,34.59000015258789,34.79999923706055,33.040000915527344,33.68000030517578,28.284631729125977,3070800,0.0,0.0
2020-06-15,32.959999084472656,33.5099983215332,32.04999923706055,33.310001373291016,27.973907470703125,2684600,0.0,0.0
2020-06-16,34.369998931884766,34.79999923706055,33.560001373291016,33.7599983215332,28.351816177368164,2237500,0.0,0.0
2020-06-17,33.880001068115234,34.09000015258789,33.189998626708984,33.59000015258789,28.209049224853516,2601600,0.0,0.0
2020-06-18,33.38999938964844,33.84000015258789,33.150001525878906,33.630001068115234,28.242645263671875,1886300,0.0,0.0
2020-06-19,34.189998626708984,34.29999923706055,33.45000076293945,34.08000183105469,28.620553970336914,4540100,0.0,0.0
2020-06-22,33.9900016784668,34.310001373291016,33.18000030517578,34.150001525878906,28.679346084594727,2443500,0.0,0.0
2020-06-23,34.40999984741211,34.459999084472656,32.95000076293945,33.0,27.713571548461914,2368800,0.0,0.0
2020-06-24,32.709999084472656,32.9900016784668,32.06999969482422,32.56999969482422,27.352453231811523,2928700,0.0,0.0
2020-06-25,32.380001068115234,32.7599983215332,31.959999084472656,32.630001068115234,27.402843475341797,2935200,0.0,0.0
2020-06-26,32.59000015258789,32.59000015258789,31.239999771118164,31.56999969482422,26.51264190673828,4581900,0.0,0.0
2020-06-29,31.860000610351562,32.959999084472656,31.260000228881836,32.939998626708984,27.66318130493164,2523500,0.0,0.0
2020-06-30,32.84000015258789,32.849998474121094,32.279998779296875,32.560001373291016,27.34405517578125,2012600,0.0,0.0
2020-07-01,32.59000015258789,33.310001373291016,32.40999984741211,33.150001525878906,27.83953857421875,1748200,0.0,0.0
2020-07-02,33.5,33.86000061035156,32.68000030517578,32.790000915527344,27.53721046447754,1847200,0.0,0.0
2020-07-06,33.209999084472656,33.45000076293945,32.77000045776367,33.029998779296875,27.73876190185547,1443100,0.0,0.0
2020-07-07,32.720001220703125,32.93000030517578,32.41999816894531,32.75,27.503616333007812,2782600,0.0,0.0
2020-07-08,32.83000183105469,33.380001068115234,32.599998474121094,33.189998626708984,27.873126983642578,2200500,0.0,0.0
2020-07-09,33.060001373291016,33.060001373291016,31.65999984741211,32.310001373291016,27.134103775024414,2339200,0.0,0.0
2020-07-10,32.25,32.97999954223633,32.20000076293945,32.959999084472656,27.679977416992188,1677700,0.0,0.0
2020-07-13,33.060001373291016,33.630001068115234,32.779998779296875,33.22999954223633,27.906723022460938,2440000,0.0,0.0
2020-07-14,33.119998931884766,34.060001373291016,33.119998931884766,33.84000015258789,28.419002532958984,2430800,0.0,0.0
2020-07-15,34.2599983215332,34.58000183105469,33.95000076293945,34.02000045776367,28.570165634155273,1737900,0.0,0.0
2020-07-16,34.029998779296875,34.41999816894531,33.7400016784668,33.84000015258789,28.419002532958984,1597300,0.0,0.0
2020-07-17,34.08000183105469,34.16999816894531,33.41999816894531,33.720001220703125,28.3182315826416,1590400,0.0,0.0
2020-07-20,33.540000915527344,33.810001373291016,33.119998931884766,33.41999816894531,28.066282272338867,2225900,0.0,0.0
2020-07-21,33.40999984741211,33.84000015258789,33.209999084472656,33.529998779296875,28.158662796020508,1937100,0.0,0.0
2020-07-22,33.310001373291016,33.7599983215332,32.939998626708984,33.59000015258789,28.209049224853516,2689500,0.0,0.0
2020-07-23,33.58000183105469,33.790000915527344,33.060001373291016,33.22999954223633,27.906723022460938,3177500,0.0,0.0
2020-07-24,33.0,34.22999954223633,32.349998474121094,34.189998626708984,28.71293830871582,5891100,0.0,0.0
2020-07-27,34.56999969482422,35.54999923706055,33.63999938964844,33.7400016784668,28.335018157958984,3406000,0.0,0.0
2020-07-28,33.599998474121094,34.209999084472656,33.38999938964844,33.7400016784668,28.335018157958984,1830900,0.0,0.0
2020-07-29,33.7599983215332,33.91999816894531,33.279998779296875,33.63999938964844,28.251041412353516,1795900,0.0,0.0
2020-07-30,33.279998779296875,33.91999816894531,32.720001220703125,33.849998474121094,28.427398681640625,2329800,0.0,0.0
2020-07-31,33.279998779296875,33.84000015258789,33.040000915527344,33.810001373291016,28.647706985473633,1914100,0.3,0.0
2020-08-03,33.709999084472656,33.790000915527344,33.16999816894531,33.470001220703125,28.359617233276367,1532900,0.0,0.0
2020-08-04,33.54999923706055,34.099998474121094,33.54999923706055,34.029998779296875,28.834108352661133,1988900,0.0,0.0
2020-08-05,34.18000030517578,34.40999984741211,33.439998626708984,33.560001373291016,28.435871124267578,1817100,0.0,0.0
2020-08-06,33.439998626708984,34.119998931884766,33.41999816894531,33.97999954223633,28.791746139526367,1432600,0.0,0.0
2020-08-07,33.810001373291016,34.56999969482422,33.810001373291016,34.279998779296875,29.045942306518555,1958500,0.0,0.0
2020-08-10,34.439998626708984,35.2599983215332,34.400001525878906,34.97999954223633,29.63905906677246,2984400,0.0,0.0
2020-08-11,35.18000030517578,35.65999984741211,34.720001220703125,34.900001525878906,29.57128143310547,2224800,0.0,0.0
2020-08-12,35.08000183105469,35.4900016784668,34.88999938964844,35.2599983215332,29.876298904418945,2108200,0.0,0.0
2020-08-13,35.16999816894531,35.38999938964844,34.86000061035156,35.290000915527344,29.901729583740234,1328600,0.0,0.0
2020-08-14,35.18000030517578,35.220001220703125,34.880001068115234,34.939998626708984,29.60517120361328,1226900,0.0,0.0
2020-08-17,34.90999984741211,35.68000030517578,34.810001373291016,35.29999923706055,29.910198211669922,2016400,0.0,0.0
2020-08-18,35.29999923706055,36.349998474121094,35.29999923706055,36.09000015258789,30.579570770263672,2927400,0.0,0.0
2020-08-19,36.2400016784668,36.279998779296875,35.369998931884766,35.40999984741211,30.003400802612305,2342500,0.0,0.0
2020-08-20,35.20000076293945,35.40999984741211,34.540000915527344,34.650001525878906,29.35944938659668,1621100,0.0,0.0
2020-08-21,34.70000076293945,34.95000076293945,34.5099983215332,34.529998779296875,29.257766723632812,1767100,0.0,0.0
2020-08-24,34.68000030517578,34.83000183105469,34.02000045776367,34.70000076293945,29.401811599731445,1390800,0.0,0.0
2020-08-25,34.93000030517578,35.02000045776367,34.2599983215332,34.560001373291016,29.28319549560547,1176000,0.0,0.0
2020-08-26,34.349998474121094,34.349998474121094,33.56999969482422,33.939998626708984,28.757854461669922,1405600,0.0,0.0
2020-08-27,33.95000076293945,34.25,33.5099983215332,33.72999954223633,28.579914093017578,2530700,0.0,0.0
2020-08-28,33.72999954223633,34.33000183105469,33.619998931884766,34.290000915527344,29.05441665649414,1569100,0.0,0.0
2020-08-31,34.33000183105469,34.709999084472656,34.18000030517578,34.40999984741211,29.15610122680664,2085600,0.0,0.0
2020-09-01,34.33000183105469,34.470001220703125,33.84000015258789,34.16999816894531,28.952728271484375,2185400,0.0,0.0
2020-09-02,34.25,35.5099983215332,34.0099983215332,35.40999984741211,30.003400802612305,1431200,0.0,0.0
2020-09-03,35.599998474121094,36.0,33.95000076293945,34.22999954223633,29.003576278686523,3417000,0.0,0.0
2020-09-04,34.33000183105469,34.47999954223633,33.220001220703125,33.380001068115234,28.283357620239258,2125600,0.0,0.0
2020-09-08,33.220001220703125,33.31999969482422,31.889999389648438,31.959999084472656,27.080169677734375,3110900,0.0,0.0
2020-09-09,32.27000045776367,32.880001068115234,32.189998626708984,32.36000061035156,27.419097900390625,2236200,0.0,0.0
2020-09-10,32.25,32.45000076293945,31.299999237060547,31.3799991607666,26.588726043701172,2186000,0.0,0.0
2020-09-11,31.5,31.68000030517578,31.149999618530273,31.610000610351562,26.783611297607422,1788100,0.0,0.0
2020-09-14,31.700000762939453,31.899999618530273,31.3700008392334,31.540000915527344,26.724306106567383,1676000,0.0,0.0
2020-09-15,31.670000076293945,31.799999237060547,30.469999313354492,30.600000381469727,25.927825927734375,2376700,0.0,0.0
2020-09-16,30.600000381469727,31.440000534057617,30.520000457763672,30.920000076293945,26.198963165283203,1841500,0.0,0.0
2020-09-17,30.559999465942383,30.559999465942383,29.93000030517578,30.540000915527344,25.876985549926758,2359000,0.0,0.0
2020-09-18,30.40999984741211,30.56999969482422,29.829999923706055,29.93000030517578,25.360124588012695,3561800,0.0,0.0
2020-09-21,29.469999313354492,29.600000381469727,28.75,29.149999618530273,24.699220657348633,2592100,0.0,0.0
2020-09-22,29.209999084472656,29.5,28.6200008392334,28.84000015258789,24.43655014038086,2220900,0.0,0.0
2020-09-23,28.969999313354492,29.219999313354492,28.5,28.520000457763672,24.1654109954834,1885100,0.0,0.0
2020-09-24,28.489999771118164,29.110000610351562,28.219999313354492,29.030000686645508,24.597545623779297,2441900,0.0,0.0
2020-09-25,28.829999923706055,29.6200008392334,28.739999771118164,29.520000457763672,25.012731552124023,1659100,0.0,0.0
2020-09-28,29.850000381469727,30.09000015258789,29.479999542236328,29.520000457763672,25.012731552124023,2087700,0.0,0.0
2020-09-29,29.760000228881836,30.06999969482422,29.43000030517578,29.700000762939453,25.16524314880371,2255500,0.0,0.0
2020-09-30,29.950000762939453,30.920000076293945,29.809999465942383,30.739999771118164,26.04644775390625,3045700,0.0,0.0
2020-10-01,30.790000915527344,30.93000030517578,30.239999771118164,30.6299991607666,25.953243255615234,2224900,0.0,0.0
2020-10-02,30.25,31.170000076293945,29.950000762939453,31.059999465942383,26.317584991455078,1826800,0.0,0.0
2020-10-05,31.149999618530273,31.59000015258789,30.8799991607666,31.270000457763672,26.495521545410156,2018200,0.0,0.0
2020-10-06,31.309999465942383,31.549999237060547,30.899999618530273,31.100000381469727,26.351482391357422,1408200,0.0,0.0
2020-10-07,31.1299991607666,31.530000686645508,31.040000915527344,31.389999389648438,26.597200393676758,1945000,0.0,0.0
2020-10-08,31.479999542236328,32.40999984741211,31.440000534057617,32.349998474121094,27.410625457763672,1828800,0.0,0.0
2020-10-09,32.529998779296875,32.66999816894531,32.060001373291016,32.27000045776367,27.34284210205078,2999600,0.0,0.0
2020-10-12,32.349998474121094,33.02000045776367,32.040000915527344,32.7599983215332,27.758026123046875,2345900,0.0,0.0
2020-10-13,32.70000076293945,33.36000061035156,32.52000045776367,33.209999084472656,28.139314651489258,2817200,0.0,0.0
2020-10-14,33.2599983215332,34.06999969482422,33.18000030517578,33.709999084472656,28.562973022460938,2568300,0.0,0.0
2020-10-15,33.20000076293945,34.400001525878906,33.099998474121094,34.040000915527344,28.84258270263672,1921300,0.0,0.0
2020-10-16,34.06999969482422,34.220001220703125,33.66999816894531,33.689998626708984,28.5460262298584,2199400,0.0,0.0
2020-10-19,33.84000015258789,34.13999938964844,33.290000915527344,33.400001525878906,28.300304412841797,1822600,0.0,0.0
2020-10-20,33.56999969482422,33.720001220703125,33.060001373291016,33.18000030517578,28.113889694213867,1931500,0.0,0.0
2020-10-21,33.040000915527344,33.11000061035156,32.47999954223633,32.529998779296875,27.563138961791992,2015400,0.0,0.0
2020-10-22,32.529998779296875,33.31999969482422,32.09000015258789,33.18000030517578,28.113889694213867,1667000,0.0,0.0
2020-10-23,33.400001525878906,33.7599983215332,33.15999984741211,33.66999816894531,28.529081344604492,1343500,0.0,0.0
2020-10-26,33.33000183105469,33.95000076293945,33.16999816894531,33.779998779296875,28.622276306152344,1643800,0.0,0.0
2020-10-27,33.83000183105469,33.97999954223633,33.040000915527344,33.040000915527344,27.99526596069336,2305000,0.0,0.0
2020-10-28,32.380001068115234,32.77000045776367,31.09000015258789,31.1299991607666,26.37689781188965,2605700,0.0,0.0
2020-10-29,31.010000228881836,31.739999771118164,30.59000015258789,31.440000534057617,26.639564514160156,2472100,0.0,0.0
2020-10-30,31.079999923706055,31.719999313354492,30.93000030517578,31.6200008392334,27.050201416015625,2947500,0.3,0.0
2020-11-02,32.040000915527344,32.33000183105469,31.639999389648438,32.16999816894531,27.520706176757812,2103100,0.0,0.0
2020-11-03,32.650001525878906,33.31999969482422,32.529998779296875,32.72999954223633,27.999778747558594,2004300,0.0,0.0
2020-11-04,32.93000030517578,32.939998626708984,32.33000183105469,32.709999084472656,27.9826717376709,3138500,0.0,0.0
2020-11-05,32.810001373291016,33.29999923706055,31.93000030517578,32.119998931884766,27.477933883666992,2563900,0.0,0.0
2020-11-06,32.130001068115234,32.349998474121094,31.09000015258789,31.229999542236328,26.71656036376953,2506600,0.0,0.0
2020-11-09,32.91999816894531,33.560001373291016,31.889999389648438,31.920000076293945,27.306840896606445,3362200,0.0,0.0
2020-11-10,32.119998931884766,32.849998474121094,31.989999771118164,32.61000061035156,27.897123336791992,2377300,0.0,0.0
2020-11-11,32.90999984741211,33.040000915527344,32.0099983215332,32.220001220703125,27.563488006591797,2934100,0.0,0.0
2020-11-12,32.08000183105469,32.22999954223633,31.059999465942383,31.190000534057617,26.682344436645508,2119700,0.0,0.0
2020-11-13,31.31999969482422,32.279998779296875,31.309999465942383,32.13999938964844,27.49504852294922,2289000,0.0,0.0
2020-11-16,32.66999816894531,32.91999816894531,32.189998626708984,32.650001525878906,27.931337356567383,2091600,0.0,0.0
2020-11-17,32.5,32.650001525878906,31.850000381469727,31.889999389648438,27.281173706054688,2295500,0.0,0.0
2020-11-18,32.0,32.459999084472656,31.329999923706055,31.34000015258789,26.8106632232666,2508100,0.0,0.0
2020-11-19,31.43000030517578,31.459999084472656,30.579999923706055,30.969999313354492,26.4941349029541,2704900,0.0,0.0
2020-11-20,30.950000762939453,31.0,30.469999313354492,30.540000915527344,26.126283645629883,2729200,0.0,0.0
2020-11-23,30.6200008392334,30.989999771118164,30.59000015258789,30.809999465942383,26.357254028320312,2340800,0.0,0.0
2020-11-24,31.170000076293945,31.81999969482422,30.860000610351562,31.780000686645508,27.18708038330078,2570100,0.0,0.0
2020-11-25,31.729999542236328,32.310001373291016,31.579999923706055,32.25,27.589147567749023,2483700,0.0,0.0
2020-11-27,32.2400016784668,32.619998931884766,32.060001373291016,32.5099983215332,27.811569213867188,1419800,0.0,0.0
2020-11-30,32.65999984741211,33.060001373291016,32.130001068115234,32.75,28.01688575744629,4917300,0.0,0.0
2020-12-01,32.939998626708984,33.7400016784668,32.900001525878906,33.36000061035156,28.538724899291992,4304100,0.0,0.0
2020-12-02,33.290000915527344,33.63999938964844,32.79999923706055,33.599998474121094,28.744041442871094,2151800,0.0,0.0
2020-12-03,33.279998779296875,33.470001220703125,32.849998474121094,33.099998474121094,28.316301345825195,1724200,0.0,0.0
2020-12-04,33.06999969482422,34.540000915527344,33.06999969482422,34.52000045776367,29.531082153320312,2814300,0.0,0.0
2020-12-07,34.52000045776367,34.70000076293945,33.779998779296875,33.880001068115234,28.98357582092285,1555500,0.0,0.0
2020-12-08,33.790000915527344,34.06999969482422,33.63999938964844,34.0099983215332,29.094778060913086,1356600,0.0,0.0
2020-12-09,34.099998474121094,34.459999084472656,33.70000076293945,33.810001373291016,28.923696517944336,1676900,0.0,0.0
2020-12-10,33.56999969482422,33.939998626708984,33.150001525878906,33.90999984741211,29.009233474731445,1847600,0.0,0.0
2020-12-11,33.900001525878906,33.900001525878906,33.130001068115234,33.18000030517578,28.38473892211914,2279600,0.0,0.0
2020-12-14,33.619998931884766,33.84000015258789,32.529998779296875,32.630001068115234,27.91423225402832,2240900,0.0,0.0
2020-12-15,32.93000030517578,33.7400016784668,32.70000076293945,33.56999969482422,28.71837043762207,1653100,0.0,0.0
2020-12-16,33.77000045776367,33.849998474121094,33.27000045776367,33.380001068115234,28.55583953857422,1626900,0.0,0.0
2020-12-17,33.38999938964844,33.63999938964844,33.119998931884766,33.540000915527344,28.69270896911621,2500000,0.0,0.0
2020-12-18,33.790000915527344,34.08000183105469,33.619998931884766,33.790000915527344,28.906583786010742,4427900,0.0,0.0
2020-12-21,33.29999923706055,33.709999084472656,33.09000015258789,33.70000076293945,28.829591751098633,2291900,0.0,0.0
2020-12-22,33.709999084472656,34.54999923706055,33.650001525878906,34.54999923706055,29.55674934387207,1676100,0.0,0.0
2020-12-23,34.779998779296875,35.54999923706055,34.779998779296875,35.33000183105469,30.224016189575195,1803000,0.0,0.0
2020-12-24,35.290000915527344,35.290000915527344,34.65999984741211,35.08000183105469,30.01015281677246,732700,0.0,0.0
2020-12-28,35.40999984741211,35.75,35.13999938964844,35.22999954223633,30.138471603393555,1107100,0.0,0.0
2020-12-29,35.41999816894531,35.66999816894531,35.15999984741211,35.54999923706055,30.41222381591797,1365300,0.0,0.0
2020-12-30,35.630001068115234,36.66999816894531,35.560001373291016,36.36000061035156,31.10515785217285,1764300,0.0,0.0
2020-12-31,36.36000061035156,37.63999938964844,36.36000061035156,37.54999923706055,32.12318420410156,2630000,0.0,0.0
2021-01-04,37.72999954223633,37.77000045776367,36.16999816894531,36.29999923706055,31.0538272857666,2887700,0.0,0.0
2021-01-05,35.900001525878906,37.13999938964844,35.72999954223633,36.810001373291016,31.490129470825195,2240000,0.0,0.0
2021-01-06,37.2599983215332,37.7599983215332,37.029998779296875,37.220001220703125,31.84087562561035,2506600,0.0,0.0
2021-01-07,37.5,37.970001220703125,36.959999084472656,37.400001525878906,31.994861602783203,2715500,0.0,0.0
2021-01-08,37.77000045776367,39.27000045776367,37.70000076293945,39.0099983215332,33.3721809387207,3321200,0.0,0.0
2021-01-11,38.59000015258789,39.83000183105469,38.5,39.720001220703125,33.97957229614258,3490300,0.0,0.0
2021-01-12,39.81999969482422,40.970001220703125,39.61000061035156,40.81999969482422,34.920589447021484,3898500,0.0,0.0
2021-01-13,40.599998474121094,41.72999954223633,40.459999084472656,41.400001525878906,35.41677474975586,2401500,0.0,0.0
2021-01-14,41.369998931884766,41.439998626708984,40.22999954223633,40.2400016784668,34.424407958984375,1837300,0.0,0.0
2021-01-15,40.0,41.189998626708984,39.779998779296875,40.81999969482422,34.920589447021484,2238500,0.0,0.0
2021-01-19,40.95000076293945,41.650001525878906,40.18000030517578,41.22999954223633,35.27134323120117,3636800,0.0,0.0
2021-01-20,41.13999938964844,41.349998474121094,40.470001220703125,40.61000061035156,34.740943908691406,2768500,0.0,0.0
2021-01-21,40.939998626708984,41.150001525878906,40.22999954223633,40.869998931884766,34.96336364746094,2071000,0.0,0.0
2021-01-22,40.66999816894531,41.709999084472656,40.459999084472656,41.529998779296875,35.527976989746094,1501600,0.0,0.0
2021-01-25,41.599998474121094,42.95000076293945,41.2400016784668,41.93000030517578,35.870174407958984,2165100,0.0,0.0
2021-01-26,41.880001068115234,42.18000030517578,40.970001220703125,41.08000183105469,35.14301681518555,1710400,0.0,0.0
2021-01-27,40.58000183105469,40.7400016784668,39.54999923706055,39.79999923706055,34.04799270629883,3206900,0.0,0.0
2021-01-28,39.849998474121094,41.86000061035156,39.58000183105469,41.220001220703125,35.262779235839844,2169700,0.0,0.0
2021-01-29,40.68000030517578,42.54999923706055,40.59000015258789,41.40999984741211,35.706844329833984,3815800,0.325,0.0
2021-02-01,41.66999816894531,42.630001068115234,40.86000061035156,42.22999954223633,36.41391372680664,2361700,0.0,0.0
2021-02-02,42.400001525878906,43.540000915527344,42.2599983215332,42.75,36.8623046875,2677400,0.0,0.0
2021-02-03,42.689998626708984,42.849998474121094,42.04999923706055,42.459999084472656,36.61223602294922,2039800,0.0,0.0
2021-02-04,42.47999954223633,42.7599983215332,40.970001220703125,41.95000076293945,36.17247009277344,3114800,0.0,0.0
2021-02-05,42.20000076293945,42.52000045776367,41.65999984741211,41.84000015258789,36.0776252746582,1984600,0.0,0.0
2021-02-08,42.130001068115234,42.15999984741211,41.59000015258789,42.06999969482422,36.27595138549805,1694300,0.0,0.0
2021-02-09,42.15999984741211,42.7599983215332,42.11000061035156,42.689998626708984,36.810569763183594,924900,0.0,0.0
2021-02-10,42.959999084472656,43.22999954223633,42.400001525878906,43.08000183105469,37.14685821533203,1365600,0.0,0.0
2021-02-11,43.20000076293945,43.25,42.400001525878906,42.880001068115234,36.97439956665039,2032100,0.0,0.0
2021-02-12,42.54999923706055,43.150001525878906,42.38999938964844,43.040000915527344,37.112369537353516,2259900,0.0,0.0
2021-02-16,40.650001525878906,41.400001525878906,39.560001373291016,40.59000015258789,34.99978256225586,6737600,0.0,0.0
2021-02-17,40.75,41.189998626708984,39.13999938964844,39.77000045776367,34.2927131652832,4729000,0.0,0.0
2021-02-18,39.63999938964844,39.79999923706055,37.900001525878906,37.900001525878906,32.68026351928711,4648600,0.0,0.0
2021-02-19,38.65999984741211,40.099998474121094,37.869998931884766,39.58000183105469,34.12888717651367,5459400,0.0,0.0
2021-02-22,39.2400016784668,39.33000183105469,36.68000030517578,36.900001525878906,31.8179874420166,5257700,0.0,0.0
2021-02-23,37.04999923706055,38.59000015258789,36.38999938964844,38.279998779296875,33.0079231262207,4828100,0.0,0.0
2021-02-24,38.40999984741211,39.099998474121094,37.90999984741211,38.41999816894531,33.12863540649414,3443400,0.0,0.0
2021-02-25,38.279998779296875,38.849998474121094,37.31999969482422,37.56999969482422,32.39570617675781,2330500,0.0,0.0
2021-02-26,36.5,36.900001525878906,35.81999969482422,36.5099983215332,31.481700897216797,7710600,0.0,0.0
2021-03-01,41.97999954223633,43.040000915527344,40.33000183105469,40.36000061035156,34.80146408081055,11537800,0.0,0.0
2021-03-02,40.40999984741211,40.630001068115234,38.58000183105469,39.279998779296875,33.87020492553711,4541800,0.0,0.0
2021-03-03,39.25,39.380001068115234,37.83000183105469,38.709999084472656,33.37871170043945,3713500,0.0,0.0
2021-03-04,38.720001220703125,39.560001373291016,37.90999984741211,38.75,33.4131965637207,3487400,0.0,0.0
2021-03-05,39.029998779296875,40.06999969482422,38.5099983215332,39.849998474121094,34.361698150634766,3409300,0.0,0.0
2021-03-08,39.970001220703125,42.220001220703125,39.79999923706055,41.630001068115234,35.89654541015625,3222800,0.0,0.0
2021-03-09,42.29999923706055,43.099998474121094,41.66999816894531,42.83000183105469,36.93128967285156,3652800,0.0,0.0
2021-03-10,42.77000045776367,42.959999084472656,40.41999816894531,40.7400016784668,35.129127502441406,4520000,0.0,0.0
2021-03-11,41.060001373291016,43.47999954223633,40.88999938964844,42.540000915527344,36.68122100830078,3850000,0.0,0.0
2021-03-12,42.59000015258789,42.81999969482422,41.279998779296875,41.5,35.784461975097656,3166600,0.0,0.0
2021-03-15,41.72999954223633,44.08000183105469,41.529998779296875,43.93000030517578,37.87977981567383,4394600,0.0,0.0
2021-03-16,43.720001220703125,43.849998474121094,42.869998931884766,43.439998626708984,37.4572639465332,2400400,0.0,0.0
2021-03-17,38.150001525878906,38.61000061035156,36.02000045776367,36.18000030517578,31.197145462036133,17004800,0.0,0.0
2021-03-18,36.25,37.40999984741211,35.75,36.400001525878906,31.38685417175293,8475400,0.0,0.0
2021-03-19,36.79999923706055,37.470001220703125,36.33000183105469,37.040000915527344,31.938711166381836,11378100,0.0,0.0
2021-03-22,36.869998931884766,36.93000030517578,35.689998626708984,35.779998779296875,30.852235794067383,6012800,0.0,0.0
2021-03-23,35.70000076293945,35.86000061035156,34.959999084472656,35.81999969482422,30.886728286743164,3832800,0.0,0.0
2021-03-24,35.83000183105469,36.900001525878906,35.81999969482422,35.93000030517578,30.981576919555664,3874800,0.0,0.0
2021-03-25,35.900001525878906,36.869998931884766,35.43000030517578,36.77000045776367,31.70589256286621,2747800,0.0,0.0
2021-03-26,37.04999923706055,37.45000076293945,36.56999969482422,37.400001525878906,32.249122619628906,2107100,0.0,0.0
2021-03-29,37.08000183105469,38.099998474121094,36.900001525878906,37.84000015258789,32.6285285949707,2362400,0.0,0.0
2021-03-30,37.540000915527344,38.029998779296875,36.7599983215332,37.09000015258789,31.981815338134766,3770100,0.0,0.0
2021-03-31,37.33000183105469,37.849998474121094,37.029998779296875,37.72999954223633,32.533668518066406,3391700,0.0,0.0
2021-04-01,37.720001220703125,37.7599983215332,37.0099983215332,37.459999084472656,32.30086135864258,2548500,0.0,0.0
2021-04-05,37.79999923706055,38.18000030517578,37.5,37.52000045776367,32.35259246826172,2056800,0.0,0.0
2021-04-06,37.77000045776367,38.52000045776367,37.47999954223633,38.38999938964844,33.102779388427734,2299700,0.0,0.0
2021-04-07,38.290000915527344,38.72999954223633,37.88999938964844,38.150001525878906,32.89583969116211,2215700,0.0,0.0
2021-04-08,38.209999084472656,39.0,37.849998474121094,38.349998474121094,33.06829071044922,3671100,0.0,0.0
2021-04-09,38.25,38.97999954223633,38.220001220703125,38.72999954223633,33.395957946777344,1720800,0.0,0.0
2021-04-12,38.779998779296875,39.130001068115234,38.52000045776367,38.56999969482422,33.25799560546875,1948000,0.0,0.0
2021-04-13,38.43000030517578,38.869998931884766,38.22999954223633,38.68000030517578,33.352848052978516,2614200,0.0,0.0
2021-04-14,38.58000183105469,38.959999084472656,38.189998626708984,38.279998779296875,33.0079231262207,1557500,0.0,0.0
2021-04-15,38.209999084472656,38.650001525878906,37.7400016784668,38.43000030517578,33.13727569580078,2812100,0.0,0.0
2021-04-16,38.75,39.02000045776367,38.27000045776367,38.68000030517578,33.352848052978516,2156000,0.0,0.0
2021-04-19,38.93000030517578,38.93000030517578,37.939998626708984,38.369998931884766,33.08552551269531,2270100,0.0,0.0
2021-04-20,38.290000915527344,38.34000015258789,37.72999954223633,37.849998474121094,32.637149810791016,1887800,0.0,0.0
2021-04-21,37.560001373291016,37.93000030517578,37.2400016784668,37.790000915527344,32.58541488647461,1271600,0.0,0.0
2021-04-22,38.0,38.0,37.04999923706055,37.04999923706055,31.947328567504883,2930700,0.0,0.0
2021-04-23,37.08000183105469,37.310001373291016,36.689998626708984,37.119998931884766,32.00769805908203,1914200,0.0,0.0
2021-04-26,37.13999938964844,37.400001525878906,36.689998626708984,37.2599983215332,32.12841033935547,2121500,0.0,0.0
2021-04-27,37.11000061035156,37.11000061035156,36.060001373291016,36.18000030517578,31.197145462036133,2256500,0.0,0.0
2021-04-28,36.220001220703125,36.459999084472656,35.849998474121094,36.209999084472656,31.2230167388916,2472300,0.0,0.0
2021-04-29,36.189998626708984,36.5099983215332,36.060001373291016,36.33000183105469,31.326492309570312,1826100,0.0,0.0
2021-04-30,36.0,36.0,35.41999816894531,35.81999969482422,31.16552734375,2659300,0.325,0.0
2021-05-03,35.90999984741211,36.279998779296875,35.5099983215332,35.540000915527344,30.921911239624023,2260200,0.0,0.0
2021-05-04,35.41999816894531,35.5,34.79999923706055,35.150001525878906,30.582595825195312,3627600,0.0,0.0
2021-05-05,35.06999969482422,35.13999938964844,34.5,34.939998626708984,30.399879455566406,3665100,0.0,0.0
2021-05-06,34.65999984741211,35.22999954223633,33.9900016784668,34.7599983215332,30.243267059326172,3413100,0.0,0.0
2021-05-07,34.75,35.27000045776367,33.900001525878906,34.7599983215332,30.243267059326172,3888300,0.0,0.0
2021-05-10,34.689998626708984,36.2400016784668,34.650001525878906,35.459999084472656,30.85230255126953,3775500,0.0,0.0
2021-05-11,35.02000045776367,35.13999938964844,34.2400016784668,34.689998626708984,30.18236541748047,3389300,0.0,0.0
2021-05-12,34.56999969482422,34.66999816894531,33.52000045776367,33.630001068115234,29.260099411010742,4275500,0.0,0.0
2021-05-13,33.939998626708984,34.02000045776367,33.36000061035156,33.66999816894531,29.294902801513672,2957300,0.0,0.0
2021-05-14,33.88999938964844,34.380001068115234,33.849998474121094,34.33000183105469,29.869140625,2111100,0.0,0.0
2021-05-17,34.29999923706055,35.029998779296875,33.91999816894531,34.16999816894531,29.72992515563965,3427700,0.0,0.0
2021-05-18,34.099998474121094,34.380001068115234,34.0,34.22999954223633,29.78213882446289,2551400,0.0,0.0
2021-05-19,34.0,34.529998779296875,33.77000045776367,34.34000015258789,29.877840042114258,3668400,0.0,0.0
2021-05-20,34.279998779296875,34.61000061035156,34.029998779296875,34.040000915527344,29.6168270111084,2719300,0.0,0.0
2021-05-21,34.130001068115234,34.2599983215332,33.61000061035156,33.81999969482422,29.4254093170166,2528400,0.0,0.0
2021-05-24,34.02000045776367,34.130001068115234,33.5099983215332,33.7599983215332,29.373199462890625,2101000,0.0,0.0
2021-05-25,33.79999923706055,33.88999938964844,32.720001220703125,32.75,28.494449615478516,2442100,0.0,0.0
2021-05-26,32.70000076293945,33.09000015258789,32.470001220703125,32.84000015258789,28.572751998901367,2939100,0.0,0.0
2021-05-27,33.029998779296875,33.29999923706055,32.18000030517578,32.34000015258789,28.137720108032227,5624100,0.0,0.0
2021-05-28,32.5,32.720001220703125,31.940000534057617,32.150001525878906,27.972412109375,3925400,0.0,0.0
2021-06-01,32.45000076293945,32.70000076293945,32.119998931884766,32.27000045776367,28.07682228088379,3789600,0.0,0.0
2021-06-02,32.290000915527344,33.13999938964844,32.18000030517578,33.02000045776367,28.729358673095703,3375200,0.0,0.0
2021-06-03,32.459999084472656,34.5,32.08000183105469,34.290000915527344,29.83433723449707,4478700,0.0,0.0
2021-06-04,34.22999954223633,34.43000030517578,33.630001068115234,33.900001525878906,29.495018005371094,3124900,0.0,0.0
2021-06-07,33.95000076293945,34.59000015258789,33.95000076293945,34.5099983215332,30.0257568359375,2246200,0.0,0.0
2021-06-08,34.689998626708984,36.150001525878906,34.61000061035156,36.04999923706055,31.365636825561523,4390000,0.0,0.0
2021-06-09,36.029998779296875,36.91999816894531,35.81999969482422,36.66999816894531,31.905075073242188,3398400,0.0,0.0
2021-06-10,36.720001220703125,36.72999954223633,35.599998474121094,36.43000030517578,31.696266174316406,2153200,0.0,0.0
2021-06-11,36.40999984741211,37.349998474121094,36.22999954223633,37.29999923706055,32.45322036743164,2134700,0.0,0.0
2021-06-14,37.40999984741211,37.56999969482422,36.70000076293945,37.08000183105469,32.261802673339844,2603100,0.0,0.0
2021-06-15,37.04999923706055,37.77000045776367,36.75,37.5099983215332,32.63593292236328,2390600,0.0,0.0
2021-06-16,37.68000030517578,37.7400016784668,36.59000015258789,36.91999816894531,32.12259292602539,3094700,0.0,0.0
2021-06-17,37.06999969482422,38.529998779296875,36.90999984741211,38.38999938964844,33.401580810546875,3889400,0.0,0.0
2021-06-18,37.939998626708984,38.18000030517578,36.779998779296875,36.790000915527344,32.00948715209961,5737700,0.0,0.0
2021-06-21,37.099998474121094,37.959999084472656,36.72999954223633,37.90999984741211,32.98395538330078,2368400,0.0,0.0
2021-06-22,37.93000030517578,38.04999923706055,37.31999969482422,37.33000183105469,32.479312896728516,1967600,0.0,0.0
2021-06-23,37.209999084472656,37.220001220703125,36.689998626708984,36.810001373291016,32.026893615722656,2598400,0.0,0.0
2021-06-24,36.939998626708984,37.66999816894531,36.529998779296875,37.529998779296875,32.65333557128906,2169000,0.0,0.0
2021-06-25,37.529998779296875,38.529998779296875,37.38999938964844,38.4900016784668,33.48859405517578,3800300,0.0,0.0
2021-06-28,39.95000076293945,40.97999954223633,39.220001220703125,40.84000015258789,35.533226013183594,7288900,0.0,0.0
2021-06-29,40.84000015258789,41.130001068115234,39.720001220703125,39.75,34.5848503112793,3858700,0.0,0.0
2021-06-30,39.90999984741211,40.58000183105469,39.43000030517578,40.29999923706055,35.06340408325195,4691800,0.0,0.0
2021-07-01,40.09000015258789,40.779998779296875,39.72999954223633,40.52000045776367,35.254825592041016,3329500,0.0,0.0
2021-07-02,40.790000915527344,42.11000061035156,40.41999816894531,41.40999984741211,36.02915573120117,3056600,0.0,0.0
2021-07-06,41.09000015258789,41.20000076293945,40.279998779296875,40.9900016784668,35.66373825073242,2939900,0.0,0.0
2021-07-07,41.13999938964844,41.59000015258789,40.869998931884766,41.40999984741211,36.02915573120117,2595300,0.0,0.0
2021-07-08,40.7599983215332,41.25,40.369998931884766,41.11000061035156,35.76814270019531,2799100,0.0,0.0
2021-07-09,41.5,42.06999969482422,41.310001373291016,41.970001220703125,36.516387939453125,2785300,0.0,0.0
2021-07-12,41.93000030517578,42.08000183105469,41.08000183105469,41.290000915527344,35.924766540527344,3227200,0.0,0.0
2021-07-13,41.20000076293945,41.33000183105469,40.41999816894531,40.619998931884766,35.34181213378906,2959000,0.0,0.0
2021-07-14,40.68000030517578,41.209999084472656,40.459999084472656,40.61000061035156,35.33311462402344,1748600,0.0,0.0
2021-07-15,40.439998626708984,40.599998474121094,40.040000915527344,40.2400016784668,35.01118850708008,1735500,0.0,0.0
2021-07-16,40.38999938964844,40.959999084472656,40.130001068115234,40.540000915527344,35.272212982177734,1770600,0.0,0.0
2021-07-19,40.0,40.02000045776367,38.47999954223633,39.02000045776367,33.9497184753418,3538700,0.0,0.0
2021-07-20,39.02000045776367,39.66999816894531,38.93000030517578,39.45000076293945,34.32384490966797,2555300,0.0,0.0
2021-07-21,39.7400016784668,40.38999938964844,39.709999084472656,40.130001068115234,34.91547775268555,2646500,0.0,0.0
2021-07-22,40.31999969482422,40.70000076293945,39.810001373291016,40.63999938964844,35.35921096801758,2043400,0.0,0.0
2021-07-23,40.650001525878906,41.060001373291016,40.529998779296875,41.0,35.67243957519531,1267100,0.0,0.0
2021-07-26,41.029998779296875,41.400001525878906,40.33000183105469,40.709999084472656,35.42013168334961,1552300,0.0,0.0
2021-07-27,40.43000030517578,41.15999984741211,39.779998779296875,41.150001525878906,35.802947998046875,1764300,0.0,0.0
2021-07-28,41.290000915527344,41.790000915527344,41.130001068115234,41.709999084472656,36.2901725769043,2346500,0.0,0.0
2021-07-29,41.77000045776367,42.040000915527344,41.22999954223633,41.72999954223633,36.30758285522461,2058200,0.0,0.0
2021-07-30,41.15999984741211,41.7400016784668,41.11000061035156,41.2400016784668,36.16289138793945,1790000,0.325,0.0
2021-08-02,41.41999816894531,41.43000030517578,40.849998474121094,41.099998474121094,36.040130615234375,2027700,0.0,0.0
2021-08-03,41.130001068115234,41.81999969482422,41.040000915527344,41.63999938964844,36.513648986816406,1787200,0.0,0.0
2021-08-04,41.310001373291016,41.88999938964844,40.810001373291016,41.7400016784668,36.60133743286133,2134500,0.0,0.0
2021-08-05,42.09000015258789,43.290000915527344,41.36000061035156,41.970001220703125,36.80302047729492,2869000,0.0,0.0
2021-08-06,42.2599983215332,44.439998626708984,42.09000015258789,43.88999938964844,38.48665237426758,3919000,0.0,0.0
2021-08-09,43.95000076293945,44.380001068115234,43.58000183105469,43.88999938964844,38.48665237426758,3500800,0.0,0.0
2021-08-10,44.02000045776367,44.099998474121094,43.119998931884766,43.150001525878906,37.83775329589844,1627000,0.0,0.0
2021-08-11,43.25,43.400001525878906,42.93000030517578,43.18000030517578,37.86406707763672,1917300,0.0,0.0
2021-08-12,43.20000076293945,43.33000183105469,42.38999938964844,43.060001373291016,37.75883865356445,1649600,0.0,0.0
2021-08-13,43.099998474121094,43.720001220703125,42.70000076293945,43.650001525878906,38.27619171142578,1531300,0.0,0.0
2021-08-16,43.38999938964844,43.880001068115234,42.9900016784668,43.08000183105469,37.7763671875,2063300,0.0,0.0
2021-08-17,42.880001068115234,43.27000045776367,42.189998626708984,43.2599983215332,37.934207916259766,2241100,0.0,0.0
2021-08-18,43.2400016784668,43.47999954223633,42.709999084472656,43.029998779296875,37.73252868652344,1512200,0.0,0.0
2021-08-19,43.02000045776367,43.33000183105469,42.529998779296875,42.66999816894531,37.416847229003906,1470300,0.0,0.0
2021-08-20,42.540000915527344,43.63999938964844,42.439998626708984,43.40999984741211,38.06574630737305,1560400,0.0,0.0
2021-08-23,43.560001373291016,43.970001220703125,43.40999984741211,43.7599983215332,38.37264633178711,1952300,0.0,0.0
2021-08-24,43.95000076293945,44.11000061035156,43.369998931884766,43.95000076293945,38.53925704956055,2992600,0.0,0.0
2021-08-25,44.0,45.72999954223633,43.75,45.599998474121094,39.986122131347656,2893000,0.0,0.0
2021-08-26,45.43000030517578,46.099998474121094,45.02000045776367,45.15999984741211,39.60029983520508,1691600,0.0,0.0
2021-08-27,45.189998626708984,45.36000061035156,44.81999969482422,45.06999969482422,39.52138137817383,1460000,0.0,0.0
2021-08-30,45.220001220703125,45.2599983215332,44.70000076293945,44.7599983215332,39.249542236328125,1266800,0.0,0.0
2021-08-31,44.79999923706055,45.79999923706055,44.61000061035156,45.66999816894531,40.04751205444336,2311500,0.0,0.0
2021-09-01,45.77000045776367,45.84000015258789,45.18000030517578,45.38999938964844,39.80198287963867,2481900,0.0,0.0
2021-09-02,45.529998779296875,45.68000030517578,45.2400016784668,45.66999816894531,40.04751205444336,1236500,0.0,0.0
2021-09-03,45.31999969482422,45.720001220703125,45.08000183105469,45.43000030517578,39.83705520629883,1318500,0.0,0.0
2021-09-07,45.31999969482422,45.5099983215332,44.810001373291016,44.869998931884766,39.34599304199219,1676600,0.0,0.0
2021-09-08,44.77000045776367,45.54999923706055,44.70000076293945,45.310001373291016,39.7318229675293,1091500,0.0,0.0
2021-09-09,45.2400016784668,45.380001068115234,44.65999984741211,44.72999954223633,39.22323226928711,980200,0.0,0.0
2021-09-10,44.88999938964844,44.88999938964844,43.33000183105469,43.470001220703125,38.11835861206055,1935500,0.0,0.0
2021-09-13,43.88999938964844,44.31999969482422,43.470001220703125,44.09000015258789,38.662025451660156,1512000,0.0,0.0
2021-09-14,44.349998474121094,44.540000915527344,43.75,43.88999938964844,38.48665237426758,1602800,0.0,0.0
2021-09-15,43.79999923706055,44.5099983215332,43.65999984741211,44.029998779296875,38.60941696166992,1621500,0.0,0.0
2021-09-16,44.029998779296875,44.09000015258789,42.959999084472656,43.0,37.70621871948242,2178700,0.0,0.0
2021-09-17,42.7599983215332,42.86000061035156,41.869998931884766,42.08000183105469,36.89947509765625,4344100,0.0,0.0
2021-09-20,41.45000076293945,41.93000030517578,40.52000045776367,41.15999984741211,36.092735290527344,2428300,0.0,0.0
2021-09-21,41.400001525878906,42.060001373291016,41.36000061035156,41.83000183105469,36.680259704589844,1464100,0.0,0.0
2021-09-22,42.099998474121094,42.599998474121094,41.970001220703125,42.18000030517578,36.98716354370117,1298600,0.0,0.0
2021-09-23,42.43000030517578,43.0099983215332,42.2400016784668,42.720001220703125,37.4606819152832,1376600,0.0,0.0
2021-09-24,42.52000045776367,43.25,42.52000045776367,42.959999084472656,37.671146392822266,1133000,0.0,0.0
2021-09-27,42.97999954223633,43.599998474121094,42.279998779296875,42.29999923706055,37.0923957824707,1572100,0.0,0.0
2021-09-28,42.2599983215332,42.47999954223633,41.349998474121094,41.38999938964844,36.2944221496582,1437700,0.0,0.0
2021-09-29,41.45000076293945,42.040000915527344,41.22999954223633,41.47999954223633,36.373348236083984,2444900,0.0,0.0
2021-09-30,41.7599983215332,41.7599983215332,40.81999969482422,40.83000183105469,35.803375244140625,1815000,0.0,0.0
2021-10-01,41.09000015258789,41.09000015258789,39.84000015258789,40.65999984741211,35.654293060302734,2327700,0.0,0.0
2021-10-04,40.63999938964844,41.11000061035156,39.90999984741211,40.33000183105469,35.364933013916016,2336300,0.0,0.0
2021-10-05,40.47999954223633,41.290000915527344,40.47999954223633,40.900001525878906,35.86475372314453,2448200,0.0,0.0
2021-10-06,40.630001068115234,40.959999084472656,40.04999923706055,40.939998626708984,35.89983367919922,1429000,0.0,0.0
2021-10-07,41.15999984741211,42.0,41.11000061035156,41.2599983215332,36.18042755126953,1825500,0.0,0.0
2021-10-08,41.380001068115234,41.77000045776367,41.25,41.38999938964844,36.2944221496582,1556100,0.0,0.0
2021-10-11,41.369998931884766,41.810001373291016,40.869998931884766,40.880001068115234,35.84722137451172,1269700,0.0,0.0
2021-10-12,40.97999954223633,41.36000061035156,40.630001068115234,40.959999084472656,35.91736602783203,1832700,0.0,0.0
2021-10-13,41.2400016784668,42.310001373291016,41.150001525878906,41.959999084472656,36.794254302978516,2024500,0.0,0.0
2021-10-14,42.27000045776367,42.400001525878906,41.47999954223633,41.58000183105469,36.46103286743164,1662500,0.0,0.0
2021-10-15,41.7400016784668,42.130001068115234,41.09000015258789,41.220001220703125,36.145355224609375,1441400,0.0,0.0
2021-10-18,40.95000076293945,41.11000061035156,40.560001373291016,40.79999923706055,35.77706527709961,2453400,0.0,0.0
2021-10-19,41.0,41.060001373291016,40.43000030517578,40.630001068115234,35.627994537353516,1967200,0.0,0.0
2021-10-20,41.040000915527344,41.810001373291016,40.75,41.41999816894531,36.320735931396484,1871200,0.0,0.0
2021-10-21,41.220001220703125,41.529998779296875,40.880001068115234,41.0,35.95243453979492,1787800,0.0,0.0
2021-10-22,41.119998931884766,41.5099983215332,40.720001220703125,41.22999954223633,36.15412521362305,1284600,0.0,0.0
2021-10-25,41.529998779296875,41.970001220703125,41.2599983215332,41.52000045776367,36.40841293334961,1297000,0.0,0.0
2021-10-26,41.529998779296875,41.529998779296875,40.93000030517578,40.9900016784668,35.94367218017578,1313500,0.0,0.0
2021-10-27,41.25,41.54999923706055,40.560001373291016,40.58000183105469,35.58414840698242,1643200,0.0,0.0
2021-10-28,40.43000030517578,41.40999984741211,40.290000915527344,40.86000061035156,35.829673767089844,2719400,0.0,0.0
2021-10-29,40.5099983215332,40.59000015258789,39.65999984741211,39.88999938964844,35.25954818725586,1863300,0.325,0.0
2021-11-01,39.900001525878906,40.900001525878906,39.779998779296875,40.459999084472656,35.76339340209961,4888000,0.0,0.0
2021-11-02,40.529998779296875,40.709999084472656,38.9900016784668,39.540000915527344,34.9501838684082,3133800,0.0,0.0
2021-11-03,39.380001068115234,40.13999938964844,39.310001373291016,40.0,35.356773376464844,3213700,0.0,0.0
2021-11-04,36.5,37.459999084472656,34.790000915527344,35.560001373291016,31.432174682617188,8236000,0.0,0.0
2021-11-05,35.790000915527344,36.619998931884766,35.599998474121094,36.279998779296875,32.068603515625,3383400,0.0,0.0
2021-11-08,36.22999954223633,36.279998779296875,35.029998779296875,35.630001068115234,31.494050979614258,3397100,0.0,0.0
2021-11-09,35.810001373291016,36.150001525878906,34.7400016784668,34.88999938964844,30.839948654174805,3255300,0.0,0.0
2021-11-10,34.79999923706055,35.40999984741211,34.709999084472656,34.970001220703125,30.91067123413086,1716700,0.0,0.0
2021-11-11,34.939998626708984,35.40999984741211,34.70000076293945,35.11000061035156,31.03441047668457,2299600,0.0,0.0
2021-11-12,35.130001068115234,35.810001373291016,35.02000045776367,35.70000076293945,31.555925369262695,2474200,0.0,0.0
2021-11-15,36.060001373291016,36.75,35.880001068115234,36.68000030517578,32.42216491699219,2294900,0.0,0.0
2021-11-16,36.84000015258789,36.95000076293945,36.529998779296875,36.619998931884766,32.3691291809082,2110100,0.0,0.0
2021-11-17,36.439998626708984,36.83000183105469,36.189998626708984,36.439998626708984,32.21002960205078,1665600,0.0,0.0
2021-11-18,36.439998626708984,36.63999938964844,35.290000915527344,36.04999923706055,31.865293502807617,2011700,0.0,0.0
2021-11-19,35.970001220703125,36.59000015258789,35.7599983215332,36.290000915527344,32.07743453979492,1618400,0.0,0.0
2021-11-22,36.33000183105469,36.86000061035156,35.83000183105469,36.540000915527344,32.298423767089844,1938800,0.0,0.0
2021-11-23,36.720001220703125,37.06999969482422,36.439998626708984,36.869998931884766,32.59011459350586,2487000,0.0,0.0
2021-11-24,37.0099983215332,37.61000061035156,36.900001525878906,37.2599983215332,32.934837341308594,2837600,0.0,0.0
2021-11-26,36.27000045776367,36.709999084472656,35.79999923706055,36.25,32.042083740234375,1069800,0.0,0.0
2021-11-29,36.77000045776367,36.939998626708984,36.25,36.630001068115234,32.37797927856445,1576700,0.0,0.0
2021-11-30,36.25,36.41999816894531,35.66999816894531,36.02000045776367,31.83878517150879,4286400,0.0,0.0
2021-12-01,36.439998626708984,37.060001373291016,35.599998474121094,35.599998474121094,31.467527389526367,2549300,0.0,0.0
2021-12-02,35.790000915527344,36.900001525878906,35.689998626708984,36.54999923706055,32.30725860595703,2269300,0.0,0.0
2021-12-03,36.959999084472656,37.060001373291016,36.16999816894531,36.560001373291016,32.31609344482422,1996500,0.0,0.0
2021-12-06,36.95000076293945,38.369998931884766,36.72999954223633,38.09000015258789,33.66849136352539,2812100,0.0,0.0
2021-12-07,38.220001220703125,39.18000030517578,38.09000015258789,38.86000061035156,34.3491096496582,2401900,0.0,0.0
2021-12-08,39.09000015258789,39.5099983215332,38.779998779296875,38.810001373291016,34.3049201965332,2094900,0.0,0.0
2021-12-09,38.63999938964844,39.119998931884766,38.45000076293945,38.470001220703125,34.00437927246094,1620500,0.0,0.0
2021-12-10,39.0099983215332,39.220001220703125,38.68000030517578,38.86000061035156,34.3491096496582,1587800,0.0,0.0
2021-12-13,38.75,40.439998626708984,38.75,39.970001220703125,35.330265045166016,3741600,0.0,0.0
2021-12-14,39.970001220703125,40.529998779296875,39.630001068115234,39.93000030517578,35.29490661621094,2728900,0.0,0.0
2021-12-15,39.83000183105469,40.33000183105469,38.959999084472656,40.060001373291016,35.409812927246094,2621600,0.0,0.0
2021-12-16,40.25,40.7400016784668,39.68000030517578,39.849998474121094,35.224185943603516,2303000,0.0,0.0
2021-12-17,39.90999984741211,40.7400016784668,39.0,40.4900016784668,35.78990173339844,8279700,0.0,0.0
2021-12-20,39.95000076293945,40.349998474121094,39.130001068115234,40.31999969482422,35.6396369934082,2391800,0.0,0.0
2021-12-21,40.599998474121094,41.88999938964844,40.599998474121094,41.52000045776367,36.7003288269043,3055300,0.0,0.0
2021-12-22,41.400001525878906,42.13999938964844,41.400001525878906,42.06999969482422,37.186492919921875,1593000,0.0,0.0
2021-12-23,42.11000061035156,42.90999984741211,42.060001373291016,42.20000076293945,37.301395416259766,1463700,0.0,0.0
2021-12-27,42.09000015258789,42.56999969482422,41.849998474121094,42.369998931884766,37.4516716003418,1454200,0.0,0.0
2021-12-28,42.34000015258789,42.9900016784668,42.34000015258789,42.68000030517578,37.725685119628906,1081800,0.0,0.0
2021-12-29,42.849998474121094,42.970001220703125,42.619998931884766,42.88999938964844,37.91130447387695,853000,0.0,0.0
2021-12-30,43.0,43.29999923706055,42.75,42.90999984741211,37.928977966308594,954400,0.0,0.0
2021-12-31,42.790000915527344,43.22999954223633,42.70000076293945,43.08000183105469,38.07925033569336,944500,0.0,0.0
2022-01-03,43.220001220703125,43.36000061035156,41.939998626708984,42.959999084472656,37.97318649291992,2216800,0.0,0.0
2022-01-04,43.0099983215332,43.29999923706055,42.45000076293945,42.619998931884766,37.67264938354492,2186000,0.0,0.0
2022-01-05,41.970001220703125,42.209999084472656,41.189998626708984,41.41999816894531,36.61194610595703,3454700,0.0,0.0
2022-01-06,41.40999984741211,41.52000045776367,40.54999923706055,40.63999938964844,35.9224967956543,1855100,0.0,0.0
2022-01-07,40.66999816894531,40.86000061035156,40.220001220703125,40.560001373291016,35.85176467895508,1934600,0.0,0.0
2022-01-10,40.459999084472656,40.709999084472656,40.08000183105469,40.380001068115234,35.69267654418945,2241000,0.0,0.0
2022-01-11,40.380001068115234,41.119998931884766,40.380001068115234,40.880001068115234,36.13463592529297,2331100,0.0,0.0
2022-01-12,40.81999969482422,41.4900016784668,40.81999969482422,41.33000183105469,36.53239440917969,1908700,0.0,0.0
2022-01-13,41.470001220703125,41.70000076293945,40.79999923706055,40.900001525878906,36.15230941772461,1644900,0.0,0.0
2022-01-14,40.72999954223633,40.900001525878906,39.93000030517578,40.88999938964844,36.143470764160156,1848100,0.0,0.0
2022-01-18,40.529998779296875,40.7599983215332,40.150001525878906,40.2599983215332,35.58659362792969,2181800,0.0,0.0
2022-01-19,40.36000061035156,40.560001373291016,39.810001373291016,39.869998931884766,35.24186706542969,2263400,0.0,0.0
2022-01-20,39.91999816894531,40.08000183105469,38.459999084472656,38.529998779296875,34.05741500854492,3520600,0.0,0.0
2022-01-21,38.58000183105469,39.29999923706055,37.91999816894531,39.189998626708984,34.640804290771484,3309000,0.0,0.0
2022-01-24,38.650001525878906,39.880001068115234,38.400001525878906,39.81999969482422,35.19767379760742,2478600,0.0,0.0
2022-01-25,39.290000915527344,40.09000015258789,38.77000045776367,39.709999084472656,35.100440979003906,2454900,0.0,0.0
2022-01-26,40.209999084472656,40.310001373291016,39.33000183105469,39.72999954223633,35.11812210083008,2667700,0.0,0.0
2022-01-27,40.29999923706055,40.380001068115234,38.83000183105469,38.959999084472656,34.43750762939453,3101600,0.0,0.0
2022-01-28,38.939998626708984,39.970001220703125,38.709999084472656,39.900001525878906,35.26839065551758,3264400,0.0,0.0
2022-01-31,39.41999816894531,40.11000061035156,39.40999984741211,39.93000030517578,35.60725402832031,2368000,0.35,0.0
2022-02-01,39.63999938964844,39.9900016784668,38.529998779296875,38.75,34.554996490478516,3660900,0.0,0.0
2022-02-02,38.5,39.95000076293945,37.56999969482422,39.880001068115234,35.562660217285156,4249300,0.0,0.0
2022-02-03,39.29999923706055,39.869998931884766,38.880001068115234,39.40999984741211,35.14354705810547,2876500,0.0,0.0
2022-02-04,39.150001525878906,39.84000015258789,38.650001525878906,39.36000061035156,35.09895706176758,2025100,0.0,0.0
2022-02-07,39.310001373291016,40.13999938964844,39.189998626708984,39.900001525878906,35.58050537109375,3205800,0.0,0.0
2022-02-08,40.06999969482422,40.400001525878906,39.619998931884766,39.81999969482422,35.5091667175293,2368300,0.0,0.0
2022-02-09,40.209999084472656,41.150001525878906,40.029998779296875,40.880001068115234,36.454410552978516,2068000,0.0,0.0
2022-02-10,40.439998626708984,41.18000030517578,39.97999954223633,40.130001068115234,35.78560256958008,1814800,0.0,0.0
2022-02-11,40.189998626708984,41.0,39.529998779296875,39.689998626708984,35.39323425292969,2624400,0.0,0.0
2022-02-14,39.90999984741211,39.959999084472656,38.16999816894531,38.68000030517578,34.49256896972656,2661700,0.0,0.0
2022-02-15,38.91999816894531,39.220001220703125,38.61000061035156,38.95000076293945,34.73334503173828,2233600,0.0,0.0
2022-02-16,39.11000061035156,39.36000061035156,38.779998779296875,39.09000015258789,34.85818099975586,1033400,0.0,0.0
2022-02-17,38.81999969482422,38.9900016784668,38.20000076293945,38.31999969482422,34.17155456542969,2153700,0.0,0.0
2022-02-18,38.20000076293945,38.709999084472656,38.119998931884766,38.43000030517578,34.26963806152344,2180300,0.0,0.0
2022-02-22,38.099998474121094,38.20000076293945,36.97999954223633,37.279998779296875,33.2441291809082,4057700,0.0,0.0
2022-02-23,37.400001525878906,37.68000030517578,36.70000076293945,36.84000015258789,32.851768493652344,2767600,0.0,0.0
2022-02-24,37.209999084472656,38.220001220703125,36.650001525878906,38.18000030517578,34.04670715332031,3555000,0.0,0.0
2022-02-25,38.43000030517578,38.810001373291016,37.310001373291016,37.9900016784668,33.87727355957031,2549200,0.0,0.0
2022-02-28,37.709999084472656,38.16999816894531,37.0,37.84000015258789,33.74350357055664,2724200,0.0,0.0
2022-03-01,37.689998626708984,37.709999084472656,35.959999084472656,36.540000915527344,32.58424377441406,3868400,0.0,0.0
2022-03-02,36.689998626708984,37.939998626708984,36.5,37.72999954223633,33.64542007446289,2893300,0.0,0.0
2022-03-03,37.72999954223633,38.279998779296875,37.36000061035156,37.380001068115234,33.33331298828125,2516700,0.0,0.0
2022-03-04,36.95000076293945,37.63999938964844,36.68000030517578,37.560001373291016,33.493831634521484,3015000,0.0,0.0
2022-03-07,37.47999954223633,38.83000183105469,37.400001525878906,38.0099983215332,33.895103454589844,3822500,0.0,0.0
2022-03-08,37.90999984741211,38.41999816894531,37.34000015258789,37.439998626708984,33.38681411743164,4305100,0.0,0.0
2022-03-09,37.83000183105469,38.290000915527344,37.43000030517578,37.900001525878906,33.797019958496094,3462800,0.0,0.0
2022-03-10,37.630001068115234,37.66999816894531,36.81999969482422,37.650001525878906,33.5740852355957,2309700,0.0,0.0
2022-03-11,37.83000183105469,38.72999954223633,37.7400016784668,38.47999954223633,34.31422805786133,2701700,0.0,0.0
2022-03-14,39.09000015258789,39.439998626708984,38.27000045776367,38.689998626708984,34.501487731933594,2922500,0.0,0.0
2022-03-15,38.81999969482422,39.279998779296875,38.11000061035156,38.91999816894531,34.70659637451172,2669000,0.0,0.0
2022-03-16,39.040000915527344,39.7599983215332,38.650001525878906,39.20000076293945,34.95627212524414,2618900,0.0,0.0
2022-03-17,39.06999969482422,39.369998931884766,38.58000183105469,38.68000030517578,34.49256896972656,2516300,0.0,0.0
2022-03-18,38.5099983215332,38.790000915527344,37.880001068115234,37.90999984741211,33.80592346191406,10766500,0.0,0.0
2022-03-21,37.599998474121094,38.08000183105469,37.09000015258789,37.189998626708984,33.163875579833984,3151600,0.0,0.0
2022-03-22,37.33000183105469,38.060001373291016,37.33000183105469,37.56999969482422,33.50273513793945,2383500,0.0,0.0
2022-03-23,37.36000061035156,37.380001068115234,36.290000915527344,36.29999923706055,32.37022018432617,3503900,0.0,0.0
2022-03-24,36.439998626708984,36.59000015258789,36.13999938964844,36.45000076293945,32.503990173339844,2385000,0.0,0.0
2022-03-25,36.459999084472656,37.34000015258789,36.2400016784668,37.029998779296875,33.02120590209961,2807600,0.0,0.0
2022-03-28,37.16999816894531,37.90999984741211,37.08000183105469,37.61000061035156,33.53841018676758,1849300,0.0,0.0
2022-03-29,37.849998474121094,38.29999923706055,37.61000061035156,38.150001525878906,34.01994705200195,1802000,0.0,0.0
2022-03-30,38.150001525878906,38.5099983215332,37.849998474121094,38.02000045776367,33.904029846191406,1944500,0.0,0.0
2022-03-31,38.029998779296875,38.970001220703125,38.029998779296875,38.36000061035156,34.207218170166016,2509200,0.0,0.0
2022-04-01,38.560001373291016,38.65999984741211,38.02000045776367,38.400001525878906,34.242881774902344,2153600,0.0,0.0
2022-04-04,38.310001373291016,38.400001525878906,37.59000015258789,37.66999816894531,33.59191131591797,1910600,0.0,0.0
2022-04-05,37.68000030517578,37.91999816894531,37.13999938964844,37.619998931884766,33.547325134277344,2241900,0.0,0.0
2022-04-06,37.439998626708984,39.349998474121094,37.16999816894531,39.209999084472656,34.96519088745117,3148300,0.0,0.0
2022-04-07,39.20000076293945,39.349998474121094,38.650001525878906,39.040000915527344,34.813602447509766,2190600,0.0,0.0
2022-04-08,39.2400016784668,39.68000030517578,39.0,39.54999923706055,35.26839065551758,2081900,0.0,0.0
2022-04-11,39.56999969482422,39.77000045776367,38.5099983215332,38.540000915527344,34.367733001708984,1948200,0.0,0.0
2022-04-12,38.56999969482422,39.220001220703125,38.45000076293945,38.869998931884766,34.66200637817383,1980900,0.0,0.0
2022-04-13,38.72999954223633,39.0099983215332,38.2400016784668,38.77000045776367,34.572837829589844,1618200,0.0,0.0
2022-04-14,38.849998474121094,39.27000045776367,38.779998779296875,39.189998626708984,34.94736099243164,2020400,0.0,0.0
2022-04-18,39.25,39.95000076293945,39.2400016784668,39.83000183105469,35.5180778503418,1883600,0.0,0.0
2022-04-19,40.0099983215332,40.08000183105469,39.04999923706055,39.709999084472656,35.411075592041016,2075300,0.0,0.0
2022-04-20,39.9900016784668,41.52000045776367,39.880001068115234,41.27000045776367,36.802181243896484,3098100,0.0,0.0
2022-04-21,41.0,41.36000061035156,39.720001220703125,39.7400016784668,35.43782043457031,2928500,0.0,0.0
2022-04-22,39.45000076293945,39.540000915527344,37.7599983215332,37.90999984741211,33.80592346191406,2654400,0.0,0.0
2022-04-25,37.790000915527344,37.849998474121094,36.599998474121094,37.61000061035156,33.53841018676758,2442000,0.0,0.0
2022-04-26,37.439998626708984,38.0,37.27000045776367,37.27000045776367,33.2352180480957,2558500,0.0,0.0
2022-04-27,37.16999816894531,37.689998626708984,36.529998779296875,36.560001373291016,32.60208511352539,2774500,0.0,0.0
2022-04-28,36.869998931884766,37.400001525878906,36.220001220703125,37.150001525878906,33.12821960449219,2869400,0.0,0.0
2022-04-29,36.75,37.09000015258789,35.81999969482422,35.900001525878906,32.31801223754883,2875300,0.35,0.0
2022-05-02,36.220001220703125,36.88999938964844,35.90999984741211,36.84000015258789,33.16421890258789,4117600,0.0,0.0
2022-05-03,36.900001525878906,37.9900016784668,36.79999923706055,37.099998474121094,33.39826202392578,2978800,0.0,0.0
2022-05-04,37.15999984741211,38.41999816894531,37.119998931884766,38.25,34.43352508544922,2411500,0.0,0.0
2022-05-05,38.13999938964844,38.18000030517578,37.380001068115234,37.709999084472656,33.94741439819336,2411200,0.0,0.0
2022-05-06,38.63999938964844,41.45000076293945,38.25,41.400001525878906,37.26924133300781,7897800,0.0,0.0
2022-05-09,41.029998779296875,41.77000045776367,40.18000030517578,41.43000030517578,37.29623794555664,6928700,0.0,0.0
2022-05-10,41.70000076293945,42.150001525878906,40.380001068115234,41.689998626708984,37.53028869628906,3865200,0.0,0.0
2022-05-11,41.81999969482422,42.689998626708984,41.630001068115234,41.790000915527344,37.620330810546875,3439000,0.0,0.0
2022-05-12,41.86000061035156,42.060001373291016,40.40999984741211,41.38999938964844,37.26022720336914,3998900,0.0,0.0
2022-05-13,41.779998779296875,42.689998626708984,41.150001525878906,42.290000915527344,38.07044219970703,4249400,0.0,0.0
2022-05-16,42.400001525878906,44.29999923706055,42.369998931884766,44.06999969482422,39.672828674316406,4438100,0.0,0.0
2022-05-17,44.33000183105469,45.27000045776367,44.08000183105469,45.20000076293945,40.69007873535156,6800400,0.0,0.0
2022-05-18,45.22999954223633,45.91999816894531,44.81999969482422,45.7599983215332,41.19420623779297,5384500,0.0,0.0
2022-05-19,45.599998474121094,46.709999084472656,45.52000045776367,46.209999084472656,41.599308013916016,5579300,0.0,0.0
2022-05-20,46.81999969482422,46.86000061035156,44.95000076293945,45.720001220703125,41.158203125,6683900,0.0,0.0
2022-05-23,45.95000076293945,46.779998779296875,45.65999984741211,46.18000030517578,41.572296142578125,4061100,0.0,0.0
2022-05-24,46.0099983215332,46.56999969482422,45.5,45.810001373291016,41.239219665527344,5191300,0.0,0.0
2022-05-25,45.97999954223633,47.22999954223633,45.86000061035156,46.849998474121094,42.175445556640625,4184300,0.0,0.0
2022-05-26,47.04999923706055,47.81999969482422,46.68000030517578,46.709999084472656,42.049415588378906,2888200,0.0,0.0
2022-05-27,46.41999816894531,46.86000061035156,45.91999816894531,46.45000076293945,41.815364837646484,3274400,0.0,0.0
2022-05-31,46.45000076293945,46.790000915527344,45.84000015258789,46.040000915527344,41.44627380371094,15530000,0.0,0.0
2022-06-01,46.0,46.09000015258789,44.970001220703125,45.4900016784668,40.951148986816406,3182500,0.0,0.0
2022-06-02,45.56999969482422,45.970001220703125,45.040000915527344,45.91999816894531,41.3382453918457,2193700,0.0,0.0
2022-06-03,45.63999938964844,46.130001068115234,45.45000076293945,45.47999954223633,40.942142486572266,2248300,0.0,0.0
2022-06-06,45.65999984741211,46.59000015258789,45.33000183105469,46.22999954223633,41.6173210144043,2463100,0.0,0.0
2022-06-07,45.689998626708984,46.150001525878906,44.61000061035156,46.13999938964844,41.53628921508789,3247100,0.0,0.0
2022-06-08,45.790000915527344,46.220001220703125,45.310001373291016,45.63999938964844,41.086181640625,2027400,0.0,0.0
2022-06-09,45.75,46.189998626708984,45.400001525878906,45.52000045776367,40.978153228759766,3210000,0.0,0.0
2022-06-10,44.869998931884766,45.41999816894531,43.86000061035156,44.0099983215332,39.61881637573242,2631600,0.0,0.0
2022-06-13,43.349998474121094,43.349998474121094,40.349998474121094,40.54999923706055,36.5040397644043,3744900,0.0,0.0
2022-06-14,40.54999923706055,40.72999954223633,38.95000076293945,39.41999816894531,35.48679733276367,3848000,0.0,0.0
2022-06-15,39.7599983215332,40.0,38.41999816894531,39.11000061035156,35.207733154296875,3597400,0.0,0.0
2022-06-16,38.4900016784668,38.5099983215332,36.68000030517578,36.86000061035156,33.182220458984375,3926500,0.0,0.0
2022-06-17,37.220001220703125,37.81999969482422,35.65999984741211,36.33000183105469,32.70511245727539,9985100,0.0,0.0
2022-06-21,36.43000030517578,37.4900016784668,36.33000183105469,37.0,33.308258056640625,3901700,0.0,0.0
2022-06-22,36.59000015258789,37.029998779296875,36.34000015258789,36.47999954223633,32.84013748168945,3454400,0.0,0.0
2022-06-23,36.58000183105469,37.970001220703125,36.4900016784668,37.7599983215332,33.99241638183594,3472900,0.0,0.0
2022-06-24,37.810001373291016,38.400001525878906,37.54999923706055,38.31999969482422,34.496551513671875,5475500,0.0,0.0
2022-06-27,38.459999084472656,38.970001220703125,38.34000015258789,38.61000061035156,34.75761032104492,2122200,0.0,0.0
2022-06-28,38.689998626708984,38.90999984741211,37.61000061035156,37.81999969482422,34.046443939208984,3164900,0.0,0.0
2022-06-29,37.849998474121094,37.97999954223633,37.04999923706055,37.81999969482422,34.046443939208984,2340100,0.0,0.0
2022-06-30,37.459999084472656,38.630001068115234,37.38999938964844,38.16999816894531,34.36151123046875,3783900,0.0,0.0
2022-07-01,38.36000061035156,39.189998626708984,38.15999984741211,38.84000015258789,34.96466827392578,2284700,0.0,0.0
2022-07-05,38.400001525878906,38.5,36.54999923706055,37.59000015258789,33.839385986328125,2898000,0.0,0.0
2022-07-06,37.599998474121094,37.9900016784668,36.709999084472656,37.29999923706055,33.57831954956055,2338300,0.0,0.0
2022-07-07,37.7599983215332,38.209999084472656,37.4900016784668,37.709999084472656,33.94741439819336,2393900,0.0,0.0
2022-07-08,38.13999938964844,38.22999954223633,37.63999938964844,37.83000183105469,34.05543518066406,1646300,0.0,0.0
2022-07-11,37.689998626708984,37.880001068115234,37.060001373291016,37.5,33.758365631103516,1703400,0.0,0.0
2022-07-12,37.52000045776367,38.279998779296875,37.400001525878906,37.689998626708984,33.929405212402344,2344800,0.0,0.0
2022-07-13,37.2400016784668,37.93000030517578,37.09000015258789,37.119998931884766,33.416282653808594,2337700,0.0,0.0
2022-07-14,36.5099983215332,36.72999954223633,36.029998779296875,36.2599983215332,32.64208984375,3196600,0.0,0.0
2022-07-15,36.43000030517578,36.709999084472656,35.689998626708984,35.97999954223633,32.3900260925293,4743900,0.0,0.0
2022-07-18,36.02000045776367,36.20000076293945,35.529998779296875,35.59000015258789,32.0389289855957,3768800,0.0,0.0
2022-07-19,35.709999084472656,35.970001220703125,35.470001220703125,35.7400016784668,32.173973083496094,4138000,0.0,0.0
2022-07-20,35.72999954223633,35.88999938964844,34.90999984741211,35.84000015258789,32.26398849487305,4039700,0.0,0.0
2022-07-21,36.27000045776367,36.7599983215332,35.689998626708984,36.040000915527344,32.444034576416016,2562100,0.0,0.0
2022-07-22,36.08000183105469,36.29999923706055,35.38999938964844,35.630001068115234,32.07494354248047,2512700,0.0,0.0
2022-07-25,35.70000076293945,36.52000045776367,35.61000061035156,35.95000076293945,32.36301803588867,3983700,0.0,0.0
2022-07-26,35.970001220703125,36.59000015258789,35.88999938964844,36.36000061035156,32.732112884521484,2333300,0.0,0.0
2022-07-27,36.38999938964844,36.810001373291016,35.900001525878906,36.47999954223633,32.84013748168945,2692000,0.0,0.0
2022-07-28,37.060001373291016,37.54999923706055,36.689998626708984,37.5099983215332,33.767364501953125,2978600,0.0,0.0
2022-07-29,37.31999969482422,38.0,37.16999816894531,37.75,34.303504943847656,8042900,0.35,0.0
2022-08-01,37.5,37.689998626708984,36.939998626708984,37.619998931884766,34.18537139892578,3023700,0.0,0.0
2022-08-02,37.68000030517578,38.06999969482422,37.209999084472656,37.279998779296875,33.87640380859375,3379400,0.0,0.0
2022-08-03,37.61000061035156,37.61000061035156,36.83000183105469,37.369998931884766,33.95820236206055,3357200,0.0,0.0
2022-08-04,38.4900016784668,39.630001068115234,37.689998626708984,39.13999938964844,35.56660461425781,4187100,0.0,0.0
2022-08-05,39.0,39.27000045776367,38.22999954223633,38.459999084472656,34.94868087768555,3853700,0.0,0.0
2022-08-08,38.689998626708984,39.25,38.52000045776367,38.7400016784668,35.203125,2650400,0.0,0.0
2022-08-09,38.86000061035156,38.959999084472656,37.970001220703125,38.33000183105469,34.83054733276367,2798700,0.0,0.0
2022-08-10,38.7400016784668,39.2599983215332,38.459999084472656,39.2400016784668,35.657466888427734,1715100,0.0,0.0
2022-08-11,39.38999938964844,40.619998931884766,39.130001068115234,40.43000030517578,36.738826751708984,2362500,0.0,0.0
2022-08-12,40.77000045776367,41.70000076293945,40.70000076293945,41.66999816894531,37.86561965942383,1777800,0.0,0.0
2022-08-15,41.56999969482422,42.36000061035156,41.4900016784668,42.25,38.39266586303711,2591100,0.0,0.0
2022-08-16,42.220001220703125,43.130001068115234,42.220001220703125,42.599998474121094,38.7107048034668,2977400,0.0,0.0
2022-08-17,42.22999954223633,43.130001068115234,42.119998931884766,42.61000061035156,38.719791412353516,2330900,0.0,0.0
2022-08-18,42.790000915527344,43.83000183105469,42.7400016784668,43.52000045776367,39.54670333862305,2407500,0.0,0.0
2022-08-19,43.459999084472656,43.900001525878906,42.93000030517578,42.95000076293945,39.02875518798828,2358100,0.0,0.0
2022-08-22,42.45000076293945,42.599998474121094,41.970001220703125,42.099998474121094,38.2563591003418,2229500,0.0,0.0
2022-08-23,42.27000045776367,42.56999969482422,41.880001068115234,41.88999938964844,38.06553268432617,1520400,0.0,0.0
2022-08-24,41.81999969482422,42.0099983215332,41.459999084472656,41.95000076293945,38.12005615234375,1232100,0.0,0.0
2022-08-25,42.09000015258789,42.880001068115234,42.0,42.86000061035156,38.94696807861328,1455600,0.0,0.0
2022-08-26,42.88999938964844,42.90999984741211,41.720001220703125,41.720001220703125,37.91105270385742,1484800,0.0,0.0
2022-08-29,41.400001525878906,41.959999084472656,41.22999954223633,41.4900016784668,37.70204162597656,1597200,0.0,0.0
2022-08-30,41.47999954223633,41.75,40.939998626708984,41.06999969482422,37.32038879394531,1696300,0.0,0.0
2022-08-31,40.97999954223633,41.47999954223633,40.88999938964844,41.279998779296875,37.51123046875,2780800,0.0,0.0
2022-09-01,41.22999954223633,41.380001068115234,40.5,41.15999984741211,37.40217590332031,1993900,0.0,0.0
2022-09-02,41.470001220703125,42.459999084472656,41.36000061035156,41.470001220703125,37.68387985229492,1931500,0.0,0.0
2022-09-06,41.5099983215332,41.63999938964844,40.70000076293945,40.790000915527344,37.06595230102539,2439000,0.0,0.0
2022-09-07,40.84000015258789,41.75,40.68000030517578,41.689998626708984,37.88378143310547,1999400,0.0,0.0
2022-09-08,41.529998779296875,42.54999923706055,41.40999984741211,42.31999969482422,38.45627212524414,1458000,0.0,0.0
2022-09-09,42.720001220703125,43.459999084472656,42.59000015258789,43.290000915527344,39.33771514892578,1484600,0.0,0.0
2022-09-12,43.45000076293945,44.400001525878906,43.33000183105469,44.36000061035156,40.310020446777344,2393800,0.0,0.0
2022-09-13,43.65999984741211,44.2400016784668,43.220001220703125,43.36000061035156,39.40132522583008,2277500,0.0,0.0
2022-09-14,43.66999816894531,44.33000183105469,43.66999816894531,44.310001373291016,40.26459503173828,2685500,0.0,0.0
2022-09-15,44.18000030517578,44.900001525878906,43.900001525878906,44.86000061035156,40.76437759399414,3061700,0.0,0.0
2022-09-16,44.689998626708984,44.90999984741211,43.72999954223633,43.869998931884766,39.8647575378418,6025600,0.0,0.0
2022-09-19,43.52000045776367,44.15999984741211,43.41999816894531,44.02000045776367,40.001068115234375,1613300,0.0,0.0
2022-09-20,43.63999938964844,43.790000915527344,42.650001525878906,42.79999923706055,38.89244842529297,2002200,0.0,0.0
2022-09-21,43.20000076293945,43.56999969482422,42.150001525878906,42.16999816894531,38.319969177246094,2380000,0.0,0.0
2022-09-22,42.09000015258789,42.130001068115234,41.369998931884766,41.380001068115234,37.602088928222656,2191500,0.0,0.0
2022-09-23,40.709999084472656,41.0,40.06999969482422,40.630001068115234,36.920562744140625,2046900,0.0,0.0
2022-09-26,40.5,40.880001068115234,39.29999923706055,39.38999938964844,35.793766021728516,2077400,0.0,0.0
2022-09-27,39.869998931884766,40.22999954223633,39.16999816894531,39.38999938964844,35.793766021728516,2774600,0.0,0.0
2022-09-28,39.84000015258789,40.45000076293945,39.540000915527344,40.25,36.57524490356445,1887900,0.0,0.0
2022-09-29,40.02000045776367,40.029998779296875,38.77000045776367,39.18000030517578,35.60294723510742,1996400,0.0,0.0
2022-09-30,39.380001068115234,39.560001373291016,38.18000030517578,38.27000045776367,34.77602005004883,2667700,0.0,0.0
2022-10-03,39.06999969482422,39.70000076293945,38.13999938964844,39.34000015258789,35.74834060668945,3401200,0.0,0.0
2022-10-04,39.59000015258789,41.029998779296875,39.58000183105469,41.0099983215332,37.265869140625,2317600,0.0,0.0
2022-10-05,40.22999954223633,41.79999923706055,40.0099983215332,41.5,37.71113586425781,2163300,0.0,0.0
2022-10-06,41.38999938964844,41.7400016784668,40.95000076293945,41.099998474121094,37.347652435302734,2221200,0.0,0.0
2022-10-07,40.95000076293945,41.36000061035156,40.650001525878906,41.119998931884766,37.36582565307617,1915000,0.0,0.0
2022-10-10,41.25,41.97999954223633,40.959999084472656,41.0099983215332,37.265869140625,2320600,0.0,0.0
2022-10-11,41.040000915527344,41.75,40.849998474121094,41.060001373291016,37.31131362915039,1924400,0.0,0.0
2022-10-12,40.97999954223633,40.97999954223633,39.7400016784668,39.75,36.120906829833984,1684000,0.0,0.0
2022-10-13,39.06999969482422,41.619998931884766,39.040000915527344,41.18000030517578,37.420352935791016,2204400,0.0,0.0
2022-10-14,41.459999084472656,41.90999984741211,40.709999084472656,41.040000915527344,37.29313278198242,1517600,0.0,0.0
2022-10-17,41.790000915527344,42.38999938964844,41.70000076293945,41.90999984741211,38.083702087402344,1777500,0.0,0.0
2022-10-18,42.45000076293945,43.150001525878906,42.41999816894531,42.959999084472656,39.037837982177734,2511500,0.0,0.0
2022-10-19,42.43000030517578,42.599998474121094,41.529998779296875,41.959999084472656,38.12913131713867,1861200,0.0,0.0
2022-10-20,42.040000915527344,42.040000915527344,40.619998931884766,40.720001220703125,37.00234603881836,2249400,0.0,0.0
2022-10-21,41.130001068115234,42.560001373291016,40.72999954223633,42.36000061035156,38.49261474609375,2753300,0.0,0.0
2022-10-24,42.779998779296875,43.31999969482422,41.970001220703125,42.9900016784668,39.06510543823242,2030800,0.0,0.0
2022-10-25,42.959999084472656,43.75,42.84000015258789,43.63999938964844,39.655757904052734,2046100,0.0,0.0
2022-10-26,43.70000076293945,43.970001220703125,43.11000061035156,43.150001525878906,39.21049880981445,2060200,0.0,0.0
2022-10-27,43.59000015258789,44.36000061035156,43.380001068115234,43.70000076293945,39.71027755737305,2393700,0.0,0.0
2022-10-28,43.93000030517578,44.72999954223633,43.7400016784668,44.66999816894531,40.59172439575195,1653900,0.0,0.0
2022-10-31,44.119998931884766,44.7400016784668,44.04999923706055,44.400001525878906,40.66498565673828,2284000,0.35,0.0
2022-11-01,44.52000045776367,44.65999984741211,43.720001220703125,44.029998779296875,40.326107025146484,2459700,0.0,0.0
2022-11-02,43.75,44.810001373291016,43.27000045776367,43.369998931884766,39.72163772583008,2312500,0.0,0.0
2022-11-03,42.81999969482422,44.150001525878906,42.54999923706055,43.630001068115234,39.95976638793945,1572700,0.0,0.0
2022-11-04,43.81999969482422,44.560001373291016,43.439998626708984,44.349998474121094,40.61918258666992,2151800,0.0,0.0
2022-11-07,43.869998931884766,45.470001220703125,43.0,45.209999084472656,41.4068489074707,4695900,0.0,0.0
2022-11-08,45.29999923706055,45.70000076293945,44.16999816894531,44.25,40.52761459350586,4580400,0.0,0.0
2022-11-09,44.0,44.47999954223633,42.58000183105469,42.650001525878906,39.06219482421875,3864100,0.0,0.0
2022-11-10,44.08000183105469,45.54999923706055,43.56999969482422,45.09000015258789,41.29694747924805,3296100,0.0,0.0
2022-11-11,44.88999938964844,45.5099983215332,44.369998931884766,45.400001525878906,41.58087158203125,2916300,0.0,0.0
2022-11-14,45.209999084472656,45.79999923706055,43.84000015258789,43.849998474121094,40.1612548828125,3137500,0.0,0.0
2022-11-15,44.349998474121094,44.439998626708984,43.25,43.459999084472656,39.80406188964844,2901000,0.0,0.0
2022-11-16,43.33000183105469,43.619998931884766,42.83000183105469,42.959999084472656,39.346126556396484,2006400,0.0,0.0
2022-11-17,42.369998931884766,42.369998931884766,41.150001525878906,41.34000015258789,37.86240768432617,2502400,0.0,0.0
2022-11-18,41.72999954223633,42.27000045776367,41.209999084472656,42.2400016784668,38.68669509887695,2716100,0.0,0.0
2022-11-21,42.0099983215332,42.150001525878906,40.81999969482422,41.15999984741211,37.697540283203125,2479900,0.0,0.0
2022-11-22,41.43000030517578,42.439998626708984,41.349998474121094,42.34000015258789,38.77828598022461,1684300,0.0,0.0
2022-11-23,42.25,42.59000015258789,42.0,42.439998626708984,38.869873046875,1527900,0.0,0.0
2022-11-25,42.43000030517578,42.56999969482422,42.0099983215332,42.15999984741211,38.61343002319336,916200,0.0,0.0
2022-11-28,41.720001220703125,41.90999984741211,41.09000015258789,41.43000030517578,37.94483184814453,2007200,0.0,0.0
2022-11-29,41.290000915527344,41.93000030517578,40.810001373291016,41.90999984741211,38.38444900512695,2429000,0.0,0.0
2022-11-30,41.97999954223633,42.4900016784668,41.0,42.45000076293945,38.8790283203125,6252200,0.0,0.0
2022-12-01,42.95000076293945,43.209999084472656,41.810001373291016,42.130001068115234,38.5859489440918,2811400,0.0,0.0
2022-12-02,41.540000915527344,41.720001220703125,40.849998474121094,41.25,37.77996826171875,1748400,0.0,0.0
2022-12-05,40.81999969482422,41.06999969482422,40.45000076293945,40.84000015258789,37.40446090698242,1771800,0.0,0.0
2022-12-06,35.59000015258789,37.04999923706055,33.849998474121094,34.68000030517578,31.76265525817871,16832700,0.0,0.0
2022-12-07,34.099998474121094,34.459999084472656,32.95000076293945,33.13999938964844,30.352197647094727,7768200,0.0,0.0
2022-12-08,33.0,34.0099983215332,32.15999984741211,32.18000030517578,29.472957611083984,7225500,0.0,0.0
2022-12-09,31.75,32.900001525878906,31.209999084472656,32.279998779296875,29.564542770385742,4281900,0.0,0.0
2022-12-12,32.400001525878906,32.68000030517578,31.68000030517578,32.66999816894531,29.92173957824707,4547200,0.0,0.0
2022-12-13,33.40999984741211,33.650001525878906,32.61000061035156,33.40999984741211,30.5994930267334,5181300,0.0,0.0
2022-12-14,33.40999984741211,33.4900016784668,32.119998931884766,32.470001220703125,29.73856544494629,4239500,0.0,0.0
2022-12-15,32.290000915527344,32.54999923706055,31.520000457763672,31.850000381469727,29.170717239379883,5235600,0.0,0.0
2022-12-16,31.389999389648438,31.579999923706055,30.639999389648438,31.049999237060547,28.43801498413086,19349100,0.0,0.0
2022-12-19,31.6200008392334,32.599998474121094,31.299999237060547,31.540000915527344,28.88679313659668,4932000,0.0,0.0
2022-12-20,31.56999969482422,31.979999542236328,31.309999465942383,31.65999984741211,28.996700286865234,4547800,0.0,0.0
2022-12-21,32.0,32.560001373291016,31.65999984741211,32.41999816894531,29.692768096923828,5618200,0.0,0.0
2022-12-22,32.09000015258789,32.15999984741211,31.399999618530273,31.889999389648438,29.207353591918945,2928800,0.0,0.0
2022-12-23,31.899999618530273,32.08000183105469,31.56999969482422,31.90999984741211,29.22567367553711,3090300,0.0,0.0
2022-12-27,31.959999084472656,32.2599983215332,31.719999313354492,32.2400016784668,29.527908325195312,3349500,0.0,0.0
2022-12-28,32.29999923706055,32.400001525878906,31.709999084472656,31.860000610351562,29.17987632751465,2512500,0.0,0.0
2022-12-29,32.130001068115234,32.56999969482422,32.0,32.400001525878906,29.674455642700195,2211500,0.0,0.0
2022-12-30,32.310001373291016,32.38999938964844,31.59000015258789,31.81999969482422,29.14324378967285,2329200,0.0,0.0
2023-01-03,31.8799991607666,32.189998626708984,31.420000076293945,31.93000030517578,29.243989944458008,4230400,0.0,0.0
2023-01-04,32.02000045776367,32.29999923706055,31.639999389648438,32.09000015258789,29.390527725219727,3929900,0.0,0.0
2023-01-05,31.940000534057617,32.189998626708984,31.700000762939453,31.75,29.079132080078125,2494800,0.0,0.0
2023-01-06,32.11000061035156,32.4900016784668,31.84000015258789,32.20000076293945,29.49127769470215,3177400,0.0,0.0
2023-01-09,32.380001068115234,32.83000183105469,32.220001220703125,32.63999938964844,29.89426040649414,3557300,0.0,0.0
2023-01-10,32.5,32.880001068115234,32.119998931884766,32.86000061035156,30.09575843811035,2812300,0.0,0.0
2023-01-11,32.900001525878906,33.0099983215332,32.04999923706055,32.290000915527344,29.573707580566406,6663100,0.0,0.0
2023-01-12,32.459999084472656,32.880001068115234,32.099998474121094,32.619998931884766,29.875940322875977,2810800,0.0,0.0
2023-01-13,32.22999954223633,32.560001373291016,31.280000686645508,31.8799991607666,29.19819450378418,3723800,0.0,0.0
2023-01-17,31.950000762939453,32.38999938964844,31.90999984741211,32.150001525878906,29.445480346679688,3147900,0.0,0.0
2023-01-18,32.33000183105469,32.470001220703125,31.56999969482422,31.6299991607666,28.969223022460938,2212500,0.0,0.0
2023-01-19,31.549999237060547,31.690000534057617,30.81999969482422,31.030000686645508,28.41969871520996,2648600,0.0,0.0
2023-01-20,30.979999542236328,32.279998779296875,30.670000076293945,32.209999084472656,29.500429153442383,3682300,0.0,0.0
2023-01-23,32.52000045776367,32.869998931884766,32.369998931884766,32.41999816894531,29.692768096923828,5232600,0.0,0.0
2023-01-24,32.58000183105469,32.970001220703125,31.979999542236328,32.900001525878906,30.132394790649414,2931300,0.0,0.0
2023-01-25,32.65999984741211,33.20000076293945,32.27000045776367,33.150001525878906,30.36136245727539,4950700,0.0,0.0
2023-01-26,33.310001373291016,33.5,32.84000015258789,33.4900016784668,30.672760009765625,5119800,0.0,0.0
2023-01-27,33.5,33.79999923706055,33.16999816894531,33.75,30.910890579223633,2937000,0.0,0.0
2023-01-30,33.599998474121094,34.02000045776367,33.439998626708984,33.54999923706055,30.72770881652832,3267900,0.0,0.0
2023-01-31,33.369998931884766,34.29999923706055,33.20000076293945,34.220001220703125,31.6984920501709,8191500,0.378,0.0
2023-02-01,34.0,34.75,33.59000015258789,34.599998474121094,32.05048751831055,3155800,0.0,0.0
2023-02-02,34.83000183105469,35.470001220703125,34.619998931884766,34.95000076293945,32.374698638916016,3840900,0.0,0.0
2023-02-03,34.7400016784668,35.02000045776367,34.20000076293945,34.43000030517578,31.89301872253418,2910300,0.0,0.0
2023-02-06,34.209999084472656,34.75,33.900001525878906,34.68000030517578,32.12459182739258,3641400,0.0,0.0
2023-02-07,34.54999923706055,35.18000030517578,34.209999084472656,35.0099983215332,32.43027114868164,3162800,0.0,0.0
2023-02-08,34.810001373291016,34.95000076293945,34.540000915527344,34.790000915527344,32.22648239135742,2957300,0.0,0.0
2023-02-09,34.79999923706055,35.130001068115234,34.290000915527344,34.38999938964844,31.855966567993164,5367300,0.0,0.0
2023-02-10,34.459999084472656,34.95000076293945,34.2400016784668,34.86000061035156,32.29133224487305,3164900,0.0,0.0
2023-02-13,34.709999084472656,35.619998931884766,34.70000076293945,35.560001373291016,32.93975067138672,2831400,0.0,0.0
2023-02-14,35.54999923706055,35.61000061035156,34.810001373291016,35.099998474121094,32.513641357421875,3506800,0.0,0.0
2023-02-15,34.779998779296875,35.869998931884766,34.77000045776367,35.83000183105469,33.189857482910156,4299800,0.0,0.0
2023-02-16,35.209999084472656,35.310001373291016,33.58000183105469,34.08000183105469,31.56880760192871,9220700,0.0,0.0
2023-02-17,34.029998779296875,34.47999954223633,33.68000030517578,34.220001220703125,31.6984920501709,5295900,0.0,0.0
2023-02-21,34.0099983215332,34.70000076293945,34.0099983215332,34.060001373291016,31.550283432006836,3539300,0.0,0.0
2023-02-22,33.900001525878906,34.02000045776367,33.060001373291016,33.150001525878906,30.70733642578125,4113600,0.0,0.0
2023-02-23,33.099998474121094,33.779998779296875,33.09000015258789,33.5099983215332,31.040807723999023,5426500,0.0,0.0
2023-02-24,33.15999984741211,33.75,32.97999954223633,33.599998474121094,31.124170303344727,3798700,0.0,0.0
2023-02-27,33.880001068115234,34.130001068115234,33.0,33.02000045776367,30.5869083404541,4286600,0.0,0.0
2023-02-28,32.9900016784668,33.34000015258789,32.63999938964844,32.790000915527344,30.373857498168945,4249000,0.0,0.0
2023-03-01,32.529998779296875,33.029998779296875,32.43000030517578,33.02000045776367,30.5869083404541,3057200,0.0,0.0
2023-03-02,33.0,33.060001373291016,32.56999969482422,32.75,30.336809158325195,3355400,0.0,0.0
2023-03-03,33.0099983215332,33.93000030517578,32.619998931884766,33.63999938964844,31.161230087280273,3127600,0.0,0.0
2023-03-06,33.849998474121094,34.599998474121094,33.81999969482422,34.380001068115234,31.846696853637695,4683100,0.0,0.0
2023-03-07,34.380001068115234,34.869998931884766,34.189998626708984,34.279998779296875,31.75406837463379,3823100,0.0,0.0
2023-03-08,34.380001068115234,34.470001220703125,33.619998931884766,33.93000030517578,31.42985725402832,2870000,0.0,0.0
2023-03-09,33.939998626708984,34.029998779296875,32.939998626708984,33.0099983215332,30.577648162841797,3221700,0.0,0.0
2023-03-10,32.880001068115234,33.060001373291016,31.559999465942383,31.6299991607666,29.299331665039062,3963200,0.0,0.0
2023-03-13,31.079999923706055,32.20000076293945,30.829999923706055,30.8799991607666,28.60460090637207,4084600,0.0,0.0
2023-03-14,31.469999313354492,32.08000183105469,31.190000534057617,31.579999923706055,29.253019332885742,8759000,0.0,0.0
2023-03-15,31.270000457763672,31.270000457763672,30.56999969482422,30.81999969482422,28.549020767211914,7202200,0.0,0.0
2023-03-16,30.479999542236328,31.979999542236328,30.25,31.610000610351562,29.28080940246582,7914500,0.0,0.0
2023-03-17,31.8799991607666,31.940000534057617,31.079999923706055,31.479999542236328,29.160390853881836,11156100,0.0,0.0
2023-03-20,32.56999969482422,33.91999816894531,32.060001373291016,33.630001068115234,31.151968002319336,8578500,0.0,0.0
2023-03-21,33.77000045776367,34.0099983215332,33.060001373291016,33.189998626708984,30.744384765625,5179200,0.0,0.0
2023-03-22,33.060001373291016,33.16999816894531,31.90999984741211,31.959999084472656,29.605016708374023,3367000,0.0,0.0
2023-03-23,32.029998779296875,32.22999954223633,30.760000228881836,31.010000228881836,28.725019454956055,3830600,0.0,0.0
2023-03-24,30.649999618530273,31.510000228881836,30.5,31.489999771118164,29.169652938842773,3571000,0.0,0.0
2023-03-27,31.729999542236328,32.349998474121094,31.56999969482422,32.2599983215332,29.882911682128906,3991900,0.0,0.0
2023-03-28,32.279998779296875,32.95000076293945,32.279998779296875,32.63999938964844,30.234909057617188,2163100,0.0,0.0
2023-03-29,32.90999984741211,33.279998779296875,32.79999923706055,33.18000030517578,30.735122680664062,2311200,0.0,0.0
2023-03-30,33.470001220703125,33.650001525878906,33.220001220703125,33.45000076293945,30.985227584838867,3919200,0.0,0.0
2023-03-31,33.58000183105469,34.33000183105469,33.400001525878906,34.290000915527344,31.763334274291992,3529200,0.0,0.0
2023-04-03,34.349998474121094,34.38999938964844,33.65999984741211,33.869998931884766,31.37428092956543,2539100,0.0,0.0
2023-04-04,33.75,33.849998474121094,33.040000915527344,33.54999923706055,31.07785415649414,2338500,0.0,0.0
2023-04-05,33.5,34.45000076293945,33.369998931884766,34.40999984741211,31.874488830566406,1992300,0.0,0.0
2023-04-06,34.619998931884766,34.88999938964844,34.47999954223633,34.81999969482422,32.2542839050293,2270500,0.0,0.0
2023-04-10,34.65999984741211,35.29999923706055,34.529998779296875,35.18000030517578,32.58775329589844,1875700,0.0,0.0
2023-04-11,35.41999816894531,35.95000076293945,35.31999969482422,35.68000030517578,33.0509033203125,2385400,0.0,0.0
2023-04-12,35.84000015258789,36.31999969482422,35.63999938964844,35.7599983215332,33.125003814697266,2973100,0.0,0.0
2023-04-13,35.66999816894531,36.13999938964844,35.5,35.90999984741211,33.26395797729492,2896900,0.0,0.0
2023-04-14,35.56999969482422,35.97999954223633,34.939998626708984,35.209999084472656,32.615535736083984,3442200,0.0,0.0
2023-04-17,35.4900016784668,35.5099983215332,34.79999923706055,35.11000061035156,32.522911071777344,6666000,0.0,0.0
2023-04-18,35.150001525878906,35.220001220703125,34.349998474121094,34.65999984741211,32.10606384277344,5163500,0.0,0.0
2023-04-19,34.4900016784668,35.0099983215332,34.189998626708984,34.84000015258789,32.27280807495117,3597700,0.0,0.0
2023-04-20,34.849998474121094,34.90999984741211,34.529998779296875,34.56999969482422,32.022705078125,2127400,0.0,0.0
2023-04-21,34.619998931884766,34.70000076293945,34.16999816894531,34.400001525878906,31.86522674560547,1826500,0.0,0.0
2023-04-24,34.380001068115234,35.029998779296875,34.08000183105469,35.0,32.421016693115234,2497400,0.0,0.0
2023-04-25,34.880001068115234,34.970001220703125,34.0,34.060001373291016,31.550283432006836,2199800,0.0,0.0
2023-04-26,33.779998779296875,33.970001220703125,33.29999923706055,33.400001525878906,30.93891143798828,3409800,0.0,0.0
2023-04-27,33.459999084472656,34.150001525878906,33.459999084472656,34.06999969482422,31.559541702270508,2494000,0.0,0.0
2023-04-28,33.5,34.209999084472656,33.5,34.16999816894531,32.007293701171875,1901000,0.378,0.0
2023-05-01,34.060001373291016,34.45000076293945,33.869998931884766,34.0,31.848051071166992,2398800,0.0,0.0
2023-05-02,33.97999954223633,33.97999954223633,33.0,33.33000183105469,31.220457077026367,3600100,0.0,0.0
2023-05-03,33.599998474121094,34.130001068115234,33.31999969482422,33.439998626708984,31.323486328125,3842000,0.0,0.0
2023-05-04,33.0099983215332,33.290000915527344,30.520000457763672,31.3799991607666,29.393875122070312,11045700,0.0,0.0
2023-05-05,31.520000457763672,31.6200008392334,30.850000381469727,31.280000686645508,29.30020523071289,5937400,0.0,0.0
2023-05-08,31.469999313354492,31.6299991607666,31.06999969482422,31.309999465942383,29.328304290771484,5725700,0.0,0.0
2023-05-09,31.139999389648438,31.639999389648438,31.059999465942383,31.299999237060547,29.318939208984375,5847900,0.0,0.0
2023-05-10,31.600000381469727,32.290000915527344,31.34000015258789,32.150001525878906,30.115142822265625,5739300,0.0,0.0
2023-05-11,32.060001373291016,32.06999969482422,30.860000610351562,31.040000915527344,29.075395584106445,5276700,0.0,0.0
2023-05-12,31.059999465942383,33.060001373291016,30.6200008392334,32.790000915527344,30.714632034301758,7645900,0.0,0.0
2023-05-15,35.11000061035156,35.16999816894531,32.869998931884766,33.779998779296875,31.641977310180664,12745400,0.0,0.0
2023-05-16,34.09000015258789,34.279998779296875,33.380001068115234,33.5099983215332,31.389062881469727,8308300,0.0,0.0
2023-05-17,33.86000061035156,33.86000061035156,32.72999954223633,33.40999984741211,31.295392990112305,6236700,0.0,0.0
2023-05-18,33.09000015258789,33.52000045776367,32.63999938964844,33.459999084472656,31.34222412109375,3605100,0.0,0.0
2023-05-19,33.619998931884766,34.20000076293945,33.279998779296875,33.4900016784668,31.370328903198242,2766700,0.0,0.0
2023-05-22,33.58000183105469,34.22999954223633,33.29999923706055,34.029998779296875,31.876150131225586,4913900,0.0,0.0
2023-05-23,34.06999969482422,34.06999969482422,33.529998779296875,33.810001373291016,31.67007827758789,5510900,0.0,0.0
2023-05-24,33.709999084472656,34.18000030517578,33.220001220703125,33.9900016784668,31.83867835998535,3633200,0.0,0.0
2023-05-25,33.95000076293945,33.95000076293945,32.939998626708984,33.459999084472656,31.34222412109375,5126300,0.0,0.0
2023-05-26,33.47999954223633,33.939998626708984,32.91999816894531,33.939998626708984,31.79184341430664,6586600,0.0,0.0
2023-05-30,34.15999984741211,34.38999938964844,33.79999923706055,34.04999923706055,31.89488410949707,4478800,0.0,0.0
2023-05-31,33.88999938964844,34.099998474121094,32.900001525878906,33.790000915527344,31.651342391967773,16179500,0.0,0.0
2023-06-01,34.43000030517578,34.43000030517578,32.09000015258789,32.400001525878906,30.349319458007812,7721000,0.0,0.0
2023-06-02,32.15999984741211,33.36000061035156,31.68000030517578,33.29999923706055,31.192358016967773,6747200,0.0,0.0
2023-06-05,33.40999984741211,34.189998626708984,33.060001373291016,33.119998931884766,31.02375030517578,3632400,0.0,0.0
2023-06-06,33.2599983215332,33.560001373291016,32.939998626708984,32.939998626708984,30.855138778686523,3761800,0.0,0.0
2023-06-07,33.15999984741211,34.11000061035156,32.880001068115234,34.06999969482422,31.91361427307129,5652000,0.0,0.0
2023-06-08,34.15999984741211,34.209999084472656,33.54999923706055,33.95000076293945,31.801212310791016,3307300,0.0,0.0
2023-06-09,34.09000015258789,34.189998626708984,33.619998931884766,34.08000183105469,31.922990798950195,2145400,0.0,0.0
2023-06-12,34.0,34.709999084472656,33.869998931884766,34.279998779296875,32.110328674316406,3115100,0.0,0.0
2023-06-13,34.27000045776367,34.369998931884766,33.790000915527344,34.349998474121094,32.1758918762207,3256300,0.0,0.0
2023-06-14,34.54999923706055,34.7599983215332,33.970001220703125,34.34000015258789,32.166526794433594,2583800,0.0,0.0
2023-06-15,34.290000915527344,34.560001373291016,34.060001373291016,34.369998931884766,32.19462966918945,4066400,0.0,0.0
2023-06-16,34.63999938964844,34.70000076293945,34.08000183105469,34.119998931884766,31.9604549407959,11338600,0.0,0.0
2023-06-20,34.09000015258789,34.38999938964844,33.47999954223633,33.52000045776367,31.398427963256836,4591200,0.0,0.0
2023-06-21,33.349998474121094,34.130001068115234,32.939998626708984,33.880001068115234,31.735641479492188,3333400,0.0,0.0
2023-06-22,35.22999954223633,35.59000015258789,34.61000061035156,34.91999816894531,32.709815979003906,9328100,0.0,0.0
2023-06-23,35.189998626708984,35.93000030517578,34.40999984741211,34.689998626708984,32.494384765625,10853000,0.0,0.0
2023-06-26,35.130001068115234,36.09000015258789,34.90999984741211,35.90999984741211,33.63715744018555,10177800,0.0,0.0
2023-06-27,36.2599983215332,36.900001525878906,35.63999938964844,36.59000015258789,34.27411651611328,9541700,0.0,0.0
2023-06-28,36.41999816894531,36.93000030517578,35.93000030517578,36.560001373291016,34.24602508544922,8213300,0.0,0.0
2023-06-29,36.56999969482422,37.29999923706055,36.40999984741211,37.16999816894531,34.81740951538086,4659100,0.0,0.0
2023-06-30,37.279998779296875,37.52000045776367,36.849998474121094,37.38999938964844,35.02347946166992,5011600,0.0,0.0
2023-07-03,37.220001220703125,37.720001220703125,37.119998931884766,37.619998931884766,35.238929748535156,1704900,0.0,0.0
2023-07-05,37.34000015258789,38.58000183105469,37.310001373291016,38.349998474121094,35.922725677490234,5700000,0.0,0.0
2023-07-06,37.97999954223633,38.15999984741211,37.560001373291016,37.79999923706055,35.407535552978516,3784500,0.0,0.0
2023-07-07,37.58000183105469,38.59000015258789,37.58000183105469,38.119998931884766,35.7072868347168,3979800,0.0,0.0
2023-07-10,38.099998474121094,38.20000076293945,37.65999984741211,37.83000183105469,35.435630798339844,2909600,0.0,0.0
2023-07-11,37.86000061035156,38.16999816894531,37.650001525878906,37.9900016784668,35.585514068603516,2921400,0.0,0.0
2023-07-12,38.130001068115234,38.470001220703125,37.86000061035156,37.900001525878906,35.501216888427734,3086600,0.0,0.0
2023-07-13,37.83000183105469,38.220001220703125,37.060001373291016,37.27000045776367,34.91108703613281,3779200,0.0,0.0
2023-07-14,37.189998626708984,37.189998626708984,36.2599983215332,36.45000076293945,34.142982482910156,3320800,0.0,0.0
2023-07-17,36.40999984741211,36.720001220703125,36.13999938964844,36.349998474121094,34.04930877685547,5771200,0.0,0.0
2023-07-18,36.29999923706055,37.27000045776367,36.29999923706055,36.959999084472656,34.620697021484375,4179300,0.0,0.0
2023-07-19,37.0,38.04999923706055,36.91999816894531,38.0,35.594871520996094,4415900,0.0,0.0
2023-07-20,38.36000061035156,38.90999984741211,38.189998626708984,38.709999084472656,36.259944915771484,4545400,0.0,0.0
2023-07-21,38.970001220703125,38.970001220703125,38.13999938964844,38.20000076293945,35.782222747802734,2665900,0.0,0.0
2023-07-24,38.209999084472656,38.279998779296875,37.83000183105469,37.880001068115234,35.48247146606445,5099000,0.0,0.0
2023-07-25,37.88999938964844,38.52000045776367,37.75,38.349998474121094,35.922725677490234,4699300,0.0,0.0
2023-07-26,38.38999938964844,38.970001220703125,38.34000015258789,38.5,36.063228607177734,3720200,0.0,0.0
2023-07-27,38.36000061035156,38.689998626708984,37.2599983215332,37.31999969482422,34.95792007446289,5118000,0.0,0.0
2023-07-28,37.779998779296875,37.95000076293945,37.279998779296875,37.709999084472656,35.323238372802734,5868800,0.0,0.0
2023-07-31,37.470001220703125,37.9900016784668,37.369998931884766,37.9900016784668,35.94583511352539,6862600,0.378,0.0
2023-08-01,37.93000030517578,38.189998626708984,37.58000183105469,37.81999969482422,35.784976959228516,3205500,0.0,0.0
2023-08-02,37.5099983215332,37.59000015258789,37.11000061035156,37.369998931884766,35.35919189453125,3017200,0.0,0.0
2023-08-03,37.11000061035156,37.97999954223633,36.84000015258789,37.65999984741211,35.633583068847656,3156500,0.0,0.0
2023-08-04,37.72999954223633,38.33000183105469,37.40999984741211,37.52000045776367,35.50111770629883,4367800,0.0,0.0
2023-08-07,37.81999969482422,38.09000015258789,37.5099983215332,37.52000045776367,35.50111770629883,3245900,0.0,0.0
2023-08-08,37.380001068115234,37.7599983215332,36.16999816894531,36.779998779296875,34.80093765258789,5218100,0.0,0.0
2023-08-09,37.0,38.18000030517578,36.790000915527344,37.220001220703125,35.217254638671875,4057700,0.0,0.0
2023-08-10,37.22999954223633,37.58000183105469,36.84000015258789,36.93000030517578,34.942867279052734,2102300,0.0,0.0
2023-08-11,36.970001220703125,37.31999969482422,36.5,36.65999984741211,34.6873893737793,2383000,0.0,0.0
2023-08-14,36.43000030517578,37.04999923706055,35.97999954223633,37.0,35.009098052978516,2694800,0.0,0.0
2023-08-15,36.599998474121094,37.029998779296875,36.36000061035156,36.95000076293945,34.9617919921875,2973400,0.0,0.0
2023-08-16,37.099998474121094,37.369998931884766,36.84000015258789,37.150001525878906,35.151031494140625,2267600,0.0,0.0
2023-08-17,37.20000076293945,37.68000030517578,36.540000915527344,36.77000045776367,34.791473388671875,2494200,0.0,0.0
2023-08-18,36.65999984741211,37.040000915527344,36.349998474121094,36.45000076293945,34.48869705200195,2340600,0.0,0.0
2023-08-21,36.45000076293945,36.939998626708984,36.29999923706055,36.869998931884766,34.88609313964844,2579000,0.0,0.0
2023-08-22,36.959999084472656,37.209999084472656,36.81999969482422,36.959999084472656,34.97125244140625,1692600,0.0,0.0
2023-08-23,37.31999969482422,37.380001068115234,37.04999923706055,37.2599983215332,35.25511169433594,1660700,0.0,0.0
2023-08-24,37.349998474121094,37.7400016784668,37.0,37.0,35.009098052978516,2246700,0.0,0.0
2023-08-25,37.060001373291016,37.47999954223633,37.060001373291016,37.15999984741211,35.16048812866211,1842000,0.0,0.0
2023-08-28,37.41999816894531,37.77000045776367,37.220001220703125,37.599998474121094,35.576812744140625,2098600,0.0,0.0
2023-08-29,37.529998779296875,37.9900016784668,37.02000045776367,37.119998931884766,35.12263870239258,2207600,0.0,0.0
2023-08-30,36.970001220703125,37.720001220703125,36.869998931884766,37.45000076293945,35.43488311767578,1688900,0.0,0.0
2023-08-31,37.63999938964844,37.849998474121094,37.349998474121094,37.54999923706055,35.52950668334961,3908500,0.0,0.0
2023-09-01,37.77000045776367,38.470001220703125,37.77000045776367,38.45000076293945,36.381072998046875,3226400,0.0,0.0
2023-09-05,38.439998626708984,38.560001373291016,37.459999084472656,37.970001220703125,35.92690658569336,4100100,0.0,0.0
2023-09-06,37.84000015258789,38.290000915527344,37.65999984741211,38.02000045776367,35.974220275878906,1625500,0.0,0.0
2023-09-07,38.2400016784668,38.630001068115234,37.9900016784668,38.349998474121094,36.28645706176758,3315700,0.0,0.0
2023-09-08,38.41999816894531,39.59000015258789,38.31999969482422,39.5099983215332,37.38404083251953,3782000,0.0,0.0
2023-09-11,39.5099983215332,39.5099983215332,38.650001525878906,38.849998474121094,36.75954818725586,2427300,0.0,0.0
2023-09-12,38.86000061035156,39.09000015258789,38.66999816894531,38.689998626708984,36.608154296875,1543200,0.0,0.0
2023-09-13,38.689998626708984,38.84000015258789,38.4900016784668,38.7599983215332,36.67438507080078,2513500,0.0,0.0
2023-09-14,38.869998931884766,39.16999816894531,38.630001068115234,39.13999938964844,37.0339469909668,2130300,0.0,0.0
2023-09-15,39.18000030517578,39.36000061035156,38.97999954223633,39.099998474121094,36.996097564697266,3521700,0.0,0.0
2023-09-18,39.13999938964844,39.77000045776367,39.0,39.75,37.611122131347656,1781700,0.0,0.0
2023-09-19,39.790000915527344,40.119998931884766,39.15999984741211,39.189998626708984,37.081260681152344,1591300,0.0,0.0
2023-09-20,39.380001068115234,39.7599983215332,38.849998474121094,38.88999938964844,36.79739761352539,2080300,0.0,0.0
2023-09-21,38.779998779296875,38.779998779296875,37.810001373291016,37.88999938964844,35.8512077331543,2221700,0.0,0.0
2023-09-22,37.90999984741211,38.7599983215332,37.77000045776367,38.630001068115234,36.55138397216797,1743200,0.0,0.0
2023-09-25,38.40999984741211,39.209999084472656,38.27000045776367,39.189998626708984,37.081260681152344,1451900,0.0,0.0
2023-09-26,38.97999954223633,39.099998474121094,38.11000061035156,38.29999923706055,36.23914337158203,2541900,0.0,0.0
2023-09-27,38.5,38.9900016784668,38.02000045776367,38.58000183105469,36.50408172607422,2752100,0.0,0.0
2023-09-28,38.65999984741211,38.7599983215332,38.16999816894531,38.279998779296875,36.220218658447266,2606100,0.0,0.0
2023-09-29,38.470001220703125,38.81999969482422,38.11000061035156,38.52000045776367,36.447303771972656,1731800,0.0,0.0
2023-10-02,38.470001220703125,38.54999923706055,37.02000045776367,37.56999969482422,35.54842758178711,3298700,0.0,0.0
2023-10-03,37.18000030517578,38.040000915527344,36.81999969482422,37.849998474121094,35.81336212158203,3245600,0.0,0.0
2023-10-04,37.88999938964844,38.13999938964844,36.61000061035156,37.459999084472656,35.44434356689453,3235100,0.0,0.0
2023-10-05,37.470001220703125,39.09000015258789,37.45000076293945,38.689998626708984,36.608154296875,4142300,0.0,0.0
2023-10-06,38.11000061035156,39.31999969482422,38.02000045776367,38.970001220703125,36.87309646606445,3731800,0.0,0.0
2023-10-09,38.9900016784668,39.709999084472656,38.9900016784668,39.70000076293945,37.56381607055664,2904700,0.0,0.0
2023-10-10,39.63999938964844,39.959999084472656,39.47999954223633,39.86000061035156,37.715206146240234,2902700,0.0,0.0
2023-10-11,40.0,41.279998779296875,39.97999954223633,41.27000045776367,39.04933547973633,3097200,0.0,0.0
2023-10-12,41.13999938964844,41.41999816894531,40.79999923706055,41.369998931884766,39.14395523071289,2969300,0.0,0.0
2023-10-13,41.59000015258789,41.65999984741211,40.810001373291016,41.0099983215332,38.80332946777344,2302200,0.0,0.0
2023-10-16,41.22999954223633,41.77000045776367,40.90999984741211,41.540000915527344,39.3048095703125,2290100,0.0,0.0
2023-10-17,41.279998779296875,42.02000045776367,41.22999954223633,42.02000045776367,39.758975982666016,3206100,0.0,0.0
2023-10-18,41.849998474121094,41.9900016784668,41.40999984741211,41.470001220703125,39.23857498168945,2447100,0.0,0.0
2023-10-19,41.369998931884766,41.70000076293945,40.75,40.7599983215332,38.566776275634766,2159200,0.0,0.0
2023-10-20,40.779998779296875,40.9900016784668,40.369998931884766,40.529998779296875,38.34915542602539,2044000,0.0,0.0
2023-10-23,40.189998626708984,40.880001068115234,40.099998474121094,40.63999938964844,38.4532356262207,3559900,0.0,0.0
2023-10-24,41.18000030517578,42.09000015258789,41.02000045776367,42.06999969482422,39.80628967285156,3373200,0.0,0.0
2023-10-25,42.040000915527344,42.63999938964844,41.58000183105469,41.83000183105469,39.57920455932617,3055500,0.0,0.0
2023-10-26,41.86000061035156,42.43000030517578,41.810001373291016,42.20000076293945,39.929290771484375,2979500,0.0,0.0
2023-10-27,42.130001068115234,42.310001373291016,41.5,41.65999984741211,39.41835021972656,3215800,0.0,0.0
2023-10-30,41.4900016784668,42.41999816894531,41.4900016784668,42.25,39.97660446166992,2435400,0.0,0.0
2023-10-31,41.939998626708984,42.41999816894531,41.56999969482422,42.380001068115234,40.46160888671875,2533600,0.378,0.0
2023-11-01,43.0,44.150001525878906,42.849998474121094,43.86000061035156,41.87461471557617,6356500,0.0,0.0
2023-11-02,42.7599983215332,46.2599983215332,41.72999954223633,45.130001068115234,43.08712387084961,9339700,0.0,0.0
2023-11-03,45.400001525878906,45.75,44.29999923706055,45.0,42.96300506591797,8358000,0.0,0.0
2023-11-06,45.63999938964844,46.81999969482422,45.400001525878906,45.7400016784668,43.66951370239258,9752400,0.0,0.0
2023-11-07,46.11000061035156,46.45000076293945,45.04999923706055,45.41999816894531,43.36399459838867,6836000,0.0,0.0
2023-11-08,45.189998626708984,45.779998779296875,45.029998779296875,45.68000030517578,43.61222457885742,6638200,0.0,0.0
2023-11-09,45.54999923706055,45.81999969482422,45.02000045776367,45.06999969482422,43.029842376708984,3557200,0.0,0.0
2023-11-10,45.5,45.63999938964844,45.09000015258789,45.54999923706055,43.48811340332031,4161400,0.0,0.0
2023-11-13,45.65999984741211,46.2599983215332,45.43000030517578,46.09000015258789,44.0036735534668,4433800,0.0,0.0
2023-11-14,46.779998779296875,47.34000015258789,46.209999084472656,47.31999969482422,45.17798614501953,3864600,0.0,0.0
2023-11-15,47.099998474121094,47.86000061035156,47.09000015258789,47.5099983215332,45.3593864440918,3541600,0.0,0.0
2023-11-16,47.9900016784668,48.58000183105469,47.439998626708984,47.56999969482422,45.41667556762695,3818200,0.0,0.0
2023-11-17,47.83000183105469,48.2599983215332,47.61000061035156,48.08000183105469,45.90359115600586,3297100,0.0,0.0
2023-11-20,47.86000061035156,48.029998779296875,46.560001373291016,47.290000915527344,45.14935302734375,4736200,0.0,0.0
2023-11-21,47.099998474121094,47.2400016784668,44.900001525878906,45.20000076293945,43.15395736694336,5221200,0.0,0.0
2023-11-22,45.369998931884766,45.849998474121094,45.040000915527344,45.83000183105469,43.75544357299805,2967600,0.0,0.0
2023-11-24,45.72999954223633,45.88999938964844,45.290000915527344,45.88999938964844,43.81272506713867,1164200,0.0,0.0
2023-11-27,45.900001525878906,46.68000030517578,45.459999084472656,46.459999084472656,44.35691833496094,3304200,0.0,0.0
2023-11-28,46.22999954223633,47.2400016784668,46.22999954223633,46.779998779296875,44.66243362426758,4800100,0.0,0.0
2023-11-29,46.65999984741211,47.290000915527344,46.52000045776367,46.849998474121094,44.72926712036133,2005400,0.0,0.0
2023-11-30,46.900001525878906,47.97999954223633,46.7400016784668,47.84000015258789,45.67445373535156,4998700,0.0,0.0
2023-12-01,47.720001220703125,48.38999938964844,47.709999084472656,48.369998931884766,46.18046188354492,3010200,0.0,0.0
2023-12-04,47.95000076293945,48.540000915527344,47.59000015258789,48.08000183105469,45.90359115600586,2762800,0.0,0.0
2023-12-05,48.040000915527344,48.68000030517578,47.81999969482422,48.2599983215332,46.075439453125,3773000,0.0,0.0
2023-12-06,48.38999938964844,48.72999954223633,47.52000045776367,47.529998779296875,45.37848663330078,3025500,0.0,0.0
2023-12-07,47.5099983215332,47.869998931884766,47.220001220703125,47.470001220703125,45.32120132446289,2156800,0.0,0.0
2023-12-08,47.34000015258789,47.83000183105469,47.34000015258789,47.810001373291016,45.645809173583984,3289600,0.0,0.0
2023-12-11,47.720001220703125,47.970001220703125,47.61000061035156,47.880001068115234,45.712642669677734,2127600,0.0,0.0
2023-12-12,47.709999084472656,48.810001373291016,47.599998474121094,48.70000076293945,46.49552917480469,3459700,0.0,0.0
2023-12-13,48.70000076293945,49.16999816894531,48.459999084472656,48.75,46.54326248168945,3431600,0.0,0.0
2023-12-14,48.970001220703125,49.16999816894531,47.880001068115234,48.209999084472656,46.0277099609375,3478500,0.0,0.0
2023-12-15,48.150001525878906,49.11000061035156,48.0,48.7599983215332,46.55280685424805,6301700,0.0,0.0
2023-12-18,48.63999938964844,49.459999084472656,48.63999938964844,49.290000915527344,47.05881881713867,4394800,0.0,0.0
2023-12-19,49.40999984741211,50.20000076293945,49.380001068115234,50.040000915527344,47.774864196777344,3534600,0.0,0.0
2023-12-20,49.869998931884766,50.34000015258789,49.349998474121094,49.380001068115234,47.14474105834961,2517700,0.0,0.0
2023-12-21,49.630001068115234,50.130001068115234,49.529998779296875,50.09000015258789,47.82260513305664,3504000,0.0,0.0
2023-12-22,50.20000076293945,50.22999954223633,49.75,50.0,47.73667526245117,2251700,0.0,0.0
2023-12-26,50.0,51.0099983215332,50.0,50.810001373291016,48.5100212097168,1786500,0.0,0.0
2023-12-27,50.70000076293945,51.2599983215332,50.70000076293945,51.220001220703125,48.90145492553711,1735400,0.0,0.0
2023-12-28,51.2400016784668,51.91999816894531,51.119998931884766,51.86000061035156,49.512481689453125,1753700,0.0,0.0
2023-12-29,51.709999084472656,52.15999984741211,51.5099983215332,51.70000076293945,49.3597297668457,2387700,0.0,0.0
2024-01-02,51.5,51.88999938964844,50.939998626708984,51.25,48.93009948730469,4995800,0.0,0.0
2024-01-03,51.349998474121094,51.7599983215332,51.0,51.66999816894531,49.331085205078125,3400800,0.0,0.0
2024-01-04,51.869998931884766,52.11000061035156,51.279998779296875,51.290000915527344,48.968284606933594,2048900,0.0,0.0
2024-01-05,51.38999938964844,51.849998474121094,51.29999923706055,51.72999954223633,49.38836669921875,2502500,0.0,0.0
2024-01-08,51.88999938964844,52.41999816894531,51.5099983215332,52.2400016784668,49.875282287597656,2855200,0.0,0.0
2024-01-09,51.939998626708984,52.09000015258789,51.52000045776367,51.720001220703125,49.378822326660156,3163300,0.0,0.0
2024-01-10,51.83000183105469,52.02000045776367,50.90999984741211,50.939998626708984,48.63412857055664,3257200,0.0,0.0
2024-01-11,50.880001068115234,50.880001068115234,50.22999954223633,50.5099983215332,48.223594665527344,2933800,0.0,0.0
2024-01-12,50.880001068115234,51.0,50.45000076293945,50.720001220703125,48.42408752441406,2655800,0.0,0.0
2024-01-16,50.45000076293945,51.27000045776367,50.2400016784668,50.939998626708984,48.63412857055664,3341700,0.0,0.0
2024-01-17,50.650001525878906,52.029998779296875,50.5099983215332,51.22999954223633,48.9109992980957,3126700,0.0,0.0
2024-01-18,51.04999923706055,51.189998626708984,50.43000030517578,50.959999084472656,48.65322494506836,2982700,0.0,0.0
2024-01-19,51.09000015258789,52.540000915527344,50.939998626708984,52.52000045776367,50.142608642578125,3050900,0.0,0.0
2024-01-22,52.709999084472656,53.08000183105469,52.20000076293945,52.689998626708984,50.30491256713867,2904100,0.0,0.0
2024-01-23,52.70000076293945,52.79999923706055,52.290000915527344,52.59000015258789,50.20943832397461,2159800,0.0,0.0
2024-01-24,52.900001525878906,52.90999984741211,51.83000183105469,52.029998779296875,49.67479705810547,4963600,0.0,0.0
2024-01-25,52.75,53.709999084472656,52.59000015258789,53.689998626708984,51.259639739990234,3403400,0.0,0.0
2024-01-26,53.7400016784668,54.27000045776367,53.529998779296875,54.25,51.7943000793457,2463000,0.0,0.0
2024-01-29,54.310001373291016,54.689998626708984,53.45000076293945,54.45000076293945,51.9852409362793,2840900,0.0,0.0
2024-01-30,54.38999938964844,54.63999938964844,53.70000076293945,54.029998779296875,51.584251403808594,2397300,0.0,0.0
2024-01-31,53.779998779296875,54.119998931884766,52.619998931884766,53.040000915527344,51.02436447143555,7182200,0.408,0.0
2024-02-01,53.08000183105469,54.61000061035156,52.869998931884766,54.25,52.188392639160156,2907600,0.0,0.0
2024-02-02,53.93000030517578,55.36000061035156,53.70000076293945,54.72999954223633,52.650142669677734,2890900,0.0,0.0
2024-02-05,54.279998779296875,54.47999954223633,53.439998626708984,53.68000030517578,51.640045166015625,3277000,0.0,0.0
2024-02-06,53.68000030517578,53.939998626708984,53.130001068115234,53.52000045776367,51.48612976074219,2250900,0.0,0.0
2024-02-07,53.63999938964844,53.84000015258789,52.290000915527344,52.9900016784668,50.97627639770508,3920300,0.0,0.0
2024-02-08,52.91999816894531,53.189998626708984,51.939998626708984,52.349998474121094,50.360595703125,2834700,0.0,0.0
2024-02-09,52.279998779296875,52.56999969482422,51.97999954223633,52.369998931884766,50.37983703613281,1875300,0.0,0.0
2024-02-12,52.41999816894531,52.599998474121094,51.2599983215332,51.7599983215332,49.79301071166992,2521600,0.0,0.0
2024-02-13,51.54999923706055,52.34000015258789,51.310001373291016,51.91999816894531,49.946929931640625,2265300,0.0,0.0
2024-02-14,52.4900016784668,52.720001220703125,51.88999938964844,52.060001373291016,50.08161926269531,2055500,0.0,0.0
2024-02-15,52.209999084472656,52.4900016784668,51.790000915527344,52.02000045776367,50.04314041137695,2125200,0.0,0.0
2024-02-16,51.84000015258789,52.68000030517578,51.79999923706055,51.900001525878906,49.92770004272461,1862200,0.0,0.0
2024-02-20,51.54999923706055,52.29999923706055,51.41999816894531,51.70000076293945,49.735294342041016,2388200,0.0,0.0
2024-02-21,51.79999923706055,52.15999984741211,51.4900016784668,51.869998931884766,49.898834228515625,1994100,0.0,0.0
2024-02-22,52.04999923706055,52.16999816894531,51.709999084472656,51.880001068115234,49.908451080322266,2815400,0.0,0.0
2024-02-23,52.33000183105469,52.33000183105469,51.4900016784668,51.54999923706055,49.590999603271484,3043800,0.0,0.0
2024-02-26,51.599998474121094,53.06999969482422,51.58000183105469,52.77000045776367,50.76463317871094,3759900,0.0,0.0
2024-02-27,52.81999969482422,54.06999969482422,52.56999969482422,54.040000915527344,51.98637008666992,3572200,0.0,0.0
2024-02-28,53.4900016784668,56.09000015258789,52.959999084472656,54.70000076293945,52.62128829956055,4724900,0.0,0.0
2024-02-29,54.70000076293945,55.400001525878906,54.119998931884766,55.31999969482422,53.21772766113281,4440800,0.0,0.0
2024-03-01,55.779998779296875,56.7599983215332,55.5,56.709999084472656,54.55490493774414,4567800,0.0,0.0
2024-03-04,56.439998626708984,58.0099983215332,55.959999084472656,57.689998626708984,55.49766159057617,5358800,0.0,0.0
2024-03-05,57.72999954223633,60.36000061035156,57.650001525878906,60.0099983215332,57.72949981689453,7916000,0.0,0.0
2024-03-06,60.5099983215332,61.5,59.650001525878906,61.459999084472656,59.124393463134766,4651200,0.0,0.0
2024-03-07,61.869998931884766,61.88999938964844,60.2599983215332,60.619998931884766,58.316314697265625,3659300,0.0,0.0
2024-03-08,60.650001525878906,60.97999954223633,60.029998779296875,60.72999954223633,58.4221305847168,3058700,0.0,0.0
2024-03-11,60.65999984741211,60.79999923706055,59.5,60.45000076293945,58.152774810791016,2574800,0.0,0.0
2024-03-12,60.400001525878906,62.33000183105469,60.22999954223633,62.29999923706055,59.93247604370117,2915400,0.0,0.0
2024-03-13,62.4900016784668,63.66999816894531,62.13999938964844,62.439998626708984,60.0671501159668,5874800,0.0,0.0
2024-03-14,62.59000015258789,64.48999786376953,62.400001525878906,63.38999938964844,60.981056213378906,4970000,0.0,0.0
2024-03-15,63.040000915527344,64.80999755859375,62.560001373291016,63.93000030517578,61.500526428222656,17146500,0.0,0.0
2024-03-18,64.55000305175781,66.1500015258789,63.84000015258789,65.0,62.52986526489258,6886700,0.0,0.0
2024-03-19,64.70999908447266,66.94999694824219,63.84000015258789,66.66000366210938,64.12678527832031,5480100,0.0,0.0
2024-03-20,66.58999633789062,67.95999908447266,66.33000183105469,67.13999938964844,64.58853912353516,3537900,0.0,0.0
2024-03-21,67.63999938964844,67.94999694824219,66.55000305175781,67.04000091552734,64.49234771728516,3171300,0.0,0.0
2024-03-22,67.2699966430664,67.70999908447266,66.9800033569336,67.16999816894531,64.61740112304688,2197700,0.0,0.0
2024-03-25,67.75,68.56999969482422,67.47000122070312,68.12999725341797,65.54090881347656,3696800,0.0,0.0
2024-03-26,68.05000305175781,68.5,65.86000061035156,65.87999725341797,63.37643051147461,3471900,0.0,0.0
2024-03-27,66.43000030517578,66.9000015258789,66.0,66.62000274658203,64.08831024169922,2595400,0.0,0.0
2024-03-28,66.4000015258789,67.8499984741211,66.38999938964844,67.69000244140625,65.11764526367188,2571800,0.0,0.0
2024-04-01,67.5999984741211,70.19000244140625,66.9000015258789,70.1500015258789,67.4841537475586,3718100,0.0,0.0
2024-04-02,69.5,69.55999755859375,67.91000366210938,68.5999984741211,65.99305725097656,3194800,0.0,0.0
2024-04-03,69.16999816894531,73.0199966430664,69.16999816894531,72.01000213623047,69.27346801757812,5367400,0.0,0.0
2024-04-04,72.43000030517578,73.12999725341797,70.4800033569336,70.69999694824219,68.01325225830078,4514700,0.0,0.0
2024-04-05,71.0,73.08000183105469,70.73999786376953,72.7699966430664,70.00459289550781,3256300,0.0,0.0
2024-04-08,72.30000305175781,73.83999633789062,72.12999725341797,73.80999755859375,71.00508117675781,3315500,0.0,0.0
2024-04-09,74.19000244140625,74.73999786376953,71.38999938964844,72.7699966430664,70.00459289550781,3186900,0.0,0.0
2024-04-10,71.94000244140625,74.72000122070312,71.62999725341797,73.18000030517578,70.39900970458984,5151200,0.0,0.0
2024-04-11,73.68000030517578,74.83999633789062,72.72000122070312,74.58999633789062,71.75543212890625,3657200,0.0,0.0
2024-04-12,74.31999969482422,76.11000061035156,73.54000091552734,73.93000030517578,71.12051391601562,4281600,0.0,0.0
2024-04-15,74.5999984741211,76.54000091552734,72.63999938964844,72.94999694824219,70.1777572631836,3903000,0.0,0.0
2024-04-16,73.08000183105469,74.91000366210938,72.5199966430664,74.5199966430664,71.68809509277344,3125800,0.0,0.0
2024-04-17,74.33000183105469,74.55999755859375,70.3499984741211,73.41999816894531,70.62989044189453,4217000,0.0,0.0
2024-04-18,73.6500015258789,74.06999969482422,70.44999694824219,70.5199966430664,67.84010314941406,4119400,0.0,0.0
2024-04-19,70.27999877929688,71.44999694824219,69.11000061035156,69.97000122070312,67.31099700927734,3987100,0.0,0.0
2024-04-22,70.51000213623047,71.58000183105469,70.05000305175781,70.38999938964844,67.71502685546875,2871600,0.0,0.0
2024-04-23,70.8499984741211,72.18000030517578,70.61000061035156,71.48999786376953,68.77323913574219,2800300,0.0,0.0
2024-04-24,71.81999969482422,73.37999725341797,71.36000061035156,72.61000061035156,69.85066986083984,3193300,0.0,0.0
2024-04-25,71.56999969482422,72.98999786376953,71.20999908447266,72.86000061035156,70.09117126464844,1809400,0.0,0.0
2024-04-26,73.0,73.19999694824219,71.77999877929688,72.80999755859375,70.0430679321289,1681800,0.0,0.0
2024-04-29,73.0,74.11000061035156,72.66999816894531,73.94999694824219,71.13973236083984,2151600,0.0,0.0
2024-04-30,73.29000091552734,74.0,72.54000091552734,72.66999816894531,70.29623413085938,2963400,0.408,0.0
2024-05-01,72.94000244140625,74.70999908447266,71.5,73.66000366210938,71.25389862060547,2253300,0.0,0.0
2024-05-02,74.30000305175781,75.75,73.22000122070312,75.12999725341797,72.6758804321289,2097900,0.0,0.0
2024-05-03,75.5,77.68000030517578,74.94999694824219,76.6500015258789,74.1462173461914,4253100,0.0,0.0
2024-05-06,77.7699966430664,78.38999938964844,76.36000061035156,77.88999938964844,75.34571838378906,4249100,0.0,0.0
2024-05-07,77.8499984741211,83.02999877929688,72.9800033569336,73.4000015258789,71.00240325927734,8170300,0.0,0.0
2024-05-08,74.08000183105469,78.1500015258789,73.87000274658203,75.81999969482422,73.34333801269531,5877400,0.0,0.0
2024-05-09,75.97000122070312,82.44999694824219,75.94999694824219,81.76000213623047,79.08931732177734,5891300,0.0,0.0
2024-05-10,82.81999969482422,84.45999908447266,82.5999984741211,83.6500015258789,80.91757202148438,5319900,0.0,0.0
2024-05-13,84.08999633789062,84.44000244140625,81.44000244140625,82.45999908447266,79.76644134521484,3775500,0.0,0.0
2024-05-14,81.9000015258789,83.23999786376953,81.44000244140625,82.08000183105469,79.39886474609375,4112800,0.0,0.0
2024-05-15,83.01000213623047,86.0,83.01000213623047,84.48999786376953,81.73011779785156,3448100,0.0,0.0
2024-05-16,85.0,85.56999969482422,82.77999877929688,82.93000030517578,80.2210922241211,3194100,0.0,0.0
2024-05-17,82.94999694824219,84.30000305175781,82.01000213623047,82.30000305175781,79.6116714477539,2913500,0.0,0.0
2024-05-20,82.73999786376953,83.30000305175781,80.66000366210938,81.4800033569336,78.81845092773438,3271200,0.0,0.0
2024-05-21,81.29000091552734,83.05000305175781,81.29000091552734,83.02999877929688,80.31783294677734,2508600,0.0,0.0
2024-05-22,82.2699966430664,82.5,80.1500015258789,81.06999969482422,78.4218521118164,3748000,0.0,0.0
2024-05-23,82.37999725341797,82.81999969482422,80.22000122070312,81.08999633789062,78.44119262695312,3333800,0.0,0.0
2024-05-24,81.45999908447266,86.45999908447266,79.44000244140625,86.0,83.19078826904297,3639500,0.0,0.0
2024-05-28,86.45999908447266,87.58000183105469,83.41000366210938,83.8499984741211,81.11103820800781,3167100,0.0,0.0
2024-05-29,83.47000122070312,84.29000091552734,82.2300033569336,83.52999877929688,80.80149841308594,2596700,0.0,0.0
2024-05-30,83.5199966430664,84.75,82.55999755859375,84.63999938964844,81.87522888183594,2085100,0.0,0.0
2024-05-31,84.68000030517578,84.83000183105469,77.66999816894531,81.0,78.3541488647461,7793300,0.0,0.0
2024-06-03,80.62999725341797,80.80000305175781,76.61000061035156,78.33999633789062,75.78102111816406,4984900,0.0,0.0
2024-06-04,77.98999786376953,79.77999877929688,75.91000366210938,77.83000183105469,75.28767395019531,4322700,0.0,0.0
2024-06-05,78.27999877929688,81.98999786376953,78.27999877929688,81.55000305175781,78.88617706298828,4141400,0.0,0.0
2024-06-06,81.37000274658203,82.6500015258789,77.19000244140625,77.83000183105469,75.28767395019531,4747600,0.0,0.0
2024-06-07,77.51000213623047,79.25,77.33000183105469,77.88999938964844,75.34571838378906,2966400,0.0,0.0
2024-06-10,77.69999694824219,80.20999908447266,77.5,79.97000122070312,77.3577880859375,3877800,0.0,0.0
2024-06-11,79.16999816894531,81.06999969482422,78.80999755859375,81.05000305175781,78.40251159667969,2851700,0.0,0.0
2024-06-12,81.69999694824219,82.41000366210938,78.93000030517578,80.30000305175781,77.67698669433594,2910200,0.0,0.0
2024-06-13,81.0,81.02999877929688,77.7699966430664,79.37999725341797,76.78705596923828,2802500,0.0,0.0
2024-06-14,78.83000183105469,78.97000122070312,78.0199966430664,78.63999938964844,76.07122802734375,2393100,0.0,0.0
2024-06-17,78.19999694824219,78.87000274658203,77.06999969482422,78.55000305175781,75.98416900634766,3680300,0.0,0.0
2024-06-18,78.12999725341797,80.26000213623047,77.7699966430664,79.91999816894531,77.30939483642578,3623400,0.0,0.0
2024-06-20,80.12999725341797,81.69999694824219,79.37000274658203,80.72000122070312,78.08328247070312,2806300,0.0,0.0
2024-06-21,80.11000061035156,80.61000061035156,78.87999725341797,80.0199966430664,77.40614318847656,8998600,0.0,0.0
2024-06-24,79.7699966430664,82.66000366210938,79.44000244140625,81.55999755859375,78.89583587646484,4374900,0.0,0.0
2024-06-25,81.93000030517578,83.73999786376953,81.19999694824219,82.2699966430664,79.5826416015625,2952300,0.0,0.0
2024-06-26,81.9800033569336,82.30999755859375,79.3499984741211,79.5199966430664,76.92247772216797,3751300,0.0,0.0
2024-06-27,79.5199966430664,80.04000091552734,78.33000183105469,78.66000366210938,76.09056854248047,2733200,0.0,0.0
2024-06-28,78.62000274658203,79.37000274658203,77.62000274658203,77.86000061035156,75.31670379638672,6940800,0.0,0.0
2024-07-01,78.83000183105469,79.2699966430664,77.2699966430664,77.8499984741211,75.30702209472656,2607600,0.0,0.0
2024-07-02,77.4800033569336,78.68000030517578,77.31999969482422,77.88999938964844,75.34571838378906,2016300,0.0,0.0
2024-07-03,77.91000366210938,79.6500015258789,77.44000244140625,79.41999816894531,76.82575988769531,1289800,0.0,0.0
2024-07-05,79.87000274658203,79.98999786376953,76.9000015258789,77.16000366210938,74.63957977294922,2091600,0.0,0.0
2024-07-08,77.66000366210938,78.77999877929688,77.18000030517578,78.56999969482422,76.0035171508789,1884900,0.0,0.0
2024-07-09,78.62999725341797,80.87999725341797,78.22000122070312,79.26000213623047,76.67097473144531,2541600,0.0,0.0
2024-07-10,79.75,79.9800033569336,77.7699966430664,79.16000366210938,76.5742416381836,1726300,0.0,0.0
2024-07-11,79.16000366210938,79.87000274658203,78.75,79.62999725341797,77.02888488769531,2276700,0.0,0.0
2024-07-12,79.66999816894531,80.51000213623047,78.62999725341797,79.93000030517578,77.31907653808594,1870700,0.0,0.0
2024-07-15,79.63999938964844,79.63999938964844,74.6500015258789,75.38999938964844,72.92738342285156,3501800,0.0,0.0
2024-07-16,75.8499984741211,77.4000015258789,75.5999984741211,76.43000030517578,73.93340301513672,2484100,0.0,0.0
2024-07-17,75.27999877929688,75.33999633789062,72.33000183105469,72.54000091552734,70.17047119140625,4824800,0.0,0.0
2024-07-18,73.33000183105469,74.4000015258789,71.83000183105469,73.62999725341797,71.22488403320312,2779300,0.0,0.0
2024-07-19,74.01000213623047,75.37000274658203,73.61000061035156,74.91000366210938,72.46305847167969,3455900,0.0,0.0
2024-07-22,75.36000061035156,77.12000274658203,75.2300033569336,76.8499984741211,74.33969116210938,1704100,0.0,0.0
2024-07-23,76.54000091552734,77.45999908447266,76.05999755859375,76.61000061035156,74.10753631591797,3089300,0.0,0.0
2024-07-24,76.12000274658203,76.76000213623047,74.04000091552734,74.19000244140625,71.7665786743164,2495900,0.0,0.0
2024-07-25,74.4800033569336,75.0,72.54000091552734,73.08999633789062,70.7025146484375,2921300,0.0,0.0
2024-07-26,74.44999694824219,75.12999725341797,73.08999633789062,73.70999908447266,71.30226135253906,2006100,0.0,0.0
2024-07-29,74.33999633789062,74.95999908447266,73.69000244140625,74.33000183105469,71.90200805664062,1418200,0.0,0.0
2024-07-30,74.73999786376953,75.25,72.95999908447266,73.33000183105469,70.93468475341797,1632400,0.0,0.0
2024-07-31,77.11000061035156,78.47000122070312,74.62999725341797,75.16999816894531,72.71456146240234,4500200,0.0,0.0
2024-08-01,75.0,76.5999984741211,73.08999633789062,73.5,71.48713684082031,2337700,0.408,0.0
2024-08-02,72.62999725341797,73.33000183105469,69.18000030517578,70.0,68.0829849243164,4472200,0.0,0.0
2024-08-05,66.44000244140625,69.94000244140625,65.11000061035156,68.88999938964844,67.00337982177734,3751700,0.0,0.0
2024-08-06,69.44999694824219,72.5,69.37999725341797,71.19000244140625,69.24040222167969,3804900,0.0,0.0
2024-08-07,72.56999969482422,73.43000030517578,71.91000366210938,72.06999969482422,70.09629821777344,4235200,0.0,0.0
2024-08-08,73.80999755859375,78.6500015258789,72.94999694824219,77.97000122070312,75.834716796875,4501700,0.0,0.0
2024-08-09,77.69000244140625,80.45999908447266,76.31999969482422,80.29000091552734,78.0911865234375,3767100,0.0,0.0
2024-08-12,80.37000274658203,80.62999725341797,77.9800033569336,79.87000274658203,77.68269348144531,3414200,0.0,0.0
2024-08-13,80.61000061035156,82.87999725341797,80.0,81.86000061035156,79.6181869506836,3057400,0.0,0.0
2024-08-14,82.19000244140625,82.7300033569336,80.7699966430664,82.37999725341797,80.12394714355469,2534500,0.0,0.0
2024-08-15,82.20999908447266,83.33999633789062,81.5999984741211,82.75,80.48381042480469,2973200,0.0,0.0
2024-08-16,82.69000244140625,83.8499984741211,81.7699966430664,82.77999877929688,80.51298522949219,2529000,0.0,0.0
2024-08-19,82.77999877929688,82.87999725341797,80.6500015258789,82.33999633789062,80.08504486083984,1564200,0.0,0.0
2024-08-20,82.2699966430664,82.76000213623047,81.52999877929688,81.91999816894531,79.67654418945312,1344700,0.0,0.0
2024-08-21,81.91999816894531,83.55999755859375,81.52999877929688,82.75,80.48381042480469,3486000,0.0,0.0
2024-08-22,82.8499984741211,83.20999908447266,81.68000030517578,81.8499984741211,79.60845947265625,2093200,0.0,0.0
2024-08-23,82.36000061035156,83.66999816894531,82.01000213623047,83.5,81.21327209472656,3005500,0.0,0.0
2024-08-26,83.54000091552734,85.37999725341797,83.27999877929688,83.75,81.45642852783203,3480500,0.0,0.0
2024-08-27,83.19999694824219,84.08999633789062,82.76000213623047,83.5999984741211,81.310546875,1812100,0.0,0.0
2024-08-28,83.58999633789062,84.0,79.94000244140625,80.2699966430664,78.07173156738281,2885300,0.0,0.0
2024-08-29,80.5199966430664,82.9800033569336,80.04000091552734,82.62000274658203,80.35736846923828,1883800,0.0,0.0
2024-08-30,83.0,85.16999816894531,82.95999908447266,85.01000213623047,82.68192291259766,2503800,0.0,0.0
2024-09-03,84.80000305175781,84.80000305175781,79.5,79.75,77.56597137451172,2872900,0.0,0.0
2024-09-04,79.66000366210938,81.3499984741211,78.97000122070312,79.12999725341797,76.96295166015625,1993900,0.0,0.0
2024-09-05,79.25,79.56999969482422,78.05999755859375,78.52999877929688,76.37938690185547,1526700,0.0,0.0
2024-09-06,78.54000091552734,79.5999984741211,76.36000061035156,76.51000213623047,74.4146957397461,3207500,0.0,0.0
2024-09-09,77.37999725341797,78.06999969482422,76.12999725341797,77.91999816894531,75.78607940673828,2483600,0.0,0.0
2024-09-10,78.30000305175781,78.44999694824219,77.37999725341797,77.94000244140625,75.8055419921875,1239200,0.0,0.0
2024-09-11,78.19000244140625,80.12000274658203,77.30999755859375,80.06999969482422,77.87720489501953,2340800,0.0,0.0
2024-09-12,80.06999969482422,81.08000183105469,79.55999755859375,79.80000305175781,77.61460876464844,1793500,0.0,0.0
2024-09-13,78.75,81.38999938964844,77.48999786376953,81.04000091552734,78.82064819335938,2250700,0.0,0.0
2024-09-16,80.88999938964844,82.0199966430664,80.2699966430664,80.77999877929688,78.56776428222656,2381700,0.0,0.0
2024-09-17,81.33999633789062,82.83000183105469,80.7699966430664,81.31999969482422,79.09297943115234,2140300,0.0,0.0
2024-09-18,81.30000305175781,84.06999969482422,81.23999786376953,81.94999694824219,79.70571899414062,2735300,0.0,0.0
2024-09-19,83.0,83.45999908447266,81.25,81.83000183105469,79.58901977539062,1968400,0.0,0.0
2024-09-20,83.5,87.16000366210938,82.47000122070312,87.08999633789062,84.7049560546875,6334000,0.0,0.0
2024-09-23,87.83000183105469,90.56999969482422,86.5199966430664,88.0,85.59004211425781,4285300,0.0,0.0
2024-09-24,88.55999755859375,88.91999816894531,87.27999877929688,87.91999816894531,85.51221466064453,2103700,0.0,0.0
2024-09-25,88.11000061035156,89.70999908447266,87.33000183105469,89.23999786376953,86.79606628417969,2437500,0.0,0.0
2024-09-26,91.12000274658203,93.16999816894531,89.94999694824219,90.58000183105469,88.0993881225586,4386100,0.0,0.0
2024-09-27,90.47000122070312,91.98999786376953,90.22000122070312,91.22000122070312,88.72183990478516,2077200,0.0,0.0
2024-09-30,91.19999694824219,92.12000274658203,89.58000183105469,91.0999984741211,88.60514068603516,2715600,0.0,0.0
2024-10-01,90.80999755859375,92.91000366210938,89.9000015258789,92.6500015258789,90.11270141601562,3493900,0.0,0.0
2024-10-02,92.0,93.45999908447266,91.87000274658203,92.48999786376953,89.95706176757812,2229200,0.0,0.0
2024-10-03,93.16999816894531,94.5999984741211,92.80999755859375,94.05000305175781,91.474365234375,3029500,0.0,0.0
2024-10-04,94.48999786376953,96.19999694824219,93.91000366210938,95.3499984741211,92.73875427246094,2488400,0.0,0.0
2024-10-07,95.58000183105469,96.4000015258789,92.83000183105469,94.29000091552734,91.70777893066406,2307700,0.0,0.0
2024-10-08,94.4800033569336,94.81999969482422,93.16999816894531,93.55999755859375,90.99775695800781,2039500,0.0,0.0
2024-10-09,93.26000213623047,93.3499984741211,87.37999725341797,88.55999755859375,86.13469696044922,3062700,0.0,0.0
2024-10-10,87.81999969482422,88.79000091552734,87.5,87.5999984741211,85.20098114013672,1831800,0.0,0.0
2024-10-11,87.04000091552734,89.83999633789062,85.62999725341797,89.75,87.2921142578125,2596200,0.0,0.0
2024-10-14,90.26000213623047,91.06999969482422,89.47000122070312,90.08000183105469,87.61308288574219,1989000,0.0,0.0
2024-10-15,89.83999633789062,90.23999786376953,89.01000213623047,89.13999938964844,86.69881439208984,1925200,0.0,0.0
2024-10-16,90.0,91.88999938964844,89.5999984741211,91.29000091552734,88.78993225097656,2048100,0.0,0.0
2024-10-17,92.06999969482422,92.81999969482422,85.97000122070312,86.0,83.64480590820312,2428600,0.0,0.0
2024-10-18,86.04000091552734,87.1500015258789,85.5,86.33000183105469,83.96576690673828,2102800,0.0,0.0
2024-10-21,86.44999694824219,87.06999969482422,85.2300033569336,86.44999694824219,84.08248138427734,1713900,0.0,0.0
2024-10-22,85.47000122070312,85.9800033569336,84.08999633789062,85.30000305175781,82.9639892578125,1819700,0.0,0.0
2024-10-23,84.9000015258789,88.0,84.9000015258789,87.7300033569336,85.32743072509766,4910300,0.0,0.0
2024-10-24,88.08000183105469,89.55999755859375,87.41999816894531,89.27999877929688,86.83497619628906,2869700,0.0,0.0
2024-10-25,90.0199966430664,90.1500015258789,87.27999877929688,87.52999877929688,85.13291931152344,3079000,0.0,0.0
2024-10-28,88.11000061035156,88.88999938964844,87.69999694824219,88.7300033569336,86.30005645751953,2017900,0.0,0.0
2024-10-29,87.94000244140625,89.08000183105469,86.16000366210938,88.0999984741211,85.68730163574219,2715600,0.0,0.0
2024-10-30,88.86000061035156,89.97000122070312,87.62000274658203,88.44999694824219,86.02771759033203,2137500,0.0,0.0
2024-10-31,88.3499984741211,91.01000213623047,88.0999984741211,90.4000015258789,87.92430877685547,2187500,0.0,0.0
2024-11-01,89.9000015258789,90.26000213623047,85.98999786376953,86.72000122070312,84.72750091552734,2685000,0.408,0.0
2024-11-04,85.69999694824219,89.02999877929688,85.25,88.05000305175781,86.02693176269531,3032900,0.0,0.0
2024-11-05,88.12999725341797,91.5199966430664,88.12999725341797,91.25,89.15340423583984,2211800,0.0,0.0
2024-11-06,91.5199966430664,93.0,90.83999633789062,92.38999938964844,90.26720428466797,2474000,0.0,0.0
2024-11-07,93.75,97.3499984741211,92.95999908447266,96.4000015258789,94.1850814819336,4031900,0.0,0.0
2024-11-08,99.75,102.83999633789062,94.73999786376953,96.13999938964844,93.93106079101562,4780800,0.0,0.0
2024-11-11,98.55000305175781,99.36000061035156,93.81999969482422,94.27999877929688,92.11378479003906,3411200,0.0,0.0
2024-11-12,93.5,95.69999694824219,90.37000274658203,92.66000366210938,90.53101348876953,2968700,0.0,0.0
2024-11-13,92.9800033569336,94.77999877929688,92.05999755859375,92.4800033569336,90.35514831542969,2726400,0.0,0.0
2024-11-14,92.5999984741211,94.19999694824219,91.29000091552734,91.63999938964844,89.53443145751953,2878500,0.0,0.0
2024-11-15,91.62000274658203,92.91999816894531,91.2300033569336,92.19000244140625,90.07181549072266,1995100,0.0,0.0
2024-11-18,92.23999786376953,94.5,91.18000030517578,93.2300033569336,91.08790588378906,2707900,0.0,0.0
2024-11-19,92.0,95.22000122070312,91.66000366210938,94.86000061035156,92.68045043945312,2787400,0.0,0.0
2024-11-20,95.43000030517578,96.20999908447266,93.8499984741211,94.5199966430664,92.34825897216797,1856900,0.0,0.0
2024-11-21,94.94999694824219,97.47000122070312,94.4000015258789,96.88999938964844,94.66381072998047,2477800,0.0,0.0
2024-11-22,97.2300033569336,97.76000213623047,94.54000091552734,95.4800033569336,93.28621673583984,1800900,0.0,0.0
2024-11-25,96.55000305175781,97.52999877929688,91.5199966430664,91.87000274658203,89.75917053222656,4385200,0.0,0.0
2024-11-26,93.51000213623047,101.44999694824219,92.41000366210938,101.16000366210938,98.8357162475586,4662500,0.0,0.0
2024-11-27,101.26000213623047,101.54000091552734,98.2300033569336,98.88999938964844,96.61788177490234,2037200,0.0,0.0
2024-11-29,99.88999938964844,103.13999938964844,99.5199966430664,101.61000061035156,99.27537536621094,1647400,0.0,0.0
2024-12-02,101.87999725341797,102.5,99.12000274658203,99.4000015258789,97.11614990234375,2114700,0.0,0.0
2024-12-03,100.68000030517578,102.2699966430664,99.05999755859375,99.11000061035156,96.83280181884766,1731700,0.0,0.0
2024-12-04,100.5999984741211,102.88999938964844,100.08000183105469,100.93000030517578,98.61099243164062,2401500,0.0,0.0
2024-12-05,100.51000213623047,102.30000305175781,99.73999786376953,101.27999877929688,98.95295715332031,1858700,0.0,0.0
2024-12-06,101.33999633789062,101.95999908447266,98.66999816894531,99.26000213623047,96.97937774658203,1433500,0.0,0.0
2024-12-09,99.22000122070312,99.36000061035156,94.55000305175781,96.06999969482422,93.86266326904297,2370500,0.0,0.0
2024-12-10,95.52999877929688,95.94999694824219,93.36000061035156,93.7300033569336,91.57642364501953,2235600,0.0,0.0
2024-12-11,94.83000183105469,96.1500015258789,93.62999725341797,95.4800033569336,93.28621673583984,1835200,0.0,0.0
2024-12-12,95.25,97.79000091552734,95.13999938964844,95.13999938964844,92.95402526855469,1793500,0.0,0.0
2024-12-13,95.5,97.13999938964844,94.95999908447266,94.9800033569336,92.7977066040039,1432000,0.0,0.0
2024-12-16,95.11000061035156,96.9000015258789,94.16000366210938,94.18000030517578,92.0160903930664,1636200,0.0,0.0
2024-12-17,93.36000061035156,93.63999938964844,90.66999816894531,91.41999816894531,89.31950378417969,2122000,0.0,0.0
2024-12-18,91.76000213623047,92.0199966430664,88.77999877929688,88.80999755859375,86.76947021484375,2281200,0.0,0.0
2024-12-19,89.48999786376953,90.95999908447266,88.0,89.25,87.1993637084961,3260700,0.0,0.0
2024-12-20,87.93000030517578,91.62999725341797,87.72000122070312,90.44999694824219,88.37178039550781,6489600,0.0,0.0
2024-12-23,90.55000305175781,92.51000213623047,88.94000244140625,92.23999786376953,90.12065887451172,2496000,0.0,0.0
2024-12-24,92.7699966430664,93.63999938964844,92.0999984741211,93.02999877929688,90.89252471923828,727900,0.0,0.0
2024-12-26,92.87999725341797,93.7300033569336,92.30999755859375,92.83999633789062,90.70687103271484,1672900,0.0,0.0
2024-12-27,92.11000061035156,92.55000305175781,90.70999908447266,91.94999694824219,89.83731079101562,6117900,0.0,0.0
2024-12-30,90.91999816894531,92.58000183105469,90.30999755859375,92.1500015258789,90.0327377319336,1751000,0.0,0.0
2024-12-31,92.12000274658203,92.37999725341797,89.69999694824219,90.22000122070312,88.14706420898438,3460000,0.0,0.0
2025-01-02,91.01000213623047,93.05999755859375,90.37999725341797,92.75,90.61894989013672,2182400,0.0,0.0
2025-01-03,93.93000030517578,100.66000366210938,93.44999694824219,98.5,96.23681640625,2701200,0.0,0.0
2025-01-06,99.30000305175781,100.31999969482422,97.98999786376953,98.72000122070312,96.45176696777344,4259200,0.0,0.0
2025-01-07,99.0,99.47000122070312,94.83999633789062,96.7300033569336,94.50749969482422,3110700,0.0,0.0
2025-01-08,96.54000091552734,99.61000061035156,93.3499984741211,98.54000091552734,96.27590942382812,3407500,0.0,0.0
2025-01-10,98.95999908447266,100.52999877929688,96.68000030517578,99.38999938964844,97.10636901855469,3233100,0.0,0.0
2025-01-13,98.55000305175781,98.95999908447266,95.30999755859375,97.19999694824219,94.96669006347656,2513600,0.0,0.0
2025-01-14,98.69999694824219,100.5999984741211,97.76000213623047,99.79000091552734,97.4971923828125,2894500,0.0,0.0
2025-01-15,103.0,104.91999816894531,102.22000122070312,104.06999969482422,101.67884826660156,2737800,0.0,0.0
2025-01-16,104.27999877929688,106.6500015258789,103.69000244140625,106.0,103.56450653076172,3465100,0.0,0.0
2025-01-17,106.41999816894531,106.41999816894531,103.75,104.51000213623047,102.1087417602539,2664500,0.0,0.0
2025-01-21,107.12999725341797,112.79000091552734,107.12999725341797,111.55000305175781,108.98699188232422,5339600,0.0,0.0
2025-01-22,115.01000213623047,115.37999725341797,109.52999877929688,110.3499984741211,107.8145523071289,3596900,0.0,0.0
2025-01-23,110.62999725341797,113.16999816894531,109.55999755859375,110.54000091552734,108.00019073486328,3558700,0.0,0.0
2025-01-24,111.26000213623047,112.69999694824219,110.33999633789062,112.37000274658203,109.78814697265625,4289800,0.0,0.0
2025-01-27,105.08000183105469,106.0,94.80999755859375,97.48999786376953,95.25003814697266,5899300,0.0,0.0
2025-01-28,98.91000366210938,101.69999694824219,95.55000305175781,100.87000274658203,98.55237579345703,4713000,0.0,0.0
2025-01-29,100.83999633789062,102.8499984741211,99.27999877929688,100.56999969482422,98.25926971435547,2965800,0.0,0.0
2025-01-30,102.80000305175781,106.0199966430664,102.23999786376953,105.0,102.58747863769531,3363000,0.0,0.0
2025-01-31,104.91000366210938,105.1500015258789,102.41999816894531,102.44000244140625,100.0863037109375,2897900,0.0,0.0
2025-02-03,99.0,104.0,99.0,102.68000030517578,100.75353240966797,2325600,0.44,0.0
2025-02-04,101.95999908447266,102.88999938964844,100.25,101.66000366210938,99.752685546875,1752700,0.0,0.0
2025-02-05,103.25,104.20999908447266,101.06999969482422,102.87999725341797,100.94979095458984,1926500,0.0,0.0
2025-02-06,103.19999694824219,103.94999694824219,102.05000305175781,103.30999755859375,101.37171173095703,1430400,0.0,0.0
2025-02-07,104.41999816894531,105.7699966430664,102.66999816894531,103.01000213623047,101.07734680175781,1230500,0.0,0.0
2025-02-10,103.55000305175781,105.26000213623047,102.76000213623047,105.18000030517578,103.20663452148438,1710800,0.0,0.0
2025-02-11,104.4800033569336,104.87000274658203,102.77999877929688,104.66000366210938,102.69639587402344,2597400,0.0,0.0
2025-02-12,102.19999694824219,104.30999755859375,101.3499984741211,102.66000366210938,100.73391723632812,2216600,0.0,0.0
2025-02-13,102.95999908447266,106.4800033569336,102.83999633789062,106.25,104.25655364990234,3200000,0.0,0.0
2025-02-14,106.23999786376953,108.7699966430664,104.11000061035156,107.5999984741211,105.58123016357422,1661800,0.0,0.0
2025-02-18,108.83999633789062,112.70999908447266,108.31999969482422,111.91000366210938,109.81037139892578,3661400,0.0,0.0
2025-02-19,111.70999908447266,112.6500015258789,110.36000061035156,112.41000366210938,110.30099487304688,2173500,0.0,0.0
2025-02-20,111.8499984741211,111.8499984741211,107.36000061035156,111.06999969482422,108.98612213134766,2020800,0.0,0.0
2025-02-21,111.23999786376953,111.51000213623047,105.37000274658203,105.95999908447266,103.97200775146484,3350400,0.0,0.0
2025-02-24,106.55000305175781,107.13999938964844,102.16000366210938,103.43000030517578,101.48946380615234,2894100,0.0,0.0
2025-02-25,101.44000244140625,104.0,98.2699966430664,102.44000244140625,100.5180435180664,3814000,0.0,0.0
2025-02-26,105.5199966430664,115.3499984741211,105.30999755859375,113.33000183105469,111.20372772216797,5031700,0.0,0.0
2025-02-27,116.19999694824219,117.26000213623047,104.8499984741211,105.11000061035156,103.13794708251953,5401900,0.0,0.0
2025-02-28,104.4800033569336,106.19000244140625,102.18000030517578,105.70999908447266,103.7266845703125,3814200,0.0,0.0
2025-03-03,106.5999984741211,106.9800033569336,99.19000244140625,100.25,98.36913299560547,4174100,0.0,0.0
2025-03-04,98.11000061035156,102.62999725341797,95.31999969482422,100.25,98.36913299560547,3182800,0.0,0.0
2025-03-05,98.66999816894531,100.02999877929688,96.69999694824219,98.70999908447266,96.85802459716797,2643000,0.0,0.0
2025-03-06,95.20999908447266,96.11000061035156,90.61000061035156,91.13999938964844,89.43004608154297,3415200,0.0,0.0
2025-03-07,91.54000091552734,93.30999755859375,84.87000274658203,88.08999633789062,86.43727111816406,4669300,0.0,0.0
2025-03-10,85.08999633789062,86.41000366210938,80.9000015258789,84.81999969482422,83.22862243652344,6156600,0.0,0.0
2025-03-11,84.70999908447266,90.26000213623047,84.70999908447266,88.62000274658203,86.95733642578125,5214300,0.0,0.0
2025-03-12,91.0,94.55000305175781,90.68000030517578,92.47000122070312,90.73509216308594,4921300,0.0,0.0
2025-03-13,92.26000213623047,92.5,89.43000030517578,90.91999816894531,89.21417236328125,3433500,0.0,0.0
2025-03-14,92.58000183105469,95.62999725341797,91.37999725341797,95.38999938964844,93.60031127929688,2989800,0.0,0.0
2025-03-17,95.5999984741211,97.91999816894531,94.44000244140625,96.12999725341797,94.32642364501953,2483900,0.0,0.0
2025-03-18,94.19000244140625,95.3499984741211,93.22000122070312,94.68000030517578,92.90363311767578,1796800,0.0,0.0
2025-03-19,94.9800033569336,99.0199966430664,94.9000015258789,98.26000213623047,96.41646575927734,2337400,0.0,0.0
2025-03-20,97.05000305175781,100.48999786376953,96.58000183105469,99.63999938964844,97.77057647705078,2564100,0.0,0.0
2025-03-21,98.05000305175781,100.73999786376953,96.58000183105469,100.66000366210938,98.77144622802734,7623100,0.0,0.0
2025-03-24,102.27999877929688,104.19999694824219,101.66000366210938,102.86000061035156,100.93016052246094,2612200,0.0,0.0
2025-03-25,102.06999969482422,102.97000122070312,100.23999786376953,102.2699966430664,100.35123443603516,2096100,0.0,0.0
2025-03-26,101.48999786376953,102.16000366210938,96.5,97.37000274658203,95.54316711425781,2410200,0.0,0.0
2025-03-27,95.83999633789062,97.94000244140625,95.04000091552734,95.76000213623047,93.96337890625,1958500,0.0,0.0
2025-03-28,95.5999984741211,96.93000030517578,94.47000122070312,95.19999694824219,93.41387939453125,2403200,0.0,0.0
2025-03-31,93.22000122070312,96.02999877929688,92.93000030517578,95.45999908447266,93.66899871826172,2976500,0.0,0.0
2025-04-01,95.5999984741211,98.58999633789062,95.01000213623047,98.52999877929688,96.68140411376953,2547800,0.0,0.0
2025-04-02,96.55999755859375,103.48999786376953,96.45999908447266,102.87999725341797,100.94979095458984,3301800,0.0,0.0
2025-04-03,97.0,99.51000213623047,92.37999725341797,92.7699966430664,91.02946472167969,3435700,0.0,0.0
2025-04-04,91.0,91.25,82.01000213623047,83.61000061035156,82.04132843017578,6877100,0.0,0.0
2025-04-07,80.43000030517578,90.8499984741211,79.56999969482422,87.23999786376953,85.60321807861328,4796800,0.0,0.0
2025-04-08,91.3499984741211,92.08999633789062,84.37999725341797,85.9000015258789,84.28836822509766,3618400,0.0,0.0
2025-04-09,86.0,98.5999984741211,83.12000274658203,97.38999938964844,95.56278991699219,4840800,0.0,0.0
2025-04-10,94.72000122070312,95.91999816894531,90.91000366210938,92.88999938964844,91.14720916748047,2577000,0.0,0.0
2025-04-11,93.3499984741211,95.4800033569336,91.44000244140625,94.47000122070312,92.69757080078125,1634900,0.0,0.0
2025-04-14,97.44999694824219,97.61000061035156,95.0,95.91999816894531,94.12036895751953,1981700,0.0,0.0
2025-04-15,96.0,98.5,96.0,97.11000061035156,95.28804779052734,1513700,0.0,0.0
2025-04-16,95.48999786376953,99.0999984741211,95.37999725341797,98.08999633789062,96.2496566772461,2217500,0.0,0.0
2025-04-17,99.04000091552734,100.66999816894531,97.0999984741211,97.86000061035156,96.02397918701172,1945900,0.0,0.0
2025-04-21,96.0999984741211,96.80000305175781,90.83999633789062,93.08999633789062,91.34346008300781,1916000,0.0,0.0
2025-04-22,95.08999633789062,99.33999633789062,95.08999633789062,98.80000305175781,96.94633483886719,3561500,0.0,0.0
2025-04-23,103.19000244140625,105.61000061035156,100.97000122070312,102.04000091552734,100.12555694580078,1816600,0.0,0.0
2025-04-24,101.80999755859375,106.80000305175781,101.54000091552734,106.11000061035156,104.11919403076172,1699800,0.0,0.0
2025-04-25,106.11000061035156,109.19000244140625,106.11000061035156,108.33000183105469,106.29753875732422,1810200,0.0,0.0
2025-04-28,108.12999725341797,109.66000366210938,107.62000274658203,109.36000061035156,107.3082046508789,2620800,0.0,0.0
2025-04-29,108.5,110.0999984741211,107.18000030517578,109.52999877929688,107.47502136230469,1745300,0.0,0.0
2025-04-30,106.51000213623047,109.83999633789062,105.30000305175781,109.58000183105469,107.52407836914062,2328100,0.0,0.0
2025-05-01,111.29000091552734,115.23999786376953,111.25,114.13999938964844,112.4500503540039,3092400,0.44,0.0
2025-05-02,115.0,117.9000015258789,114.37000274658203,116.63999938964844,114.91304016113281,2207600,0.0,0.0
2025-05-05,115.52999877929688,116.70999908447266,114.0,116.2300033569336,114.50910949707031,1764400,0.0,0.0
2025-05-06,115.37000274658203,118.47000122070312,114.19999694824219,117.01000213623047,115.27755737304688,2891400,0.0,0.0
2025-05-07,115.73999786376953,119.81999969482422,115.4800033569336,118.66999816894531,116.9129867553711,2698100,0.0,0.0
2025-05-08,119.52999877929688,120.91999816894531,117.87000274658203,120.33999633789062,118.55824279785156,2549200,0.0,0.0
2025-05-09,120.25,120.7300033569336,117.44000244140625,119.33000183105469,117.5632095336914,3028100,0.0,0.0
2025-05-12,137.0,150.80999755859375,136.9499969482422,150.61000061035156,148.3800811767578,10257900,0.0,0.0
2025-05-13,149.6300048828125,158.66000366210938,147.89999389648438,156.7100067138672,154.38975524902344,8023100,0.0,0.0
2025-05-14,154.75,158.3699951171875,152.91000366210938,153.80999755859375,151.53268432617188,6349700,0.0,0.0
2025-05-15,153.5,157.41000366210938,152.83999633789062,155.02000427246094,152.72479248046875,4280200,0.0,0.0
2025-05-16,154.9600067138672,159.24000549316406,154.0399932861328,159.1999969482422,156.84291076660156,6992300,0.0,0.0
2025-05-19,156.77999877929688,161.77999877929688,156.16000366210938,161.24000549316406,158.85269165039062,2878800,0.0,0.0
2025-05-20,160.1199951171875,161.3800048828125,158.8300018310547,159.67999267578125,157.31578063964844,3482000,0.0,0.0
2025-05-21,158.4199981689453,158.66000366210938,154.8300018310547,155.47000122070312,153.16812133789062,3066200,0.0,0.0
2025-05-22,154.69000244140625,155.9600067138672,152.3800048828125,155.2899932861328,152.99078369140625,2461300,0.0,0.0
2025-05-23,153.72000122070312,158.55999755859375,153.27999877929688,157.82000732421875,155.48333740234375,2290700,0.0,0.0
2025-05-27,159.27999877929688,159.7899932861328,155.91000366210938,156.91000366210938,154.58682250976562,3851600,0.0,0.0
2025-05-28,157.80999755859375,158.00999450683594,155.5800018310547,156.05999755859375,153.7493896484375,1625600,0.0,0.0
2025-05-29,158.10000610351562,158.50999450683594,153.08999633789062,154.47000122070312,152.18292236328125,3948600,0.0,0.0
2025-05-30,153.6699981689453,156.1199951171875,153.64999389648438,155.89999389648438,153.5917510986328,3799300,0.0,0.0
2025-06-02,156.5399932861328,159.74000549316406,154.60000610351562,158.49000549316406,156.1434326171875,3746000,0.0,0.0
2025-06-03,160.6300048828125,162.3300018310547,158.1699981689453,161.0399932861328,158.6556396484375,3914000,0.0,0.0
2025-06-04,160.6699981689453,160.6699981689453,156.75,156.97000122070312,154.6459197998047,3204200,0.0,0.0
2025-06-05,157.35000610351562,158.1999969482422,155.02999877929688,156.02999877929688,153.71983337402344,2491200,0.0,0.0
2025-06-06,156.60000610351562,157.94000244140625,154.27000427246094,155.94000244140625,153.6311798095703,2327700,0.0,0.0
2025-06-09,156.72000122070312,159.0800018310547,154.47000122070312,155.0500030517578,152.75436401367188,2166500,0.0,0.0
2025-06-10,154.6300048828125,155.75,147.69000244140625,148.67999267578125,146.47865295410156,3636900,0.0,0.0
2025-06-11,150.50999450683594,152.0,148.25,149.07000732421875,146.86288452148438,4052800,0.0,0.0
2025-06-12,148.22999572753906,152.1199951171875,148.22999572753906,151.0,148.76429748535156,2881000,0.0,0.0
2025-06-13,150.08999633789062,152.14999389648438,149.0,152.0399932861328,149.7888946533203,2258600,0.0,0.0
2025-06-16,153.47000122070312,155.8800048828125,153.33999633789062,153.94000244140625,151.66079711914062,2536300,0.0,0.0
2025-06-17,153.60000610351562,154.58999633789062,150.13999938964844,152.0800018310547,149.82830810546875,2533200,0.0,0.0
2025-06-18,152.05999755859375,154.1999969482422,151.1300048828125,152.63999938964844,150.3800048828125,2528400,0.0,0.0
2025-06-20,153.75999450683594,154.10000610351562,151.19000244140625,151.9199981689453,149.67068481445312,7964200,0.0,0.0
2025-06-23,152.0,155.0,149.91000366210938,152.0500030517578,149.7987518310547,2423400,0.0,0.0
2025-06-24,154.17999267578125,154.6999969482422,151.2899932861328,153.67999267578125,151.4046173095703,2654600,0.0,0.0
2025-06-25,154.35000610351562,156.57000732421875,152.6300048828125,153.32000732421875,151.04994201660156,2195500,0.0,0.0
2025-06-26,157.72000122070312,162.22000122070312,156.27000427246094,161.5399932861328,159.14825439453125,2708600,0.0,0.0
2025-06-27,163.52000427246094,168.57000732421875,162.1199951171875,162.6699981689453,160.2615203857422,9663400,0.0,0.0
2025-06-30,163.8300018310547,164.6999969482422,160.19000244140625,160.5800018310547,158.2024688720703,2799500,0.0,0.0
2025-07-01,160.25999450683594,160.25999450683594,153.6999969482422,155.9600067138672,153.65087890625,3566400,0.0,0.0
2025-07-02,155.5399932861328,157.52999877929688,154.0,155.5399932861328,153.23707580566406,2754700,0.0,0.0
2025-07-03,156.13999938964844,158.77999877929688,155.64999389648438,158.38999938964844,156.04490661621094,2106100,0.0,0.0
2025-07-07,158.42999267578125,160.6300048828125,157.6300048828125,158.69000244140625,156.34046936035156,1929200,0.0,0.0
2025-07-08,158.5,158.5,149.58999633789062,151.27000427246094,149.0303192138672,3066800,0.0,0.0
2025-07-09,152.88999938964844,152.88999938964844,150.02999877929688,150.27000427246094,148.04510498046875,1916100,0.0,0.0
2025-07-10,150.3800048828125,152.69000244140625,149.13999938964844,151.36000061035156,149.1189727783203,2101900,0.0,0.0
2025-07-11,150.6199951171875,152.1300048828125,150.1199951171875,150.67999267578125,148.44903564453125,1973800,0.0,0.0
2025-07-14,150.5800018310547,151.36000061035156,148.3800048828125,151.05999755859375,148.8234100341797,1703900,0.0,0.0
2025-07-15,151.86000061035156,152.66000366210938,145.0,146.8800048828125,144.705322265625,2887800,0.0,0.0
2025-07-16,146.94000244140625,147.77999877929688,143.39999389648438,144.9600067138672,142.81375122070312,2546800,0.0,0.0
2025-07-17,146.07000732421875,148.02999877929688,145.05999755859375,147.3800048828125,145.19790649414062,2263000,0.0,0.0
2025-07-18,149.77000427246094,154.52000427246094,149.64999389648438,151.75,149.50320434570312,3408400,0.0,0.0
2025-07-21,151.89999389648438,155.2100067138672,148.0500030517578,152.30999755859375,150.05491638183594,2730700,0.0,0.0
2025-07-22,152.49000549316406,154.4199981689453,147.5500030517578,153.9600067138672,151.6804962158203,2843100,0.0,0.0
2025-07-23,160.0,165.67999267578125,158.1999969482422,160.5500030517578,158.17291259765625,5434500,0.0,0.0
2025-07-24,161.00999450683594,161.41000366210938,157.60000610351562,157.97000122070312,155.63111877441406,2849700,0.0,0.0
2025-07-25,158.42999267578125,158.8800048828125,155.8300018310547,156.58999633789062,154.27154541015625,2026200,0.0,0.0
2025-07-28,158.00999450683594,159.64999389648438,157.1699981689453,158.5399932861328,156.19265747070312,2071500,0.0,0.0
2025-07-29,159.55999755859375,160.35000610351562,156.8800048828125,159.8699951171875,157.5029754638672,1979500,0.0,0.0
2025-07-30,161.60000610351562,167.0,161.0,166.58999633789062,164.1234893798828,3887600,0.0,0.0
2025-07-31,167.2899932861328,169.24000549316406,165.5,167.1999969482422,164.7244415283203,3265800,0.0,0.0
2025-08-01,162.1699981689453,168.3800048828125,160.3800048828125,167.6300048828125,165.58384704589844,2560600,0.44,0.0
2025-08-04,169.49000549316406,174.4499969482422,168.9499969482422,173.91000366210938,171.7871856689453,3195500,0.0,0.0
2025-08-05,174.99000549316406,175.9600067138672,167.4600067138672,171.9600067138672,169.86099243164062,4432500,0.0,0.0
2025-08-06,166.07000732421875,166.07000732421875,145.0,148.55999755859375,146.74661254882812,9533000,0.0,0.0
2025-08-07,151.08999633789062,155.0,150.00999450683594,153.22000122070312,151.34971618652344,4884200,0.0,0.0
2025-08-08,153.42999267578125,155.05999755859375,151.5,152.5399932861328,150.6780242919922,2574100,0.0,0.0
2025-08-11,152.0,154.89999389648438,151.3699951171875,152.02999877929688,150.17425537109375,2779300,0.0,0.0
2025-08-12,152.0,157.0,151.58999633789062,156.69000244140625,154.77737426757812,2409900,0.0,0.0
2025-08-13,157.10000610351562,158.97999572753906,151.91000366210938,155.0,153.1079864501953,2514300,0.0,0.0
2025-08-14,152.60000610351562,156.4600067138672,151.89999389648438,153.77999877929688,151.9028778076172,2210900,0.0,0.0
2025-08-15,155.08999633789062,155.38999938964844,148.2899932861328,148.6199951171875,146.80587768554688,2789200,0.0,0.0
2025-08-18,148.88999938964844,150.8800048828125,147.80999755859375,150.44000244140625,148.60365295410156,2093700,0.0,0.0
2025-08-19,149.52000427246094,150.1199951171875,147.0500030517578,148.3800048828125,146.56881713867188,2190800,0.0,0.0
2025-08-20,147.27000427246094,148.77999877929688,143.5500030517578,148.19000244140625,146.38113403320312,2459300,0.0,0.0
2025-08-21,148.5500030517578,150.16000366210938,144.6999969482422,145.88999938964844,144.10919189453125,1889200,0.0,0.0
2025-08-22,146.8699951171875,148.44000244140625,144.3800048828125,145.08999633789062,143.31895446777344,1900400,0.0,0.0
2025-08-25,145.74000549316406,146.88999938964844,144.27999877929688,144.77000427246094,143.0028839111328,2051300,0.0,0.0
2025-08-26,145.0,146.57000732421875,143.82000732421875,146.22999572753906,144.44505310058594,2123400,0.0,0.0
2025-08-27,146.74000549316406,149.22999572753906,146.3699951171875,148.1199951171875,146.31198120117188,1951300,0.0,0.0
2025-08-28,147.92999267578125,151.2100067138672,147.4600067138672,148.66000366210938,146.84539794921875,1752100,0.0,0.0
2025-08-29,148.1699981689453,148.55999755859375,143.9600067138672,145.55999755859375,143.78323364257812,1560800,0.0,0.0
2025-09-02,142.27000427246094,145.24000549316406,140.77000427246094,145.11000061035156,143.33872985839844,2499300,0.0,0.0
2025-09-03,144.88999938964844,148.2100067138672,144.19000244140625,146.91000366210938,145.11676025390625,1457700,0.0,0.0
2025-09-04,148.02000427246094,148.6199951171875,146.1699981689453,147.9499969482422,146.14404296875,1305000,0.0,0.0
2025-09-05,148.9499969482422,150.25,142.8699951171875,147.66000366210938,145.85760498046875,1672700,0.0,0.0
2025-09-08,148.72999572753906,149.63999938964844,144.7899932861328,147.75999450683594,145.9563751220703,2334000,0.0,0.0
2025-09-09,148.5,152.4199981689453,147.82000732421875,152.25999450683594,150.40145874023438,1755800,0.0,0.0
2025-09-10,154.9499969482422,162.25999450683594,154.91000366210938,161.2100067138672,159.24220275878906,3506700,0.0,0.0
2025-09-11,161.4600067138672,161.7899932861328,157.75,157.9199981689453,155.9923553466797,2303200,0.0,0.0
2025-09-12,157.6999969482422,165.82000732421875,157.02000427246094,164.83999633789062,162.827880859375,2278800,0.0,0.0
2025-09-15,165.11000061035156,169.02000427246094,165.11000061035156,166.0800018310547,164.05274963378906,2357700,0.0,0.0
2025-09-16,166.6199951171875,167.24000549316406,162.25,164.22000122070312,162.21546936035156,2536200,0.0,0.0
2025-09-17,165.3800048828125,167.0800018310547,162.30999755859375,164.5800018310547,162.57106018066406,2373100,0.0,0.0
2025-09-18,167.0800018310547,167.5800018310547,161.8699951171875,164.19000244140625,162.1858367919922,2421700,0.0,0.0
2025-09-19,165.0399932861328,165.77999877929688,161.88999938964844,164.36000061035156,162.353759765625,4195800,0.0,0.0
2025-09-22,164.9499969482422,172.0399932861328,163.5,170.97000122070312,168.883056640625,2580000,0.0,0.0
2025-09-23,171.16000366210938,171.57000732421875,165.17999267578125,167.42999267578125,165.3862762451172,2527300,0.0,0.0
2025-09-24,167.7100067138672,169.14999389648438,165.5,165.5800018310547,163.55886840820312,2133700,0.0,0.0
2025-09-25,160.9600067138672,164.9600067138672,157.89999389648438,162.9600067138672,160.97084045410156,2226400,0.0,0.0
2025-09-26,163.77999877929688,169.4499969482422,162.89999389648438,168.57000732421875,166.51235961914062,2443300,0.0,0.0
2025-09-29,169.30999755859375,170.10000610351562,164.66000366210938,165.33999633789062,163.32179260253906,2686400,0.0,0.0
2025-09-30,165.39999389648438,165.8300018310547,161.0500030517578,161.9499969482422,159.97315979003906,2449000,0.0,0.0
2025-10-01,161.67999267578125,165.4499969482422,160.57000732421875,161.91000366210938,159.93365478515625,3232900,0.0,0.0
2025-10-02,162.97000122070312,168.5800018310547,162.47999572753906,167.3000030517578,165.25787353515625,2642400,0.0,0.0
2025-10-03,168.22999572753906,172.2100067138672,165.8300018310547,166.27999877929688,164.25030517578125,2270000,0.0,0.0
2025-10-06,168.97000122070312,169.97000122070312,163.10000610351562,163.9499969482422,161.94874572753906,2408300,0.0,0.0
2025-10-07,164.32000732421875,165.8000030517578,162.07000732421875,162.61000061035156,160.62510681152344,2648500,0.0,0.0
2025-10-08,164.58999633789062,169.3300018310547,163.5,167.52000427246094,165.4751739501953,2587400,0.0,0.0
2025-10-09,168.2100067138672,169.99000549316406,166.9199981689453,168.25,166.19627380371094,1973600,0.0,0.0
2025-10-10,167.72000122070312,168.8300018310547,160.3800048828125,160.42999267578125,158.4717254638672,1846200,0.0,0.0
2025-10-13,164.19000244140625,168.77999877929688,164.16000366210938,168.77000427246094,166.70993041992188,1965000,0.0,0.0
2025-10-14,165.57000732421875,168.97999572753906,163.08999633789062,165.61000061035156,163.5885009765625,1680700,0.0,0.0
2025-10-15,168.19000244140625,173.36000061035156,167.86000061035156,171.3300018310547,169.23866271972656,2111100,0.0,0.0
2025-10-16,173.08999633789062,174.0,165.74000549316406,169.92999267578125,167.8557586669922,2181600,0.0,0.0
2025-10-17,168.66000366210938,172.39999389648438,165.8800048828125,168.74000549316406,166.68028259277344,2091700,0.0,0.0
2025-10-20,171.80999755859375,172.89999389648438,166.30999755859375,167.00999450683594,164.9713897705078,1768500,0.0,0.0
2025-10-21,166.52000427246094,167.91000366210938,160.19000244140625,163.58999633789062,161.5931396484375,2071000,0.0,0.0
2025-10-22,164.02000427246094,165.3699951171875,158.30999755859375,160.4199981689453,158.46185302734375,2916100,0.0,0.0
2025-10-23,161.66000366210938,163.97999572753906,160.30999755859375,163.80999755859375,161.8104705810547,2225900,0.0,0.0
2025-10-24,167.4499969482422,170.57000732421875,167.0800018310547,170.36000061035156,168.280517578125,1595800,0.0,0.0
2025-10-27,172.27999877929688,173.35000610351562,169.80999755859375,172.58999633789062,170.48329162597656,1602400,0.0,0.0
2025-10-28,173.5,173.89999389648438,165.83999633789062,172.75999450683594,170.65121459960938,2472200,0.0,0.0
2025-10-29,173.67999267578125,180.5399932861328,170.5,178.5,176.3211669921875,2483100,0.0,0.0
2025-10-30,176.42999267578125,180.0800018310547,172.8699951171875,173.13999938964844,171.02658081054688,1769200,0.0,0.0
2025-10-31,175.2899932861328,176.97999572753906,170.36000061035156,171.86000061035156,169.76219177246094,1567500,0.0,0.0
2025-11-03,173.5800018310547,176.75999450683594,171.1699981689453,174.47999572753906,172.7926025390625,1593300,0.44,0.0
2025-11-04,171.66000366210938,172.02000427246094,166.89999389648438,167.99000549316406,166.36538696289062,1835500,0.0,0.0
2025-11-05,167.6999969482422,175.27000427246094,167.4600067138672,173.19000244140625,171.51507568359375,3047200,0.0,0.0
2025-11-06,169.27000427246094,177.08999633789062,164.9499969482422,170.10000610351562,168.45497131347656,3293200,0.0,0.0
2025-11-07,164.97999572753906,172.5,162.0,172.5,170.8317413330078,2530600,0.0,0.0
2025-11-10,175.64999389648438,176.72999572753906,164.10000610351562,166.72000122070312,165.10765075683594,2225200,0.0,0.0
2025-11-11,164.47000122070312,167.14999389648438,160.75999450683594,162.83999633789062,161.26516723632812,2015600,0.0,0.0
2025-11-12,164.0500030517578,169.4600067138672,162.89999389648438,168.83999633789062,167.2071533203125,2048500,0.0,0.0
2025-11-13,167.74000549316406,169.22999572753906,164.94000244140625,166.14999389648438,164.54315185546875,2725300,0.0,0.0
2025-11-14,161.25,171.1999969482422,160.05999755859375,165.19000244140625,163.5924530029297,2085800,0.0,0.0
2025-11-17,165.19000244140625,169.25,162.22999572753906,163.2100067138672,161.63160705566406,1492300,0.0,0.0
2025-11-18,161.36000061035156,168.6999969482422,161.13999938964844,166.4499969482422,164.84027099609375,2451600,0.0,0.0
2025-11-19,166.2899932861328,173.52000427246094,166.25999450683594,168.8000030517578,167.16754150390625,2295900,0.0,0.0
2025-11-20,173.9499969482422,174.72999572753906,160.35000610351562,160.4600067138672,158.908203125,2071200,0.0,0.0
2025-11-21,160.52999877929688,161.39999389648438,155.38999938964844,159.1999969482422,157.66038513183594,2119300,0.0,0.0
2025-11-24,160.33999633789062,167.97000122070312,158.9499969482422,166.85000610351562,165.23638916015625,2531800,0.0,0.0
2025-11-25,167.19000244140625,168.3300018310547,161.0,163.80999755859375,162.2257843017578,1628800,0.0,0.0
2025-11-26,165.8800048828125,169.91000366210938,165.61000061035156,168.5399932861328,166.91004943847656,1340400,0.0,0.0
2025-11-28,170.0,171.77000427246094,168.41000366210938,169.49000549316406,167.8508758544922,944900,0.0,0.0
2025-12-01,167.5500030517578,167.57000732421875,163.75999450683594,165.66000366210938,164.0579071044922,1276000,0.0,0.0
2025-12-02,166.94000244140625,168.0800018310547,162.75999450683594,164.0800018310547,162.49317932128906,1444700,0.0,0.0
2025-12-03,163.75999450683594,167.0,160.22000122070312,166.77000427246094,165.1571807861328,1291300,0.0,0.0
2025-12-04,166.13999938964844,170.19000244140625,166.0,169.36000061035156,167.72210693359375,1366000,0.0,0.0
2025-12-05,168.8699951171875,170.25,162.7899932861328,163.0,161.4236297607422,1864800,0.0,0.0
2025-12-08,164.19000244140625,167.17999267578125,162.2100067138672,164.11000061035156,162.52288818359375,1639400,0.0,0.0
2025-12-09,165.41000366210938,171.57000732421875,164.30999755859375,166.75,165.13735961914062,1822400,0.0,0.0
2025-12-10,167.42999267578125,170.05999755859375,163.25,168.16000366210938,166.53372192382812,1635900,0.0,0.0
2025-12-11,165.02000427246094,170.83999633789062,164.27000427246094,170.63999938964844,168.98973083496094,1558900,0.0,0.0
2025-12-12,172.0,172.39999389648438,160.5800018310547,161.44000244140625,159.87872314453125,2018000,0.0,0.0
2025-12-15,161.88999938964844,163.05999755859375,159.27000427246094,159.99000549316406,158.4427490234375,1674700,0.0,0.0
2025-12-16,159.6199951171875,162.27000427246094,157.4499969482422,160.14999389648438,158.60118103027344,1535100,0.0,0.0
2025-12-17,160.5399932861328,161.0800018310547,147.97999572753906,149.47999572753906,148.0343780517578,4748200,0.0,0.0
2025-12-18,154.2899932861328,158.2100067138672,152.08999633789062,154.63999938964844,153.1444854736328,2218200,0.0,0.0
2025-12-19,154.86000061035156,157.5800018310547,154.6999969482422,156.1999969482422,154.68939208984375,3893900,0.0,0.0
2025-12-22,158.10000610351562,158.10000610351562,154.36000061035156,156.9600067138672,155.4420623779297,1267500,0.0,0.0
2025-12-23,156.92999267578125,159.7100067138672,156.64999389648438,158.11000061035156,156.58091735839844,1297900,0.0,0.0
2025-12-24,157.8699951171875,161.13999938964844,156.94000244140625,160.55999755859375,159.00721740722656,553400,0.0,0.0
2025-12-26,160.10000610351562,161.52000427246094,158.38999938964844,160.8800048828125,159.3241424560547,1099500,0.0,0.0
2025-12-29,160.61000061035156,164.05999755859375,160.35000610351562,160.9600067138672,159.4033660888672,1377600,0.0,0.0
2025-12-30,161.4499969482422,162.0,159.55999755859375,160.42999267578125,158.87847900390625,719800,0.0,0.0
2025-12-31,160.83999633789062,161.1999969482422,159.19000244140625,159.24000549316406,157.70001220703125,776600,0.0,0.0
2026-01-02,161.5800018310547,166.66000366210938,160.9600067138672,166.16000366210938,164.55307006835938,1328700,0.0,0.0
2026-01-05,168.49000549316406,170.24000549316406,159.0,161.58999633789062,160.0272674560547,1700600,0.0,0.0
2026-01-06,161.2100067138672,161.2100067138672,155.8300018310547,159.6300048828125,158.0862274169922,2038600,0.0,0.0
2026-01-07,157.50999450683594,157.8800048828125,148.1999969482422,148.91000366210938,147.4698944091797,2619900,0.0,0.0
2026-01-08,148.05999755859375,148.99000549316406,141.97000122070312,143.52999877929688,142.1419219970703,2549700,0.0,0.0
2026-01-09,150.63999938964844,151.7899932861328,147.6199951171875,149.27000427246094,147.826416015625,2505600,0.0,0.0
2026-01-12,146.55999755859375,149.74000549316406,146.0,148.88999938964844,147.4500732421875,2024300,0.0,0.0
2026-01-13,149.27000427246094,152.35000610351562,148.38999938964844,150.58999633789062,149.13365173339844,1715100,0.0,0.0
2026-01-14,149.25999450683594,150.6199951171875,147.50999450683594,149.8300018310547,148.38099670410156,1775500,0.0,0.0
2026-01-15,152.02999877929688,159.25,151.39999389648438,158.5,156.96714782714844,2336900,0.0,0.0
2026-01-16,153.75,156.77999877929688,148.8699951171875,152.0500030517578,150.57952880859375,3462600,0.0,0.0
2026-01-20,146.58999633789062,152.58999633789062,145.52000427246094,148.91000366210938,147.4698944091797,1908400,0.0,0.0
2026-01-21,151.25999450683594,151.9199981689453,147.24000549316406,150.67999267578125,149.22276306152344,1702900,0.0,0.0
2026-01-22,152.82000732421875,153.55999755859375,149.55999755859375,151.08999633789062,149.62881469726562,1713400,0.0,0.0
2026-01-23,150.97999572753906,152.24000549316406,146.91000366210938,149.3000030517578,147.8561248779297,2296400,0.0,0.0
2026-01-26,150.2100067138672,151.3300018310547,148.99000549316406,149.92999267578125,148.48001098632812,1834100,0.0,0.0
2026-01-27,149.32000732421875,156.4199981689453,149.32000732421875,156.0399932861328,154.5309295654297,1539100,0.0,0.0
2026-01-28,157.0,157.5,153.0,155.11000061035156,153.6099395751953,1608000,0.0,0.0
2026-01-29,155.38999938964844,157.1999969482422,151.17999267578125,153.72000122070312,152.23336791992188,1625000,0.0,0.0
2026-01-30,153.11000061035156,156.97999572753906,150.8699951171875,152.6300048828125,151.1539306640625,1720200,0.0,0.0
2026-02-02,152.11000061035156,153.32000732421875,148.5800018310547,149.11000061035156,148.1289520263672,1886500,0.475,0.0
2026-02-03,151.61000061035156,154.55999755859375,147.72000122070312,152.17999267578125,151.17874145507812,2038900,0.0,0.0
2026-02-04,151.91000366210938,153.47000122070312,140.49000549316406,143.99000549316406,143.0426483154297,3453300,0.0,0.0
2026-02-05,142.3800048828125,147.4600067138672,141.80999755859375,144.44000244140625,143.48968505859375,2441000,0.0,0.0
2026-02-06,148.9600067138672,153.57000732421875,148.00999450683594,153.32000732421875,152.31124877929688,2064000,0.0,0.0
2026-02-09,154.1699981689453,158.35000610351562,152.7899932861328,155.72000122070312,154.69546508789062,1744300,0.0,0.0
2026-02-10,157.02000427246094,158.69000244140625,154.00999450683594,156.42999267578125,155.40077209472656,1749800,0.0,0.0
2026-02-11,158.4499969482422,160.9600067138672,156.6199951171875,160.6300048828125,159.5731658935547,1665600,0.0,0.0
2026-02-12,162.2100067138672,166.25,158.4600067138672,161.8000030517578,160.73545837402344,2535100,0.0,0.0
2026-02-13,161.69000244140625,172.67999267578125,161.5399932861328,172.35000610351562,171.21604919433594,3348900,0.0,0.0
2026-02-17,173.1199951171875,177.7100067138672,170.86000061035156,173.4499969482422,172.30880737304688,2414500,0.0,0.0
2026-02-18,174.5,176.44000244140625,170.5500030517578,171.05999755859375,169.9345245361328,1518100,0.0,0.0
2026-02-19,170.47999572753906,175.27999877929688,169.66000366210938,175.00999450683594,173.85853576660156,1623300,0.0,0.0
2026-02-20,175.13999938964844,180.11000061035156,174.0,179.17999267578125,178.0010986328125,2185100,0.0,0.0
2026-02-23,177.5399932861328,182.0399932861328,175.11000061035156,176.52000427246094,175.35861206054688,2195500,0.0,0.0
2026-02-24,173.27000427246094,184.83999633789062,163.75999450683594,184.02999877929688,182.81918334960938,3754100,0.0,0.0
2026-02-25,186.55999755859375,189.9600067138672,180.88999938964844,183.58999633789062,182.382080078125,2648900,0.0,0.0
2026-02-26,183.0,183.67999267578125,173.5800018310547,181.33999633789062,180.1468963623047,2365400,0.0,0.0
2026-02-27,179.97999572753906,181.08999633789062,174.2100067138672,178.9600067138672,177.78256225585938,2614100,0.0,0.0
2026-03-02,175.69000244140625,181.5800018310547,174.0399932861328,175.5800018310547,174.42478942871094,1770900,0.0,0.0
2026-03-03,162.85000610351562,164.05999755859375,158.0,162.05999755859375,160.99374389648438,11470300,0.0,0.0
2026-03-04,162.07000732421875,166.42999267578125,161.89999389648438,163.5399932861328,162.46400451660156,9059900,0.0,0.0
2026-03-05,162.0,165.16000366210938,158.02999877929688,160.4600067138672,159.40428161621094,4079100,0.0,0.0
2026-03-06,158.7899932861328,159.42999267578125,154.22000122070312,154.32000732421875,153.30467224121094,4553600,0.0,0.0
2026-03-09,150.67999267578125,155.60000610351562,149.0,155.4199981689453,154.39743041992188,3177600,0.0,0.0
2026-03-10,156.0,159.3699951171875,155.0,155.14999389648438,154.1291961669922,2847100,0.0,0.0
2026-03-11,154.2100067138672,154.5,147.52999877929688,148.6300048828125,147.652099609375,3372200,0.0,0.0
2026-03-12,146.60000610351562,152.5,146.25,152.10000610351562,151.0992889404297,2596700,0.0,0.0
2026-03-13,154.52999877929688,154.75999450683594,151.25999450683594,152.8699951171875,151.86419677734375,1775200,0.0,0.0
2026-03-16,156.0,157.55999755859375,151.67999267578125,152.47999572753906,151.47677612304688,2224300,0.0,0.0
2026-03-17,153.82000732421875,155.80999755859375,152.6199951171875,154.75,153.73184204101562,1829300,0.0,0.0
2026-03-18,158.05999755859375,162.4199981689453,157.0,159.11000061035156,158.0631561279297,3329800,0.0,0.0
2026-03-19,156.6300048828125,162.97999572753906,154.8000030517578,161.39999389648438,160.33807373046875,1917100,0.0,0.0
2026-03-20,161.50999450683594,162.5,144.60000610351562,145.8000030517578,144.84072875976562,4161700,0.0,0.0
2026-03-23,148.0,154.6999969482422,146.97999572753906,151.77000427246094,150.7714385986328,1844900,0.0,0.0
2026-03-24,150.9499969482422,155.05999755859375,150.4199981689453,151.1300048828125,150.1356658935547,1776700,0.0,0.0
2026-03-25,152.63999938964844,154.82000732421875,150.36000061035156,151.0399932861328,150.04624938964844,1961100,0.0,0.0
2026-03-26,148.91000366210938,150.5500030517578,144.3800048828125,146.13999938964844,145.17848205566406,2419600,0.0,0.0
2026-03-27,146.2899932861328,150.55999755859375,146.00999450683594,147.74000549316406,146.76797485351562,1801200,0.0,0.0
2026-03-30,150.49000549316406,151.25999450683594,139.88999938964844,141.22999572753906,140.30079650878906,2471200,0.0,0.0
2026-03-31,142.08999633789062,146.88999938964844,141.5,146.13999938964844,145.17848205566406,3052500,0.0,0.0
2026-04-01,147.92999267578125,150.8800048828125,146.3800048828125,149.89999389648438,148.9137420654297,1829200,0.0,0.0
2026-04-02,145.85000610351562,152.8000030517578,145.85000610351562,152.69000244140625,151.68539428710938,3183300,0.0,0.0
2026-04-06,152.4499969482422,153.80999755859375,149.75999450683594,149.8000030517578,148.8144073486328,2126600,0.0,0.0
2026-04-07,149.19000244140625,153.27000427246094,149.19000244140625,153.05999755859375,152.05294799804688,1856400,0.0,0.0
2026-04-08,160.4600067138672,161.08999633789062,157.36000061035156,160.3000030517578,159.24533081054688,2312700,0.0,0.0
2026-04-09,160.67999267578125,167.05999755859375,160.67999267578125,161.77999877929688,160.71559143066406,2133100,0.0,0.0
2026-04-10,162.17999267578125,166.88999938964844,162.0,164.07000732421875,162.9905242919922,2052800,0.0,0.0
2026-04-13,161.97999572753906,170.42999267578125,160.88999938964844,170.24000549316406,169.11993408203125,2682500,0.0,0.0
2026-04-14,172.0399932861328,175.52000427246094,169.33999633789062,170.9600067138672,169.83518981933594,2486800,0.0,0.0
2026-04-15,170.0800018310547,170.47000122070312,165.82000732421875,168.4499969482422,167.34170532226562,3048500,0.0,0.0
2026-04-16,168.7100067138672,171.0399932861328,166.32000732421875,168.5,167.39137268066406,2754600,0.0,0.0
2026-04-17,169.0,171.35000610351562,166.2899932861328,167.72999572753906,166.62643432617188,3433200,0.0,0.0
2026-04-20,169.13999938964844,169.77999877929688,156.25,157.17999267578125,156.14584350585938,3831000,0.0,0.0
2026-04-21,156.75,158.5,149.66000366210938,149.86000061035156,148.87400817871094,3241000,0.0,0.0
2026-04-22,151.7899932861328,153.0800018310547,148.97000122070312,149.60000610351562,148.61572265625,3165600,0.0,0.0
2026-04-23,150.1699981689453,154.52999877929688,148.7899932861328,154.52999877929688,153.51329040527344,3670500,0.0,0.0
2026-04-24,154.86000061035156,160.6699981689453,153.99000549316406,159.80999755859375,158.758544921875,1985600,0.0,0.0
2026-04-27,160.88999938964844,161.36000061035156,157.38999938964844,160.14999389648438,159.0963134765625,1825400,0.0,0.0
2026-04-28,156.55999755859375,159.25,154.72000122070312,154.80999755859375,153.79144287109375,2171700,0.0,0.0
2026-04-29,154.82000732421875,156.16000366210938,148.64999389648438,149.00999450683594,148.02960205078125,1820200,0.0,0.0
2026-04-30,151.02999877929688,155.86000061035156,150.8300018310547,155.5800018310547,154.55638122558594,2075100,0.0,0.0
2026-05-01,154.82000732421875,156.99000549316406,152.14999389648438,153.3699951171875,152.8275146484375,2380500,0.475,0.0
2026-05-04,153.0,156.36000061035156,152.33999633789062,154.82000732421875,154.2723846435547,1883500,0.0,0.0
2026-05-05,156.44000244140625,159.25,156.08999633789062,157.42999267578125,156.87313842773438,2431800,0.0,0.0
2026-05-06,153.17999267578125,157.8300018310547,149.0,150.63999938964844,150.10716247558594,3887100,0.0,0.0
2026-05-07,150.86000061035156,151.33999633789062,141.5500030517578,141.86000061035156,141.3582305908203,4355100,0.0,0.0
2026-05-08,143.5500030517578,144.9600067138672,137.75999450683594,138.11000061035156,137.62149047851562,2475000,0.0,0.0
2026-05-11,138.0399932861328,139.11000061035156,136.97000122070312,137.3000030517578,136.81436157226562,2886300,0.0,0.0
2026-05-12,136.0,138.41000366210938,134.0399932861328,137.33999633789062,136.8542022705078,3273700,0.0,0.0
2026-05-13,137.14999389648438,137.99000549316406,129.24000549316406,131.0800018310547,130.61636352539062,5065200,0.0,0.0
2026-05-14,130.9499969482422,134.89999389648438,130.6999969482422,134.72000122070312,134.2434844970703,2783800,0.0,0.0
2026-05-15,132.0,132.25,127.63999938964844,127.80999755859375,127.35791778564453,2722200,0.0,0.0
2026-05-18,127.36000061035156,127.88999938964844,124.16000366210938,125.5,125.05609130859375,2506600,0.0,0.0
2026-05-19,124.0,124.16000366210938,121.22000122070312,123.70999908447266,123.27242279052734,3148200,0.0,0.0
2026-05-20,127.16999816894531,134.22999572753906,127.0,133.97999572753906,133.50608825683594,3708300,0.0,0.0
2026-05-21,133.0399932861328,137.19000244140625,132.63999938964844,136.9199981689453,136.43569946289062,2709200,0.0,0.0
2026-05-22,137.1199951171875,139.85000610351562,136.1699981689453,137.64999389648438,137.16311645507812,2147300,0.0,0.0
2026-05-26,140.0,143.0800018310547,138.8800048828125,140.42999267578125,139.9332733154297,2678500,0.0,0.0
2026-05-27,139.6999969482422,141.52999877929688,136.0800018310547,138.0,137.51187133789062,2492300,0.0,0.0
2026-05-28,135.97000122070312,138.9499969482422,135.07000732421875,137.5,137.01364135742188,2251000,0.0,0.0
2026-05-29,136.00999450683594,138.22000122070312,133.91000366210938,134.0800018310547,133.60574340820312,3571400,0.0,0.0
2026-06-01,131.08999633789062,131.64999389648438,127.11000061035156,129.47000122070312,129.01205444335938,2642800,0.0,0.0
2026-06-02,129.85000610351562,135.85000610351562,129.11000061035156,133.50999450683594,133.03775024414062,2742900,0.0,0.0
2026-06-03,132.2100067138672,136.94000244140625,131.97000122070312,133.75999450683594,133.286865234375,2517500,0.0,0.0
2026-06-04,133.52999877929688,134.83999633789062,130.9499969482422,133.38999938964844,132.91818237304688,1389400,0.0,0.0
2026-06-05,131.58999633789062,132.14999389648438,127.83000183105469,129.1999969482422,128.7429962158203,1737800,0.0,0.0
2026-06-08,129.33999633789062,129.67999267578125,127.30999755859375,127.70999908447266,127.25827026367188,1827900,0.0,0.0
2026-06-09,129.38999938964844,131.4199981689453,125.44999694824219,129.9600067138672,129.5003204345703,1882300,0.0,0.0
2026-06-10,127.30000305175781,128.08999633789062,120.11000061035156,120.6500015258789,120.22325134277344,3836500,0.0,0.0
2026-06-11,120.97000122070312,124.3499984741211,120.55000305175781,123.69999694824219,123.26245880126953,2034700,0.0,0.0
2026-06-12,125.18000030517578,130.0,123.9000015258789,125.47000122070312,125.02619934082031,2483800,0.0,0.0
2026-06-15,128.69000244140625,131.42999267578125,126.43000030517578,130.39999389648438,129.93875122070312,1904900,0.0,0.0
2026-06-16,130.8300018310547,135.5399932861328,130.50999450683594,132.10000610351562,131.63275146484375,1866000,0.0,0.0
2026-06-17,131.74000549316406,135.22000122070312,130.82000732421875,132.1300048828125,131.6626434326172,1627300,0.0,0.0
2026-06-18,133.19000244140625,140.55999755859375,133.19000244140625,135.05999755859375,134.582275390625,3786400,0.0,0.0
2026-06-22,135.33999633789062,139.02999877929688,135.33999633789062,138.91000366210938,138.4186553955078,5304800,0.0,0.0
2026-06-23,134.50999450683594,138.8699951171875,133.0,137.66000366210938,137.17308044433594,2264100,0.0,0.0
2026-06-24,137.69000244140625,142.97999572753906,136.85000610351562,142.2100067138672,141.7069854736328,3252300,0.0,0.0
2026-06-25,143.8699951171875,147.3800048828125,143.5,147.11000061035156,146.58966064453125,3247000,0.0,0.0
2026-06-26,145.17999267578125,150.52000427246094,145.0,149.36000061035156,148.83169555664062,6642300,0.0,0.0
2026-06-29,149.5399932861328,150.97000122070312,146.17999267578125,149.11000061035156,148.58258056640625,2559000,0.0,0.0
2026-06-30,149.1699981689453,150.75999450683594,145.1699981689453,146.05999755859375,145.54336547851562,2316200,0.0,0.0
2026-07-01,145.55999755859375,145.85000610351562,137.47999572753906,140.8000030517578,140.30197143554688,3426200,0.0,0.0
2026-07-02,140.82000732421875,142.0500030517578,135.16000366210938,136.6999969482422,136.2164764404297,3004400,0.0,0.0
2026-07-06,138.77000427246094,142.0500030517578,138.0,141.00999450683594,140.51123046875,2315000,0.0,0.0
2026-07-07,140.92999267578125,141.4499969482422,136.5500030517578,138.00999450683594,137.52183532714844,2003100,0.0,0.0
2026-07-08,137.86000061035156,138.72999572753906,135.22999572753906,137.47999572753906,136.99371337890625,2282200,0.0,0.0
2026-07-09,140.22999572753906,143.19000244140625,139.38999938964844,140.47999572753906,139.9831085205078,1815500,0.0,0.0
2026-07-10,141.5800018310547,143.47000122070312,140.22999572753906,140.4199981689453,139.92330932617188,1085700,0.0,0.0
2026-07-13,139.10000610351562,140.33999633789062,137.57000732421875,139.47999572753906,138.98663330078125,1486100,0.0,0.0
2026-07-14,142.66000366210938,144.72999572753906,136.86000061035156,138.36000061035156,137.87060546875,1790700,0.0,0.0
2026-07-15,140.63999938964844,143.52999877929688,136.50999450683594,137.89999389648438,137.4122314453125,1991400,0.0,0.0
2026-07-16,137.0,138.75,131.32000732421875,132.75,132.2804412841797,2204000,0.0,0.0
2026-07-17,130.5500030517578,132.3000030517578,128.52000427246094,129.11000061035156,128.6533203125,2965400,0.0,0.0
2026-07-20,130.24000549316406,131.86000061035156,129.17999267578125,130.5800018310547,130.1181182861328,1994000,0.0,0.0
2026-07-21,132.5399932861328,134.36000061035156,131.05999755859375,131.60000610351562,131.134521484375,1784800,0.0,0.0
2026-07-22,131.11000061035156,140.58999633789062,131.11000061035156,139.97999572753906,139.48486328125,2614800,0.0,0.0
2026-07-23,138.83999633789062,143.19000244140625,137.83999633789062,142.99000549316406,142.48423767089844,2931200,0.0,0.0
2026-07-24,142.77000427246094,144.19000244140625,139.24000549316406,141.02999877929688,140.53115844726562,2270100,0.0,0.0
2026-07-27,141.99000549316406,142.02000427246094,135.39999389648438,136.5,136.01718139648438,2279000,0.0,0.0
2026-07-28,134.72999572753906,135.5800018310547,126.80000305175781,127.55999755859375,127.10880279541016,3166700,0.0,0.0
2026-07-29,126.9000015258789,128.60000610351562,122.44999694824219,124.2300033569336,123.79058837890625,2550100,0.0,0.0
2026-07-30,129.0,135.52999877929688,128.69000244140625,133.97000122070312,133.4961395263672,2624600,0.0,0.0
2026-07-31,136.5800018310547,137.9499969482422,132.2100067138672,134.2899932861328,133.8149871826172,2695500,0.0,0.0
2026-08-03,134.6999969482422,140.72000122070312,131.52999877929688,138.47000122070312,138.47000122070312,2647400,0.475,0.0
2026-08-04,140.0,140.02999877929688,112.5,117.04000091552734,117.04000091552734,13780900,0.0,0.0
2026-08-05,118.37000274658203,124.70999908447266,117.77999877929688,120.7300033569336,120.7300033569336,6118700,0.0,0.0
2026-08-06,121.2699966430664,122.97000122070312,118.87000274658203,119.05000305175781,119.05000305175781,3473300,0.0,0.0
2026-08-07,119.0,123.30999755859375,117.86000061035156,118.12999725341797,118.12999725341797,3606500,0.0,0.0
2026-08-10,118.12999725341797,121.44000244140625,116.55999755859375,118.91000366210938,118.91000366210938,2206400,0.0,0.0
2026-08-11,119.75,122.41000366210938,119.44999694824219,119.79000091552734,119.79000091552734,1932700,0.0,0.0
2026-08-12,122.0,124.19000244140625,119.93000030517578,120.66000366210938,120.66000366210938,2221700,0.0,0.0
2026-08-13,120.0,122.06999969482422,119.41000366210938,119.75,119.75,1258300,0.0,0.0
2026-08-14,120.0,126.2699966430664,120.0,126.23999786376953,126.23999786376953,1447900,0.0,0.0
2026-08-17,127.4000015258789,127.52999877929688,121.37000274658203,122.37000274658203,122.37000274658203,1956800,0.0,0.0
2026-08-18,121.91999816894531,122.5199966430664,115.08000183105469,115.55999755859375,115.55999755859375,2625700,0.0,0.0
2026-08-19,116.19999694824219,120.79000091552734,115.5999984741211,120.58000183105469,120.58000183105469,2284300,0.0,0.0
2026-08-20,119.95999908447266,121.0999984741211,114.9000015258789,115.36000061035156,115.36000061035156,2791400,0.0,0.0
2026-08-21,116.58000183105469,117.2300033569336,113.05999755859375,113.11000061035156,113.11000061035156,2871000,0.0,0.0
2026-08-24,113.31999969482422,114.45999908447266,111.30000305175781,111.77999877929688,111.77999877929688,4776900,0.0,0.0
2026-08-25,114.01000213623047,115.62999725341797,112.9000015258789,113.61000061035156,113.61000061035156,2967100,0.0,0.0
2026-08-26,113.98999786376953,117.38999938964844,113.98999786376953,116.13999938964844,116.13999938964844,1643300,0.0,0.0
2026-08-27,116.16000366210938,117.30999755859375,113.23999786376953,114.41000366210938,114.41000366210938,2029400,0.0,0.0
2026-08-28,114.69999694824219,115.08999633789062,110.6500015258789,111.12000274658203,111.12000274658203,2169100,0.0,0.0
2026-08-31,110.30000305175781,110.9800033569336,108.54000091552734,110.12000274658203,110.12000274658203,3576400,0.0,0.0
2026-09-01,109.5,112.1500015258789,108.33999633789062,109.51000213623047,109.51000213623047,2180800,0.0,0.0
2026-09-02,110.5,111.91999816894531,108.77999877929688,111.08999633789062,111.08999633789062,2108200,0.0,0.0
2026-09-03,112.23999786376953,114.0,110.12000274658203,111.83999633789062,111.83999633789062,2325200,0.0,0.0
2026-09-04,111.29000091552734,119.25,111.29000091552734,119.0199966430664,119.0199966430664,3396000,0.0,0.0
2026-09-08,120.93000030517578,121.68000030517578,118.51000213623047,119.63999938964844,119.63999938964844,2571100,0.0,0.0
2026-09-09,118.55000305175781,118.93000030517578,114.58999633789062,115.37000274658203,115.37000274658203,2840400,0.0,0.0
2026-09-10,114.36000061035156,114.95999908447266,111.47000122070312,111.6500015258789,111.6500015258789,3532600,0.0,0.0
2026-09-11,113.58999633789062,114.98999786376953,112.16999816894531,113.45999908447266,113.45999908447266,1552000,0.0,0.0
2026-09-14,110.0,111.47000122070312,107.41000366210938,108.47000122070312,108.47000122070312,3061200,0.0,0.0
2026-09-15,109.43000030517578,109.6500015258789,105.12999725341797,105.98999786376953,105.98999786376953,3393200,0.0,0.0
2026-09-16,107.88999938964844,108.80999755859375,106.33999633789062,107.37999725341797,107.37999725341797,2009100,0.0,0.0
2026-09-17,109.73999786376953,111.25,106.02999877929688,106.2300033569336,106.2300033569336,3301800,0.0,0.0
2026-09-18,105.72000122070312,107.0999984741211,103.48999786376953,103.66000366210938,103.66000366210938,3691300,0.0,0.0
2026-09-21,104.81999969482422,104.81999969482422,101.33000183105469,103.27999877929688,103.27999877929688,3630000,0.0,0.0
2026-09-22,104.01000213623047,104.91000366210938,102.51000213623047,102.75,102.75,2460400,0.0,0.0
2026-09-23,102.0,102.41999816894531,100.12999725341797,100.72000122070312,100.72000122070312,2547300,0.0,0.0
2026-09-24,99.98999786376953,100.16000366210938,97.5,97.8499984741211,97.8499984741211,2642900,0.0,0.0
2026-09-25,98.13999938964844,100.86000061035156,98.13999938964844,100.37000274658203,100.37000274658203,2618700,0.0,0.0
