date,Open,High,Low,Close,Adj Close,Volume,Dividends,Stock Splits
2016-10-05,16.0,16.5,15.5,15.5,11.319093704223633,569700,0.0,0.0
2016-10-06,15.5,15.899999618530273,15.5,15.75,11.501662254333496,264900,0.0,0.0
2016-10-07,15.899999618530273,15.899999618530273,15.699999809265137,15.899999618530273,11.611199378967285,110900,0.0,0.0
2016-10-10,15.949999809265137,25.239999771118164,15.899999618530273,16.0,11.68422794342041,6300,0.0,0.0
2016-10-11,16.100000381469727,16.5,16.0,16.350000381469727,11.9398193359375,158400,0.0,0.0
2016-10-12,16.350000381469727,17.0,16.0,16.350000381469727,11.9398193359375,160500,0.0,0.0
2016-10-13,16.5,16.5,16.0,16.100000381469727,11.757255554199219,265800,0.0,0.0
2016-10-14,16.049999237060547,16.100000381469727,16.049999237060547,16.100000381469727,11.757255554199219,45500,0.0,0.0
2016-10-17,16.149999618530273,16.149999618530273,16.100000381469727,16.100000381469727,11.757255554199219,20600,0.0,0.0
2016-10-18,16.139999389648438,16.139999389648438,15.960000038146973,16.0,11.68422794342041,464300,0.0,0.0
2016-10-19,15.75,16.0,15.75,15.989999771118164,11.676924705505371,140400,0.0,0.0
2016-10-20,15.899999618530273,16.0,15.75,15.899999618530273,11.611199378967285,653900,0.0,0.0
2016-10-21,15.649999618530273,15.800000190734863,15.5,15.699999809265137,11.465147018432617,27500,0.0,0.0
2016-10-24,15.75,15.75,15.5,15.680000305175781,11.450545310974121,130300,0.0,0.0
2016-10-25,15.510000228881836,15.579999923706055,15.25,15.579999923706055,11.377518653869629,6200,0.0,0.0
2016-10-26,15.5,15.5,15.350000381469727,15.449999809265137,11.282584190368652,52300,0.0,0.0
2016-10-27,15.350000381469727,15.350000381469727,15.15999984741211,15.199999809265137,11.100014686584473,271100,0.0,0.0
2016-10-28,15.199999809265137,15.449999809265137,15.0,15.199999809265137,11.100014686584473,2185200,0.0,0.0
2016-10-31,15.25,15.25,15.0,15.199999809265137,11.100014686584473,25900,0.0,0.0
2016-11-01,15.0,15.0,14.899999618530273,15.0,10.95396614074707,11800,0.0,0.0
2016-11-02,14.800000190734863,14.800000190734863,13.5,13.600000381469727,9.931594848632812,9900,0.0,0.0
2016-11-03,13.75,13.800000190734863,13.600000381469727,13.600000381469727,9.931594848632812,122300,0.0,0.0
2016-11-04,13.600000381469727,14.0,13.600000381469727,14.0,10.223698616027832,603600,0.0,0.0
2016-11-07,14.100000381469727,14.25,14.100000381469727,14.100000381469727,10.29672622680664,2300,0.0,0.0
2016-11-08,14.0,14.25,13.899999618530273,14.199999809265137,10.369750022888184,335100,0.0,0.0
2016-11-09,13.899999618530273,14.149999618530273,13.899999618530273,14.050000190734863,10.260212898254395,106300,0.0,0.0
2016-11-10,14.100000381469727,14.229999542236328,14.100000381469727,14.229999542236328,10.391660690307617,2629000,0.0,0.0
2016-11-11,14.399999618530273,14.899999618530273,14.399999618530273,14.710000038146973,10.742185592651367,13400,0.0,0.0
2016-11-14,14.699999809265137,14.949999809265137,14.399999618530273,14.399999618530273,10.515801429748535,121500,0.0,0.0
2016-11-15,14.399999618530273,14.449999809265137,14.319999694824219,14.319999694824219,10.457383155822754,798600,0.0,0.0
2016-11-16,14.350000381469727,14.350000381469727,14.100000381469727,14.100000381469727,10.29672622680664,65600,0.0,0.0
2016-11-17,14.100000381469727,14.100000381469727,14.0,14.050000190734863,10.260212898254395,60400,0.0,0.0
2016-11-18,14.100000381469727,14.149999618530273,13.899999618530273,14.100000381469727,10.29672622680664,728700,0.0,0.0
2016-11-21,14.0,14.039999961853027,14.0,14.0,10.223698616027832,28000,0.0,0.0
2016-11-22,14.050000190734863,14.050000190734863,14.050000190734863,14.050000190734863,10.260212898254395,100000,0.0,0.0
2016-11-23,14.0,14.0,14.0,14.0,10.223698616027832,50000,0.0,0.0
2016-11-25,14.0,14.0,14.0,14.0,10.223698616027832,0,0.0,0.0
2016-11-28,14.050000190734863,14.149999618530273,14.050000190734863,14.149999618530273,10.33323860168457,500,0.0,0.0
2016-11-29,14.149999618530273,14.149999618530273,13.75,13.75,10.041132926940918,124600,0.0,0.0
2016-11-30,13.850000381469727,13.949999809265137,13.800000190734863,13.949999809265137,10.187187194824219,291500,0.0,0.0
2016-12-01,14.010000228881836,14.010000228881836,13.960000038146973,13.960000038146973,10.194489479064941,127300,0.0,0.0
2016-12-02,13.899999618530273,13.899999618530273,13.649999618530273,13.850000381469727,10.114158630371094,18400,0.0,0.0
2016-12-05,14.149999618530273,14.5,14.0,14.449999809265137,10.552314758300781,530600,0.0,0.0
2016-12-06,15.300000190734863,15.649999618530273,15.0,15.600000381469727,11.392120361328125,925600,0.0,0.0
2016-12-07,15.579999923706055,15.600000381469727,15.449999809265137,15.5,11.319093704223633,523700,0.0,0.0
2016-12-08,15.550000190734863,16.0,15.5,15.899999618530273,11.611199378967285,625800,0.0,0.0
2016-12-09,16.0,16.549999237060547,15.899999618530273,16.399999618530273,11.976332664489746,588400,0.0,0.0
2016-12-12,16.5,16.5,16.25,16.25,11.866792678833008,982700,0.0,0.0
2016-12-13,16.299999237060547,16.299999237060547,16.149999618530273,16.229999542236328,11.852188110351562,2901100,0.0,0.0
2016-12-14,16.19499969482422,16.299999237060547,16.0,16.280000686645508,11.888704299926758,2399400,0.0,0.0
2016-12-15,14.0,14.279999732971191,14.0,14.1899995803833,12.084574699401855,1151700,2.32,0.0
2016-12-16,14.1899995803833,14.199999809265137,14.0600004196167,14.0600004196167,11.973862648010254,70800,0.0,0.0
2016-12-19,14.100000381469727,14.229999542236328,13.960000038146973,14.229999542236328,12.118639945983887,1242500,0.0,0.0
2016-12-20,14.220000267028809,14.399999618530273,14.199999809265137,14.350000381469727,12.220837593078613,1128700,0.0,0.0
2016-12-21,14.380000114440918,14.4399995803833,14.300000190734863,14.350000381469727,12.220837593078613,607400,0.0,0.0
2016-12-22,14.350000381469727,14.449999809265137,14.239999771118164,14.289999961853027,12.169737815856934,525600,0.0,0.0
2016-12-23,14.25,14.399999618530273,14.220000267028809,14.385000228881836,12.250643730163574,35100,0.0,0.0
2016-12-27,14.449999809265137,15.029999732971191,14.449999809265137,15.0,12.774391174316406,149200,0.0,0.0
2016-12-28,15.010000228881836,15.25,14.949999809265137,15.0,12.774391174316406,121400,0.0,0.0
2016-12-29,15.0,15.600000381469727,15.0,15.5,13.200202941894531,414800,0.0,0.0
2016-12-30,15.5,15.800000190734863,15.460000038146973,15.5,13.200202941894531,72200,0.0,0.0
2017-01-03,15.5,15.5,15.149999618530273,15.359999656677246,13.080979347229004,3188000,0.0,0.0
2017-01-04,15.359999656677246,16.100000381469727,15.359999656677246,16.100000381469727,13.711181640625,869100,0.0,0.0
2017-01-05,16.139999389648438,16.399999618530273,16.0,16.190000534057617,13.787830352783203,743200,0.0,0.0
2017-01-06,16.190000534057617,16.280000686645508,16.1200008392334,16.200000762939453,13.796345710754395,1096100,0.0,0.0
2017-01-09,16.19499969482422,16.299999237060547,15.899999618530273,15.899999618530273,13.540855407714844,655300,0.0,0.0
2017-01-10,15.90999984741211,15.949999809265137,15.84000015258789,15.850000381469727,13.498275756835938,169400,0.0,0.0
2017-01-11,15.850000381469727,16.25,15.579999923706055,15.670000076293945,13.344980239868164,660000,0.0,0.0
2017-01-12,15.739999771118164,16.0,15.6899995803833,16.0,13.626019477844238,278700,0.0,0.0
2017-01-13,16.040000915527344,16.649999618530273,16.040000915527344,16.450000762939453,14.009249687194824,191300,0.0,0.0
2017-01-17,16.579999923706055,16.889999389648438,16.399999618530273,16.850000381469727,14.349902153015137,903100,0.0,0.0
2017-01-18,16.850000381469727,17.100000381469727,16.770000457763672,17.049999237060547,14.52022647857666,1593400,0.0,0.0
2017-01-19,17.0,17.0,16.729999542236328,16.8799991607666,14.375448226928711,925000,0.0,0.0
2017-01-20,16.889999389648438,17.020000457763672,16.889999389648438,16.940000534057617,14.426546096801758,1252300,0.0,0.0
2017-01-23,16.950000762939453,17.049999237060547,16.770000457763672,16.950000762939453,14.43506145477295,1843200,0.0,0.0
2017-01-24,16.952999114990234,16.979999542236328,16.700000762939453,16.799999237060547,14.307317733764648,659400,0.0,0.0
2017-01-25,16.770000457763672,16.889999389648438,16.5,16.75,14.264739036560059,510500,0.0,0.0
2017-01-26,16.799999237060547,16.950000762939453,16.795000076293945,16.850000381469727,14.349902153015137,618200,0.0,0.0
2017-01-27,16.899999618530273,16.899999618530273,16.670000076293945,16.729999542236328,14.247708320617676,479500,0.0,0.0
2017-01-30,16.84000015258789,16.84000015258789,16.299999237060547,16.299999237060547,13.881505966186523,87900,0.0,0.0
2017-01-31,16.399999618530273,16.5,16.049999237060547,16.209999084472656,13.804858207702637,266400,0.0,0.0
2017-02-01,16.399999618530273,16.40999984741211,16.290000915527344,16.350000381469727,13.924089431762695,751100,0.0,0.0
2017-02-02,16.389999389648438,16.389999389648438,16.229999542236328,16.290000915527344,13.872990608215332,49900,0.0,0.0
2017-02-03,16.299999237060547,16.700000762939453,16.200000762939453,16.700000762939453,14.222155570983887,526500,0.0,0.0
2017-02-06,17.149999618530273,17.809999465942383,17.06999969482422,17.149999618530273,14.605389595031738,521100,0.0,0.0
2017-02-07,17.299999237060547,17.299999237060547,17.09000015258789,17.1200008392334,14.579837799072266,787700,0.0,0.0
2017-02-08,17.100000381469727,17.399999618530273,17.06999969482422,17.25,14.690549850463867,727800,0.0,0.0
2017-02-09,17.25,17.299999237060547,17.170000076293945,17.25,14.690549850463867,120100,0.0,0.0
2017-02-10,17.299999237060547,17.950000762939453,17.0,17.950000762939453,15.28669261932373,1072200,0.0,0.0
2017-02-13,17.850000381469727,17.899999618530273,17.5,17.75,15.116364479064941,506200,0.0,0.0
2017-02-14,17.75,17.770000457763672,17.670000076293945,17.700000762939453,15.073783874511719,543500,0.0,0.0
2017-02-15,17.719999313354492,17.75,17.649999618530273,17.649999618530273,15.03119945526123,283500,0.0,0.0
2017-02-16,17.700000762939453,17.700000762939453,17.399999618530273,17.399999618530273,14.818293571472168,267100,0.0,0.0
2017-02-17,17.399999618530273,17.399999618530273,17.149999618530273,17.350000381469727,14.775715827941895,180000,0.0,0.0
2017-02-21,17.350000381469727,17.350000381469727,17.100000381469727,17.1299991607666,14.588356018066406,1330900,0.0,0.0
2017-02-22,17.149999618530273,17.25,16.600000381469727,16.78499984741211,14.294548988342285,626800,0.0,0.0
2017-02-23,16.729999542236328,16.739999771118164,16.100000381469727,16.299999237060547,13.881505966186523,906900,0.0,0.0
2017-02-24,16.290000915527344,16.6200008392334,16.18000030517578,16.6200008392334,14.154026985168457,555100,0.0,0.0
2017-02-27,16.59000015258789,16.600000381469727,16.049999237060547,16.170000076293945,13.770794868469238,1063000,0.0,0.0
2017-02-28,16.239999771118164,16.239999771118164,16.1200008392334,16.15999984741211,13.762279510498047,82700,0.0,0.0
2017-03-01,16.15999984741211,16.600000381469727,16.15999984741211,16.299999237060547,13.881505966186523,151000,0.0,0.0
2017-03-02,16.350000381469727,16.559999465942383,16.200000762939453,16.200000762939453,13.796345710754395,201600,0.0,0.0
2017-03-03,16.18000030517578,16.299999237060547,16.18000030517578,16.260000228881836,13.847444534301758,550900,0.0,0.0
2017-03-06,16.299999237060547,16.299999237060547,16.0,16.170000076293945,13.770794868469238,1063000,0.0,0.0
2017-03-07,16.170000076293945,16.239999771118164,16.059999465942383,16.100000381469727,13.711181640625,90800,0.0,0.0
2017-03-08,16.100000381469727,16.100000381469727,15.800000190734863,15.850000381469727,13.498275756835938,481700,0.0,0.0
2017-03-09,15.8100004196167,15.8100004196167,15.34000015258789,15.40999984741211,13.123560905456543,542700,0.0,0.0
2017-03-10,15.350000381469727,15.800000190734863,15.350000381469727,15.6899995803833,13.362015724182129,830900,0.0,0.0
2017-03-13,15.75,16.399999618530273,15.75,16.219999313354492,13.813373565673828,300600,0.0,0.0
2017-03-14,16.200000762939453,16.219999313354492,16.049999237060547,16.170000076293945,13.770794868469238,331300,0.0,0.0
2017-03-15,16.21500015258789,16.25,16.049999237060547,16.139999389648438,13.745245933532715,490300,0.0,0.0
2017-03-16,16.149999618530273,16.25,16.149999618530273,16.149999618530273,13.753765106201172,248000,0.0,0.0
2017-03-17,16.170000076293945,16.200000762939453,16.0,16.079999923706055,13.694147109985352,1420300,0.0,0.0
2017-03-20,16.09000015258789,16.219999313354492,16.079999923706055,16.200000762939453,13.796345710754395,167100,0.0,0.0
2017-03-21,16.239999771118164,16.239999771118164,15.949999809265137,16.0,13.626019477844238,891800,0.0,0.0
2017-03-22,16.0,16.0,15.800000190734863,15.850000381469727,13.498275756835938,506800,0.0,0.0
2017-03-23,15.970000267028809,16.0,15.729999542236328,15.729999542236328,13.396079063415527,514100,0.0,0.0
2017-03-24,15.75,16.0,15.734999656677246,15.800000190734863,13.455693244934082,548800,0.0,0.0
2017-03-27,15.779999732971191,15.869999885559082,15.770000457763672,15.850000381469727,13.498275756835938,859600,0.0,0.0
2017-03-28,15.84000015258789,15.960000038146973,15.84000015258789,15.899999618530273,13.540855407714844,2530900,0.0,0.0
2017-03-29,15.90999984741211,16.260000228881836,15.90999984741211,16.25,13.838924407958984,2384200,0.0,0.0
2017-03-30,16.549999237060547,16.600000381469727,15.989999771118164,16.280000686645508,13.864474296569824,3010900,0.0,0.0
2017-03-31,16.280000686645508,16.479999542236328,16.0,16.299999237060547,13.881505966186523,1458000,0.0,0.0
2017-04-03,16.489999771118164,16.5,16.0,16.350000381469727,13.924089431762695,720000,0.0,0.0
2017-04-04,16.309999465942383,16.489999771118164,16.309999465942383,16.489999771118164,14.043313980102539,924200,0.0,0.0
2017-04-05,16.459999084472656,16.530000686645508,16.420000076293945,16.479999542236328,14.03480052947998,120500,0.0,0.0
2017-04-06,16.5,16.5,16.3799991607666,16.40999984741211,13.975189208984375,66000,0.0,0.0
2017-04-07,16.399999618530273,16.459999084472656,16.06999969482422,16.25,13.838924407958984,135000,0.0,0.0
2017-04-10,16.290000915527344,16.299999237060547,16.229999542236328,16.25,13.838924407958984,154400,0.0,0.0
2017-04-11,16.239999771118164,16.25,16.070999145507812,16.149999618530273,13.753765106201172,78100,0.0,0.0
2017-04-12,16.1200008392334,16.1200008392334,15.979999542236328,16.0,13.626019477844238,221300,0.0,0.0
2017-04-13,16.0,16.209999084472656,16.0,16.170000076293945,13.770794868469238,367800,0.0,0.0
2017-04-17,16.184999465942383,16.219999313354492,15.899999618530273,15.979999542236328,13.60898494720459,1134100,0.0,0.0
2017-04-18,15.979999542236328,16.030000686645508,15.880000114440918,16.0,13.626019477844238,582200,0.0,0.0
2017-04-19,16.0,16.010000228881836,15.699999809265137,15.800000190734863,13.455693244934082,752600,0.0,0.0
2017-04-20,15.800000190734863,15.859999656677246,15.550000190734863,15.550000190734863,13.242785453796387,402100,0.0,0.0
2017-04-21,15.550000190734863,15.550000190734863,14.970000267028809,15.199999809265137,12.944717407226562,1135000,0.0,0.0
2017-04-24,15.190999984741211,15.600000381469727,15.15999984741211,15.479999542236328,13.183174133300781,344200,0.0,0.0
2017-04-25,15.529999732971191,15.550000190734863,15.350000381469727,15.449999809265137,13.157626152038574,614400,0.0,0.0
2017-04-26,15.425000190734863,15.649999618530273,15.399999618530273,15.630000114440918,13.310914993286133,640600,0.0,0.0
2017-04-27,15.630000114440918,15.649999618530273,15.199999809265137,15.220000267028809,12.961752891540527,536500,0.0,0.0
2017-04-28,15.317999839782715,15.329999923706055,14.949999809265137,14.949999809265137,12.731812477111816,629000,0.0,0.0
2017-05-01,15.0,15.050000190734863,14.930000305175781,14.979999542236328,12.757359504699707,530300,0.0,0.0
2017-05-02,15.0,15.020000457763672,14.5,14.59000015258789,12.425226211547852,735100,0.0,0.0
2017-05-03,14.59000015258789,14.9350004196167,14.59000015258789,14.6899995803833,12.510385513305664,770400,0.0,0.0
2017-05-04,14.71500015258789,14.800000190734863,14.609999656677246,14.619999885559082,12.450772285461426,692200,0.0,0.0
2017-05-05,14.710000038146973,15.239999771118164,14.710000038146973,15.029999732971191,12.799941062927246,1424300,0.0,0.0
2017-05-08,15.029999732971191,15.050000190734863,14.970000267028809,15.0,12.774391174316406,2124100,0.0,0.0
2017-05-09,15.0,15.020000457763672,14.970000267028809,15.010000228881836,12.78290843963623,2346700,0.0,0.0
2017-05-10,15.149999618530273,15.300000190734863,14.979999542236328,15.149999618530273,12.902135848999023,2299800,0.0,0.0
2017-05-11,15.100000381469727,15.350000381469727,15.0,15.319999694824219,13.046911239624023,3080400,0.0,0.0
2017-05-12,15.350000381469727,15.829999923706055,15.329999923706055,15.579999923706055,13.26833724975586,972700,0.0,0.0
2017-05-15,15.539999961853027,15.770000457763672,15.5,15.729999542236328,13.396079063415527,692600,0.0,0.0
2017-05-16,15.770000457763672,16.0,15.390000343322754,15.420000076293945,13.132075309753418,1235800,0.0,0.0
2017-05-17,15.470000267028809,15.670000076293945,15.029999732971191,15.09000015258789,12.85103702545166,1080900,0.0,0.0
2017-05-18,15.149999618530273,15.149999618530273,14.6899995803833,14.800000190734863,12.604066848754883,1413600,0.0,0.0
2017-05-19,15.25,15.300000190734863,14.5,15.039999961853027,12.808457374572754,5709800,0.0,0.0
2017-05-22,15.0,15.140000343322754,14.880000114440918,14.960000038146973,12.740331649780273,1442200,0.0,0.0
2017-05-23,14.949999809265137,15.005000114440918,14.850000381469727,15.0,12.774391174316406,1370200,0.0,0.0
2017-05-24,14.960000038146973,15.09000015258789,14.8100004196167,15.0,12.774391174316406,1953300,0.0,0.0
2017-05-25,14.970000267028809,15.029999732971191,14.805000305175781,14.850000381469727,12.646649360656738,2504400,0.0,0.0
2017-05-26,14.890000343322754,15.050000190734863,14.779999732971191,14.989999771118164,12.765874862670898,2107000,0.0,0.0
2017-05-30,14.949999809265137,14.989999771118164,14.760000228881836,14.920000076293945,12.706262588500977,1328500,0.0,0.0
2017-05-31,14.859999656677246,14.949999809265137,14.699999809265137,14.770000457763672,12.578518867492676,1114300,0.0,0.0
2017-06-01,14.75,14.954999923706055,14.75,14.90999984741211,12.697747230529785,1227000,0.0,0.0
2017-06-02,14.949999809265137,15.020000457763672,14.8100004196167,14.989999771118164,12.765874862670898,2294200,0.0,0.0
2017-06-05,15.1899995803833,15.520000457763672,15.100000381469727,15.260000228881836,12.995818138122559,4910400,0.0,0.0
2017-06-06,15.170000076293945,15.569999694824219,15.069999694824219,15.520000457763672,13.217238426208496,3637900,0.0,0.0
2017-06-07,15.5,15.789999961853027,15.350000381469727,15.680000305175781,13.353500366210938,4022700,0.0,0.0
2017-06-08,15.600000381469727,15.850000381469727,15.5600004196167,15.720000267028809,13.387563705444336,1957000,0.0,0.0
2017-06-09,15.789999961853027,15.979999542236328,15.670000076293945,15.800000190734863,13.455693244934082,1820300,0.0,0.0
2017-06-12,15.699999809265137,16.100000381469727,15.600000381469727,16.0,13.626019477844238,2991700,0.0,0.0
2017-06-13,15.989999771118164,16.479999542236328,15.989999771118164,16.350000381469727,13.924089431762695,3229900,0.0,0.0
2017-06-14,16.299999237060547,16.799999237060547,16.299999237060547,16.790000915527344,14.298806190490723,5430800,0.0,0.0
2017-06-15,16.68000030517578,16.84000015258789,16.510000228881836,16.600000381469727,14.136996269226074,2330000,0.0,0.0
2017-06-16,16.600000381469727,16.8799991607666,16.399999618530273,16.700000762939453,14.222155570983887,22643500,0.0,0.0
2017-06-19,16.639999389648438,16.790000915527344,16.6299991607666,16.700000762939453,14.222155570983887,2528300,0.0,0.0
2017-06-20,16.65999984741211,16.780000686645508,16.614999771118164,16.719999313354492,14.239192008972168,4076800,0.0,0.0
2017-06-21,16.719999313354492,16.739999771118164,16.604999542236328,16.700000762939453,14.222155570983887,2813800,0.0,0.0
2017-06-22,16.75,16.75,16.479999542236328,16.649999618530273,14.179574012756348,4504500,0.0,0.0
2017-06-23,16.739999771118164,16.90999984741211,16.600000381469727,16.75,14.264739036560059,20845100,0.0,0.0
2017-06-26,16.75,16.860000610351562,16.6200008392334,16.700000762939453,14.222155570983887,2591600,0.0,0.0
2017-06-27,16.700000762939453,16.850000381469727,16.665000915527344,16.700000762939453,14.222155570983887,2854200,0.0,0.0
2017-06-28,16.75,16.899999618530273,16.6299991607666,16.860000610351562,14.358420372009277,2770800,0.0,0.0
2017-06-29,16.850000381469727,16.8799991607666,16.690000534057617,16.700000762939453,14.222155570983887,3179800,0.0,0.0
2017-06-30,16.690000534057617,16.81999969482422,16.610000610351562,16.790000915527344,14.298806190490723,1450000,0.0,0.0
2017-07-03,16.860000610351562,17.040000915527344,16.790000915527344,17.010000228881836,14.486163139343262,880700,0.0,0.0
2017-07-05,17.0,17.0,16.649999618530273,16.739999771118164,14.256218910217285,1571800,0.0,0.0
2017-07-06,16.81999969482422,16.84000015258789,16.389999389648438,16.469999313354492,14.026284217834473,1432000,0.0,0.0
2017-07-07,16.639999389648438,16.65999984741211,16.329999923706055,16.440000534057617,14.000733375549316,1720600,0.0,0.0
2017-07-10,16.40999984741211,16.510000228881836,16.309999465942383,16.420000076293945,13.9837007522583,1290000,0.0,0.0
2017-07-11,16.3700008392334,16.489999771118164,16.15999984741211,16.440000534057617,14.000733375549316,1709400,0.0,0.0
2017-07-12,16.459999084472656,16.579999923706055,16.149999618530273,16.270000457763672,13.855958938598633,2418600,0.0,0.0
2017-07-13,16.309999465942383,16.309999465942383,15.789999961853027,15.880000114440918,13.523821830749512,1888500,0.0,0.0
2017-07-14,15.895000457763672,16.06999969482422,15.824999809265137,16.020000457763672,13.643052101135254,1298400,0.0,0.0
2017-07-17,16.0,16.084999084472656,15.859999656677246,15.960000038146973,13.59195327758789,1130000,0.0,0.0
2017-07-18,16.020000457763672,16.149999618530273,15.949999809265137,16.030000686645508,13.651568412780762,1715700,0.0,0.0
2017-07-19,15.960000038146973,16.149999618530273,15.890000343322754,15.960000038146973,13.59195327758789,836000,0.0,0.0
2017-07-20,16.049999237060547,16.260000228881836,15.90999984741211,16.200000762939453,13.796345710754395,1209100,0.0,0.0
2017-07-21,16.280000686645508,16.420000076293945,16.25,16.389999389648438,13.958150863647461,1038700,0.0,0.0
2017-07-24,16.31999969482422,16.75,16.200000762939453,16.600000381469727,14.136996269226074,1410700,0.0,0.0
2017-07-25,16.600000381469727,16.770000457763672,16.280000686645508,16.610000610351562,14.145509719848633,1975200,0.0,0.0
2017-07-26,16.610000610351562,16.68000030517578,16.389999389648438,16.510000228881836,14.060348510742188,1002400,0.0,0.0
2017-07-27,16.43000030517578,16.545000076293945,16.3700008392334,16.520000457763672,14.068863868713379,598300,0.0,0.0
2017-07-28,16.479999542236328,16.540000915527344,16.3700008392334,16.43000030517578,13.992219924926758,523800,0.0,0.0
2017-07-31,16.399999618530273,16.490999221801758,16.360000610351562,16.43000030517578,13.992219924926758,484600,0.0,0.0
2017-08-01,16.3799991607666,16.610000610351562,16.329999923706055,16.610000610351562,14.145509719848633,920900,0.0,0.0
2017-08-02,16.489999771118164,16.600000381469727,16.280000686645508,16.520000457763672,14.068863868713379,1092000,0.0,0.0
2017-08-03,16.600000381469727,16.649999618530273,16.084999084472656,16.18000030517578,13.77931022644043,1056600,0.0,0.0
2017-08-04,16.18000030517578,16.690000534057617,15.920000076293945,16.65999984741211,14.188090324401855,1611000,0.0,0.0
2017-08-07,16.690000534057617,17.09000015258789,16.690000534057617,17.020000457763672,14.494681358337402,744200,0.0,0.0
2017-08-08,16.950000762939453,17.219999313354492,16.850000381469727,17.190000534057617,14.639450073242188,1043500,0.0,0.0
2017-08-09,17.110000610351562,17.239999771118164,16.989999771118164,17.06999969482422,14.53725814819336,1450100,0.0,0.0
2017-08-10,17.020000457763672,17.170000076293945,16.950000762939453,17.0,14.477643966674805,1501500,0.0,0.0
2017-08-11,16.90999984741211,17.329999923706055,16.8799991607666,17.209999084472656,14.656484603881836,1166500,0.0,0.0
2017-08-14,17.209999084472656,17.5,17.06999969482422,17.3799991607666,14.801259994506836,1239900,0.0,0.0
2017-08-15,17.3799991607666,17.549999237060547,17.31999969482422,17.510000228881836,14.91197395324707,1405700,0.0,0.0
2017-08-16,17.450000762939453,17.700000762939453,17.40999984741211,17.65999984741211,15.039717674255371,1334300,0.0,0.0
2017-08-17,17.81999969482422,17.850000381469727,17.100000381469727,17.1200008392334,14.579837799072266,1558200,0.0,0.0
2017-08-18,17.18000030517578,17.625,17.09000015258789,17.540000915527344,14.937522888183594,1571900,0.0,0.0
2017-08-21,17.5,17.770000457763672,17.420000076293945,17.65999984741211,15.039717674255371,1076100,0.0,0.0
2017-08-22,17.65999984741211,17.770000457763672,17.540000915527344,17.68000030517578,15.056753158569336,947000,0.0,0.0
2017-08-23,17.639999389648438,17.790000915527344,17.639999389648438,17.719999313354492,15.090814590454102,825800,0.0,0.0
2017-08-24,17.700000762939453,17.760000228881836,17.635000228881836,17.649999618530273,15.03119945526123,858800,0.0,0.0
2017-08-25,17.75,17.790000915527344,17.639999389648438,17.75,15.116364479064941,729900,0.0,0.0
2017-08-28,17.799999237060547,17.799999237060547,17.709999084472656,17.760000228881836,15.124883651733398,955200,0.0,0.0
2017-08-29,17.59000015258789,17.799999237060547,17.59000015258789,17.709999084472656,15.082297325134277,689800,0.0,0.0
2017-08-30,17.690000534057617,17.739999771118164,17.299999237060547,17.360000610351562,14.784229278564453,858700,0.0,0.0
2017-08-31,17.350000381469727,17.709999084472656,17.30500030517578,17.700000762939453,15.073783874511719,792100,0.0,0.0
2017-09-01,17.68000030517578,18.079999923706055,17.68000030517578,17.84000015258789,15.193012237548828,2499100,0.0,0.0
2017-09-05,17.950000762939453,17.950000762939453,17.579999923706055,17.75,15.116364479064941,1172700,0.0,0.0
2017-09-06,17.739999771118164,17.854999542236328,17.68000030517578,17.770000457763672,15.13339614868164,758900,0.0,0.0
2017-09-07,17.68000030517578,17.920000076293945,17.68000030517578,17.8700008392334,15.218558311462402,912600,0.0,0.0
2017-09-08,17.860000610351562,17.93000030517578,17.15999984741211,17.649999618530273,15.03119945526123,1159600,0.0,0.0
2017-09-11,17.719999313354492,17.8700008392334,17.59000015258789,17.719999313354492,15.090814590454102,652300,0.0,0.0
2017-09-12,17.68000030517578,17.770000457763672,17.56999969482422,17.700000762939453,15.073783874511719,594100,0.0,0.0
2017-09-13,17.780000686645508,17.90999984741211,17.639999389648438,17.709999084472656,15.082297325134277,1663900,0.0,0.0
2017-09-14,17.670000076293945,17.989999771118164,17.540000915527344,17.799999237060547,15.15894603729248,1010300,0.0,0.0
2017-09-15,17.850000381469727,17.950000762939453,17.65999984741211,17.780000686645508,15.141915321350098,1880200,0.0,0.0
2017-09-18,17.809999465942383,18.0,17.690000534057617,17.989999771118164,15.320755958557129,2046300,0.0,0.0
2017-09-19,17.959999084472656,18.049999237060547,17.84000015258789,17.8799991607666,15.227075576782227,1584900,0.0,0.0
2017-09-20,18.049999237060547,18.309999465942383,17.969999313354492,18.219999313354492,15.516631126403809,1534000,0.0,0.0
2017-09-21,18.170000076293945,18.216999053955078,18.020000457763672,18.15999984741211,15.465531349182129,581200,0.0,0.0
2017-09-22,18.18000030517578,18.274999618530273,18.1299991607666,18.149999618530273,15.45701789855957,884600,0.0,0.0
2017-09-25,18.260000228881836,18.274999618530273,18.110000610351562,18.15999984741211,15.465531349182129,848800,0.0,0.0
2017-09-26,18.239999771118164,18.559999465942383,18.1299991607666,18.459999084472656,15.72102165222168,1247500,0.0,0.0
2017-09-27,18.489999771118164,18.850000381469727,18.420000076293945,18.700000762939453,15.925408363342285,1481700,0.0,0.0
2017-09-28,18.700000762939453,18.959999084472656,18.604999542236328,18.649999618530273,15.88282299041748,1769100,0.0,0.0
2017-09-29,18.65999984741211,18.899999618530273,18.579999923706055,18.690000534057617,15.916889190673828,1895300,0.0,0.0
2017-10-02,18.700000762939453,18.940000534057617,18.639999389648438,18.899999618530273,16.095735549926758,1875100,0.0,0.0
2017-10-03,19.200000762939453,19.25,18.700000762939453,18.899999618530273,16.095735549926758,3313000,0.0,0.0
2017-10-04,18.90999984741211,19.09000015258789,18.860000610351562,18.93000030517578,16.12128257751465,6352000,0.0,0.0
2017-10-05,18.969999313354492,19.329999923706055,18.93000030517578,19.1200008392334,16.28309440612793,4771000,0.0,0.0
2017-10-06,19.290000915527344,19.290000915527344,18.649999618530273,18.790000915527344,16.002050399780273,3453900,0.0,0.0
2017-10-09,18.8700008392334,18.950000762939453,18.690000534057617,18.93000030517578,16.12128257751465,1734300,0.0,0.0
2017-10-10,18.950000762939453,19.09000015258789,18.709999084472656,18.809999465942383,16.01909065246582,2102500,0.0,0.0
2017-10-11,18.729999542236328,19.010000228881836,18.719999313354492,19.010000228881836,16.189414978027344,1955100,0.0,0.0
2017-10-12,19.079999923706055,19.149999618530273,18.829999923706055,19.079999923706055,16.24903106689453,2087600,0.0,0.0
2017-10-13,19.149999618530273,19.15999984741211,18.829999923706055,19.0,16.18090057373047,1540800,0.0,0.0
2017-10-16,19.06999969482422,19.104999542236328,18.93000030517578,18.989999771118164,16.172382354736328,2834800,0.0,0.0
2017-10-17,19.030000686645508,19.100000381469727,18.850000381469727,19.010000228881836,16.189414978027344,1915800,0.0,0.0
2017-10-18,19.0,19.15999984741211,18.649999618530273,18.700000762939453,15.925408363342285,1511600,0.0,0.0
2017-10-19,18.600000381469727,18.84000015258789,18.440000534057617,18.829999923706055,16.036123275756836,1302100,0.0,0.0
2017-10-20,18.979999542236328,19.049999237060547,18.8799991607666,19.030000686645508,16.206445693969727,1608200,0.0,0.0
2017-10-23,19.020000457763672,19.579999923706055,19.020000457763672,19.479999542236328,16.589675903320312,1782700,0.0,0.0
2017-10-24,19.670000076293945,19.75,19.559999465942383,19.579999923706055,16.67483901977539,1925600,0.0,0.0
2017-10-25,19.649999618530273,20.440000534057617,19.440000534057617,20.31999969482422,17.30504608154297,6720100,0.0,0.0
2017-10-26,20.31999969482422,21.200000762939453,20.170000076293945,20.489999771118164,17.449813842773438,4931000,0.0,0.0
2017-10-27,20.469999313354492,20.65999984741211,20.170000076293945,20.299999237060547,17.28801155090332,3175400,0.0,0.0
2017-10-30,20.0,20.010000228881836,18.3700008392334,18.56999969482422,15.814702033996582,26446200,0.0,0.0
2017-10-31,18.719999313354492,19.56999969482422,18.610000610351562,19.440000534057617,16.55561065673828,11236700,0.0,0.0
2017-11-01,19.56999969482422,19.649999618530273,19.059999465942383,19.209999084472656,16.359739303588867,5730600,0.0,0.0
2017-11-02,19.219999313354492,19.450000762939453,18.55500030517578,19.1200008392334,16.28309440612793,6306100,0.0,0.0
2017-11-03,19.1200008392334,19.3700008392334,18.959999084472656,19.229999542236328,16.376766204833984,4222700,0.0,0.0
2017-11-06,19.270000457763672,19.469999313354492,19.139999389648438,19.360000610351562,16.48748016357422,3905200,0.0,0.0
2017-11-07,19.3799991607666,19.479999542236328,18.940000534057617,18.950000762939453,16.13831901550293,4194900,0.0,0.0
2017-11-08,19.0,19.020000457763672,18.834999084472656,18.8799991607666,16.078702926635742,5564100,0.0,0.0
2017-11-09,18.809999465942383,18.969999313354492,18.219999313354492,18.299999237060547,15.584756851196289,5514300,0.0,0.0
2017-11-10,18.260000228881836,18.690000534057617,18.239999771118164,18.610000610351562,15.84876537322998,6009500,0.0,0.0
2017-11-13,18.6299991607666,19.010000228881836,18.450000762939453,18.950000762939453,16.13831901550293,3810700,0.0,0.0
2017-11-14,18.979999542236328,19.399999618530273,18.969999313354492,19.18000030517578,16.33418846130371,7720500,0.0,0.0
2017-11-15,19.149999618530273,19.309999465942383,18.81999969482422,19.149999618530273,16.308643341064453,5911600,0.0,0.0
2017-11-16,19.219999313354492,19.260000228881836,18.899999618530273,18.979999542236328,16.16386604309082,6226300,0.0,0.0
2017-11-17,19.040000915527344,19.239999771118164,18.889999389648438,19.149999618530273,16.308643341064453,6946200,0.0,0.0
2017-11-20,19.149999618530273,19.170000076293945,18.850000381469727,18.93000030517578,16.12128257751465,3103300,0.0,0.0
2017-11-21,18.989999771118164,19.0049991607666,18.729999542236328,18.899999618530273,16.095735549926758,4769900,0.0,0.0
2017-11-22,18.969999313354492,19.454999923706055,18.969999313354492,19.440000534057617,16.55561065673828,3314800,0.0,0.0
2017-11-24,19.420000076293945,19.489999771118164,19.200000762939453,19.280000686645508,16.41935157775879,1959900,0.0,0.0
2017-11-27,19.31999969482422,19.31999969482422,18.850000381469727,19.020000457763672,16.19792938232422,5567000,0.0,0.0
2017-11-28,19.079999923706055,19.25,19.03499984741211,19.229999542236328,16.376766204833984,5034400,0.0,0.0
2017-11-29,19.170000076293945,19.280000686645508,18.84000015258789,19.149999618530273,16.308643341064453,6259500,0.0,0.0
2017-11-30,19.229999542236328,19.420000076293945,18.809999465942383,18.899999618530273,16.095735549926758,18083700,0.0,0.0
2017-12-01,18.8700008392334,19.06999969482422,18.540000915527344,18.729999542236328,15.950957298278809,6515400,0.0,0.0
2017-12-04,18.829999923706055,18.860000610351562,18.40999984741211,18.56999969482422,15.814702033996582,6615100,0.0,0.0
2017-12-05,18.520000457763672,18.540000915527344,17.579999923706055,17.809999465942383,15.167462348937988,5591800,0.0,0.0
2017-12-06,17.84000015258789,17.889999389648438,17.350000381469727,17.510000228881836,14.91197395324707,5073200,0.0,0.0
2017-12-07,17.520000457763672,17.81999969482422,17.354999542236328,17.770000457763672,15.13339614868164,4589200,0.0,0.0
2017-12-08,17.760000228881836,17.860000610351562,17.530000686645508,17.75,15.116364479064941,2862700,0.0,0.0
2017-12-11,17.719999313354492,18.149999618530273,17.719999313354492,18.110000610351562,15.42294692993164,5689700,0.0,0.0
2017-12-12,18.139999389648438,18.350000381469727,17.93000030517578,18.06999969482422,15.38888168334961,4216200,0.0,0.0
2017-12-13,17.950000762939453,18.010000228881836,17.100000381469727,17.450000762939453,14.860879898071289,6053500,0.0,0.0
2017-12-14,17.31999969482422,17.510000228881836,17.149999618530273,17.239999771118164,14.682035446166992,4332500,0.0,0.0
2017-12-15,17.209999084472656,17.469999313354492,17.209999084472656,17.309999465942383,14.74164867401123,5321600,0.0,0.0
2017-12-18,17.270000457763672,17.829999923706055,17.270000457763672,17.790000915527344,15.150433540344238,3594900,0.0,0.0
2017-12-19,17.829999923706055,18.18000030517578,17.719999313354492,18.0,15.32927131652832,4859500,0.0,0.0
2017-12-20,18.110000610351562,18.459999084472656,18.059999465942383,18.15999984741211,15.465531349182129,4206600,0.0,0.0
2017-12-21,18.200000762939453,18.399999618530273,18.06999969482422,18.15999984741211,15.465531349182129,6193900,0.0,0.0
2017-12-22,18.100000381469727,18.200000762939453,17.834999084472656,17.979999542236328,15.312236785888672,4314700,0.0,0.0
2017-12-26,17.979999542236328,18.1200008392334,17.719999313354492,17.739999771118164,15.107848167419434,3764100,0.0,0.0
2017-12-27,17.770000457763672,18.1299991607666,17.770000457763672,17.850000381469727,15.20152759552002,3263000,0.0,0.0
2017-12-28,17.84000015258789,18.014999389648438,17.739999771118164,17.90999984741211,15.2526216506958,3391900,0.0,0.0
2017-12-29,17.899999618530273,18.530000686645508,17.8799991607666,18.31999969482422,15.601790428161621,4558300,0.0,0.0
2018-01-02,18.260000228881836,18.43000030517578,18.1200008392334,18.420000076293945,15.686952590942383,3790700,0.0,0.0
2018-01-03,18.479999542236328,18.829999923706055,18.31999969482422,18.469999313354492,15.729535102844238,4049700,0.0,0.0
2018-01-04,18.450000762939453,18.979999542236328,18.399999618530273,18.489999771118164,15.746565818786621,4480500,0.0,0.0
2018-01-05,18.559999465942383,18.700000762939453,18.299999237060547,18.68000030517578,15.908374786376953,2765500,0.0,0.0
2018-01-08,18.68000030517578,18.84000015258789,18.514999389648438,18.700000762939453,15.925408363342285,3789300,0.0,0.0
2018-01-09,18.6200008392334,18.649999618530273,18.209999084472656,18.459999084472656,15.72102165222168,4521200,0.0,0.0
2018-01-10,18.389999389648438,18.5049991607666,18.200000762939453,18.350000381469727,15.627339363098145,2610800,0.0,0.0
2018-01-11,18.469999313354492,18.579999923706055,18.239999771118164,18.540000915527344,15.78915023803711,3591900,0.0,0.0
2018-01-12,18.549999237060547,18.6200008392334,18.440000534057617,18.56999969482422,15.814702033996582,2015200,0.0,0.0
2018-01-16,18.6299991607666,18.6299991607666,17.950000762939453,17.979999542236328,15.312236785888672,3053200,0.0,0.0
2018-01-17,18.100000381469727,18.59000015258789,18.010000228881836,18.440000534057617,15.703987121582031,4217000,0.0,0.0
2018-01-18,18.579999923706055,18.81999969482422,18.545000076293945,18.790000915527344,16.002050399780273,8061900,0.0,0.0
2018-01-19,18.809999465942383,19.55500030517578,18.774999618530273,19.489999771118164,16.598186492919922,7149300,0.0,0.0
2018-01-22,19.530000686645508,19.760000228881836,19.219999313354492,19.239999771118164,16.385284423828125,4690700,0.0,0.0
2018-01-23,19.219999313354492,19.450000762939453,19.139999389648438,19.229999542236328,16.376766204833984,4096300,0.0,0.0
2018-01-24,19.270000457763672,19.790000915527344,19.219999313354492,19.479999542236328,16.589675903320312,5249700,0.0,0.0
2018-01-25,19.559999465942383,19.7549991607666,19.350000381469727,19.719999313354492,16.7940673828125,3372600,0.0,0.0
2018-01-26,19.770000457763672,19.899999618530273,19.59000015258789,19.790000915527344,16.85368537902832,2234800,0.0,0.0
2018-01-29,19.700000762939453,19.760000228881836,19.415000915527344,19.559999465942383,16.657808303833008,2450900,0.0,0.0
2018-01-30,19.469999313354492,19.510000228881836,19.03499984741211,19.15999984741211,16.317157745361328,3917400,0.0,0.0
2018-01-31,19.170000076293945,19.520000457763672,19.1299991607666,19.5,16.606714248657227,2919600,0.0,0.0
2018-02-01,19.469999313354492,19.850000381469727,19.43000030517578,19.639999389648438,16.725934982299805,4312700,0.0,0.0
2018-02-02,19.43000030517578,19.59000015258789,19.049999237060547,19.149999618530273,16.308643341064453,3360600,0.0,0.0
2018-02-05,18.989999771118164,19.19499969482422,18.360000610351562,18.530000686645508,15.780632019042969,3691400,0.0,0.0
2018-02-06,18.170000076293945,18.850000381469727,17.799999237060547,18.670000076293945,15.899860382080078,5663500,0.0,0.0
2018-02-07,18.56999969482422,19.260000228881836,18.520000457763672,18.530000686645508,15.780632019042969,5851800,0.0,0.0
2018-02-08,18.530000686645508,18.635000228881836,17.440000534057617,17.459999084472656,14.869389533996582,4777900,0.0,0.0
2018-02-09,17.549999237060547,18.06999969482422,17.309999465942383,17.8799991607666,15.227075576782227,5662600,0.0,0.0
2018-02-12,17.950000762939453,18.030000686645508,17.40999984741211,17.959999084472656,15.295207977294922,4424100,0.0,0.0
2018-02-13,17.90999984741211,18.334999084472656,17.84000015258789,18.25,15.5421781539917,2400000,0.0,0.0
2018-02-14,18.1200008392334,18.399999618530273,18.049999237060547,18.260000228881836,15.550694465637207,1754700,0.0,0.0
2018-02-15,18.389999389648438,18.719999313354492,18.170000076293945,18.690000534057617,15.916889190673828,1950900,0.0,0.0
2018-02-16,18.639999389648438,19.010000228881836,18.600000381469727,18.829999923706055,16.036123275756836,1548300,0.0,0.0
2018-02-20,18.780000686645508,18.9950008392334,18.739999771118164,18.8799991607666,16.078702926635742,2945600,0.0,0.0
2018-02-21,18.950000762939453,19.040000915527344,18.600000381469727,18.670000076293945,15.899860382080078,2487200,0.0,0.0
2018-02-22,18.729999542236328,18.989999771118164,18.56999969482422,18.719999313354492,15.942440032958984,3585500,0.0,0.0
2018-02-23,18.799999237060547,19.049999237060547,18.700000762939453,19.020000457763672,16.19792938232422,4884700,0.0,0.0
2018-02-26,19.1299991607666,19.229999542236328,18.440000534057617,18.979999542236328,16.16386604309082,3358000,0.0,0.0
2018-02-27,19.010000228881836,19.299999237060547,18.920000076293945,18.979999542236328,16.16386604309082,4245500,0.0,0.0
2018-02-28,19.100000381469727,19.145000457763672,18.8799991607666,18.950000762939453,16.13831901550293,3852500,0.0,0.0
2018-03-01,19.0,19.30500030517578,18.799999237060547,19.100000381469727,16.26605987548828,3240000,0.0,0.0
2018-03-02,18.969999313354492,19.6200008392334,18.860000610351562,19.59000015258789,16.683359146118164,2934000,0.0,0.0
2018-03-05,19.579999923706055,20.059999465942383,19.5,19.90999984741211,16.955873489379883,4934500,0.0,0.0
2018-03-06,20.139999389648438,20.530000686645508,19.80500030517578,20.469999313354492,17.432785034179688,8881700,0.0,0.0
2018-03-07,20.549999237060547,20.760000228881836,20.219999313354492,20.59000015258789,17.53497886657715,4276900,0.0,0.0
2018-03-08,20.770000457763672,20.8799991607666,20.540000915527344,20.809999465942383,17.72234344482422,5226200,0.0,0.0
2018-03-09,20.8700008392334,20.96500015258789,20.600000381469727,20.690000534057617,17.62014389038086,4891300,0.0,0.0
2018-03-12,20.649999618530273,20.780000686645508,20.3799991607666,20.459999084472656,17.42426872253418,5421700,0.0,0.0
2018-03-13,20.59000015258789,20.6200008392334,20.149999618530273,20.459999084472656,17.42426872253418,8115400,0.0,0.0
2018-03-14,20.5,20.6200008392334,20.135000228881836,20.290000915527344,17.27949333190918,5061000,0.0,0.0
2018-03-15,20.3799991607666,20.739999771118164,20.299999237060547,20.690000534057617,17.62014389038086,5541200,0.0,0.0
2018-03-16,20.690000534057617,20.75,20.350000381469727,20.43000030517578,17.398723602294922,4212200,0.0,0.0
2018-03-19,20.3799991607666,20.3799991607666,19.790000915527344,19.93000030517578,16.97291374206543,4342900,0.0,0.0
2018-03-20,20.0,20.110000610351562,19.684999465942383,19.81999969482422,16.879236221313477,3759900,0.0,0.0
2018-03-21,19.860000610351562,20.299999237060547,19.790000915527344,20.149999618530273,17.160266876220703,4039700,0.0,0.0
2018-03-22,19.959999084472656,20.559999465942383,19.920000076293945,20.350000381469727,17.330596923828125,6223200,0.0,0.0
2018-03-23,20.31999969482422,20.584999084472656,20.100000381469727,20.190000534057617,17.194334030151367,4377800,0.0,0.0
2018-03-26,20.229999542236328,20.850000381469727,20.145000457763672,20.709999084472656,17.637176513671875,4057000,0.0,0.0
2018-03-27,20.709999084472656,21.149999618530273,20.594999313354492,20.860000610351562,17.76491928100586,4796000,0.0,0.0
2018-03-28,21.329999923706055,21.434999465942383,20.809999465942383,21.1299991607666,17.994857788085938,4717600,0.0,0.0
2018-03-29,21.149999618530273,21.18000030517578,20.704999923706055,20.829999923706055,17.73937225341797,4904700,0.0,0.0
2018-04-02,20.809999465942383,20.90999984741211,20.010000228881836,20.350000381469727,17.330596923828125,3415600,0.0,0.0
2018-04-03,20.440000534057617,20.84000015258789,20.09000015258789,20.780000686645508,17.69679069519043,4979900,0.0,0.0
2018-04-04,20.579999923706055,20.700000762939453,20.360000610351562,20.610000610351562,17.55201530456543,5006900,0.0,0.0
2018-04-05,20.700000762939453,20.940000534057617,20.049999237060547,20.219999313354492,17.219881057739258,4761300,0.0,0.0
2018-04-06,20.190000534057617,20.229999542236328,19.59000015258789,19.68000030517578,16.7600040435791,14214500,0.0,0.0
2018-04-09,19.8700008392334,21.344999313354492,19.770000457763672,20.829999923706055,17.73937225341797,11306700,0.0,0.0
2018-04-10,21.030000686645508,21.31999969482422,20.6299991607666,21.31999969482422,18.15666961669922,9086800,0.0,0.0
2018-04-11,21.25,21.56999969482422,21.21500015258789,21.469999313354492,18.28441047668457,8343100,0.0,0.0
2018-04-12,21.559999465942383,22.15999984741211,21.329999923706055,21.459999084472656,18.275894165039062,9270000,0.0,0.0
2018-04-13,21.5,21.850000381469727,21.350000381469727,21.649999618530273,18.43770980834961,8445400,0.0,0.0
2018-04-16,21.850000381469727,22.25,21.75,21.989999771118164,18.727256774902344,8280200,0.0,0.0
2018-04-17,22.170000076293945,22.459999084472656,21.934999465942383,22.350000381469727,19.033845901489258,5408800,0.0,0.0
2018-04-18,22.3799991607666,22.56999969482422,22.309999465942383,22.34000015258789,19.025325775146484,4540300,0.0,0.0
2018-04-19,22.25,22.3700008392334,21.81999969482422,22.1200008392334,18.83797264099121,3833100,0.0,0.0
2018-04-20,22.09000015258789,22.149999618530273,21.795000076293945,21.8799991607666,18.633573532104492,5551200,0.0,0.0
2018-04-23,21.969999313354492,22.329999923706055,21.90999984741211,22.329999923706055,19.01681137084961,4724800,0.0,0.0
2018-04-24,22.489999771118164,22.790000915527344,22.19499969482422,22.280000686645508,18.974227905273438,4562900,0.0,0.0
2018-04-25,22.350000381469727,22.600000381469727,22.190000534057617,22.479999542236328,19.144556045532227,3413300,0.0,0.0
2018-04-26,22.530000686645508,22.979999542236328,22.360000610351562,22.600000381469727,19.246755599975586,5803000,0.0,0.0
2018-04-27,22.65999984741211,23.0049991607666,22.354999542236328,22.739999771118164,19.365976333618164,3587200,0.0,0.0
2018-04-30,22.8700008392334,23.010000228881836,22.760000228881836,22.850000381469727,19.45966148376465,4032800,0.0,0.0
2018-05-01,22.959999084472656,22.959999084472656,22.489999771118164,22.850000381469727,19.45966148376465,4012800,0.0,0.0
2018-05-02,22.899999618530273,23.420000076293945,22.8799991607666,22.989999771118164,19.578887939453125,5348600,0.0,0.0
2018-05-03,23.0,23.3700008392334,22.600000381469727,23.139999389648438,19.70663070678711,5485300,0.0,0.0
2018-05-04,24.0,24.389999389648438,22.81999969482422,23.010000228881836,19.595916748046875,9115100,0.0,0.0
2018-05-07,23.040000915527344,24.040000915527344,23.040000915527344,23.799999237060547,20.268705368041992,7160500,0.0,0.0
2018-05-08,23.81999969482422,23.940000534057617,22.985000610351562,23.170000076293945,19.732177734375,6072700,0.0,0.0
2018-05-09,23.200000762939453,23.31999969482422,22.600000381469727,22.989999771118164,19.578887939453125,4587000,0.0,0.0
2018-05-10,22.65999984741211,23.010000228881836,22.649999618530273,22.90999984741211,19.51075553894043,4681600,0.0,0.0
2018-05-11,22.959999084472656,23.18000030517578,22.809999465942383,22.940000534057617,19.536306381225586,4052100,0.0,0.0
2018-05-14,23.079999923706055,23.364999771118164,22.969999313354492,23.100000381469727,19.672563552856445,2878600,0.0,0.0
2018-05-15,23.030000686645508,23.200000762939453,22.94499969482422,23.139999389648438,19.70663070678711,4516900,0.0,0.0
2018-05-16,23.18000030517578,23.450000762939453,22.96500015258789,23.079999923706055,19.65553092956543,3837100,0.0,0.0
2018-05-17,23.059999465942383,23.149999618530273,22.6299991607666,22.8799991607666,19.485198974609375,4051500,0.0,0.0
2018-05-18,22.790000915527344,23.040000915527344,22.790000915527344,23.010000228881836,19.595916748046875,3841200,0.0,0.0
2018-05-21,23.110000610351562,23.170000076293945,22.739999771118164,23.010000228881836,19.595916748046875,3340400,0.0,0.0
2018-05-22,23.1299991607666,23.43000030517578,23.1299991607666,23.219999313354492,19.774763107299805,2017800,0.0,0.0
2018-05-23,23.18000030517578,23.280000686645508,23.075000762939453,23.229999542236328,19.783279418945312,3508500,0.0,0.0
2018-05-24,23.600000381469727,24.239999771118164,23.549999237060547,24.079999923706055,20.507158279418945,6064400,0.0,0.0
2018-05-25,24.020000457763672,24.155000686645508,23.815000534057617,23.950000762939453,20.396446228027344,3174000,0.0,0.0
2018-05-29,23.950000762939453,24.15999984741211,23.860000610351562,24.010000228881836,20.447547912597656,2998300,0.0,0.0
2018-05-30,24.059999465942383,24.559999465942383,24.059999465942383,24.270000457763672,20.668970108032227,4846900,0.0,0.0
2018-05-31,24.40999984741211,24.69499969482422,24.260000228881836,24.530000686645508,20.89038848876953,10162400,0.0,0.0
2018-06-01,24.530000686645508,24.594999313354492,24.309999465942383,24.34000015258789,20.728580474853516,4055800,0.0,0.0
2018-06-04,24.5,24.649999618530273,24.059999465942383,24.270000457763672,20.668970108032227,3801000,0.0,0.0
2018-06-05,24.280000686645508,24.639999389648438,24.200000762939453,24.3799991607666,20.762643814086914,3647500,0.0,0.0
2018-06-06,24.3799991607666,24.719999313354492,24.3700008392334,24.610000610351562,20.95852279663086,4563100,0.0,0.0
2018-06-07,24.65999984741211,24.809999465942383,24.6299991607666,24.670000076293945,21.009613037109375,3776400,0.0,0.0
2018-06-08,24.59000015258789,24.729999542236328,24.270000457763672,24.559999465942383,20.91594123840332,2348700,0.0,0.0
2018-06-11,24.559999465942383,24.674999237060547,24.03499984741211,24.09000015258789,20.515670776367188,3832700,0.0,0.0
2018-06-12,24.079999923706055,24.3700008392334,24.014999389648438,24.200000762939453,20.60935401916504,4105600,0.0,0.0
2018-06-13,24.31999969482422,24.639999389648438,24.18000030517578,24.389999389648438,20.771162033081055,9875100,0.0,0.0
2018-06-14,24.459999084472656,24.809999465942383,23.979999542236328,24.010000228881836,20.447547912597656,4273900,0.0,0.0
2018-06-15,23.860000610351562,23.920000076293945,23.524999618530273,23.75,20.226119995117188,5565400,0.0,0.0
2018-06-18,23.6200008392334,23.8799991607666,23.469999313354492,23.520000457763672,20.030244827270508,4715100,0.0,0.0
2018-06-19,23.3799991607666,23.579999923706055,23.059999465942383,23.459999084472656,19.979150772094727,6467400,0.0,0.0
2018-06-20,23.600000381469727,23.860000610351562,23.520000457763672,23.649999618530273,20.14095687866211,5305600,0.0,0.0
2018-06-21,23.780000686645508,24.110000610351562,23.670000076293945,24.06999969482422,20.49864959716797,3552300,0.0,0.0
2018-06-22,24.059999465942383,24.200000762939453,23.510000228881836,23.649999618530273,20.14095687866211,9068700,0.0,0.0
2018-06-25,23.65999984741211,23.760000228881836,23.219999313354492,23.329999923706055,19.868432998657227,4497500,0.0,0.0
2018-06-26,23.360000610351562,23.940000534057617,23.325000762939453,23.84000015258789,20.302766799926758,5392300,0.0,0.0
2018-06-27,23.739999771118164,24.09000015258789,23.645000457763672,23.75,20.226119995117188,3388600,0.0,0.0
2018-06-28,23.700000762939453,24.010000228881836,23.489999771118164,23.5,20.013208389282227,4137800,0.0,0.0
2018-06-29,23.56999969482422,24.024999618530273,23.5,23.65999984741211,20.149473190307617,3085500,0.0,0.0
2018-07-02,23.479999542236328,24.010000228881836,23.329999923706055,24.010000228881836,20.447547912597656,3306800,0.0,0.0
2018-07-03,23.889999389648438,23.90999984741211,22.7450008392334,22.809999465942383,19.42559051513672,3476000,0.0,0.0
2018-07-05,22.889999389648438,22.889999389648438,22.360000610351562,22.6200008392334,19.26378059387207,4288100,0.0,0.0
2018-07-06,22.6299991607666,23.045000076293945,22.56999969482422,22.90999984741211,19.51075553894043,3452300,0.0,0.0
2018-07-09,22.950000762939453,23.260000228881836,22.59000015258789,22.709999084472656,19.340421676635742,3806700,0.0,0.0
2018-07-10,22.68000030517578,23.1299991607666,22.68000030517578,23.010000228881836,19.595916748046875,4119900,0.0,0.0
2018-07-11,22.979999542236328,23.100000381469727,22.790000915527344,22.8700008392334,19.476688385009766,2321300,0.0,0.0
2018-07-12,22.84000015258789,23.239999771118164,22.700000762939453,23.190000534057617,19.749210357666016,2422100,0.0,0.0
2018-07-13,23.110000610351562,23.44499969482422,23.010000228881836,23.440000534057617,19.96211051940918,2506200,0.0,0.0
2018-07-16,23.43000030517578,23.760000228881836,23.3799991607666,23.709999084472656,20.192052841186523,2937800,0.0,0.0
2018-07-17,23.739999771118164,24.010000228881836,23.510000228881836,23.59000015258789,20.089862823486328,2562500,0.0,0.0
2018-07-18,23.639999389648438,23.790000915527344,23.489999771118164,23.549999237060547,20.055797576904297,2991300,0.0,0.0
2018-07-19,23.510000228881836,23.6299991607666,23.040000915527344,23.229999542236328,19.783279418945312,3197200,0.0,0.0
2018-07-20,23.170000076293945,23.420000076293945,22.899999618530273,23.18000030517578,19.740694046020508,2537600,0.0,0.0
2018-07-23,23.299999237060547,23.40999984741211,22.829999923706055,22.889999389648438,19.493717193603516,2341900,0.0,0.0
2018-07-24,22.84000015258789,22.850000381469727,22.280000686645508,22.450000762939453,19.119009017944336,3485500,0.0,0.0
2018-07-25,22.520000457763672,22.719999313354492,22.190000534057617,22.309999465942383,18.999780654907227,2846900,0.0,0.0
2018-07-26,22.329999923706055,22.780000686645508,22.299999237060547,22.549999237060547,19.20416831970215,2166000,0.0,0.0
2018-07-27,22.59000015258789,22.684999465942383,22.329999923706055,22.350000381469727,19.033845901489258,1993700,0.0,0.0
2018-07-30,22.40999984741211,22.440000534057617,22.079999923706055,22.170000076293945,18.880552291870117,1528100,0.0,0.0
2018-07-31,22.209999084472656,22.670000076293945,22.139999389648438,22.600000381469727,19.246755599975586,3363900,0.0,0.0
2018-08-01,22.579999923706055,22.770000457763672,22.360000610351562,22.719999313354492,19.34894561767578,2706600,0.0,0.0
2018-08-02,22.59000015258789,22.75,22.299999237060547,22.559999465942383,19.212684631347656,3094200,0.0,0.0
2018-08-03,22.559999465942383,22.860000610351562,22.459999084472656,22.6200008392334,19.26378059387207,3921900,0.0,0.0
2018-08-06,22.649999618530273,23.75,22.6299991607666,23.200000762939453,19.757732391357422,5380900,0.0,0.0
2018-08-07,23.1299991607666,23.68000030517578,22.790000915527344,23.469999313354492,19.9876651763916,4320000,0.0,0.0
2018-08-08,23.309999465942383,23.420000076293945,23.170000076293945,23.329999923706055,19.868432998657227,3454200,0.0,0.0
2018-08-09,23.309999465942383,23.59000015258789,23.270000457763672,23.360000610351562,19.89398765563965,3569300,0.0,0.0
2018-08-10,23.229999542236328,23.424999237060547,22.6200008392334,22.780000686645508,19.40004539489746,5373600,0.0,0.0
2018-08-13,22.709999084472656,22.790000915527344,21.850000381469727,22.100000381469727,18.82093620300293,8113400,0.0,0.0
2018-08-14,22.3700008392334,22.44499969482422,22.18000030517578,22.40999984741211,19.084943771362305,4114500,0.0,0.0
2018-08-15,22.489999771118164,22.540000915527344,21.959999084472656,22.059999465942383,18.786876678466797,6609800,0.0,0.0
2018-08-16,22.100000381469727,22.600000381469727,22.040000915527344,22.450000762939453,19.119009017944336,5167200,0.0,0.0
2018-08-17,22.420000076293945,22.75,22.315000534057617,22.420000076293945,19.09345817565918,3329800,0.0,0.0
2018-08-20,22.420000076293945,22.6200008392334,22.309999465942383,22.510000228881836,19.170103073120117,2224200,0.0,0.0
2018-08-21,22.549999237060547,22.6299991607666,22.31999969482422,22.329999923706055,19.01681137084961,2053000,0.0,0.0
2018-08-22,22.389999389648438,22.600000381469727,22.329999923706055,22.5,19.161582946777344,3217100,0.0,0.0
2018-08-23,22.5,22.760000228881836,22.459999084472656,22.479999542236328,19.144556045532227,3149800,0.0,0.0
2018-08-24,22.579999923706055,22.780000686645508,22.489999771118164,22.65999984741211,19.2978458404541,2519100,0.0,0.0
2018-08-27,22.709999084472656,23.18000030517578,22.709999084472656,22.790000915527344,19.4085636138916,2964300,0.0,0.0
2018-08-28,22.809999465942383,23.049999237060547,22.790000915527344,22.899999618530273,19.50223731994629,3041400,0.0,0.0
2018-08-29,22.989999771118164,23.325000762939453,22.65999984741211,22.979999542236328,19.57036590576172,4622800,0.0,0.0
2018-08-30,22.93000030517578,23.760000228881836,22.93000030517578,23.399999618530273,19.928054809570312,5071500,0.0,0.0
2018-08-31,23.31999969482422,23.579999923706055,23.31999969482422,23.540000915527344,20.04728126525879,3541100,0.0,0.0
2018-09-04,23.479999542236328,23.56999969482422,23.149999618530273,23.209999084472656,19.766237258911133,4398800,0.0,0.0
2018-09-05,23.209999084472656,23.260000228881836,22.719999313354492,22.989999771118164,19.578887939453125,3610400,0.0,0.0
2018-09-06,22.90999984741211,23.110000610351562,22.40999984741211,22.459999084472656,19.12752342224121,3974000,0.0,0.0
2018-09-07,22.34000015258789,22.540000915527344,22.174999237060547,22.5,19.161582946777344,2871000,0.0,0.0
2018-09-10,22.610000610351562,23.040000915527344,22.530000686645508,22.899999618530273,19.50223731994629,2600100,0.0,0.0
2018-09-11,22.81999969482422,23.209999084472656,22.760000228881836,22.979999542236328,19.57036590576172,3520300,0.0,0.0
2018-09-12,22.959999084472656,23.334999084472656,22.950000762939453,23.25,19.80031394958496,3761600,0.0,0.0
2018-09-13,23.31999969482422,23.489999771118164,23.1299991607666,23.350000381469727,19.885469436645508,2445000,0.0,0.0
2018-09-14,23.270000457763672,23.610000610351562,23.270000457763672,23.350000381469727,19.885469436645508,3375300,0.0,0.0
2018-09-17,23.270000457763672,23.6200008392334,22.954999923706055,23.030000686645508,19.61295509338379,3389100,0.0,0.0
2018-09-18,23.020000457763672,23.43000030517578,23.0,23.270000457763672,19.81734275817871,4486600,0.0,0.0
2018-09-19,23.34000015258789,23.549999237060547,23.020000457763672,23.059999465942383,19.638504028320312,4876400,0.0,0.0
2018-09-20,23.219999313354492,23.610000610351562,23.170000076293945,23.420000076293945,19.94508171081543,3276000,0.0,0.0
2018-09-21,23.399999618530273,23.979999542236328,23.3700008392334,23.84000015258789,20.302766799926758,9448800,0.0,0.0
2018-09-24,23.790000915527344,24.020000457763672,23.68000030517578,23.8700008392334,20.328319549560547,2797500,0.0,0.0
2018-09-25,23.649999618530273,23.940000534057617,23.25,23.549999237060547,20.055797576904297,3803800,0.0,0.0
2018-09-26,23.649999618530273,24.020000457763672,23.540000915527344,23.739999771118164,20.21759605407715,4466200,0.0,0.0
2018-09-27,23.81999969482422,24.25,23.690000534057617,24.18000030517578,20.592323303222656,3433400,0.0,0.0
2018-09-28,24.18000030517578,25.219999313354492,24.18000030517578,24.8799991607666,21.188459396362305,8265600,0.0,0.0
2018-10-01,24.920000076293945,25.260000228881836,24.780000686645508,25.260000228881836,21.512073516845703,4817700,0.0,0.0
2018-10-02,25.360000610351562,26.290000915527344,25.280000686645508,25.450000762939453,21.673891067504883,12196700,0.0,0.0
2018-10-03,25.420000076293945,26.020000457763672,25.325000762939453,25.420000076293945,21.648338317871094,6891400,0.0,0.0
2018-10-04,25.350000381469727,25.520000457763672,25.06999969482422,25.25,21.503562927246094,4223100,0.0,0.0
2018-10-05,25.350000381469727,25.639999389648438,25.18000030517578,25.6200008392334,21.818666458129883,4186200,0.0,0.0
2018-10-08,25.59000015258789,25.81999969482422,25.260000228881836,25.43000030517578,21.65685272216797,3751900,0.0,0.0
2018-10-09,25.399999618530273,25.59000015258789,24.954999923706055,25.309999465942383,21.554656982421875,5025700,0.0,0.0
2018-10-10,25.170000076293945,25.489999771118164,24.889999389648438,24.899999618530273,21.205490112304688,4841900,0.0,0.0
2018-10-11,24.899999618530273,24.940000534057617,24.149999618530273,24.209999084472656,20.617870330810547,5257700,0.0,0.0
2018-10-12,24.459999084472656,24.610000610351562,23.799999237060547,24.219999313354492,20.626384735107422,5217800,0.0,0.0
2018-10-15,24.209999084472656,24.440000534057617,23.780000686645508,23.829999923706055,20.294252395629883,6142600,0.0,0.0
2018-10-16,23.940000534057617,24.360000610351562,23.719999313354492,23.989999771118164,20.430513381958008,6074400,0.0,0.0
2018-10-17,24.020000457763672,24.040000915527344,23.1299991607666,23.389999389648438,19.919536590576172,5479700,0.0,0.0
2018-10-18,23.239999771118164,23.299999237060547,22.799999237060547,22.860000610351562,19.468175888061523,5397400,0.0,0.0
2018-10-19,22.8700008392334,23.190000534057617,22.6299991607666,22.649999618530273,19.289337158203125,3817300,0.0,0.0
2018-10-22,22.670000076293945,23.200000762939453,22.389999389648438,23.010000228881836,19.595916748046875,8097200,0.0,0.0
2018-10-23,22.780000686645508,22.80500030517578,21.81999969482422,22.5,19.161582946777344,8845700,0.0,0.0
2018-10-24,22.56999969482422,22.639999389648438,22.049999237060547,22.139999389648438,18.85500144958496,3283500,0.0,0.0
2018-10-25,22.299999237060547,22.56999969482422,22.219999313354492,22.260000228881836,18.957202911376953,4280200,0.0,0.0
2018-10-26,22.170000076293945,22.350000381469727,21.760000228881836,22.110000610351562,18.82945442199707,4335900,0.0,0.0
2018-10-29,22.239999771118164,22.399999618530273,21.6299991607666,21.809999465942383,18.57396697998047,4170900,0.0,0.0
2018-10-30,21.799999237060547,22.065000534057617,21.559999465942383,21.889999389648438,18.6420955657959,3713900,0.0,0.0
2018-10-31,22.010000228881836,22.770000457763672,22.010000228881836,22.6299991607666,19.272300720214844,5737500,0.0,0.0
2018-11-01,22.610000610351562,23.149999618530273,22.360000610351562,23.100000381469727,19.672563552856445,4285800,0.0,0.0
2018-11-02,24.0,24.84000015258789,23.75,24.389999389648438,20.771162033081055,14068000,0.0,0.0
2018-11-05,24.469999313354492,25.010000228881836,24.469999313354492,24.969999313354492,21.265100479125977,6764400,0.0,0.0
2018-11-06,24.809999465942383,25.21500015258789,24.225000381469727,24.479999542236328,20.847810745239258,4607300,0.0,0.0
2018-11-07,24.56999969482422,24.850000381469727,24.440000534057617,24.709999084472656,21.043684005737305,4831900,0.0,0.0
2018-11-08,24.6200008392334,24.8799991607666,23.989999771118164,24.25,20.651933670043945,3636200,0.0,0.0
2018-11-09,24.010000228881836,24.420000076293945,23.93000030517578,24.079999923706055,20.507158279418945,4188700,0.0,0.0
2018-11-12,24.079999923706055,24.770000457763672,23.969999313354492,24.610000610351562,20.95852279663086,3833400,0.0,0.0
2018-11-13,24.75,24.940000534057617,24.229999542236328,24.31999969482422,20.711549758911133,2708800,0.0,0.0
2018-11-14,24.290000915527344,24.450000762939453,23.649999618530273,23.850000381469727,20.311288833618164,3392100,0.0,0.0
2018-11-15,23.729999542236328,23.829999923706055,23.020000457763672,23.290000915527344,19.834365844726562,3855800,0.0,0.0
2018-11-16,23.5,23.799999237060547,23.30500030517578,23.670000076293945,20.157997131347656,5241900,0.0,0.0
2018-11-19,23.639999389648438,23.975000381469727,23.475000381469727,23.549999237060547,20.055797576904297,6656300,0.0,0.0
2018-11-20,23.389999389648438,23.40999984741211,22.020000457763672,22.3700008392334,19.05088233947754,10882000,0.0,0.0
2018-11-21,22.540000915527344,23.260000228881836,22.540000915527344,22.799999237060547,19.41707420349121,5246200,0.0,0.0
2018-11-23,22.729999542236328,23.010000228881836,22.690000534057617,22.860000610351562,19.468175888061523,1640200,0.0,0.0
2018-11-26,22.979999542236328,23.350000381469727,22.910999298095703,23.190000534057617,19.749210357666016,4428100,0.0,0.0
2018-11-27,23.200000762939453,23.280000686645508,22.8700008392334,22.920000076293945,19.519269943237305,2747300,0.0,0.0
2018-11-28,23.040000915527344,23.510000228881836,23.010000228881836,23.350000381469727,19.885469436645508,4785700,0.0,0.0
2018-11-29,23.350000381469727,23.520000457763672,22.969999313354492,23.200000762939453,19.757732391357422,4539300,0.0,0.0
2018-11-30,23.219999313354492,23.614999771118164,23.18000030517578,23.479999542236328,19.99618148803711,6242700,0.0,0.0
2018-12-03,23.709999084472656,23.950000762939453,23.59000015258789,23.780000686645508,20.251670837402344,5523900,0.0,0.0
2018-12-04,23.799999237060547,24.125,23.479999542236328,23.479999542236328,19.99618148803711,4473400,0.0,0.0
2018-12-06,23.299999237060547,24.219999313354492,22.899999618530273,24.09000015258789,20.515670776367188,9417400,0.0,0.0
2018-12-07,24.190000534057617,24.360000610351562,23.8700008392334,23.950000762939453,20.396446228027344,5018600,0.0,0.0
2018-12-10,23.649999618530273,23.959999084472656,23.399999618530273,23.649999618530273,20.14095687866211,4263700,0.0,0.0
2018-12-11,23.84000015258789,24.2450008392334,23.610000610351562,23.920000076293945,20.370899200439453,5070900,0.0,0.0
2018-12-12,24.18000030517578,24.80500030517578,24.010000228881836,24.420000076293945,20.79671287536621,7325900,0.0,0.0
2018-12-13,24.440000534057617,25.09000015258789,24.40999984741211,24.84000015258789,21.154394149780273,5780200,0.0,0.0
2018-12-14,24.6200008392334,25.094999313354492,24.559999465942383,24.709999084472656,21.043684005737305,4239300,0.0,0.0
2018-12-17,24.719999313354492,24.795000076293945,23.790000915527344,23.889999389648438,20.345348358154297,6226800,0.0,0.0
2018-12-18,24.010000228881836,24.450000762939453,23.270000457763672,23.360000610351562,19.89398765563965,5057200,0.0,0.0
2018-12-19,23.389999389648438,23.700000762939453,23.010000228881836,23.15999984741211,19.723661422729492,4556000,0.0,0.0
2018-12-20,23.079999923706055,23.139999389648438,22.0049991607666,22.25,18.948684692382812,7677400,0.0,0.0
2018-12-21,22.309999465942383,22.469999313354492,21.34000015258789,21.43000030517578,18.250354766845703,7803500,0.0,0.0
2018-12-24,21.290000915527344,21.489999771118164,20.834999084472656,21.190000534057617,18.04595947265625,2728400,0.0,0.0
2018-12-26,21.229999542236328,22.260000228881836,21.030000686645508,22.200000762939453,18.906099319458008,6044000,0.0,0.0
2018-12-27,21.969999313354492,22.31999969482422,21.489999771118164,22.309999465942383,18.999780654907227,3088500,0.0,0.0
2018-12-28,22.34000015258789,22.600000381469727,22.100000381469727,22.299999237060547,18.991260528564453,2659600,0.0,0.0
2018-12-31,22.40999984741211,22.93000030517578,22.360000610351562,22.889999389648438,19.493717193603516,2697800,0.0,0.0
2019-01-02,22.510000228881836,23.100000381469727,22.274999618530273,22.3799991607666,19.05939292907715,3952300,0.0,0.0
2019-01-03,22.360000610351562,22.65999984741211,22.020000457763672,22.170000076293945,18.880552291870117,2940800,0.0,0.0
2019-01-04,22.309999465942383,23.1299991607666,22.309999465942383,23.06999969482422,19.647018432617188,3017400,0.0,0.0
2019-01-07,23.1200008392334,23.895000457763672,23.065000534057617,23.459999084472656,19.979150772094727,5250900,0.0,0.0
2019-01-08,23.510000228881836,23.860000610351562,23.309999465942383,23.469999313354492,19.9876651763916,3681700,0.0,0.0
2019-01-09,23.450000762939453,23.56999969482422,23.21500015258789,23.309999465942383,19.851408004760742,3416900,0.0,0.0
2019-01-10,23.260000228881836,24.1200008392334,23.260000228881836,24.110000610351562,20.5327091217041,4586800,0.0,0.0
2019-01-11,24.09000015258789,24.09000015258789,23.489999771118164,23.790000915527344,20.26018714904785,3299300,0.0,0.0
2019-01-14,23.639999389648438,23.829999923706055,23.309999465942383,23.549999237060547,20.055797576904297,4236800,0.0,0.0
2019-01-15,23.43000030517578,24.020000457763672,23.43000030517578,23.729999542236328,20.209089279174805,3058600,0.0,0.0
2019-01-16,23.709999084472656,24.344999313354492,23.65999984741211,24.25,20.651933670043945,3899200,0.0,0.0
2019-01-17,24.260000228881836,24.790000915527344,24.200000762939453,24.610000610351562,20.95852279663086,3331700,0.0,0.0
2019-01-18,24.700000762939453,24.850000381469727,24.110000610351562,24.200000762939453,20.60935401916504,3435600,0.0,0.0
2019-01-22,24.34000015258789,24.450000762939453,24.0,24.280000686645508,20.677488327026367,3867000,0.0,0.0
2019-01-23,24.3799991607666,24.93000030517578,24.3799991607666,24.760000228881836,21.08626365661621,4387800,0.0,0.0
2019-01-24,24.75,24.885000228881836,24.450000762939453,24.639999389648438,20.98406410217285,3841900,0.0,0.0
2019-01-25,24.649999618530273,24.84000015258789,24.510000228881836,24.649999618530273,20.99258804321289,3375700,0.0,0.0
2019-01-28,24.479999542236328,24.719999313354492,24.3799991607666,24.40999984741211,20.78819465637207,3821300,0.0,0.0
2019-01-29,24.399999618530273,24.850000381469727,24.399999618530273,24.639999389648438,20.98406410217285,2159800,0.0,0.0
2019-01-30,24.75,25.049999237060547,24.68000030517578,24.920000076293945,21.22252655029297,2272500,0.0,0.0
2019-01-31,24.860000610351562,25.364999771118164,24.75,25.110000610351562,21.38433074951172,3321200,0.0,0.0
2019-02-01,25.100000381469727,25.459999084472656,25.040000915527344,25.06999969482422,21.350269317626953,3218000,0.0,0.0
2019-02-04,25.100000381469727,25.530000686645508,24.93000030517578,25.399999618530273,21.631301879882812,3418400,0.0,0.0
2019-02-05,25.540000915527344,25.6299991607666,25.1299991607666,25.200000762939453,21.460981369018555,2689400,0.0,0.0
2019-02-06,25.15999984741211,25.454999923706055,25.09000015258789,25.260000228881836,21.512073516845703,2268100,0.0,0.0
2019-02-07,25.25,25.614999771118164,25.170000076293945,25.530000686645508,21.74201774597168,2210100,0.0,0.0
2019-02-08,25.489999771118164,25.940000534057617,25.479999542236328,25.93000030517578,22.082666397094727,3836100,0.0,0.0
2019-02-11,26.0,26.170000076293945,25.895000457763672,26.110000610351562,22.23595428466797,2210800,0.0,0.0
2019-02-12,26.25,26.610000610351562,26.200000762939453,26.290000915527344,22.389253616333008,3827600,0.0,0.0
2019-02-13,26.270000457763672,26.549999237060547,26.014999389648438,26.1299991607666,22.25299072265625,3822500,0.0,0.0
2019-02-14,26.139999389648438,26.440000534057617,26.06999969482422,26.309999465942383,22.40628433227539,2292600,0.0,0.0
2019-02-15,26.43000030517578,26.549999237060547,26.239999771118164,26.510000228881836,22.57660675048828,3044200,0.0,0.0
2019-02-19,26.469999313354492,26.709999084472656,26.399999618530273,26.59000015258789,22.644739151000977,3671800,0.0,0.0
2019-02-20,26.549999237060547,26.780000686645508,26.43000030517578,26.639999389648438,22.687320709228516,3886400,0.0,0.0
2019-02-21,26.510000228881836,26.860000610351562,26.43000030517578,26.760000228881836,22.789514541625977,2699600,0.0,0.0
2019-02-22,26.770000457763672,27.010000228881836,26.719999313354492,26.889999389648438,22.900226593017578,2100600,0.0,0.0
2019-02-25,26.889999389648438,26.905000686645508,26.399999618530273,26.559999465942383,22.61918830871582,2567300,0.0,0.0
2019-02-26,26.610000610351562,26.610000610351562,26.15999984741211,26.280000686645508,22.380741119384766,4181600,0.0,0.0
2019-02-27,26.280000686645508,26.434999465942383,26.049999237060547,26.149999618530273,22.270023345947266,3589200,0.0,0.0
2019-02-28,25.979999542236328,26.5,25.615999221801758,26.040000915527344,22.176347732543945,4580200,0.0,0.0
2019-03-01,26.170000076293945,26.6200008392334,25.9950008392334,26.549999237060547,22.610671997070312,3233900,0.0,0.0
2019-03-04,26.68000030517578,26.75,25.040000915527344,25.43000030517578,21.65685272216797,7132300,0.0,0.0
2019-03-05,25.34000015258789,25.704999923706055,24.969999313354492,25.479999542236328,21.699430465698242,5089800,0.0,0.0
2019-03-06,25.43000030517578,25.530000686645508,25.1299991607666,25.229999542236328,21.486528396606445,4467900,0.0,0.0
2019-03-07,25.309999465942383,25.440000534057617,24.84000015258789,24.940000534057617,21.23955535888672,3579100,0.0,0.0
2019-03-08,24.760000228881836,25.139999389648438,24.56999969482422,25.1299991607666,21.4013671875,3973000,0.0,0.0
2019-03-11,25.15999984741211,25.329999923706055,25.049999237060547,25.25,21.503562927246094,3277400,0.0,0.0
2019-03-12,25.31999969482422,25.920000076293945,25.149999618530273,25.8799991607666,22.040082931518555,4597900,0.0,0.0
2019-03-13,25.959999084472656,26.40999984741211,25.934999465942383,26.020000457763672,22.159311294555664,5225600,0.0,0.0
2019-03-14,25.8700008392334,25.8700008392334,25.5,25.549999237060547,21.864084243774414,2368000,0.125,0.0
2019-03-15,25.549999237060547,25.860000610351562,25.309999465942383,25.59000015258789,21.8983097076416,3760700,0.0,0.0
2019-03-18,25.579999923706055,25.790000915527344,25.524999618530273,25.790000915527344,22.0694637298584,2922700,0.0,0.0
2019-03-19,25.809999465942383,25.969999313354492,25.4950008392334,25.579999923706055,21.889751434326172,2720900,0.0,0.0
2019-03-20,25.610000610351562,25.920000076293945,25.559999465942383,25.600000381469727,21.90686798095703,4261900,0.0,0.0
2019-03-21,25.6299991607666,26.25,25.6299991607666,26.139999389648438,22.36896324157715,2994500,0.0,0.0
2019-03-22,26.25,26.360000610351562,25.940000534057617,25.979999542236328,22.2320499420166,3882300,0.0,0.0
2019-03-25,26.079999923706055,26.350000381469727,25.790000915527344,26.09000015258789,22.3261775970459,4295800,0.0,0.0
2019-03-26,26.219999313354492,26.30500030517578,25.850000381469727,25.959999084472656,22.214937210083008,3703400,0.0,0.0
2019-03-27,26.020000457763672,26.100000381469727,25.65999984741211,25.899999618530273,22.163591384887695,5556500,0.0,0.0
2019-03-28,25.950000762939453,26.075000762939453,25.684999465942383,25.799999237060547,22.078014373779297,4626300,0.0,0.0
2019-03-29,25.719999313354492,26.200000762939453,25.719999313354492,26.030000686645508,22.27483367919922,4165800,0.0,0.0
2019-04-01,26.149999618530273,26.385000228881836,25.84000015258789,26.030000686645508,22.27483367919922,2725300,0.0,0.0
2019-04-02,26.06999969482422,26.34000015258789,25.90999984741211,26.31999969482422,22.523000717163086,2903700,0.0,0.0
2019-04-03,26.34000015258789,26.610000610351562,26.149999618530273,26.190000534057617,22.411752700805664,3727000,0.0,0.0
2019-04-04,26.139999389648438,26.209999084472656,25.84000015258789,26.049999237060547,22.29195785522461,3376600,0.0,0.0
2019-04-05,26.1200008392334,26.149999618530273,25.764999389648438,25.940000534057617,22.19782066345215,3946000,0.0,0.0
2019-04-08,25.899999618530273,25.920000076293945,25.600000381469727,25.760000228881836,22.043792724609375,3864600,0.0,0.0
2019-04-09,25.770000457763672,25.80500030517578,25.309999465942383,25.489999771118164,21.812740325927734,4313100,0.0,0.0
2019-04-10,25.530000686645508,26.059999465942383,25.459999084472656,25.899999618530273,22.163591384887695,3990200,0.0,0.0
2019-04-11,25.969999313354492,26.15999984741211,25.899999618530273,26.040000915527344,22.283395767211914,3489700,0.0,0.0
2019-04-12,26.110000610351562,26.149999618530273,25.920000076293945,26.100000381469727,22.33474349975586,3590200,0.0,0.0
2019-04-15,26.1299991607666,26.364999771118164,25.889999389648438,25.989999771118164,22.2406063079834,2842700,0.0,0.0
2019-04-16,25.979999542236328,26.260000228881836,25.94499969482422,25.979999542236328,22.2320499420166,3230800,0.0,0.0
2019-04-17,26.049999237060547,26.209999084472656,25.489999771118164,25.670000076293945,21.966777801513672,3477200,0.0,0.0
2019-04-18,25.790000915527344,26.15999984741211,25.729999542236328,26.010000228881836,22.25772476196289,3179200,0.0,0.0
2019-04-22,25.989999771118164,26.329999923706055,25.989999771118164,26.200000762939453,22.42031478881836,3166900,0.0,0.0
2019-04-23,26.260000228881836,26.56999969482422,26.209999084472656,26.420000076293945,22.60857582092285,2535000,0.0,0.0
2019-04-24,26.450000762939453,26.700000762939453,26.329999923706055,26.59000015258789,22.75404930114746,2735200,0.0,0.0
2019-04-25,26.610000610351562,27.0,26.424999237060547,26.799999237060547,22.933752059936523,3315700,0.0,0.0
2019-04-26,26.920000076293945,27.100000381469727,26.8700008392334,27.020000457763672,23.12201499938965,3630800,0.0,0.0
2019-04-29,27.06999969482422,27.149999618530273,26.899999618530273,27.049999237060547,23.147693634033203,2567200,0.0,0.0
2019-04-30,27.020000457763672,27.270000457763672,26.934999465942383,27.25,23.318838119506836,6184100,0.0,0.0
2019-05-01,27.229999542236328,27.459999084472656,27.110000610351562,27.25,23.318838119506836,3825500,0.0,0.0
2019-05-02,27.110000610351562,27.479999542236328,27.065000534057617,27.25,23.318838119506836,4376300,0.0,0.0
2019-05-03,27.559999465942383,27.860000610351562,26.594999313354492,26.65999984741211,22.813949584960938,5232500,0.0,0.0
2019-05-06,26.829999923706055,26.850000381469727,26.06999969482422,26.309999465942383,22.514442443847656,5325500,0.0,0.0
2019-05-07,26.100000381469727,26.56999969482422,26.06999969482422,26.149999618530273,22.37752342224121,5209900,0.0,0.0
2019-05-08,25.899999618530273,26.020000457763672,24.600000381469727,25.190000534057617,21.556015014648438,10494100,0.0,0.0
2019-05-09,24.950000762939453,25.040000915527344,24.514999389648438,24.850000381469727,21.26506805419922,5930200,0.0,0.0
2019-05-10,24.920000076293945,25.010000228881836,24.56999969482422,24.829999923706055,21.247955322265625,4873900,0.0,0.0
2019-05-13,24.450000762939453,24.489999771118164,24.030000686645508,24.469999313354492,20.93988609313965,5866300,0.0,0.0
2019-05-14,24.549999237060547,25.010000228881836,24.5,24.56999969482422,21.025461196899414,5193500,0.0,0.0
2019-05-15,24.540000915527344,24.809999465942383,24.280000686645508,24.5,20.965564727783203,3506800,0.0,0.0
2019-05-16,24.479999542236328,24.8799991607666,24.43000030517578,24.65999984741211,21.102476119995117,3576600,0.0,0.0
2019-05-17,24.450000762939453,24.989999771118164,24.420000076293945,24.809999465942383,21.2308406829834,5581100,0.0,0.0
2019-05-20,24.75,25.309999465942383,24.690000534057617,25.059999465942383,21.444772720336914,4867300,0.0,0.0
2019-05-21,25.1299991607666,25.979999542236328,25.1299991607666,25.75,22.03523063659668,8589500,0.0,0.0
2019-05-22,25.639999389648438,25.75,25.280000686645508,25.450000762939453,21.77851676940918,3870800,0.0,0.0
2019-05-23,25.309999465942383,25.329999923706055,24.594999313354492,24.799999237060547,21.222280502319336,4289000,0.0,0.0
2019-05-24,24.829999923706055,24.920000076293945,24.479999542236328,24.479999542236328,20.948448181152344,3022300,0.0,0.0
2019-05-28,24.56999969482422,24.895000457763672,24.30500030517578,24.59000015258789,21.04257583618164,5944700,0.0,0.0
2019-05-29,24.579999923706055,24.649999618530273,23.75,24.020000457763672,20.5548038482666,5216100,0.0,0.0
2019-05-30,23.979999542236328,24.1200008392334,22.959999084472656,23.420000076293945,20.041362762451172,6915600,0.0,0.0
2019-05-31,23.229999542236328,23.864999771118164,23.190000534057617,23.559999465942383,20.161165237426758,7731200,0.0,0.0
2019-06-03,23.6200008392334,23.889999389648438,23.530000686645508,23.760000228881836,20.33230972290039,3868100,0.0,0.0
2019-06-04,24.1200008392334,24.309999465942383,23.514999389648438,24.270000457763672,20.768741607666016,5738800,0.0,0.0
2019-06-05,24.3700008392334,24.690000534057617,24.100000381469727,24.610000610351562,21.059694290161133,3995100,0.0,0.0
2019-06-06,24.709999084472656,25.139999389648438,24.40999984741211,24.6200008392334,21.06825065612793,2783900,0.0,0.0
2019-06-07,24.719999313354492,24.809999465942383,24.290000915527344,24.309999465942383,20.802967071533203,4268600,0.0,0.0
2019-06-10,24.299999237060547,24.479999542236328,24.03499984741211,24.110000610351562,20.631824493408203,2852300,0.0,0.0
2019-06-11,24.1200008392334,24.59000015258789,24.040000915527344,24.56999969482422,21.025461196899414,2895400,0.0,0.0
2019-06-12,24.6200008392334,24.700000762939453,24.040000915527344,24.219999313354492,20.725954055786133,3577100,0.0,0.0
2019-06-13,24.139999389648438,24.34000015258789,23.7450008392334,23.860000610351562,20.523813247680664,3474800,0.125,0.0
2019-06-14,23.860000610351562,23.899999618530273,23.55500030517578,23.770000457763672,20.44639778137207,2875100,0.0,0.0
2019-06-17,23.739999771118164,23.75,23.165000915527344,23.260000228881836,20.007705688476562,6941800,0.0,0.0
2019-06-18,23.440000534057617,23.719999313354492,23.360000610351562,23.600000381469727,20.3001708984375,4431900,0.0,0.0
2019-06-19,23.600000381469727,23.920000076293945,23.59000015258789,23.81999969482422,20.48940086364746,3856000,0.0,0.0
2019-06-20,24.110000610351562,24.25,23.899999618530273,24.190000534057617,20.807676315307617,3043400,0.0,0.0
2019-06-21,24.209999084472656,24.31999969482422,23.75,24.100000381469727,20.73025131225586,11378100,0.0,0.0
2019-06-24,24.200000762939453,24.225000381469727,23.770000457763672,23.889999389648438,20.549619674682617,4640000,0.0,0.0
2019-06-25,23.899999618530273,23.90999984741211,23.290000915527344,23.3700008392334,20.102325439453125,5542400,0.0,0.0
2019-06-26,23.329999923706055,23.469999313354492,22.200000762939453,22.260000228881836,19.14752960205078,9892000,0.0,0.0
2019-06-27,22.260000228881836,22.3700008392334,21.889999389648438,22.239999771118164,19.130325317382812,9463400,0.0,0.0
2019-06-28,22.299999237060547,22.665000915527344,22.290000915527344,22.639999389648438,19.47439956665039,8405600,0.0,0.0
2019-07-01,22.709999084472656,22.850000381469727,22.43000030517578,22.760000228881836,19.577617645263672,4171100,0.0,0.0
2019-07-02,22.790000915527344,22.84000015258789,22.43000030517578,22.6200008392334,19.457189559936523,4029900,0.0,0.0
2019-07-03,22.690000534057617,22.889999389648438,22.514999389648438,22.540000915527344,19.388376235961914,6179900,0.0,0.0
2019-07-05,22.459999084472656,22.84000015258789,22.389999389648438,22.540000915527344,19.388376235961914,3071800,0.0,0.0
2019-07-08,22.40999984741211,22.559999465942383,22.170000076293945,22.43000030517578,19.29376220703125,4829400,0.0,0.0
2019-07-09,22.389999389648438,22.559999465942383,22.260000228881836,22.420000076293945,19.285160064697266,3373000,0.0,0.0
2019-07-10,22.440000534057617,22.7549991607666,22.389999389648438,22.43000030517578,19.29376220703125,3610700,0.0,0.0
2019-07-11,22.440000534057617,22.459999084472656,22.15999984741211,22.389999389648438,19.25935173034668,5320800,0.0,0.0
2019-07-12,22.469999313354492,22.719999313354492,22.219999313354492,22.579999923706055,19.42278480529785,2316000,0.0,0.0
2019-07-15,22.600000381469727,22.639999389648438,22.350000381469727,22.549999237060547,19.396976470947266,2719200,0.0,0.0
2019-07-16,22.450000762939453,22.639999389648438,21.860000610351562,21.969999313354492,18.89807891845703,4410100,0.0,0.0
2019-07-17,21.950000762939453,22.3700008392334,21.950000762939453,22.219999313354492,19.11312484741211,3056700,0.0,0.0
2019-07-18,22.170000076293945,22.280000686645508,21.84000015258789,22.110000610351562,19.018505096435547,2598000,0.0,0.0
2019-07-19,22.139999389648438,22.270000457763672,21.829999923706055,21.829999923706055,18.77765464782715,2978900,0.0,0.0
2019-07-22,21.84000015258789,21.854999542236328,21.579999923706055,21.610000610351562,18.58841323852539,2981300,0.0,0.0
2019-07-23,21.670000076293945,21.68000030517578,21.364999771118164,21.43000030517578,18.433576583862305,2451400,0.0,0.0
2019-07-24,21.40999984741211,21.635000228881836,21.325000762939453,21.559999465942383,18.5454044342041,1959100,0.0,0.0
2019-07-25,21.459999084472656,22.075000762939453,21.440000534057617,21.920000076293945,18.855066299438477,2949900,0.0,0.0
2019-07-26,21.950000762939453,22.059999465942383,21.649999618530273,21.75,18.708839416503906,1956000,0.0,0.0
2019-07-29,21.770000457763672,21.934999465942383,21.530000686645508,21.770000457763672,18.72604751586914,3175100,0.0,0.0
2019-07-30,21.68000030517578,21.899999618530273,21.600000381469727,21.8700008392334,18.812063217163086,2870400,0.0,0.0
2019-07-31,21.850000381469727,21.96500015258789,21.43000030517578,21.459999084472656,18.459386825561523,5401600,0.0,0.0
2019-08-01,21.450000762939453,21.799999237060547,21.350000381469727,21.549999237060547,18.53680419921875,3266500,0.0,0.0
2019-08-02,21.75,22.360000610351562,21.350000381469727,22.040000915527344,18.958293914794922,4687400,0.0,0.0
2019-08-05,21.84000015258789,21.954999923706055,21.510000228881836,21.719999313354492,18.683034896850586,5243000,0.0,0.0
2019-08-06,21.75,22.325000762939453,21.6299991607666,22.280000686645508,19.16472816467285,5022400,0.0,0.0
2019-08-07,22.229999542236328,22.610000610351562,22.059999465942383,22.059999465942383,18.975500106811523,6233800,0.0,0.0
2019-08-08,22.09000015258789,22.829999923706055,22.045000076293945,22.75,19.56902313232422,4783200,0.0,0.0
2019-08-09,22.700000762939453,22.770000457763672,22.1299991607666,22.1299991607666,19.035701751708984,3182400,0.0,0.0
2019-08-12,22.030000686645508,22.110000610351562,21.7450008392334,22.100000381469727,19.009902954101562,1880900,0.0,0.0
2019-08-13,22.049999237060547,22.739999771118164,22.0,22.59000015258789,19.431386947631836,4371500,0.0,0.0
2019-08-14,22.530000686645508,22.8700008392334,22.219999313354492,22.290000915527344,19.173337936401367,8127100,0.0,0.0
2019-08-15,22.399999618530273,22.739999771118164,22.25,22.610000610351562,19.44859504699707,5829700,0.0,0.0
2019-08-16,22.700000762939453,23.739999771118164,22.700000762939453,23.690000534057617,20.37758445739746,5835000,0.0,0.0
2019-08-19,23.989999771118164,23.989999771118164,23.454999923706055,23.690000534057617,20.37758445739746,5318100,0.0,0.0
2019-08-20,23.610000610351562,23.829999923706055,23.290000915527344,23.790000915527344,20.463598251342773,7207500,0.0,0.0
2019-08-21,23.940000534057617,24.190000534057617,23.760000228881836,24.110000610351562,20.738859176635742,6583200,0.0,0.0
2019-08-22,24.1200008392334,24.415000915527344,24.049999237060547,24.139999389648438,20.76465606689453,4263000,0.0,0.0
2019-08-23,24.219999313354492,24.399999618530273,23.899999618530273,23.979999542236328,20.62703514099121,5871000,0.0,0.0
2019-08-26,24.100000381469727,24.270000457763672,23.950000762939453,24.260000228881836,20.867883682250977,3064000,0.0,0.0
2019-08-27,24.350000381469727,24.59000015258789,23.950000762939453,23.989999771118164,20.63563346862793,4009600,0.0,0.0
2019-08-28,24.0,24.05500030517578,23.93000030517578,24.040000915527344,20.678651809692383,2858900,0.0,0.0
2019-08-29,24.200000762939453,24.440000534057617,24.18000030517578,24.399999618530273,20.988304138183594,4064700,0.0,0.0
2019-08-30,24.5,25.017000198364258,24.5,24.950000762939453,21.461406707763672,3064800,0.0,0.0
2019-09-03,24.899999618530273,25.110000610351562,24.790000915527344,25.06999969482422,21.564620971679688,4526500,0.0,0.0
2019-09-04,25.299999237060547,25.459999084472656,25.020000457763672,25.219999313354492,21.693653106689453,3647800,0.0,0.0
2019-09-05,25.219999313354492,25.719999313354492,25.104999542236328,25.68000030517578,22.089332580566406,3816200,0.0,0.0
2019-09-06,25.75,25.8799991607666,25.399999618530273,25.530000686645508,21.96030616760254,4901800,0.0,0.0
2019-09-09,25.520000457763672,25.670000076293945,25.3799991607666,25.549999237060547,21.977508544921875,5314100,0.0,0.0
2019-09-10,25.6299991607666,26.1200008392334,25.584999084472656,25.6200008392334,22.037723541259766,6054100,0.0,0.0
2019-09-11,25.6299991607666,26.100000381469727,25.5939998626709,25.969999313354492,22.33877944946289,9105700,0.0,0.0
2019-09-12,26.010000228881836,26.485000610351562,25.979999542236328,26.270000457763672,22.59684181213379,3636600,0.0,0.0
2019-09-13,26.0,26.280000686645508,25.84000015258789,26.25,22.687593460083008,3741800,0.125,0.0
2019-09-16,26.260000228881836,26.68000030517578,26.1200008392334,26.559999465942383,22.955516815185547,4657500,0.0,0.0
2019-09-17,26.59000015258789,26.94499969482422,26.559999465942383,26.65999984741211,23.041946411132812,7206700,0.0,0.0
2019-09-18,26.709999084472656,26.829999923706055,26.479999542236328,26.75,23.11972999572754,6021000,0.0,0.0
2019-09-19,26.850000381469727,26.920000076293945,26.579999923706055,26.68000030517578,23.05923080444336,4201100,0.0,0.0
2019-09-20,26.799999237060547,27.190000534057617,26.65999984741211,27.139999389648438,23.456806182861328,9024200,0.0,0.0
2019-09-23,27.079999923706055,27.229999542236328,26.924999237060547,26.959999084472656,23.301231384277344,4127200,0.0,0.0
2019-09-24,27.020000457763672,27.209999084472656,26.709999084472656,26.979999542236328,23.31852149963379,4222900,0.0,0.0
2019-09-25,26.90999984741211,27.209999084472656,26.739999771118164,27.149999618530273,23.465452194213867,3781200,0.0,0.0
2019-09-26,27.149999618530273,27.15999984741211,26.760000228881836,26.8799991607666,23.232091903686523,3351900,0.0,0.0
2019-09-27,26.940000534057617,26.969999313354492,26.545000076293945,26.739999771118164,23.1110897064209,3232400,0.0,0.0
2019-09-30,26.6200008392334,26.8799991607666,26.59000015258789,26.729999542236328,23.102447509765625,4049400,0.0,0.0
2019-10-01,26.709999084472656,26.8700008392334,26.469999313354492,26.5,22.90365982055664,2711000,0.0,0.0
2019-10-02,26.389999389648438,26.461999893188477,26.1200008392334,26.1200008392334,22.575233459472656,5042500,0.0,0.0
2019-10-03,26.15999984741211,26.295000076293945,26.020000457763672,26.229999542236328,22.670299530029297,3152900,0.0,0.0
2019-10-04,26.34000015258789,26.93000030517578,26.170000076293945,26.93000030517578,23.27530288696289,2798200,0.0,0.0
2019-10-07,26.93000030517578,27.219999313354492,26.809999465942383,27.0,23.335803985595703,4198200,0.0,0.0
2019-10-08,26.940000534057617,27.479999542236328,26.81999969482422,27.139999389648438,23.456806182861328,4395500,0.0,0.0
2019-10-09,27.18000030517578,27.31999969482422,26.940000534057617,27.06999969482422,23.396303176879883,3013700,0.0,0.0
2019-10-10,27.049999237060547,27.049999237060547,26.75,26.920000076293945,23.266664505004883,3639100,0.0,0.0
2019-10-11,27.030000686645508,27.415000915527344,26.93000030517578,27.09000015258789,23.413593292236328,3626200,0.0,0.0
2019-10-14,27.229999542236328,27.229999542236328,26.90999984741211,26.969999313354492,23.309871673583984,2106400,0.0,0.0
2019-10-15,27.0,27.149999618530273,26.80500030517578,26.899999618530273,23.249378204345703,3470900,0.0,0.0
2019-10-16,26.84000015258789,26.940000534057617,26.540000915527344,26.65999984741211,23.041946411132812,2974300,0.0,0.0
2019-10-17,26.760000228881836,26.93000030517578,26.639999389648438,26.84000015258789,23.197519302368164,2899100,0.0,0.0
2019-10-18,26.84000015258789,26.94499969482422,26.56999969482422,26.790000915527344,23.154306411743164,4131700,0.0,0.0
2019-10-21,26.950000762939453,27.219999313354492,26.950000762939453,27.049999237060547,23.379026412963867,3258200,0.0,0.0
2019-10-22,27.1200008392334,27.204999923706055,26.940000534057617,27.100000381469727,23.422231674194336,2334500,0.0,0.0
2019-10-23,27.059999465942383,27.165000915527344,26.8799991607666,27.040000915527344,23.370378494262695,2594800,0.0,0.0
2019-10-24,27.170000076293945,27.170000076293945,26.850000381469727,26.989999771118164,23.327163696289062,2787000,0.0,0.0
2019-10-25,26.950000762939453,27.149999618530273,26.920000076293945,27.100000381469727,23.422231674194336,3156500,0.0,0.0
2019-10-28,27.139999389648438,27.235000610351562,26.979999542236328,26.989999771118164,23.327163696289062,2671700,0.0,0.0
2019-10-29,26.860000610351562,27.184999465942383,26.790000915527344,27.030000686645508,23.36173439025879,4210100,0.0,0.0
2019-10-30,27.079999923706055,27.290000915527344,26.829999923706055,27.25,23.551877975463867,4523800,0.0,0.0
2019-10-31,27.200000762939453,27.420000076293945,26.979999542236328,27.030000686645508,23.36173439025879,3552900,0.0,0.0
2019-11-01,27.09000015258789,27.280000686645508,26.950000762939453,27.170000076293945,23.482730865478516,3485700,0.0,0.0
2019-11-04,27.1299991607666,27.520000457763672,27.06999969482422,27.3700008392334,23.65559196472168,4911800,0.0,0.0
2019-11-05,27.559999465942383,27.959999084472656,26.325000762939453,26.360000610351562,22.78265953063965,5592900,0.0,0.0
2019-11-06,26.440000534057617,26.579999923706055,25.649999618530273,25.75,22.25544548034668,4139700,0.0,0.0
2019-11-07,26.229999542236328,26.729999542236328,25.825000762939453,26.209999084472656,22.653013229370117,5206900,0.0,0.0
2019-11-08,26.209999084472656,26.290000915527344,25.88800048828125,26.0,22.471515655517578,3823000,0.0,0.0
2019-11-11,26.040000915527344,26.219999313354492,26.010000228881836,26.09000015258789,22.549304962158203,3014700,0.0,0.0
2019-11-12,26.010000228881836,26.479999542236328,26.010000228881836,26.299999237060547,22.73080062866211,3348800,0.0,0.0
2019-11-13,26.290000915527344,26.290000915527344,25.979999542236328,26.0,22.471515655517578,3509000,0.0,0.0
2019-11-14,26.059999465942383,26.530000686645508,25.84000015258789,26.34000015258789,22.7653751373291,10555700,0.0,0.0
2019-11-15,26.389999389648438,26.510000228881836,26.125,26.200000762939453,22.644376754760742,7102000,0.0,0.0
2019-11-18,26.280000686645508,26.780000686645508,26.2450008392334,26.68000030517578,23.05923080444336,6045000,0.0,0.0
2019-11-19,26.719999313354492,26.719999313354492,26.200000762939453,26.440000534057617,22.851804733276367,4163900,0.0,0.0
2019-11-20,26.360000610351562,26.690000534057617,26.360000610351562,26.690000534057617,23.06787872314453,4800800,0.0,0.0
2019-11-21,26.719999313354492,26.799999237060547,26.270000457763672,26.440000534057617,22.851804733276367,3049600,0.0,0.0
2019-11-22,26.43000030517578,26.690000534057617,26.299999237060547,26.530000686645508,22.929582595825195,2878300,0.0,0.0
2019-11-25,26.5,26.700000762939453,26.170000076293945,26.270000457763672,22.704877853393555,2721100,0.0,0.0
2019-11-26,26.309999465942383,26.309999465942383,26.0049991607666,26.170000076293945,22.618444442749023,3042500,0.0,0.0
2019-11-27,26.280000686645508,26.510000228881836,26.139999389648438,26.479999542236328,22.886375427246094,1759300,0.0,0.0
2019-11-29,26.43000030517578,26.68000030517578,26.264999389648438,26.530000686645508,22.929582595825195,1477800,0.0,0.0
2019-12-02,26.520000457763672,26.690000534057617,26.440000534057617,26.459999084472656,22.869091033935547,3318000,0.0,0.0
2019-12-03,26.43000030517578,26.510000228881836,26.09000015258789,26.40999984741211,22.82587432861328,2968000,0.0,0.0
2019-12-04,25.729999542236328,25.729999542236328,24.94499969482422,25.110000610351562,21.70229721069336,15051700,0.0,0.0
2019-12-05,25.209999084472656,25.299999237060547,24.329999923706055,24.450000762939453,21.131866455078125,7182300,0.0,0.0
2019-12-06,24.479999542236328,24.59000015258789,24.010000228881836,24.09000015258789,20.820722579956055,7784500,0.0,0.0
2019-12-09,24.170000076293945,24.264999389648438,23.56999969482422,23.670000076293945,20.457727432250977,7410700,0.0,0.0
2019-12-10,23.899999618530273,24.059999465942383,23.434999465942383,23.84000015258789,20.604656219482422,7237800,0.0,0.0
2019-12-11,23.780000686645508,24.110000610351562,23.780000686645508,23.899999618530273,20.656509399414062,3455300,0.0,0.0
2019-12-12,24.0,24.235000610351562,23.920000076293945,24.049999237060547,20.786149978637695,3563300,0.0,0.0
2019-12-13,24.0,24.100000381469727,23.65999984741211,23.709999084472656,20.5993595123291,3242500,0.125,0.0
2019-12-16,23.68000030517578,24.30500030517578,23.65999984741211,24.239999771118164,21.05982780456543,6451200,0.0,0.0
2019-12-17,24.389999389648438,24.40999984741211,23.829999923706055,23.940000534057617,20.799182891845703,5751700,0.0,0.0
2019-12-18,23.899999618530273,24.190000534057617,23.739999771118164,23.8799991607666,20.747053146362305,5735300,0.0,0.0
2019-12-19,23.889999389648438,24.514999389648438,23.8799991607666,24.229999542236328,21.051137924194336,7397400,0.0,0.0
2019-12-20,24.280000686645508,24.600000381469727,23.940000534057617,24.010000228881836,20.85999870300293,13691800,0.0,0.0
2019-12-23,24.06999969482422,24.079999923706055,23.549999237060547,23.649999618530273,20.547229766845703,4751000,0.0,0.0
2019-12-24,23.68000030517578,23.709999084472656,23.440000534057617,23.489999771118164,20.408222198486328,1177000,0.0,0.0
2019-12-26,23.549999237060547,23.579999923706055,22.969999313354492,23.030000686645508,20.008573532104492,3350000,0.0,0.0
2019-12-27,23.0,23.09000015258789,22.645000457763672,22.81999969482422,19.826128005981445,4282600,0.0,0.0
2019-12-30,22.719999313354492,23.014999389648438,22.684999465942383,22.81999969482422,19.826128005981445,3846800,0.0,0.0
2019-12-31,22.739999771118164,23.049999237060547,22.719999313354492,22.989999771118164,19.97382354736328,3475900,0.0,0.0
2020-01-02,23.079999923706055,23.079999923706055,22.625,22.84000015258789,19.843502044677734,3934900,0.0,0.0
2020-01-03,22.719999313354492,23.1299991607666,22.719999313354492,23.079999923706055,20.052011489868164,3768200,0.0,0.0
2020-01-06,23.040000915527344,23.135000228881836,22.610000610351562,22.690000534057617,19.713178634643555,4901400,0.0,0.0
2020-01-07,22.610000610351562,22.8799991607666,22.53499984741211,22.829999923706055,19.834814071655273,4697800,0.0,0.0
2020-01-08,22.790000915527344,23.21500015258789,22.700000762939453,23.1299991607666,20.0954532623291,5776900,0.0,0.0
2020-01-09,23.149999618530273,23.219999313354492,22.829999923706055,22.860000610351562,19.860877990722656,3955900,0.0,0.0
2020-01-10,22.860000610351562,23.065000534057617,22.665000915527344,22.760000228881836,19.77399444580078,4132500,0.0,0.0
2020-01-13,22.719999313354492,22.860000610351562,22.5,22.530000686645508,19.57417106628418,5545700,0.0,0.0
2020-01-14,22.510000228881836,22.739999771118164,22.479999542236328,22.670000076293945,19.695798873901367,3805800,0.0,0.0
2020-01-15,22.600000381469727,23.010000228881836,22.600000381469727,22.729999542236328,19.747928619384766,4738600,0.0,0.0
2020-01-16,22.809999465942383,23.43000030517578,22.809999465942383,23.200000762939453,20.156274795532227,6538100,0.0,0.0
2020-01-17,23.260000228881836,23.360000610351562,22.93000030517578,22.940000534057617,19.930381774902344,3208700,0.0,0.0
2020-01-21,22.93000030517578,22.989999771118164,22.700000762939453,22.709999084472656,19.730552673339844,3703100,0.0,0.0
2020-01-22,22.829999923706055,23.020000457763672,22.690000534057617,22.739999771118164,19.756620407104492,2727500,0.0,0.0
2020-01-23,22.770000457763672,23.010000228881836,22.6299991607666,22.959999084472656,19.947755813598633,3577200,0.0,0.0
2020-01-24,22.8799991607666,22.934999465942383,22.059999465942383,22.170000076293945,19.26140022277832,3768600,0.0,0.0
2020-01-27,22.010000228881836,22.09000015258789,21.649999618530273,21.649999618530273,18.80962562561035,3040000,0.0,0.0
2020-01-28,21.709999084472656,21.790000915527344,21.540000915527344,21.540000915527344,18.714048385620117,2610400,0.0,0.0
2020-01-29,21.510000228881836,22.219999313354492,21.360000610351562,22.1299991607666,19.226648330688477,5300400,0.0,0.0
2020-01-30,22.15999984741211,22.450000762939453,21.81999969482422,22.40999984741211,19.46991729736328,4797800,0.0,0.0
2020-01-31,22.299999237060547,22.600000381469727,22.219999313354492,22.520000457763672,19.56548500061035,5032700,0.0,0.0
2020-02-03,22.530000686645508,22.75,22.3700008392334,22.56999969482422,19.60892677307129,3294300,0.0,0.0
2020-02-04,22.68000030517578,22.829999923706055,22.040000915527344,22.040000915527344,19.148454666137695,3919600,0.0,0.0
2020-02-05,22.06999969482422,22.5049991607666,21.850000381469727,21.93000030517578,19.052888870239258,4304300,0.0,0.0
2020-02-06,21.959999084472656,22.010000228881836,21.719999313354492,21.719999313354492,18.870439529418945,3945300,0.0,0.0
2020-02-07,21.739999771118164,22.360000610351562,21.739999771118164,22.299999237060547,19.374343872070312,4736800,0.0,0.0
2020-02-10,22.299999237060547,22.375,22.06999969482422,22.270000457763672,19.348276138305664,2971400,0.0,0.0
2020-02-11,22.3700008392334,23.440000534057617,22.329999923706055,22.979999542236328,19.965131759643555,9173400,0.0,0.0
2020-02-12,22.829999923706055,23.19499969482422,22.829999923706055,22.93000030517578,19.921695709228516,5164400,0.0,0.0
2020-02-13,22.93000030517578,23.09000015258789,22.860000610351562,23.06999969482422,20.043325424194336,1847200,0.0,0.0
2020-02-14,23.1299991607666,23.299999237060547,23.059999465942383,23.290000915527344,20.234458923339844,3262100,0.0,0.0
2020-02-18,23.3799991607666,23.600000381469727,23.15999984741211,23.360000610351562,20.29527473449707,4229100,0.0,0.0
2020-02-19,23.399999618530273,23.454999923706055,22.68000030517578,22.690000534057617,19.713178634643555,3211100,0.0,0.0
2020-02-20,22.709999084472656,22.959999084472656,22.584999084472656,22.90999984741211,19.90431785583496,3439100,0.0,0.0
2020-02-21,22.8700008392334,23.459999084472656,22.790000915527344,23.43000030517578,20.356094360351562,4101600,0.0,0.0
2020-02-24,23.18000030517578,23.190000534057617,22.6200008392334,22.979999542236328,19.965131759643555,3824400,0.0,0.0
2020-02-25,23.040000915527344,23.280000686645508,22.1299991607666,22.139999389648438,19.235336303710938,6927000,0.0,0.0
2020-02-26,22.31999969482422,22.625,21.670000076293945,21.68000030517578,18.835689544677734,6505700,0.0,0.0
2020-02-27,21.579999923706055,21.600000381469727,20.459999084472656,20.59000015258789,17.88868522644043,7335100,0.0,0.0
2020-02-28,20.43000030517578,20.43000030517578,18.75,19.229999542236328,16.707115173339844,12553900,0.0,0.0
2020-03-02,19.299999237060547,20.235000610351562,18.940000534057617,20.139999389648438,17.497726440429688,8020800,0.0,0.0
2020-03-03,20.25,21.030000686645508,20.100000381469727,20.25,17.59329605102539,5850400,0.0,0.0
2020-03-04,20.520000457763672,21.079999923706055,20.420000076293945,21.049999237060547,18.288339614868164,5557900,0.0,0.0
2020-03-05,20.8799991607666,21.0,20.3799991607666,20.639999389648438,17.93212890625,4195700,0.0,0.0
2020-03-06,19.90999984741211,20.829999923706055,19.84000015258789,20.530000686645508,17.83656120300293,3905500,0.0,0.0
2020-03-09,19.040000915527344,19.315000534057617,18.040000915527344,18.43000030517578,16.012073516845703,7633800,0.0,0.0
2020-03-10,18.969999313354492,19.3799991607666,17.889999389648438,19.34000015258789,16.80268096923828,5197100,0.0,0.0
2020-03-11,18.760000228881836,18.940000534057617,17.270000457763672,17.790000915527344,15.456037521362305,9774300,0.0,0.0
2020-03-12,16.360000610351562,16.75,14.270000457763672,14.550000190734863,12.641109466552734,9958400,0.0,0.0
2020-03-13,15.40999984741211,15.90999984741211,14.510000228881836,15.489999771118164,13.457785606384277,8778900,0.0,0.0
2020-03-16,14.260000228881836,15.475000381469727,13.5,13.6899995803833,11.998507499694824,6744100,0.135,0.0
2020-03-17,14.069999694824219,14.380000114440918,12.664999961853027,12.890000343322754,11.29735279083252,5373900,0.0,0.0
2020-03-18,11.949999809265137,13.039999961853027,11.300000190734863,12.600000381469727,11.043183326721191,8804100,0.0,0.0
2020-03-19,12.430000305175781,14.4399995803833,12.34000015258789,14.220000267028809,12.463020324707031,7457700,0.0,0.0
2020-03-20,14.600000381469727,14.729999542236328,13.824999809265137,14.079999923706055,12.340319633483887,11443200,0.0,0.0
2020-03-23,14.029999732971191,14.119999885559082,12.704999923706055,12.920000076293945,11.323646545410156,9830700,0.0,0.0
2020-03-24,13.729999542236328,15.015000343322754,13.675000190734863,14.609999656677246,12.80483341217041,6688200,0.0,0.0
2020-03-25,14.569999694824219,15.529999732971191,13.859999656677246,14.6899995803833,12.874948501586914,6976600,0.0,0.0
2020-03-26,14.84000015258789,16.204999923706055,14.260000228881836,15.789999961853027,13.83903694152832,7048600,0.0,0.0
2020-03-27,15.210000038146973,16.709999084472656,14.720000267028809,16.389999389648438,14.364901542663574,6820300,0.0,0.0
2020-03-30,16.489999771118164,16.6299991607666,15.460000038146973,16.059999465942383,14.075675964355469,4086300,0.0,0.0
2020-03-31,15.829999923706055,16.260000228881836,15.595000267028809,15.960000038146973,13.988031387329102,5448300,0.0,0.0
2020-04-01,15.270000457763672,15.454999923706055,15.039999961853027,15.329999923706055,13.435873985290527,4538300,0.0,0.0
2020-04-02,15.15999984741211,16.030000686645508,15.09000015258789,15.979999542236328,14.005558967590332,6455400,0.0,0.0
2020-04-03,15.850000381469727,16.149999618530273,15.600000381469727,15.829999923706055,13.874095916748047,7313300,0.0,0.0
2020-04-06,16.489999771118164,16.81999969482422,15.729999542236328,16.020000457763672,14.040620803833008,6454300,0.0,0.0
2020-04-07,16.600000381469727,16.969999313354492,16.260000228881836,16.299999237060547,14.28602409362793,4790600,0.0,0.0
2020-04-08,16.399999618530273,17.530000686645508,16.309999465942383,17.459999084472656,15.302693367004395,2937600,0.0,0.0
2020-04-09,17.780000686645508,18.690000534057617,17.415000915527344,17.790000915527344,15.591923713684082,3392700,0.0,0.0
2020-04-13,17.690000534057617,17.739999771118164,16.469999313354492,17.139999389648438,15.022234916687012,2806900,0.0,0.0
2020-04-14,17.459999084472656,17.709999084472656,16.969999313354492,17.420000076293945,15.267642974853516,4031900,0.0,0.0
2020-04-15,16.8700008392334,16.969999313354492,15.975000381469727,16.190000534057617,14.189615249633789,5434600,0.0,0.0
2020-04-16,16.270000457763672,16.31999969482422,15.770000457763672,16.100000381469727,14.110734939575195,5722500,0.0,0.0
2020-04-17,16.5,17.6299991607666,16.40999984741211,17.540000915527344,15.372815132141113,4376100,0.0,0.0
2020-04-20,17.219999313354492,17.59000015258789,16.68000030517578,16.889999389648438,14.803122520446777,5457200,0.0,0.0
2020-04-21,16.530000686645508,17.075000762939453,16.360000610351562,17.020000457763672,14.91706657409668,4577500,0.0,0.0
2020-04-22,17.389999389648438,17.729999542236328,17.06999969482422,17.639999389648438,15.460457801818848,2847300,0.0,0.0
2020-04-23,17.75,17.770000457763672,17.3700008392334,17.5,15.337751388549805,2386400,0.0,0.0
2020-04-24,17.520000457763672,18.22599983215332,17.459999084472656,18.040000915527344,15.811038970947266,1728400,0.0,0.0
2020-04-27,18.389999389648438,19.06999969482422,18.1299991607666,18.950000762939453,16.608596801757812,3005900,0.0,0.0
2020-04-28,19.329999923706055,19.940000534057617,19.06999969482422,19.209999084472656,16.836471557617188,3901500,0.0,0.0
2020-04-29,19.790000915527344,20.200000762939453,19.469999313354492,19.75,17.30975341796875,5214900,0.0,0.0
2020-04-30,19.549999237060547,19.690000534057617,19.079999923706055,19.540000915527344,17.125701904296875,3620100,0.0,0.0
2020-05-01,19.15999984741211,19.520000457763672,18.850000381469727,19.350000381469727,16.959178924560547,3537300,0.0,0.0
2020-05-04,19.149999618530273,19.25,18.649999618530273,18.969999313354492,16.626123428344727,3783000,0.0,0.0
2020-05-05,20.68000030517578,20.68000030517578,18.68000030517578,18.719999313354492,16.40701675415039,5490000,0.0,0.0
2020-05-06,18.760000228881836,18.8700008392334,18.040000915527344,18.229999542236328,15.977560997009277,3254600,0.0,0.0
2020-05-07,18.420000076293945,18.540000915527344,17.8799991607666,17.950000762939453,15.732151985168457,4784200,0.0,0.0
2020-05-08,18.229999542236328,19.104999542236328,18.09000015258789,18.899999618530273,16.56477165222168,2832400,0.0,0.0
2020-05-11,18.719999313354492,18.719999313354492,18.135000228881836,18.31999969482422,16.056442260742188,3006500,0.0,0.0
2020-05-12,18.270000457763672,18.5,18.030000686645508,18.100000381469727,15.863619804382324,2913000,0.0,0.0
2020-05-13,18.010000228881836,18.25,17.5,17.81999969482422,15.618213653564453,4922700,0.0,0.0
2020-05-14,17.709999084472656,18.7450008392334,17.610000610351562,18.709999084472656,16.39825439453125,3079300,0.0,0.0
2020-05-15,18.489999771118164,18.85099983215332,18.3700008392334,18.56999969482422,16.27555274963379,3130400,0.0,0.0
2020-05-18,19.219999313354492,20.030000686645508,19.219999313354492,19.920000076293945,17.4587459564209,4311500,0.0,0.0
2020-05-19,19.84000015258789,20.024999618530273,19.530000686645508,19.530000686645508,17.11693572998047,2721200,0.0,0.0
2020-05-20,19.799999237060547,20.59000015258789,19.78499984741211,19.989999771118164,17.520095825195312,4293300,0.0,0.0
2020-05-21,19.850000381469727,20.020000457763672,19.575000762939453,19.600000381469727,17.178287506103516,3201000,0.0,0.0
2020-05-22,19.540000915527344,19.834999084472656,19.309999465942383,19.809999465942383,17.362340927124023,1969800,0.0,0.0
2020-05-26,20.440000534057617,20.479999542236328,19.600000381469727,19.719999313354492,17.283456802368164,5272100,0.0,0.0
2020-05-27,20.049999237060547,20.1200008392334,19.56999969482422,20.1200008392334,17.6340389251709,3483300,0.0,0.0
2020-05-28,20.299999237060547,20.93000030517578,20.1200008392334,20.809999465942383,18.238784790039062,4085700,0.0,0.0
2020-05-29,20.760000228881836,20.940000534057617,20.139999389648438,20.440000534057617,17.91449546813965,7388300,0.0,0.0
2020-06-01,20.34000015258789,21.020000457763672,20.34000015258789,20.940000534057617,18.352724075317383,3143100,0.0,0.0
2020-06-02,21.040000915527344,21.264999389648438,20.514999389648438,20.6299991607666,18.08102035522461,4414300,0.0,0.0
2020-06-03,20.84000015258789,20.934999465942383,20.485000610351562,20.809999465942383,18.238784790039062,3232900,0.0,0.0
2020-06-04,20.739999771118164,20.84000015258789,19.940000534057617,20.280000686645508,17.774267196655273,3989000,0.0,0.0
2020-06-05,20.81999969482422,21.389999389648438,20.649999618530273,20.8700008392334,18.291372299194336,4149700,0.0,0.0
2020-06-08,21.209999084472656,22.014999389648438,21.0,22.0,19.281749725341797,6988700,0.0,0.0
2020-06-09,21.989999771118164,21.989999771118164,21.010000228881836,21.170000076293945,18.554306030273438,4255300,0.0,0.0
2020-06-10,21.15999984741211,21.43000030517578,20.540000915527344,21.219999313354492,18.59812355041504,4236300,0.0,0.0
2020-06-11,20.59000015258789,20.6200008392334,19.5,19.75,17.30975341796875,3259000,0.0,0.0
2020-06-12,20.309999465942383,20.559999465942383,19.729999542236328,20.200000762939453,17.70415496826172,4000200,0.0,0.0
2020-06-15,19.59000015258789,20.15999984741211,19.299999237060547,19.8700008392334,17.53209686279297,2978600,0.135,0.0
2020-06-16,20.459999084472656,21.0,20.219999313354492,20.489999771118164,18.07914924621582,4619900,0.0,0.0
2020-06-17,20.530000686645508,20.709999084472656,20.020000457763672,20.280000686645508,17.89385223388672,4986000,0.0,0.0
2020-06-18,20.079999923706055,20.43000030517578,20.020000457763672,20.290000915527344,17.902677536010742,4704000,0.0,0.0
2020-06-19,20.56999969482422,20.6299991607666,19.799999237060547,19.829999923706055,17.49679946899414,7364100,0.0,0.0
2020-06-22,19.799999237060547,19.84000015258789,19.290000915527344,19.649999618530273,17.33797836303711,4792400,0.0,0.0
2020-06-23,19.719999313354492,19.7549991607666,18.7549991607666,18.889999389648438,16.66739845275879,5692300,0.0,0.0
2020-06-24,18.670000076293945,18.8799991607666,18.420000076293945,18.610000610351562,16.420352935791016,4048000,0.0,0.0
2020-06-25,18.579999923706055,18.899999618530273,18.375,18.8700008392334,16.649751663208008,3236600,0.0,0.0
2020-06-26,18.729999542236328,18.799999237060547,17.81999969482422,18.1299991607666,15.996826171875,8666900,0.0,0.0
2020-06-29,18.299999237060547,18.760000228881836,17.985000610351562,18.739999771118164,16.535051345825195,3304200,0.0,0.0
2020-06-30,18.600000381469727,18.719999313354492,18.31999969482422,18.6200008392334,16.42917251586914,4131000,0.0,0.0
2020-07-01,18.6200008392334,19.25,18.540000915527344,19.139999389648438,16.88798713684082,4010500,0.0,0.0
2020-07-02,19.389999389648438,19.469999313354492,18.940000534057617,19.040000915527344,16.79975128173828,3236600,0.0,0.0
2020-07-06,19.34000015258789,19.530000686645508,19.049999237060547,19.280000686645508,17.01151466369629,2175500,0.0,0.0
2020-07-07,19.110000610351562,19.110000610351562,18.895000457763672,18.979999542236328,16.746810913085938,2666100,0.0,0.0
2020-07-08,19.059999465942383,19.670000076293945,18.940000534057617,19.559999465942383,17.258575439453125,2757600,0.0,0.0
2020-07-09,19.440000534057617,19.440000534057617,18.71299934387207,19.0,16.764463424682617,2586200,0.0,0.0
2020-07-10,19.0,19.219999313354492,18.829999923706055,18.8700008392334,16.649751663208008,3963700,0.0,0.0
2020-07-13,18.959999084472656,19.489999771118164,18.850000381469727,19.110000610351562,16.86151885986328,3541000,0.0,0.0
2020-07-14,19.020000457763672,19.375,18.94499969482422,19.190000534057617,16.932104110717773,2102300,0.0,0.0
2020-07-15,19.389999389648438,19.565000534057617,19.173999786376953,19.299999237060547,17.029159545898438,2404100,0.0,0.0
2020-07-16,19.209999084472656,19.6200008392334,19.184999465942383,19.399999618530273,17.117399215698242,3494100,0.0,0.0
2020-07-17,19.40999984741211,19.700000762939453,19.405000686645508,19.6200008392334,17.31151008605957,1621100,0.0,0.0
2020-07-20,19.530000686645508,19.6200008392334,18.950000762939453,19.100000381469727,16.85269546508789,4465300,0.0,0.0
2020-07-21,19.18000030517578,19.6200008392334,19.149999618530273,19.239999771118164,16.976221084594727,2580800,0.0,0.0
2020-07-22,19.1200008392334,19.625,18.90999984741211,19.520000457763672,17.223276138305664,4874500,0.0,0.0
2020-07-23,19.459999084472656,19.6200008392334,19.06999969482422,19.15999984741211,16.9056339263916,5564100,0.0,0.0
2020-07-24,19.190000534057617,19.479999542236328,18.684999465942383,18.8799991607666,16.658578872680664,4421700,0.0,0.0
2020-07-27,18.8799991607666,18.884000778198242,18.0,18.200000762939453,16.058589935302734,5009000,0.0,0.0
2020-07-28,18.260000228881836,18.75,18.18899917602539,18.440000534057617,16.27035140991211,3488900,0.0,0.0
2020-07-29,18.479999542236328,18.90999984741211,18.440000534057617,18.8700008392334,16.649751663208008,2509700,0.0,0.0
2020-07-30,18.639999389648438,18.860000610351562,18.229999542236328,18.799999237060547,16.587989807128906,1884800,0.0,0.0
2020-07-31,18.790000915527344,18.860000610351562,18.43000030517578,18.65999984741211,16.464462280273438,2507800,0.0,0.0
2020-08-03,18.6299991607666,18.795000076293945,18.290000915527344,18.760000228881836,16.552698135375977,2381700,0.0,0.0
2020-08-04,18.729999542236328,19.225000381469727,18.690000534057617,18.760000228881836,16.552698135375977,4558000,0.0,0.0
2020-08-05,19.0,19.389999389648438,18.094999313354492,18.260000228881836,16.111530303955078,4892800,0.0,0.0
2020-08-06,18.1299991607666,18.96500015258789,18.1299991607666,18.829999923706055,16.614463806152344,2813900,0.0,0.0
2020-08-07,18.729999542236328,19.145000457763672,18.485000610351562,18.899999618530273,16.676227569580078,3991100,0.0,0.0
2020-08-10,18.93000030517578,19.270000457763672,18.809999465942383,19.200000762939453,16.94093132019043,2421600,0.0,0.0
2020-08-11,19.3799991607666,19.65999984741211,18.850000381469727,18.889999389648438,16.66739845275879,2335400,0.0,0.0
2020-08-12,19.079999923706055,19.440000534057617,19.020000457763672,19.34000015258789,17.064456939697266,2371800,0.0,0.0
2020-08-13,19.270000457763672,19.329999923706055,18.989999771118164,19.110000610351562,16.86151885986328,1064100,0.0,0.0
2020-08-14,18.93000030517578,19.19499969482422,18.799999237060547,19.049999237060547,16.808578491210938,1316300,0.0,0.0
2020-08-17,19.1299991607666,19.398000717163086,18.989999771118164,19.350000381469727,17.07328224182129,2235600,0.0,0.0
2020-08-18,19.399999618530273,20.399999618530273,19.350000381469727,20.139999389648438,17.770326614379883,6428000,0.0,0.0
2020-08-19,20.209999084472656,20.209999084472656,19.690000534057617,19.729999542236328,17.4085693359375,2396500,0.0,0.0
2020-08-20,19.600000381469727,19.75,19.34000015258789,19.399999618530273,17.117399215698242,2021100,0.0,0.0
2020-08-21,19.309999465942383,19.530000686645508,19.049999237060547,19.100000381469727,16.85269546508789,3077300,0.0,0.0
2020-08-24,19.15999984741211,19.40999984741211,18.899999618530273,19.299999237060547,17.029159545898438,1748500,0.0,0.0
2020-08-25,19.40999984741211,19.5049991607666,19.0,19.139999389648438,16.88798713684082,1774400,0.0,0.0
2020-08-26,19.0,19.020000457763672,18.479999542236328,18.760000228881836,16.552698135375977,2115800,0.0,0.0
2020-08-27,18.829999923706055,19.139999389648438,18.719999313354492,19.100000381469727,16.85269546508789,2436000,0.0,0.0
2020-08-28,19.25,19.325000762939453,18.959999084472656,19.299999237060547,17.029159545898438,1030500,0.0,0.0
2020-08-31,19.34000015258789,19.475000381469727,19.190000534057617,19.229999542236328,16.967397689819336,2526900,0.0,0.0
2020-09-01,19.110000610351562,19.110000610351562,18.68000030517578,18.760000228881836,16.552698135375977,2036100,0.0,0.0
2020-09-02,18.790000915527344,19.434999465942383,18.510000228881836,19.290000915527344,17.020339965820312,1801400,0.0,0.0
2020-09-03,19.260000228881836,19.520000457763672,18.665000915527344,18.75,16.543872833251953,2076000,0.0,0.0
2020-09-04,18.770000457763672,18.899999618530273,18.024999618530273,18.229999542236328,16.08506202697754,2352300,0.0,0.0
2020-09-08,18.229999542236328,18.399999618530273,17.75,17.850000381469727,15.74976921081543,2845400,0.0,0.0
2020-09-09,18.079999923706055,18.6200008392334,18.059999465942383,18.420000076293945,16.252704620361328,2598100,0.0,0.0
2020-09-10,18.3799991607666,18.415000915527344,18.079999923706055,18.09000015258789,15.961524963378906,1860800,0.0,0.0
2020-09-11,18.420000076293945,18.510000228881836,17.929000854492188,18.510000228881836,16.332109451293945,2949400,0.0,0.0
2020-09-14,18.510000228881836,18.8799991607666,18.25,18.8700008392334,16.649751663208008,2871500,0.0,0.0
2020-09-15,18.760000228881836,18.760000228881836,18.360000610351562,18.420000076293945,16.36981964111328,4239600,0.135,0.0
2020-09-16,18.31999969482422,18.829999923706055,18.299999237060547,18.610000610351562,16.538673400878906,4199100,0.0,0.0
2020-09-17,18.469999313354492,18.5,18.110000610351562,18.280000686645508,16.24540138244629,4829700,0.0,0.0
2020-09-18,18.25,18.5,18.014999389648438,18.110000610351562,16.09432029724121,4210800,0.0,0.0
2020-09-21,17.809999465942383,18.094999313354492,17.670000076293945,17.889999389648438,15.898804664611816,3740600,0.0,0.0
2020-09-22,18.079999923706055,18.190000534057617,17.68000030517578,17.81999969482422,15.836597442626953,4177500,0.0,0.0
2020-09-23,17.889999389648438,18.139999389648438,17.81999969482422,17.959999084472656,15.961012840270996,3876600,0.0,0.0
2020-09-24,17.950000762939453,18.110000610351562,17.639999389648438,17.989999771118164,15.987676620483398,2915800,0.0,0.0
2020-09-25,17.899999618530273,18.104999542236328,17.760000228881836,18.010000228881836,16.005451202392578,2261200,0.0,0.0
2020-09-28,18.15999984741211,18.209999084472656,17.934999465942383,17.969999313354492,15.969898223876953,3745300,0.0,0.0
2020-09-29,18.149999618530273,18.860000610351562,18.149999618530273,18.530000686645508,16.467573165893555,8584100,0.0,0.0
2020-09-30,18.670000076293945,18.979999542236328,18.329999923706055,18.860000610351562,16.76084327697754,7880600,0.0,0.0
2020-10-01,18.940000534057617,18.959999084472656,17.854999542236328,17.889999389648438,15.898804664611816,5387900,0.0,0.0
2020-10-02,17.440000534057617,18.040000915527344,17.209999084472656,17.989999771118164,15.987676620483398,4149100,0.0,0.0
2020-10-05,18.040000915527344,18.225000381469727,17.790000915527344,17.809999465942383,15.827713966369629,5855800,0.0,0.0
2020-10-06,17.850000381469727,18.219999313354492,17.739999771118164,17.950000762939453,15.952127456665039,6051800,0.0,0.0
2020-10-07,18.0,18.040000915527344,17.760000228881836,17.829999923706055,15.84548282623291,5771000,0.0,0.0
2020-10-08,17.940000534057617,18.309999465942383,17.899999618530273,18.280000686645508,16.24540138244629,5212600,0.0,0.0
2020-10-09,18.360000610351562,18.43000030517578,17.989999771118164,17.989999771118164,15.987676620483398,3355800,0.0,0.0
2020-10-12,17.940000534057617,18.18000030517578,17.780000686645508,18.0,15.996562957763672,3888500,0.0,0.0
2020-10-13,17.899999618530273,18.145000457763672,17.690000534057617,18.030000686645508,16.023221969604492,5596400,0.0,0.0
2020-10-14,18.100000381469727,19.020000457763672,18.06999969482422,18.760000228881836,16.671974182128906,4168400,0.0,0.0
2020-10-15,18.549999237060547,19.065000534057617,18.440000534057617,18.75,16.6630859375,2374100,0.0,0.0
2020-10-16,18.790000915527344,19.264999389648438,18.655000686645508,19.020000457763672,16.903034210205078,2492500,0.0,0.0
2020-10-19,19.09000015258789,19.1299991607666,18.809999465942383,18.809999465942383,16.71640968322754,2184900,0.0,0.0
2020-10-20,18.950000762939453,19.200000762939453,18.795000076293945,18.950000762939453,16.840824127197266,2256400,0.0,0.0
2020-10-21,18.770000457763672,19.149999618530273,18.71500015258789,18.940000534057617,16.831939697265625,2492500,0.0,0.0
2020-10-22,18.989999771118164,19.19499969482422,18.649999618530273,19.059999465942383,16.938579559326172,1943700,0.0,0.0
2020-10-23,19.219999313354492,19.3700008392334,19.020999908447266,19.280000686645508,17.134096145629883,1713800,0.0,0.0
2020-10-26,19.139999389648438,19.200000762939453,18.75,19.09000015258789,16.965242385864258,1970700,0.0,0.0
2020-10-27,19.0,19.260000228881836,18.364999771118164,18.440000534057617,16.387592315673828,3817500,0.0,0.0
2020-10-28,18.1299991607666,18.219999313354492,17.30500030517578,17.350000381469727,15.418909072875977,4082000,0.0,0.0
2020-10-29,17.190000534057617,17.530000686645508,16.90999984741211,17.34000015258789,15.410021781921387,3114600,0.0,0.0
2020-10-30,17.309999465942383,17.655000686645508,17.229999542236328,17.3700008392334,15.436684608459473,3819500,0.0,0.0
2020-11-02,17.59000015258789,17.90999984741211,17.420000076293945,17.739999771118164,15.76550006866455,5941700,0.0,0.0
2020-11-03,18.049999237060547,18.68000030517578,18.030000686645508,18.389999389648438,16.343154907226562,4046000,0.0,0.0
2020-11-04,18.600000381469727,18.8799991607666,18.062999725341797,18.34000015258789,16.298721313476562,3310900,0.0,0.0
2020-11-05,18.530000686645508,18.979999542236328,18.334999084472656,18.489999771118164,16.432025909423828,2319500,0.0,0.0
2020-11-06,18.3700008392334,18.729999542236328,18.239999771118164,18.260000228881836,16.22762680053711,2266100,0.0,0.0
2020-11-09,19.010000228881836,19.649999618530273,18.639999389648438,18.90999984741211,16.805278778076172,4571800,0.0,0.0
2020-11-10,18.989999771118164,20.19499969482422,18.850000381469727,20.18000030517578,17.93392562866211,4548300,0.0,0.0
2020-11-11,20.209999084472656,20.31999969482422,19.40999984741211,19.639999389648438,17.454029083251953,3453400,0.0,0.0
2020-11-12,19.709999084472656,19.854999542236328,18.829999923706055,19.030000686645508,16.911922454833984,3940100,0.0,0.0
2020-11-13,19.170000076293945,19.844999313354492,19.170000076293945,19.729999542236328,17.534011840820312,2649500,0.0,0.0
2020-11-16,20.0,20.15999984741211,19.56999969482422,19.799999237060547,17.596216201782227,2962300,0.0,0.0
2020-11-17,19.600000381469727,19.799999237060547,19.110000610351562,19.329999923706055,17.178525924682617,2616500,0.0,0.0
2020-11-18,19.350000381469727,19.489999771118164,18.610000610351562,18.6200008392334,16.547557830810547,3483800,0.0,0.0
2020-11-19,18.56999969482422,18.729999542236328,18.18000030517578,18.530000686645508,16.467573165893555,2798300,0.0,0.0
2020-11-20,18.450000762939453,18.690000534057617,18.18000030517578,18.200000762939453,16.174304962158203,2012300,0.0,0.0
2020-11-23,18.34000015258789,18.670000076293945,18.31999969482422,18.56999969482422,16.503124237060547,1991300,0.0,0.0
2020-11-24,18.84000015258789,19.3799991607666,18.600000381469727,19.3700008392334,17.214080810546875,3340600,0.0,0.0
2020-11-25,19.3700008392334,19.57699966430664,19.235000610351562,19.469999313354492,17.302947998046875,2248600,0.0,0.0
2020-11-27,19.510000228881836,19.649999618530273,19.459999084472656,19.59000015258789,17.409597396850586,1391500,0.0,0.0
2020-11-30,19.59000015258789,19.68000030517578,18.579999923706055,18.68000030517578,16.600879669189453,4669400,0.0,0.0
2020-12-01,18.75,19.1200008392334,18.690000534057617,18.780000686645508,16.68974494934082,2870500,0.0,0.0
2020-12-02,18.639999389648438,18.889999389648438,18.5,18.8700008392334,16.769725799560547,1826400,0.0,0.0
2020-12-03,18.84000015258789,18.950000762939453,18.604999542236328,18.770000457763672,16.68086051940918,2436000,0.0,0.0
2020-12-04,18.889999389648438,19.239999771118164,18.8799991607666,19.149999618530273,17.01856803894043,2387000,0.0,0.0
2020-12-07,19.200000762939453,19.200000762939453,18.65999984741211,18.969999313354492,16.858598709106445,3878300,0.0,0.0
2020-12-08,18.809999465942383,18.969999313354492,18.524999618530273,18.950000762939453,16.840824127197266,3582500,0.0,0.0
2020-12-09,19.0,19.139999389648438,18.825000762939453,19.010000228881836,16.89415168762207,2899400,0.0,0.0
2020-12-10,19.010000228881836,19.075000762939453,18.674999237060547,18.81999969482422,16.725297927856445,3746500,0.0,0.0
2020-12-11,18.639999389648438,18.719999313354492,18.21500015258789,18.280000686645508,16.24540138244629,4090100,0.0,0.0
2020-12-14,18.510000228881836,18.6200008392334,17.985000610351562,18.139999389648438,16.12097930908203,5038700,0.0,0.0
2020-12-15,18.200000762939453,18.514999389648438,17.959999084472656,18.459999084472656,16.52837371826172,4275100,0.135,0.0
2020-12-16,18.530000686645508,18.549999237060547,17.90999984741211,18.079999923706055,16.188133239746094,3949400,0.0,0.0
2020-12-17,17.979999542236328,18.110000610351562,17.78499984741211,17.93000030517578,16.053829193115234,4985800,0.0,0.0
2020-12-18,17.899999618530273,18.079999923706055,17.579999923706055,17.649999618530273,15.803123474121094,5841600,0.0,0.0
2020-12-21,17.739999771118164,17.774999618530273,17.389999389648438,17.559999465942383,15.722542762756348,5939100,0.0,0.0
2020-12-22,17.770000457763672,18.155000686645508,17.68000030517578,18.1299991607666,16.23289680480957,4624500,0.0,0.0
2020-12-23,18.25,18.56999969482422,18.08099937438965,18.469999313354492,16.537321090698242,4270100,0.0,0.0
2020-12-24,18.790000915527344,18.799999237060547,18.475000381469727,18.709999084472656,16.752206802368164,1503700,0.0,0.0
2020-12-28,18.799999237060547,19.15999984741211,18.770000457763672,19.1200008392334,17.11931037902832,2379500,0.0,0.0
2020-12-29,19.200000762939453,19.329999923706055,18.860000610351562,18.899999618530273,16.92232894897461,2394700,0.0,0.0
2020-12-30,18.81999969482422,19.531999588012695,18.799999237060547,19.489999771118164,17.450597763061523,3357200,0.0,0.0
2020-12-31,19.559999465942383,19.75,19.399999618530273,19.65999984741211,17.60280418395996,2653800,0.0,0.0
2021-01-04,19.639999389648438,19.729999542236328,19.155000686645508,19.18000030517578,17.17302894592285,4338400,0.0,0.0
2021-01-05,19.15999984741211,20.049999237060547,19.1299991607666,19.81999969482422,17.746061325073242,4014400,0.0,0.0
2021-01-06,20.010000228881836,20.899999618530273,20.010000228881836,20.290000915527344,18.166879653930664,5533600,0.0,0.0
2021-01-07,20.299999237060547,20.610000610351562,20.1200008392334,20.18000030517578,18.068389892578125,3347200,0.0,0.0
2021-01-08,20.299999237060547,21.059999465942383,20.280000686645508,20.989999771118164,18.79363441467285,4281800,0.0,0.0
2021-01-11,20.739999771118164,21.270000457763672,20.559999465942383,21.170000076293945,18.954795837402344,4897000,0.0,0.0
2021-01-12,21.260000228881836,21.719999313354492,21.200000762939453,21.559999465942383,19.303985595703125,3927400,0.0,0.0
2021-01-13,21.549999237060547,21.979999542236328,21.459999084472656,21.799999237060547,19.518875122070312,3054200,0.0,0.0
2021-01-14,21.8700008392334,21.899999618530273,21.30500030517578,21.329999923706055,19.098052978515625,4129800,0.0,0.0
2021-01-15,21.290000915527344,21.690000534057617,21.232999801635742,21.510000228881836,19.25922393798828,4013300,0.0,0.0
2021-01-19,21.65999984741211,21.8799991607666,21.510000228881836,21.709999084472656,19.438291549682617,3681900,0.0,0.0
2021-01-20,21.709999084472656,21.81999969482422,21.309999465942383,21.420000076293945,19.178640365600586,4582300,0.0,0.0
2021-01-21,21.3700008392334,21.459999084472656,20.959999084472656,21.190000534057617,18.97270393371582,4557000,0.0,0.0
2021-01-22,21.049999237060547,21.424999237060547,20.790000915527344,21.34000015258789,19.107011795043945,3934800,0.0,0.0
2021-01-25,21.229999542236328,21.520000457763672,20.84000015258789,20.850000381469727,18.66828155517578,4918000,0.0,0.0
2021-01-26,20.850000381469727,20.940000534057617,20.68000030517578,20.799999237060547,18.623517990112305,3955200,0.0,0.0
2021-01-27,20.549999237060547,20.899999618530273,20.18000030517578,20.18000030517578,18.068389892578125,5036100,0.0,0.0
2021-01-28,20.15999984741211,20.479999542236328,19.780000686645508,20.18000030517578,18.068389892578125,3319200,0.0,0.0
2021-01-29,20.059999465942383,20.479999542236328,19.969999313354492,19.969999313354492,17.88036346435547,3904200,0.0,0.0
2021-02-01,20.020000457763672,20.549999237060547,19.920000076293945,20.3700008392334,18.238515853881836,3389100,0.0,0.0
2021-02-02,20.56999969482422,21.114999771118164,20.469999313354492,20.81999969482422,18.641422271728516,4558200,0.0,0.0
2021-02-03,20.639999389648438,21.729999542236328,20.549999237060547,21.299999237060547,19.07119369506836,7976200,0.0,0.0
2021-02-04,21.350000381469727,21.43000030517578,20.860000610351562,21.09000015258789,18.8831729888916,4385400,0.0,0.0
2021-02-05,21.260000228881836,21.270000457763672,20.924999237060547,21.049999237060547,18.847354888916016,2866800,0.0,0.0
2021-02-08,21.100000381469727,21.3700008392334,20.84000015258789,21.040000915527344,18.838403701782227,3620900,0.0,0.0
2021-02-09,21.1200008392334,21.469999313354492,20.979999542236328,21.329999923706055,19.098052978515625,2680600,0.0,0.0
2021-02-10,21.530000686645508,21.584999084472656,21.079999923706055,21.450000762939453,19.20549964904785,2079000,0.0,0.0
2021-02-11,21.489999771118164,21.6299991607666,21.34000015258789,21.520000457763672,19.268178939819336,3888000,0.0,0.0
2021-02-12,21.579999923706055,21.610000610351562,21.21500015258789,21.329999923706055,19.098052978515625,2375300,0.0,0.0
2021-02-16,21.989999771118164,22.1200008392334,21.709999084472656,21.90999984741211,19.617368698120117,6371500,0.0,0.0
2021-02-17,22.0,22.299999237060547,21.709999084472656,22.010000228881836,19.706897735595703,4514400,0.0,0.0
2021-02-18,22.139999389648438,23.299999237060547,22.020000457763672,23.149999618530273,20.72761344909668,9159900,0.0,0.0
2021-02-19,23.239999771118164,23.34000015258789,22.799999237060547,22.90999984741211,20.512725830078125,5536300,0.0,0.0
2021-02-22,23.0,23.229999542236328,22.71500015258789,23.049999237060547,20.63807487487793,5783800,0.0,0.0
2021-02-23,23.049999237060547,23.479999542236328,22.454999923706055,23.3799991607666,20.933547973632812,6475000,0.0,0.0
2021-02-24,23.559999465942383,24.200000762939453,23.40999984741211,23.829999923706055,21.336458206176758,5513700,0.0,0.0
2021-02-25,23.739999771118164,24.010000228881836,22.729999542236328,22.760000228881836,20.378421783447266,7078900,0.0,0.0
2021-02-26,18.65999984741211,19.200000762939453,17.114999771118164,17.25,15.444985389709473,29798900,0.0,0.0
2021-03-01,18.010000228881836,18.299999237060547,17.3700008392334,17.40999984741211,15.588237762451172,21195500,0.0,0.0
2021-03-02,17.510000228881836,17.510000228881836,16.690000534057617,16.700000762939453,14.952539443969727,12942800,0.0,0.0
2021-03-03,16.600000381469727,16.790000915527344,16.19499969482422,16.43000030517578,14.710784912109375,12035100,0.0,0.0
2021-03-04,16.649999618530273,17.56999969482422,16.469999313354492,17.489999771118164,15.65986442565918,10713400,0.0,0.0
2021-03-05,17.8700008392334,18.09000015258789,17.31999969482422,17.81999969482422,15.955342292785645,7587200,0.0,0.0
2021-03-08,18.06999969482422,19.174999237060547,18.040000915527344,18.8799991607666,16.904420852661133,7913400,0.0,0.0
2021-03-09,18.899999618530273,19.360000610351562,18.540000915527344,18.649999618530273,16.698490142822266,8209800,0.0,0.0
2021-03-10,18.6299991607666,19.565000534057617,18.6299991607666,19.520000457763672,17.477453231811523,7075900,0.0,0.0
2021-03-11,19.5,19.62700080871582,18.30500030517578,18.809999465942383,16.841747283935547,8720600,0.0,0.0
2021-03-12,18.860000610351562,19.020000457763672,18.155000686645508,18.399999618530273,16.474651336669922,12757300,0.0,0.0
2021-03-15,18.399999618530273,18.639999389648438,18.219999313354492,18.59000015258789,16.644765853881836,8233700,0.0,0.0
2021-03-16,18.309999465942383,18.309999465942383,17.920000076293945,18.1200008392334,16.35592269897461,6541200,0.15,0.0
2021-03-17,17.010000228881836,17.709999084472656,17.010000228881836,17.290000915527344,15.606722831726074,10168500,0.0,0.0
2021-03-18,17.15999984741211,17.295000076293945,16.770000457763672,16.790000915527344,15.155404090881348,7972800,0.0,0.0
2021-03-19,16.799999237060547,17.350000381469727,16.639999389648438,17.299999237060547,15.61574935913086,8380700,0.0,0.0
2021-03-22,17.15999984741211,17.34000015258789,16.6299991607666,16.700000762939453,15.074169158935547,7602400,0.0,0.0
2021-03-23,16.790000915527344,17.094999313354492,16.6299991607666,16.700000762939453,15.074169158935547,6574200,0.0,0.0
2021-03-24,16.65999984741211,17.190000534057617,16.600000381469727,16.81999969482422,15.182483673095703,6247400,0.0,0.0
2021-03-25,16.8799991607666,17.277999877929688,16.610000610351562,17.049999237060547,15.39008903503418,6400900,0.0,0.0
2021-03-26,17.079999923706055,17.184999465942383,16.600000381469727,16.8700008392334,15.227615356445312,4641400,0.0,0.0
2021-03-29,16.829999923706055,17.739999771118164,16.770000457763672,17.6200008392334,15.904598236083984,6447700,0.0,0.0
2021-03-30,17.610000610351562,17.81999969482422,17.450000762939453,17.809999465942383,16.076099395751953,4370300,0.0,0.0
2021-03-31,17.8700008392334,17.940000534057617,17.670000076293945,17.68000030517578,15.958759307861328,4724100,0.0,0.0
2021-04-01,17.649999618530273,17.739999771118164,17.350000381469727,17.719999313354492,15.994863510131836,3120500,0.0,0.0
2021-04-05,17.899999618530273,17.989999771118164,17.510000228881836,17.68000030517578,15.958759307861328,3738500,0.0,0.0
2021-04-06,17.5,18.0049991607666,17.469999313354492,17.8799991607666,16.139284133911133,5133700,0.0,0.0
2021-04-07,17.850000381469727,17.93000030517578,17.600000381469727,17.690000534057617,15.967782020568848,3215300,0.0,0.0
2021-04-08,17.729999542236328,17.799999237060547,17.549999237060547,17.600000381469727,15.886544227600098,2668700,0.0,0.0
2021-04-09,17.540000915527344,17.649999618530273,17.25,17.5,15.796282768249512,4556300,0.0,0.0
2021-04-12,17.479999542236328,17.610000610351562,17.1200008392334,17.15999984741211,15.48938274383545,4964500,0.0,0.0
2021-04-13,17.149999618530273,17.649999618530273,17.010000228881836,17.549999237060547,15.841414451599121,4713200,0.0,0.0
2021-04-14,17.75,17.81999969482422,17.520000457763672,17.6299991607666,15.913626670837402,3579900,0.0,0.0
2021-04-15,17.6299991607666,17.920000076293945,17.6299991607666,17.920000076293945,16.175392150878906,3589200,0.0,0.0
2021-04-16,17.959999084472656,18.010000228881836,17.729999542236328,17.799999237060547,16.067075729370117,4379800,0.0,0.0
2021-04-19,18.0,18.020000457763672,17.809999465942383,17.860000610351562,16.121231079101562,4248300,0.0,0.0
2021-04-20,17.829999923706055,18.059999465942383,17.71500015258789,17.809999465942383,16.076099395751953,4265200,0.0,0.0
2021-04-21,17.75,17.90999984741211,17.649999618530273,17.760000228881836,16.030969619750977,4484600,0.0,0.0
2021-04-22,17.829999923706055,17.989999771118164,17.40999984741211,17.420000076293945,15.724072456359863,5103500,0.0,0.0
2021-04-23,17.420000076293945,17.530000686645508,17.229999542236328,17.489999771118164,15.787253379821777,3212900,0.0,0.0
2021-04-26,16.829999923706055,17.415000915527344,16.6299991607666,17.049999237060547,15.39008903503418,8312600,0.0,0.0
2021-04-27,17.0,17.059999465942383,16.739999771118164,16.84000015258789,15.20053482055664,5617800,0.0,0.0
2021-04-28,16.760000228881836,16.8799991607666,16.719999313354492,16.790000915527344,15.155404090881348,5003800,0.0,0.0
2021-04-29,16.889999389648438,17.315000534057617,16.84000015258789,17.059999465942383,15.399114608764648,6223600,0.0,0.0
2021-04-30,16.989999771118164,17.079999923706055,16.760000228881836,16.8700008392334,15.227615356445312,4121100,0.0,0.0
2021-05-03,16.90999984741211,17.059999465942383,16.799999237060547,16.799999237060547,15.164429664611816,3636100,0.0,0.0
2021-05-04,16.860000610351562,16.860000610351562,16.290000915527344,16.290000915527344,14.704082489013672,7868300,0.0,0.0
2021-05-05,16.31999969482422,16.399999618530273,15.699999809265137,16.260000228881836,14.677002906799316,14499100,0.0,0.0
2021-05-06,16.239999771118164,16.31999969482422,15.520000457763672,16.059999465942383,14.49647331237793,9773300,0.0,0.0
2021-05-07,16.059999465942383,16.059999465942383,15.470000267028809,16.049999237060547,14.487446784973145,11042400,0.0,0.0
2021-05-10,16.239999771118164,16.450000762939453,16.0,16.010000228881836,14.451339721679688,4886200,0.0,0.0
2021-05-11,16.1200008392334,16.43000030517578,16.020000457763672,16.329999923706055,14.740184783935547,7179100,0.0,0.0
2021-05-12,16.34000015258789,16.530000686645508,15.979999542236328,16.0,14.442314147949219,7436500,0.0,0.0
2021-05-13,16.06999969482422,16.350000381469727,15.9399995803833,16.059999465942383,14.49647331237793,6655500,0.0,0.0
2021-05-14,16.170000076293945,16.684999465942383,16.15999984741211,16.3799991607666,14.785318374633789,4340800,0.0,0.0
2021-05-17,16.219999313354492,16.31999969482422,15.760000228881836,15.920000076293945,14.370101928710938,6588000,0.0,0.0
2021-05-18,15.90999984741211,16.334999084472656,15.800000190734863,16.149999618530273,14.577709197998047,5171000,0.0,0.0
2021-05-19,15.970000267028809,16.559999465942383,15.859999656677246,16.530000686645508,14.92071533203125,5856100,0.0,0.0
2021-05-20,16.690000534057617,16.89699935913086,16.469999313354492,16.479999542236328,14.875584602355957,8113000,0.0,0.0
2021-05-21,16.56999969482422,16.799999237060547,16.510000228881836,16.68000030517578,15.056113243103027,4327700,0.0,0.0
2021-05-24,16.81999969482422,16.860000610351562,16.424999237060547,16.65999984741211,15.038063049316406,3052900,0.0,0.0
2021-05-25,16.549999237060547,16.68000030517578,16.170000076293945,16.18000030517578,14.604788780212402,5289100,0.0,0.0
2021-05-26,16.149999618530273,16.3700008392334,16.059999465942383,16.229999542236328,14.649923324584961,4062200,0.0,0.0
2021-05-27,16.239999771118164,16.31999969482422,15.90999984741211,16.059999465942383,14.49647331237793,7598500,0.0,0.0
2021-05-28,16.010000228881836,16.229999542236328,15.949999809265137,16.170000076293945,14.595763206481934,6334900,0.0,0.0
2021-06-01,16.299999237060547,16.530000686645508,16.18000030517578,16.450000762939453,14.848505020141602,6135200,0.0,0.0
2021-06-02,16.5,16.84000015258789,16.329999923706055,16.75,15.119298934936523,6838600,0.0,0.0
2021-06-03,16.309999465942383,17.459999084472656,16.059999465942383,17.3700008392334,15.678938865661621,8380000,0.0,0.0
2021-06-04,17.299999237060547,17.459999084472656,17.139999389648438,17.399999618530273,15.706012725830078,6969200,0.0,0.0
2021-06-07,17.454999923706055,17.729999542236328,17.299999237060547,17.610000610351562,15.895572662353516,5554300,0.0,0.0
2021-06-08,17.65999984741211,18.274999618530273,17.520000457763672,18.149999618530273,16.382997512817383,7152800,0.0,0.0
2021-06-09,18.239999771118164,18.3700008392334,18.079999923706055,18.280000686645508,16.50033950805664,4303900,0.0,0.0
2021-06-10,18.34000015258789,18.34000015258789,17.940000534057617,18.170000076293945,16.40105628967285,3314200,0.0,0.0
2021-06-11,18.25,18.649999618530273,18.15999984741211,18.6299991607666,16.816268920898438,3584100,0.0,0.0
2021-06-14,18.6299991607666,18.670000076293945,18.239999771118164,18.389999389648438,16.599632263183594,3619000,0.0,0.0
2021-06-15,18.280000686645508,18.489999771118164,18.079999923706055,18.40999984741211,16.75434684753418,3242700,0.15,0.0
2021-06-16,18.450000762939453,18.56999969482422,17.959999084472656,18.139999389648438,16.508625030517578,4213500,0.0,0.0
2021-06-17,18.1200008392334,18.204999923706055,17.975000381469727,18.149999618530273,16.51772689819336,4186800,0.0,0.0
2021-06-18,18.059999465942383,18.100000381469727,17.420000076293945,17.469999313354492,15.898880958557129,4557600,0.0,0.0
2021-06-21,17.639999389648438,17.959999084472656,17.56999969482422,17.920000076293945,16.30841064453125,3130200,0.0,0.0
2021-06-22,17.8700008392334,18.040000915527344,17.739999771118164,17.8799991607666,16.272010803222656,5578200,0.0,0.0
2021-06-23,17.8799991607666,17.940000534057617,17.700000762939453,17.75,16.153701782226562,2634300,0.0,0.0
2021-06-24,17.760000228881836,18.280000686645508,17.6299991607666,18.25,16.60873794555664,3520700,0.0,0.0
2021-06-25,18.25,18.489999771118164,18.18000030517578,18.389999389648438,16.73614501953125,4748300,0.0,0.0
2021-06-28,18.399999618530273,18.834999084472656,18.219999313354492,18.809999465942383,17.11837387084961,4082600,0.0,0.0
2021-06-29,18.8700008392334,18.940000534057617,18.309999465942383,18.389999389648438,16.73614501953125,4640600,0.0,0.0
2021-06-30,18.40999984741211,18.6200008392334,18.190000534057617,18.549999237060547,16.881750106811523,4950700,0.0,0.0
2021-07-01,18.649999618530273,18.96500015258789,18.575000762939453,18.8799991607666,17.182077407836914,3824000,0.0,0.0
2021-07-02,18.90999984741211,19.239999771118164,18.729999542236328,19.040000915527344,17.327688217163086,4047600,0.0,0.0
2021-07-06,18.979999542236328,19.020000457763672,18.049999237060547,18.34000015258789,16.690643310546875,5254000,0.0,0.0
2021-07-07,18.610000610351562,19.530000686645508,18.549999237060547,19.389999389648438,17.646215438842773,9637400,0.0,0.0
2021-07-08,19.049999237060547,19.059999465942383,18.649999618530273,18.75,17.063770294189453,6707600,0.0,0.0
2021-07-09,19.200000762939453,19.565000534057617,19.09000015258789,19.31999969482422,17.582508087158203,4442500,0.0,0.0
2021-07-12,19.209999084472656,19.309999465942383,18.979999542236328,19.309999465942383,17.573408126831055,3596200,0.0,0.0
2021-07-13,19.389999389648438,19.389999389648438,18.790000915527344,18.81999969482422,17.127471923828125,3290900,0.0,0.0
2021-07-14,18.81999969482422,19.020000457763672,18.739999771118164,18.799999237060547,17.109272003173828,2202800,0.0,0.0
2021-07-15,18.6299991607666,18.899999618530273,18.469999313354492,18.81999969482422,17.127471923828125,3170600,0.0,0.0
2021-07-16,18.940000534057617,19.125,18.760000228881836,18.809999465942383,17.11837387084961,3520400,0.0,0.0
2021-07-19,18.5,18.6299991607666,17.719999313354492,17.790000915527344,16.190107345581055,3924600,0.0,0.0
2021-07-20,17.84000015258789,18.30500030517578,17.84000015258789,18.190000534057617,16.554126739501953,4331800,0.0,0.0
2021-07-21,18.190000534057617,18.575000762939453,18.149999618530273,18.31999969482422,16.67244529724121,2709500,0.0,0.0
2021-07-22,18.670000076293945,18.90999984741211,18.43000030517578,18.829999923706055,17.136579513549805,4007800,0.0,0.0
2021-07-23,18.770000457763672,19.139999389648438,18.690000534057617,19.100000381469727,17.382291793823242,2679500,0.0,0.0
2021-07-26,19.06999969482422,19.334999084472656,18.885000228881836,19.100000381469727,17.382291793823242,2420500,0.0,0.0
2021-07-27,19.079999923706055,19.290000915527344,18.739999771118164,19.270000457763672,17.537010192871094,2575900,0.0,0.0
2021-07-28,19.299999237060547,19.485000610351562,19.09000015258789,19.469999313354492,17.719017028808594,4169500,0.0,0.0
2021-07-29,19.549999237060547,19.600000381469727,19.3439998626709,19.3799991607666,17.637109756469727,2352100,0.0,0.0
2021-07-30,19.280000686645508,19.559999465942383,19.110000610351562,19.149999618530273,17.427793502807617,3068100,0.0,0.0
2021-08-02,19.25,19.350000381469727,18.959999084472656,18.979999542236328,17.273086547851562,2968600,0.0,0.0
2021-08-03,18.90999984741211,19.200000762939453,18.850000381469727,18.950000762939453,17.24578094482422,2780100,0.0,0.0
2021-08-04,18.81999969482422,19.049999237060547,18.549999237060547,18.90999984741211,17.209379196166992,3187000,0.0,0.0
2021-08-05,18.399999618530273,18.65999984741211,17.850000381469727,18.270000457763672,16.626937866210938,6675900,0.0,0.0
2021-08-06,18.360000610351562,18.825000762939453,18.327999114990234,18.559999465942383,16.890853881835938,3351100,0.0,0.0
2021-08-09,18.610000610351562,18.90999984741211,18.520000457763672,18.889999389648438,17.191177368164062,3742800,0.0,0.0
2021-08-10,18.889999389648438,18.889999389648438,18.354999542236328,18.489999771118164,16.8271484375,3325500,0.0,0.0
2021-08-11,18.40999984741211,18.520000457763672,18.200000762939453,18.350000381469727,16.699743270874023,2667800,0.0,0.0
2021-08-12,18.420000076293945,18.450000762939453,18.05500030517578,18.389999389648438,16.73614501953125,3001000,0.0,0.0
2021-08-13,18.3700008392334,18.489999771118164,18.315000534057617,18.399999618530273,16.7452449798584,2053200,0.0,0.0
2021-08-16,18.270000457763672,18.43000030517578,17.954999923706055,17.979999542236328,16.36301612854004,2418700,0.0,0.0
2021-08-17,17.950000762939453,18.19499969482422,17.809999465942383,18.149999618530273,16.51772689819336,3109300,0.0,0.0
2021-08-18,18.049999237060547,18.209999084472656,17.920000076293945,18.010000228881836,16.390317916870117,2076800,0.0,0.0
2021-08-19,17.90999984741211,18.1200008392334,17.780000686645508,17.799999237060547,16.199207305908203,3253300,0.0,0.0
2021-08-20,17.860000610351562,18.170000076293945,17.700000762939453,18.1299991607666,16.499526977539062,2324300,0.0,0.0
2021-08-23,18.06999969482422,18.1299991607666,17.959999084472656,18.030000686645508,16.408517837524414,2238600,0.0,0.0
2021-08-24,18.200000762939453,18.540000915527344,18.110000610351562,18.450000762939453,16.790748596191406,2976600,0.0,0.0
2021-08-25,18.540000915527344,19.079999923706055,18.389999389648438,19.0,17.291282653808594,3451600,0.0,0.0
2021-08-26,18.950000762939453,19.049999237060547,18.469999313354492,18.489999771118164,16.8271484375,3668200,0.0,0.0
2021-08-27,18.559999465942383,18.719999313354492,18.420000076293945,18.68000030517578,17.000064849853516,3894400,0.0,0.0
2021-08-30,18.75,19.05500030517578,18.700000762939453,18.850000381469727,17.154775619506836,3329500,0.0,0.0
2021-08-31,18.889999389648438,19.09000015258789,18.795000076293945,19.09000015258789,17.37318992614746,3580900,0.0,0.0
2021-09-01,19.239999771118164,19.375,19.09000015258789,19.149999618530273,17.427793502807617,2955900,0.0,0.0
2021-09-02,19.149999618530273,19.399999618530273,19.125,19.280000686645508,17.54610824584961,3578800,0.0,0.0
2021-09-03,19.190000534057617,19.270000457763672,18.989999771118164,19.110000610351562,17.391393661499023,1614900,0.0,0.0
2021-09-07,19.010000228881836,19.104999542236328,18.80500030517578,18.84000015258789,17.145673751831055,2928300,0.0,0.0
2021-09-08,18.809999465942383,19.290000915527344,18.707000732421875,19.200000762939453,17.47330093383789,2158500,0.0,0.0
2021-09-09,19.155000686645508,19.229999542236328,18.739999771118164,18.899999618530273,17.200279235839844,2363600,0.0,0.0
2021-09-10,19.0,19.0,18.43000030517578,18.440000534057617,16.781646728515625,2023000,0.0,0.0
2021-09-13,18.579999923706055,18.729999542236328,18.399999618530273,18.600000381469727,16.927255630493164,2038300,0.0,0.0
2021-09-14,18.68000030517578,18.68000030517578,17.989999771118164,18.0,16.38121795654297,3601100,0.0,0.0
2021-09-15,17.850000381469727,18.440000534057617,17.790000915527344,18.440000534057617,16.922670364379883,3131700,0.15,0.0
2021-09-16,18.299999237060547,18.309999465942383,17.84000015258789,17.899999618530273,16.42710304260254,3226100,0.0,0.0
2021-09-17,18.0,18.079999923706055,17.760000228881836,17.790000915527344,16.32615852355957,6337300,0.0,0.0
2021-09-20,17.649999618530273,17.81999969482422,16.924999237060547,17.350000381469727,15.922356605529785,6400700,0.0,0.0
2021-09-21,17.489999771118164,17.690000534057617,17.389999389648438,17.389999389648438,15.959071159362793,5828600,0.0,0.0
2021-09-22,17.549999237060547,17.729999542236328,17.420000076293945,17.43000030517578,15.995779037475586,2420500,0.0,0.0
2021-09-23,17.6299991607666,17.850000381469727,17.510000228881836,17.610000610351562,16.160968780517578,4454600,0.0,0.0
2021-09-24,17.700000762939453,17.850000381469727,17.559999465942383,17.559999465942383,16.115079879760742,4287100,0.0,0.0
2021-09-27,17.549999237060547,17.635000228881836,17.09000015258789,17.110000610351562,15.702109336853027,5177800,0.0,0.0
2021-09-28,17.040000915527344,17.107999801635742,16.71500015258789,16.770000457763672,15.390084266662598,4795200,0.0,0.0
2021-09-29,16.739999771118164,17.059999465942383,16.510000228881836,16.950000762939453,15.555275917053223,4766200,0.0,0.0
2021-09-30,17.350000381469727,17.55500030517578,17.084999084472656,17.100000381469727,15.692933082580566,5830800,0.0,0.0
2021-10-01,17.209999084472656,17.219999313354492,16.69499969482422,16.850000381469727,15.463502883911133,4198700,0.0,0.0
2021-10-04,16.719999313354492,17.190000534057617,16.690000534057617,17.020000457763672,15.619512557983398,3331700,0.0,0.0
2021-10-05,17.075000762939453,17.3700008392334,17.0,17.360000610351562,15.931539535522461,6159600,0.0,0.0
2021-10-06,17.190000534057617,17.6200008392334,17.030000686645508,17.579999923706055,16.133438110351562,3827100,0.0,0.0
2021-10-07,17.610000610351562,18.086999893188477,17.5,17.950000762939453,16.472993850708008,6470900,0.0,0.0
2021-10-08,17.969999313354492,18.329999923706055,17.8799991607666,17.899999618530273,16.42710304260254,3097400,0.0,0.0
2021-10-11,17.899999618530273,18.040000915527344,17.549999237060547,17.56999969482422,16.12425422668457,2446500,0.0,0.0
2021-10-12,17.530000686645508,17.93000030517578,17.459999084472656,17.84000015258789,16.372041702270508,2837100,0.0,0.0
2021-10-13,19.5,19.899999618530273,19.25,19.809999465942383,18.179941177368164,15378700,0.0,0.0
2021-10-14,19.959999084472656,20.100000381469727,19.489999771118164,19.56999969482422,17.959686279296875,6521300,0.0,0.0
2021-10-15,19.690000534057617,19.8700008392334,19.43000030517578,19.68000030517578,18.060640335083008,3273300,0.0,0.0
2021-10-18,19.469999313354492,19.524999618530273,19.25,19.329999923706055,17.73943519592285,10655000,0.0,0.0
2021-10-19,19.540000915527344,19.6299991607666,19.190000534057617,19.209999084472656,17.629316329956055,2754800,0.0,0.0
2021-10-20,19.21500015258789,19.53499984741211,19.170000076293945,19.309999465942383,17.721084594726562,2053600,0.0,0.0
2021-10-21,19.170000076293945,19.34000015258789,19.030000686645508,19.100000381469727,17.52836036682129,2516600,0.0,0.0
2021-10-22,19.1200008392334,19.329999923706055,18.975000381469727,19.110000610351562,17.53753662109375,2656300,0.0,0.0
2021-10-25,19.06999969482422,19.559999465942383,19.06999969482422,19.5,17.895444869995117,6030600,0.0,0.0
2021-10-26,19.5,19.7450008392334,19.360000610351562,19.5,17.895444869995117,3051200,0.0,0.0
2021-10-27,19.5,19.75,19.399999618530273,19.65999984741211,18.042280197143555,3035100,0.0,0.0
2021-10-28,19.649999618530273,19.889999389648438,19.649999618530273,19.850000381469727,18.21664810180664,2572300,0.0,0.0
2021-10-29,19.670000076293945,19.860000610351562,19.530000686645508,19.59000015258789,17.97804069519043,3176000,0.0,0.0
2021-11-01,19.600000381469727,20.110000610351562,19.540000915527344,20.010000228881836,18.363483428955078,2756500,0.0,0.0
2021-11-02,20.010000228881836,20.020000457763672,19.625,19.8700008392334,18.23500633239746,4006000,0.0,0.0
2021-11-03,19.670000076293945,19.905000686645508,19.559999465942383,19.68000030517578,18.060640335083008,2460100,0.0,0.0
2021-11-04,19.530000686645508,19.579999923706055,18.93000030517578,19.209999084472656,17.629316329956055,6093500,0.0,0.0
2021-11-05,20.0,20.790000915527344,19.950000762939453,20.5,18.81316566467285,9136100,0.0,0.0
2021-11-08,20.559999465942383,20.600000381469727,19.68000030517578,19.739999771118164,18.11569595336914,5650800,0.0,0.0
2021-11-09,19.93000030517578,19.93000030517578,19.30299949645996,19.34000015258789,17.74861717224121,3353900,0.0,0.0
2021-11-10,19.209999084472656,19.729999542236328,19.200000762939453,19.440000534057617,17.84038734436035,2271500,0.0,0.0
2021-11-11,19.600000381469727,19.719999313354492,19.344999313354492,19.600000381469727,17.98722267150879,2689500,0.0,0.0
2021-11-12,19.649999618530273,19.790000915527344,19.584999084472656,19.649999618530273,18.033103942871094,2396500,0.0,0.0
2021-11-15,19.75,20.479999542236328,19.649999618530273,20.459999084472656,18.776456832885742,2727000,0.0,0.0
2021-11-16,20.549999237060547,20.584999084472656,20.41699981689453,20.440000534057617,18.758100509643555,5736500,0.0,0.0
2021-11-17,20.389999389648438,20.44499969482422,20.059999465942383,20.200000762939453,18.537845611572266,1798700,0.0,0.0
2021-11-18,20.1200008392334,20.239999771118164,19.969999313354492,20.149999618530273,18.49196434020996,2977500,0.0,0.0
2021-11-19,20.079999923706055,20.18000030517578,19.795000076293945,20.049999237060547,18.40018653869629,4026300,0.0,0.0
2021-11-22,20.049999237060547,20.700000762939453,19.93000030517578,20.280000686645508,18.611265182495117,4515300,0.0,0.0
2021-11-23,20.270000457763672,20.969999313354492,20.209999084472656,20.6200008392334,18.923294067382812,6669300,0.0,0.0
2021-11-24,20.510000228881836,20.815000534057617,20.510000228881836,20.6200008392334,18.923294067382812,2546100,0.0,0.0
2021-11-26,20.09000015258789,20.350000381469727,19.920000076293945,20.15999984741211,18.501140594482422,4147400,0.0,0.0
2021-11-29,20.399999618530273,20.399999618530273,19.649999618530273,20.09000015258789,18.43690299987793,4114400,0.0,0.0
2021-11-30,19.940000534057617,20.43000030517578,19.790000915527344,19.8799991607666,18.24418067932129,8850600,0.0,0.0
2021-12-01,20.190000534057617,21.0049991607666,20.155000686645508,20.549999237060547,18.85904884338379,5950100,0.0,0.0
2021-12-02,20.729999542236328,21.260000228881836,20.65999984741211,20.959999084472656,19.235315322875977,6267700,0.0,0.0
2021-12-03,21.049999237060547,21.100000381469727,20.56999969482422,20.709999084472656,19.00588035583496,4143000,0.0,0.0
2021-12-06,20.93000030517578,21.075000762939453,20.719999313354492,20.920000076293945,19.1986026763916,4810700,0.0,0.0
2021-12-07,20.950000762939453,21.299999237060547,20.850000381469727,20.93000030517578,19.207782745361328,3876500,0.0,0.0
2021-12-08,20.829999923706055,21.270000457763672,20.829999923706055,21.209999084472656,19.464740753173828,3836600,0.0,0.0
2021-12-09,21.190000534057617,21.235000610351562,20.84000015258789,20.889999389648438,19.17107391357422,2682200,0.0,0.0
2021-12-10,20.959999084472656,21.06999969482422,20.825000762939453,21.020000457763672,19.290372848510742,2852400,0.0,0.0
2021-12-13,20.770000457763672,21.014999389648438,20.68000030517578,20.729999542236328,19.02423667907715,3952700,0.0,0.0
2021-12-14,20.674999237060547,21.1200008392334,20.670000076293945,20.770000457763672,19.060951232910156,4358100,0.0,0.0
2021-12-15,20.719999313354492,20.809999465942383,20.434999465942383,20.700000762939453,19.13490104675293,4531000,0.15,0.0
2021-12-16,20.700000762939453,21.225000381469727,20.649999618530273,20.93000030517578,19.347505569458008,3057900,0.0,0.0
2021-12-17,20.81999969482422,21.360000610351562,20.68000030517578,21.229999542236328,19.62482452392578,3848300,0.0,0.0
2021-12-20,21.0,21.15999984741211,20.735000610351562,21.09000015258789,19.495407104492188,2604000,0.0,0.0
2021-12-21,21.299999237060547,21.854999542236328,21.260000228881836,21.809999465942383,20.16097068786621,3112500,0.0,0.0
2021-12-22,21.809999465942383,22.350000381469727,21.719999313354492,22.329999923706055,20.641651153564453,4211000,0.0,0.0
2021-12-23,22.360000610351562,22.485000610351562,22.030000686645508,22.030000686645508,20.364337921142578,3279700,0.0,0.0
2021-12-27,22.049999237060547,22.209999084472656,21.850000381469727,22.190000534057617,20.512239456176758,2283600,0.0,0.0
2021-12-28,22.209999084472656,22.31999969482422,21.934999465942383,22.049999237060547,20.38282585144043,1864300,0.0,0.0
2021-12-29,22.0,22.059999465942383,21.81999969482422,21.8700008392334,20.216432571411133,2895400,0.0,0.0
2021-12-30,21.8799991607666,22.469999313354492,21.8799991607666,22.389999389648438,20.697111129760742,7636100,0.0,0.0
2021-12-31,22.299999237060547,22.8700008392334,22.239999771118164,22.770000457763672,21.048391342163086,3243500,0.0,0.0
2022-01-03,22.81999969482422,22.94499969482422,22.34000015258789,22.739999771118164,21.020654678344727,3925100,0.0,0.0
2022-01-04,22.770000457763672,22.959999084472656,22.489999771118164,22.520000457763672,20.817291259765625,4572900,0.0,0.0
2022-01-05,22.479999542236328,22.760000228881836,22.09000015258789,22.110000610351562,20.438291549682617,4037900,0.0,0.0
2022-01-06,22.18000030517578,22.360000610351562,21.959999084472656,22.31999969482422,20.632410049438477,5284200,0.0,0.0
2022-01-07,22.31999969482422,22.760000228881836,22.110000610351562,22.709999084472656,20.99292755126953,6078300,0.0,0.0
2022-01-10,22.665000915527344,22.780000686645508,22.389999389648438,22.459999084472656,20.761825561523438,4341900,0.0,0.0
2022-01-11,22.549999237060547,22.670000076293945,22.315000534057617,22.510000228881836,20.808046340942383,6657100,0.0,0.0
2022-01-12,22.459999084472656,22.989999771118164,22.424999237060547,22.93000030517578,21.1962947845459,7344300,0.0,0.0
2022-01-13,22.899999618530273,22.90999984741211,22.530000686645508,22.610000610351562,20.900487899780273,3709100,0.0,0.0
2022-01-14,22.610000610351562,22.639999389648438,22.354999542236328,22.59000015258789,20.881994247436523,2994300,0.0,0.0
2022-01-18,22.540000915527344,22.7549991607666,22.375,22.440000534057617,20.743337631225586,4215900,0.0,0.0
2022-01-19,22.510000228881836,22.670000076293945,22.375,22.479999542236328,20.780311584472656,7263300,0.0,0.0
2022-01-20,22.530000686645508,22.795000076293945,21.700000762939453,21.729999542236328,20.087018966674805,5162700,0.0,0.0
2022-01-21,21.639999389648438,22.020000457763672,21.420000076293945,21.719999313354492,20.077777862548828,4244400,0.0,0.0
2022-01-24,21.5,22.010000228881836,21.264999389648438,21.959999084472656,20.29962730407715,6039800,0.0,0.0
2022-01-25,21.75,21.969999313354492,21.450000762939453,21.670000076293945,20.031557083129883,5173300,0.0,0.0
2022-01-26,21.959999084472656,22.239999771118164,21.3799991607666,21.530000686645508,19.902145385742188,5850500,0.0,0.0
2022-01-27,21.770000457763672,21.950000762939453,21.149999618530273,21.309999465942383,19.698776245117188,4854900,0.0,0.0
2022-01-28,21.290000915527344,21.68000030517578,21.135000228881836,21.670000076293945,20.031557083129883,4707900,0.0,0.0
2022-01-31,21.6299991607666,21.90999984741211,21.6299991607666,21.809999465942383,20.16097068786621,6126000,0.0,0.0
2022-02-01,21.969999313354492,21.989999771118164,21.440000534057617,21.649999618530273,20.013071060180664,4526700,0.0,0.0
2022-02-02,21.809999465942383,22.260000228881836,21.530000686645508,22.239999771118164,20.558462142944336,6964000,0.0,0.0
2022-02-03,21.780000686645508,22.145000457763672,21.540000915527344,21.850000381469727,20.197948455810547,3931200,0.0,0.0
2022-02-04,21.709999084472656,22.010000228881836,21.260000228881836,21.829999923706055,20.179462432861328,5344000,0.0,0.0
2022-02-07,21.8700008392334,22.114999771118164,21.56999969482422,21.979999542236328,20.318115234375,4638900,0.0,0.0
2022-02-08,22.024999618530273,22.3700008392334,21.90999984741211,22.270000457763672,20.58618927001953,4337800,0.0,0.0
2022-02-09,22.450000762939453,22.68000030517578,22.34000015258789,22.489999771118164,20.78955841064453,4984600,0.0,0.0
2022-02-10,22.219999313354492,22.530000686645508,22.010000228881836,22.079999923706055,20.410558700561523,5460200,0.0,0.0
2022-02-11,22.15999984741211,22.350000381469727,21.625,21.809999465942383,20.16097068786621,4527200,0.0,0.0
2022-02-14,21.760000228881836,21.90999984741211,21.235000610351562,21.600000381469727,19.966854095458984,4181000,0.0,0.0
2022-02-15,21.8700008392334,21.950000762939453,21.649999618530273,21.790000915527344,20.142486572265625,2605400,0.0,0.0
2022-02-16,21.719999313354492,21.905000686645508,21.610000610351562,21.719999313354492,20.077777862548828,2270800,0.0,0.0
2022-02-17,21.56999969482422,21.719999313354492,21.479999542236328,21.489999771118164,19.86516761779785,2465600,0.0,0.0
2022-02-18,21.450000762939453,21.75,21.34000015258789,21.450000762939453,19.82819175720215,2877300,0.0,0.0
2022-02-22,21.260000228881836,21.594999313354492,21.110000610351562,21.209999084472656,19.606338500976562,3681900,0.0,0.0
2022-02-23,21.200000762939453,21.40999984741211,20.809999465942383,20.809999465942383,19.236576080322266,4535200,0.0,0.0
2022-02-24,20.5,21.809999465942383,20.259000778198242,21.68000030517578,20.040800094604492,5802200,0.0,0.0
2022-02-25,21.68000030517578,22.43000030517578,21.360000610351562,21.899999618530273,20.24416732788086,3879000,0.0,0.0
2022-02-28,21.8700008392334,22.875,21.700000762939453,22.81999969482422,21.094608306884766,6381500,0.0,0.0
2022-03-01,22.790000915527344,22.809999465942383,21.704999923706055,21.93000030517578,20.271900177001953,6823000,0.0,0.0
2022-03-02,22.0,22.315000534057617,21.760000228881836,22.219999313354492,20.53997039794922,4145000,0.0,0.0
2022-03-03,22.280000686645508,22.469999313354492,21.844999313354492,21.979999542236328,20.318115234375,4018900,0.0,0.0
2022-03-04,21.90999984741211,22.559999465942383,21.770000457763672,22.510000228881836,20.808046340942383,5107400,0.0,0.0
2022-03-07,22.670000076293945,23.485000610351562,22.280000686645508,22.360000610351562,20.66939353942871,5599800,0.0,0.0
2022-03-08,22.5,22.899999618530273,22.309999465942383,22.649999618530273,20.93745994567871,6063800,0.0,0.0
2022-03-09,22.8700008392334,23.06999969482422,22.530000686645508,22.739999771118164,21.020654678344727,4542500,0.0,0.0
2022-03-10,22.6299991607666,22.700000762939453,22.405000686645508,22.649999618530273,20.93745994567871,3534200,0.0,0.0
2022-03-11,22.719999313354492,22.825000762939453,22.3799991607666,22.43000030517578,20.73409652709961,3280300,0.0,0.0
2022-03-14,22.3700008392334,22.704999923706055,21.90999984741211,22.420000076293945,20.724851608276367,3805000,0.0,0.0
2022-03-15,22.5,22.639999389648438,22.040000915527344,22.329999923706055,20.641651153564453,3216300,0.0,0.0
2022-03-16,22.299999237060547,22.645000457763672,22.25,22.59000015258789,20.881994247436523,3992800,0.0,0.0
2022-03-17,22.520000457763672,22.725000381469727,22.280000686645508,22.309999465942383,20.623167037963867,3411400,0.0,0.0
2022-03-18,22.229999542236328,22.545000076293945,22.1200008392334,22.40999984741211,20.71560287475586,4951500,0.0,0.0
2022-03-21,22.31999969482422,22.53499984741211,21.93000030517578,22.049999237060547,20.53862953186035,3329900,0.17,0.0
2022-03-22,22.06999969482422,22.665000915527344,22.06999969482422,22.389999389648438,20.85532569885254,2959100,0.0,0.0
2022-03-23,22.309999465942383,22.420000076293945,21.780000686645508,21.799999237060547,20.305763244628906,2566800,0.0,0.0
2022-03-24,21.850000381469727,22.170000076293945,21.829999923706055,22.049999237060547,20.53862953186035,3094400,0.0,0.0
2022-03-25,22.1299991607666,22.795000076293945,22.1299991607666,22.739999771118164,21.181331634521484,3268900,0.0,0.0
2022-03-28,22.760000228881836,23.209999084472656,22.68000030517578,23.110000610351562,21.525972366333008,3570700,0.0,0.0
2022-03-29,23.059999465942383,23.209999084472656,22.915000915527344,23.149999618530273,21.563234329223633,4380200,0.0,0.0
2022-03-30,23.1299991607666,23.3799991607666,22.985000610351562,23.100000381469727,21.51666259765625,4118500,0.0,0.0
2022-03-31,23.06999969482422,23.604999542236328,23.06999969482422,23.25,21.6563777923584,4651100,0.0,0.0
2022-04-01,23.309999465942383,23.5,23.079999923706055,23.440000534057617,21.83336067199707,4560100,0.0,0.0
2022-04-04,23.399999618530273,23.530000686645508,23.139999389648438,23.329999923706055,21.730899810791016,3590300,0.0,0.0
2022-04-05,23.389999389648438,23.780000686645508,23.3799991607666,23.579999923706055,21.963756561279297,6805200,0.0,0.0
2022-04-06,23.5,24.0,23.385000228881836,24.0,22.354969024658203,5816200,0.0,0.0
2022-04-07,23.979999542236328,24.209999084472656,23.735000610351562,24.1200008392334,22.46674346923828,6428100,0.0,0.0
2022-04-08,24.209999084472656,24.59000015258789,24.0,24.510000228881836,22.83001708984375,6982700,0.0,0.0
2022-04-11,24.520000457763672,24.649999618530273,23.969999313354492,24.0,22.354969024658203,5151600,0.0,0.0
2022-04-12,24.110000610351562,24.459999084472656,23.899999618530273,24.049999237060547,22.401546478271484,5277000,0.0,0.0
2022-04-13,24.06999969482422,24.209999084472656,23.65999984741211,23.799999237060547,22.16868019104004,5349300,0.0,0.0
2022-04-14,23.829999923706055,24.229999542236328,23.829999923706055,24.030000686645508,22.382917404174805,4708900,0.0,0.0
2022-04-18,24.0,24.8700008392334,23.915000915527344,24.84000015258789,23.137393951416016,5308600,0.0,0.0
2022-04-19,24.920000076293945,25.209999084472656,24.475000381469727,24.81999969482422,23.118764877319336,5429700,0.0,0.0
2022-04-20,25.18000030517578,26.6299991607666,25.18000030517578,26.260000228881836,24.460063934326172,8990300,0.0,0.0
2022-04-21,26.190000534057617,26.350000381469727,25.690000534057617,25.739999771118164,23.975706100463867,7014700,0.0,0.0
2022-04-22,25.75,25.790000915527344,25.299999237060547,25.350000381469727,23.612442016601562,3623000,0.0,0.0
2022-04-25,25.299999237060547,25.299999237060547,24.579999923706055,25.010000228881836,23.295740127563477,5130700,0.0,0.0
2022-04-26,24.809999465942383,25.415000915527344,24.809999465942383,24.899999618530273,23.19328498840332,4039600,0.0,0.0
2022-04-27,24.8799991607666,25.31399917602539,24.760000228881836,24.8799991607666,23.174654006958008,3608800,0.0,0.0
2022-04-28,25.1200008392334,25.170000076293945,24.7450008392334,25.1299991607666,23.407514572143555,5008500,0.0,0.0
2022-04-29,25.219999313354492,25.485000610351562,25.014999389648438,25.020000457763672,23.305057525634766,5342300,0.0,0.0
2022-05-02,25.0,25.25,24.18000030517578,24.690000534057617,22.997678756713867,4692400,0.0,0.0
2022-05-03,24.770000457763672,25.575000762939453,24.735000610351562,25.25,23.5192928314209,4094100,0.0,0.0
2022-05-04,25.360000610351562,26.075000762939453,25.299999237060547,25.920000076293945,24.14336585998535,5214600,0.0,0.0
2022-05-05,26.0,26.329999923706055,25.270000457763672,25.40999984741211,23.668325424194336,5171400,0.0,0.0
2022-05-06,26.0,27.100000381469727,25.75,26.6200008392334,24.795391082763672,9739100,0.0,0.0
2022-05-09,26.43000030517578,26.43000030517578,23.920000076293945,24.1299991607666,22.476058959960938,9713400,0.0,0.0
2022-05-10,24.450000762939453,24.989999771118164,23.8700008392334,24.440000534057617,22.764814376831055,5004500,0.0,0.0
2022-05-11,24.59000015258789,24.8799991607666,24.200000762939453,24.290000915527344,22.625089645385742,7373900,0.0,0.0
2022-05-12,24.040000915527344,24.190000534057617,22.885000228881836,23.40999984741211,21.80541229248047,9500800,0.0,0.0
2022-05-13,23.860000610351562,24.718000411987305,23.81999969482422,24.579999923706055,22.895214080810547,5521600,0.0,0.0
2022-05-16,24.530000686645508,25.010000228881836,24.389999389648438,25.0,23.28642463684082,6949300,0.0,0.0
2022-05-17,25.049999237060547,25.280000686645508,24.760000228881836,25.25,23.5192928314209,5014500,0.0,0.0
2022-05-18,25.309999465942383,25.59000015258789,25.100000381469727,25.229999542236328,23.50066375732422,5070000,0.0,0.0
2022-05-19,25.270000457763672,26.1299991607666,25.139999389648438,26.079999923706055,24.292402267456055,7959700,0.0,0.0
2022-05-20,25.959999084472656,26.459999084472656,24.829999923706055,25.229999542236328,23.50066375732422,6190200,0.0,0.0
2022-05-23,25.40999984741211,25.84000015258789,25.139999389648438,25.729999542236328,23.966386795043945,4484600,0.0,0.0
2022-05-24,25.510000228881836,25.770000457763672,25.225000381469727,25.479999542236328,23.733524322509766,4046000,0.0,0.0
2022-05-25,25.469999313354492,26.165000915527344,25.450000762939453,26.100000381469727,24.311033248901367,5564900,0.0,0.0
2022-05-26,26.219999313354492,26.454999923706055,25.920000076293945,25.93000030517578,24.152685165405273,4707100,0.0,0.0
2022-05-27,25.979999542236328,26.325000762939453,25.735000610351562,26.309999465942383,24.506633758544922,5778600,0.0,0.0
2022-05-31,26.5,26.68600082397461,25.8799991607666,26.3700008392334,24.562524795532227,7762900,0.0,0.0
2022-06-01,26.360000610351562,26.459999084472656,25.27199935913086,25.899999618530273,24.12474250793457,4618700,0.0,0.0
2022-06-02,25.959999084472656,26.239999771118164,25.594999313354492,25.979999542236328,24.19925880432129,3846900,0.0,0.0
2022-06-03,25.90999984741211,26.25,25.829999923706055,25.850000381469727,24.078166961669922,3389000,0.0,0.0
2022-06-06,25.989999771118164,26.524999618530273,25.81999969482422,26.489999771118164,24.67429542541504,5238600,0.0,0.0
2022-06-07,26.389999389648438,27.389999389648438,26.389999389648438,27.389999389648438,25.51260757446289,6773300,0.0,0.0
2022-06-08,27.239999771118164,27.309999465942383,26.6200008392334,26.84000015258789,25.000308990478516,4206400,0.0,0.0
2022-06-09,26.739999771118164,26.899999618530273,26.170000076293945,26.200000762939453,24.4041805267334,3390400,0.0,0.0
2022-06-10,25.770000457763672,25.8799991607666,25.43000030517578,25.440000534057617,23.696271896362305,3853500,0.0,0.0
2022-06-13,25.0,25.040000915527344,23.399999618530273,23.5,21.889240264892578,7472000,0.0,0.0
2022-06-14,23.450000762939453,23.700000762939453,22.6299991607666,22.959999084472656,21.386255264282227,8304200,0.0,0.0
2022-06-15,23.219999313354492,23.90999984741211,23.100000381469727,23.5,21.889240264892578,9339700,0.0,0.0
2022-06-16,23.31999969482422,23.31999969482422,22.280000686645508,22.520000457763672,20.976415634155273,7894600,0.0,0.0
2022-06-17,22.530000686645508,22.735000610351562,21.84000015258789,22.420000076293945,20.883268356323242,11501800,0.0,0.0
2022-06-21,22.979999542236328,23.010000228881836,22.5,22.770000457763672,21.378053665161133,5046400,0.177,0.0
2022-06-22,22.420000076293945,22.881999969482422,22.309999465942383,22.709999084472656,21.321720123291016,4595100,0.0,0.0
2022-06-23,22.969999313354492,23.459999084472656,22.84000015258789,23.40999984741211,21.978933334350586,5669200,0.0,0.0
2022-06-24,23.520000457763672,23.600000381469727,23.094999313354492,23.389999389648438,21.96015739440918,11738000,0.0,0.0
2022-06-27,23.389999389648438,24.05500030517578,23.34000015258789,23.75,22.298141479492188,4359500,0.0,0.0
2022-06-28,23.799999237060547,24.0049991607666,23.059999465942383,23.25,21.828710556030273,4875200,0.0,0.0
2022-06-29,23.219999313354492,23.2549991607666,22.389999389648438,22.889999389648438,21.490713119506836,4657200,0.0,0.0
2022-06-30,22.6200008392334,23.354999542236328,22.510000228881836,22.850000381469727,21.453163146972656,4965100,0.0,0.0
2022-07-01,23.06999969482422,23.489999771118164,22.893999099731445,23.350000381469727,21.922597885131836,3340900,0.0,0.0
2022-07-05,22.969999313354492,23.139999389648438,20.9950008392334,21.65999984741211,20.335906982421875,5959900,0.0,0.0
2022-07-06,21.540000915527344,21.950000762939453,21.364999771118164,21.700000762939453,20.37346649169922,4709800,0.0,0.0
2022-07-07,22.0,22.385000228881836,21.975000381469727,22.229999542236328,20.87106704711914,4068900,0.0,0.0
2022-07-08,22.209999084472656,22.329999923706055,21.8700008392334,22.079999923706055,20.73023223876953,3026700,0.0,0.0
2022-07-11,22.020000457763672,22.334999084472656,21.790000915527344,22.09000015258789,20.739622116088867,3355300,0.0,0.0
2022-07-12,21.979999542236328,22.649999618530273,21.969999313354492,22.520000457763672,21.143335342407227,3799800,0.0,0.0
2022-07-13,22.200000762939453,22.864999771118164,22.15999984741211,22.729999542236328,21.340499877929688,3551100,0.0,0.0
2022-07-14,22.200000762939453,23.020000457763672,22.165000915527344,22.93000030517578,21.528270721435547,5687800,0.0,0.0
2022-07-15,23.030000686645508,23.06999969482422,22.2549991607666,22.579999923706055,21.199668884277344,4025100,0.0,0.0
2022-07-18,22.739999771118164,23.329999923706055,22.670000076293945,22.81999969482422,21.42499351501465,4135200,0.0,0.0
2022-07-19,23.15999984741211,23.735000610351562,23.1299991607666,23.6299991607666,22.18548011779785,3764400,0.0,0.0
2022-07-20,23.6200008392334,23.729999542236328,23.1200008392334,23.639999389648438,22.194868087768555,4827100,0.0,0.0
2022-07-21,23.549999237060547,23.690000534057617,23.084999084472656,23.360000610351562,21.931989669799805,4230800,0.0,0.0
2022-07-22,23.40999984741211,23.65999984741211,22.7450008392334,23.0,21.593994140625,3575100,0.0,0.0
2022-07-25,23.040000915527344,23.5,22.780000686645508,23.360000610351562,21.931989669799805,3285000,0.0,0.0
2022-07-26,23.309999465942383,23.760000228881836,23.15999984741211,23.75,22.298141479492188,7887900,0.0,0.0
2022-07-27,23.799999237060547,23.959999084472656,23.440000534057617,23.829999923706055,22.373252868652344,2702600,0.0,0.0
2022-07-28,24.389999389648438,24.8700008392334,24.03499984741211,24.81999969482422,23.302732467651367,3494700,0.0,0.0
2022-07-29,25.0,25.860000610351562,24.93000030517578,25.850000381469727,24.269771575927734,4894800,0.0,0.0
2022-08-01,25.700000762939453,25.899999618530273,25.260000228881836,25.360000610351562,23.809724807739258,3020200,0.0,0.0
2022-08-02,25.479999542236328,25.760000228881836,25.25,25.260000228881836,23.715837478637695,2875000,0.0,0.0
2022-08-03,25.219999313354492,25.584999084472656,25.110000610351562,25.459999084472656,23.90361213684082,2604100,0.0,0.0
2022-08-04,25.600000381469727,25.899999618530273,25.530000686645508,25.6200008392334,24.053834915161133,3411800,0.0,0.0
2022-08-05,25.530000686645508,25.729999542236328,24.309999465942383,24.600000381469727,23.096181869506836,4760700,0.0,0.0
2022-08-08,24.75,25.44499969482422,24.559999465942383,24.729999542236328,23.218233108520508,3798500,0.0,0.0
2022-08-09,24.610000610351562,24.809999465942383,24.31999969482422,24.790000915527344,23.27457046508789,3838300,0.0,0.0
2022-08-10,24.93000030517578,25.219999313354492,24.854999542236328,25.170000076293945,23.631338119506836,2967900,0.0,0.0
2022-08-11,25.270000457763672,25.780000686645508,25.225000381469727,25.34000015258789,23.79094886779785,3323500,0.0,0.0
2022-08-12,25.6200008392334,25.90999984741211,25.524999618530273,25.8799991607666,24.297935485839844,2716300,0.0,0.0
2022-08-15,25.649999618530273,25.989999771118164,25.350000381469727,25.969999313354492,24.38243293762207,3192700,0.0,0.0
2022-08-16,25.790000915527344,26.0,25.690000534057617,25.829999923706055,24.250991821289062,3706400,0.0,0.0
2022-08-17,25.489999771118164,25.809999465942383,25.440000534057617,25.530000686645508,23.969335556030273,3232500,0.0,0.0
2022-08-18,25.530000686645508,26.1200008392334,25.530000686645508,25.84000015258789,24.260379791259766,3623700,0.0,0.0
2022-08-19,25.739999771118164,25.780000686645508,25.139999389648438,25.25,23.70644760131836,3863400,0.0,0.0
2022-08-22,24.899999618530273,24.93000030517578,24.59000015258789,24.729999542236328,23.218233108520508,3630300,0.0,0.0
2022-08-23,24.920000076293945,24.950000762939453,24.459999084472656,24.469999313354492,22.974130630493164,3662100,0.0,0.0
2022-08-24,24.3700008392334,25.299999237060547,24.3700008392334,25.190000534057617,23.650115966796875,3435400,0.0,0.0
2022-08-25,25.290000915527344,25.969999313354492,25.1200008392334,25.649999618530273,24.08199691772461,4571100,0.0,0.0
2022-08-26,25.670000076293945,25.709999084472656,24.920000076293945,24.93000030517578,23.4060115814209,3672000,0.0,0.0
2022-08-29,24.59000015258789,24.84000015258789,24.399999618530273,24.739999771118164,23.227624893188477,3433800,0.0,0.0
2022-08-30,24.75,24.975000381469727,24.18000030517578,24.18000030517578,22.701858520507812,4375500,0.0,0.0
2022-08-31,24.059999465942383,24.799999237060547,24.0049991607666,24.75,23.237016677856445,7453900,0.0,0.0
2022-09-01,24.670000076293945,25.010000228881836,24.584999084472656,24.959999084472656,23.43417739868164,3535100,0.0,0.0
2022-09-02,25.18000030517578,25.520000457763672,24.889999389648438,24.959999084472656,23.43417739868164,2519300,0.0,0.0
2022-09-06,24.8799991607666,25.0,24.31999969482422,24.34000015258789,22.852079391479492,5326800,0.0,0.0
2022-09-07,24.3700008392334,24.709999084472656,24.295000076293945,24.639999389648438,23.13373565673828,4030100,0.0,0.0
2022-09-08,24.649999618530273,25.09000015258789,24.53499984741211,24.899999618530273,23.377845764160156,2890000,0.0,0.0
2022-09-09,25.190000534057617,25.454999923706055,24.979999542236328,25.25,23.70644760131836,3995500,0.0,0.0
2022-09-12,25.329999923706055,25.844999313354492,25.235000610351562,25.790000915527344,24.21343421936035,3347100,0.0,0.0
2022-09-13,25.399999618530273,25.725000381469727,24.885000228881836,24.979999542236328,23.452953338623047,3683500,0.0,0.0
2022-09-14,24.979999542236328,25.3700008392334,24.959999084472656,25.360000610351562,23.809724807739258,3449800,0.0,0.0
2022-09-15,25.219999313354492,25.395999908447266,25.090999603271484,25.3700008392334,23.819114685058594,4091400,0.0,0.0
2022-09-16,25.31999969482422,25.329999923706055,24.8700008392334,25.309999465942383,23.762781143188477,8706200,0.0,0.0
2022-09-19,25.040000915527344,25.809999465942383,25.040000915527344,25.6200008392334,24.053834915161133,3615200,0.0,0.0
2022-09-20,25.34000015258789,25.450000762939453,24.735000610351562,24.90999984741211,23.556413650512695,3129500,0.184,0.0
2022-09-21,25.030000686645508,25.31999969482422,24.420000076293945,24.440000534057617,23.11195182800293,2874800,0.0,0.0
2022-09-22,24.420000076293945,24.459999084472656,23.985000610351562,24.059999465942383,22.752601623535156,2848900,0.0,0.0
2022-09-23,23.6299991607666,23.690000534057617,23.100000381469727,23.3700008392334,22.100099563598633,4406800,0.0,0.0
2022-09-26,23.110000610351562,23.34000015258789,22.325000762939453,22.469999313354492,21.249004364013672,3717000,0.0,0.0
2022-09-27,22.75,22.815000534057617,21.670000076293945,22.020000457763672,20.823455810546875,5809600,0.0,0.0
2022-09-28,22.309999465942383,22.559999465942383,22.1299991607666,22.299999237060547,21.088233947753906,3833000,0.0,0.0
2022-09-29,22.010000228881836,22.059999465942383,21.165000915527344,21.3799991607666,20.218229293823242,7073500,0.0,0.0
2022-09-30,21.5,21.6299991607666,20.920000076293945,21.0,19.85887336730957,4597700,0.0,0.0
2022-10-03,21.3700008392334,21.84000015258789,21.03499984741211,21.469999313354492,20.3033390045166,5198000,0.0,0.0
2022-10-04,21.690000534057617,22.940000534057617,21.649999618530273,22.940000534057617,21.693466186523438,4833600,0.0,0.0
2022-10-05,22.540000915527344,23.139999389648438,22.239999771118164,22.889999389648438,21.64617919921875,4434400,0.0,0.0
2022-10-06,22.829999923706055,22.920000076293945,22.405000686645508,22.649999618530273,21.41921615600586,4290400,0.0,0.0
2022-10-07,22.510000228881836,22.610000610351562,21.93000030517578,21.969999313354492,20.776166915893555,3270800,0.0,0.0
2022-10-10,22.0,22.375,21.639999389648438,21.68000030517578,20.501930236816406,4969200,0.0,0.0
2022-10-11,21.559999465942383,22.1299991607666,21.375,21.799999237060547,20.615407943725586,4973500,0.0,0.0
2022-10-12,21.790000915527344,21.79599952697754,21.329999923706055,21.440000534057617,20.27497100830078,4601600,0.0,0.0
2022-10-13,21.110000610351562,21.954999923706055,20.761999130249023,21.68000030517578,20.501930236816406,3843400,0.0,0.0
2022-10-14,21.93000030517578,22.219999313354492,21.325000762939453,21.420000076293945,20.25605583190918,2511300,0.0,0.0
2022-10-17,21.950000762939453,22.489999771118164,21.850000381469727,22.030000686645508,20.832908630371094,3498300,0.0,0.0
2022-10-18,22.440000534057617,22.6299991607666,22.334999084472656,22.559999465942383,21.3341121673584,2961700,0.0,0.0
2022-10-19,22.329999923706055,22.40999984741211,21.790000915527344,22.200000762939453,20.993667602539062,3410100,0.0,0.0
2022-10-20,22.229999542236328,22.295000076293945,21.3799991607666,21.520000457763672,20.350618362426758,4054200,0.0,0.0
2022-10-21,21.479999542236328,21.76799964904785,21.1200008392334,21.75,20.5681209564209,4248900,0.0,0.0
2022-10-24,21.799999237060547,22.1200008392334,21.450000762939453,21.489999771118164,20.32225227355957,3992200,0.0,0.0
2022-10-25,21.520000457763672,22.219999313354492,21.479999542236328,21.989999771118164,20.795080184936523,4838400,0.0,0.0
2022-10-26,22.079999923706055,22.209999084472656,21.81999969482422,21.899999618530273,20.709976196289062,3419400,0.0,0.0
2022-10-27,22.1200008392334,22.309999465942383,21.889999389648438,21.979999542236328,20.785621643066406,3738400,0.0,0.0
2022-10-28,22.100000381469727,23.0,22.02899932861328,22.979999542236328,21.73128318786621,4167400,0.0,0.0
2022-10-31,22.93000030517578,23.229999542236328,22.770000457763672,22.969999313354492,21.721832275390625,4428700,0.0,0.0
2022-11-01,23.209999084472656,23.219999313354492,22.704999923706055,22.8700008392334,21.627267837524414,2978700,0.0,0.0
2022-11-02,22.829999923706055,23.674999237060547,22.729999542236328,22.8700008392334,21.627267837524414,4376400,0.0,0.0
2022-11-03,22.790000915527344,23.670000076293945,22.559999465942383,23.229999542236328,21.967702865600586,4399000,0.0,0.0
2022-11-04,23.15999984741211,23.8700008392334,22.43000030517578,22.850000381469727,21.608352661132812,7181200,0.0,0.0
2022-11-07,22.950000762939453,23.975000381469727,22.75,23.829999923706055,22.535099029541016,5051000,0.0,0.0
2022-11-08,23.790000915527344,24.350000381469727,23.71500015258789,24.1200008392334,22.809341430664062,3912900,0.0,0.0
2022-11-09,24.0,24.18000030517578,23.479999542236328,23.549999237060547,22.270309448242188,3345200,0.0,0.0
2022-11-10,24.389999389648438,24.989999771118164,24.09000015258789,24.59000015258789,23.253803253173828,3465900,0.0,0.0
2022-11-11,24.799999237060547,24.899999618530273,23.84000015258789,24.09000015258789,22.780969619750977,3527600,0.0,0.0
2022-11-14,23.889999389648438,24.079999923706055,22.950000762939453,22.950000762939453,21.702922821044922,3675500,0.0,0.0
2022-11-15,23.389999389648438,23.5049991607666,22.635000228881836,22.700000762939453,21.46650505065918,3885200,0.0,0.0
2022-11-16,22.5,23.010000228881836,22.46500015258789,22.829999923706055,21.589439392089844,3395200,0.0,0.0
2022-11-17,22.65999984741211,22.899999618530273,22.389999389648438,22.459999084472656,21.239545822143555,2599100,0.0,0.0
2022-11-18,22.719999313354492,22.90999984741211,22.6299991607666,22.90999984741211,21.665090560913086,3763000,0.0,0.0
2022-11-21,22.860000610351562,22.979999542236328,22.510000228881836,22.8799991607666,21.636720657348633,2292200,0.0,0.0
2022-11-22,22.989999771118164,23.479999542236328,22.8799991607666,23.43000030517578,22.156837463378906,2276600,0.0,0.0
2022-11-23,23.420000076293945,24.06999969482422,23.40999984741211,24.0,22.695858001708984,1865800,0.0,0.0
2022-11-25,23.950000762939453,24.399999618530273,23.950000762939453,24.079999923706055,22.771514892578125,1271600,0.0,0.0
2022-11-28,23.760000228881836,23.899999618530273,23.57200050354004,23.790000915527344,22.49727439880371,1896900,0.0,0.0
2022-11-29,23.809999465942383,24.290000915527344,23.540000915527344,24.229999542236328,22.913362503051758,2631200,0.0,0.0
2022-11-30,24.3700008392334,24.44499969482422,23.950000762939453,24.329999923706055,23.0079288482666,7650700,0.0,0.0
2022-12-01,24.469999313354492,24.81999969482422,24.30500030517578,24.530000686645508,23.197065353393555,4111800,0.0,0.0
2022-12-02,24.200000762939453,24.389999389648438,23.959999084472656,23.989999771118164,22.6864070892334,1941600,0.0,0.0
2022-12-05,23.780000686645508,23.84000015258789,23.260000228881836,23.440000534057617,22.166296005249023,2570600,0.0,0.0
2022-12-06,23.299999237060547,23.75,23.15999984741211,23.719999313354492,22.431076049804688,3779300,0.0,0.0
2022-12-07,23.6299991607666,24.045000076293945,23.514999389648438,23.639999389648438,22.355422973632812,3313600,0.0,0.0
2022-12-08,23.68000030517578,23.90999984741211,23.489999771118164,23.59000015258789,22.308137893676758,2201700,0.0,0.0
2022-12-09,23.40999984741211,24.0049991607666,23.329999923706055,23.860000610351562,22.56346893310547,3274300,0.0,0.0
2022-12-12,23.979999542236328,24.229999542236328,23.829999923706055,24.219999313354492,22.903905868530273,2360000,0.0,0.0
2022-12-13,24.579999923706055,25.030000686645508,24.094999313354492,24.290000915527344,22.97010612487793,5246100,0.0,0.0
2022-12-14,24.100000381469727,24.53499984741211,23.985000610351562,24.350000381469727,23.026845932006836,3566400,0.0,0.0
2022-12-15,24.239999771118164,24.530000686645508,24.030000686645508,24.329999923706055,23.0079288482666,3407400,0.0,0.0
2022-12-16,24.079999923706055,24.239999771118164,23.68000030517578,24.06999969482422,22.76205825805664,5457400,0.0,0.0
2022-12-19,24.049999237060547,24.28499984741211,23.7549991607666,23.860000610351562,22.745851516723633,3304100,0.193,0.0
2022-12-20,23.84000015258789,24.110000610351562,23.770000457763672,23.81999969482422,22.707721710205078,4042400,0.0,0.0
2022-12-21,24.0,24.170000076293945,23.809999465942383,24.170000076293945,23.041370391845703,4215300,0.0,0.0
2022-12-22,24.030000686645508,24.030000686645508,23.309999465942383,23.549999237060547,22.45032501220703,2380400,0.0,0.0
2022-12-23,23.40999984741211,23.899999618530273,23.3700008392334,23.8700008392334,22.755388259887695,2249500,0.0,0.0
2022-12-27,23.81999969482422,23.950000762939453,23.43000030517578,23.690000534057617,22.583791732788086,2208200,0.0,0.0
2022-12-28,23.709999084472656,23.84000015258789,23.549999237060547,23.65999984741211,22.555187225341797,5352700,0.0,0.0
2022-12-29,23.75,24.18000030517578,23.6200008392334,24.06999969482422,22.946046829223633,1954800,0.0,0.0
2022-12-30,24.0,24.020000457763672,22.8439998626709,23.200000762939453,22.116666793823242,3424700,0.0,0.0
2023-01-03,23.239999771118164,23.350000381469727,22.125,22.270000457763672,21.2300968170166,3868900,0.0,0.0
2023-01-04,22.280000686645508,22.847000122070312,22.010000228881836,22.75,21.687685012817383,3934000,0.0,0.0
2023-01-05,22.610000610351562,22.780000686645508,22.25,22.31999969482422,21.277759552001953,2319200,0.0,0.0
2023-01-06,22.479999542236328,22.774999618530273,22.25,22.510000228881836,21.45888900756836,3411900,0.0,0.0
2023-01-09,22.6299991607666,22.885000228881836,22.459999084472656,22.530000686645508,21.47796058654785,2912000,0.0,0.0
2023-01-10,22.40999984741211,22.53499984741211,22.190000534057617,22.399999618530273,21.354028701782227,2873600,0.0,0.0
2023-01-11,22.399999618530273,22.78499984741211,22.399999618530273,22.739999771118164,21.678146362304688,2395400,0.0,0.0
2023-01-12,22.860000610351562,23.094999313354492,22.604999542236328,22.690000534057617,21.630481719970703,3315700,0.0,0.0
2023-01-13,22.43000030517578,22.545000076293945,22.135000228881836,22.3799991607666,21.334959030151367,2806900,0.0,0.0
2023-01-17,22.420000076293945,22.770000457763672,22.139999389648438,22.149999618530273,21.11569595336914,3593700,0.0,0.0
2023-01-18,22.110000610351562,22.229999542236328,21.479999542236328,21.5,20.496047973632812,3684600,0.0,0.0
2023-01-19,21.3799991607666,21.530000686645508,21.25,21.389999389648438,20.391185760498047,3749800,0.0,0.0
2023-01-20,21.31999969482422,21.8700008392334,21.299999237060547,21.850000381469727,20.829710006713867,3420300,0.0,0.0
2023-01-23,21.780000686645508,22.729999542236328,21.760000228881836,22.5,21.449357986450195,2798200,0.0,0.0
2023-01-24,22.5,22.889999389648438,22.280000686645508,22.829999923706055,21.763946533203125,2632500,0.0,0.0
2023-01-25,22.6299991607666,22.795000076293945,22.344999313354492,22.56999969482422,21.51608657836914,2231800,0.0,0.0
2023-01-26,22.600000381469727,22.809999465942383,22.229999542236328,22.799999237060547,21.735347747802734,2012100,0.0,0.0
2023-01-27,22.700000762939453,22.90999984741211,22.649999618530273,22.670000076293945,21.611419677734375,1899800,0.0,0.0
2023-01-30,22.600000381469727,22.905000686645508,22.31999969482422,22.3700008392334,21.32542610168457,2132900,0.0,0.0
2023-01-31,22.440000534057617,23.065000534057617,22.31999969482422,23.059999465942383,21.983205795288086,2573000,0.0,0.0
2023-02-01,22.860000610351562,23.475000381469727,22.834999084472656,23.200000762939453,22.116666793823242,2495800,0.0,0.0
2023-02-02,23.43000030517578,23.864999771118164,23.030000686645508,23.280000686645508,22.192935943603516,3012000,0.0,0.0
2023-02-03,22.979999542236328,23.040000915527344,22.55500030517578,22.8799991607666,21.811609268188477,5011300,0.0,0.0
2023-02-06,22.84000015258789,23.100000381469727,22.760000228881836,22.969999313354492,21.89740753173828,4087200,0.0,0.0
2023-02-07,22.940000534057617,23.309999465942383,22.655000686645508,23.239999771118164,22.15479850769043,1930600,0.0,0.0
2023-02-08,23.079999923706055,23.200000762939453,22.829999923706055,22.860000610351562,21.79254913330078,1398800,0.0,0.0
2023-02-09,22.889999389648438,23.0,22.690000534057617,22.690000534057617,21.630481719970703,2709200,0.0,0.0
2023-02-10,22.65999984741211,23.139999389648438,22.6200008392334,23.040000915527344,21.964143753051758,1872100,0.0,0.0
2023-02-13,23.030000686645508,23.375,23.010000228881836,23.049999237060547,21.97367286682129,1590500,0.0,0.0
2023-02-14,22.969999313354492,23.469999313354492,22.860000610351562,23.010000228881836,21.935543060302734,2431500,0.0,0.0
2023-02-15,22.809999465942383,23.489999771118164,22.809999465942383,23.440000534057617,22.34546661376953,3412900,0.0,0.0
2023-02-16,23.170000076293945,23.3799991607666,22.549999237060547,22.81999969482422,21.754413604736328,4614000,0.0,0.0
2023-02-17,22.889999389648438,23.239999771118164,22.739999771118164,22.959999084472656,21.88787841796875,3582100,0.0,0.0
2023-02-21,22.770000457763672,22.920000076293945,22.440000534057617,22.56999969482422,21.51608657836914,3216000,0.0,0.0
2023-02-22,22.479999542236328,22.610000610351562,22.2549991607666,22.420000076293945,21.373090744018555,3114100,0.0,0.0
2023-02-23,22.56999969482422,22.825000762939453,22.395000457763672,22.5,21.449357986450195,1819900,0.0,0.0
2023-02-24,22.31999969482422,22.489999771118164,22.170000076293945,22.360000610351562,21.31589698791504,2340200,0.0,0.0
2023-02-27,22.600000381469727,22.799999237060547,22.219999313354492,22.25,21.21103286743164,2603300,0.0,0.0
2023-02-28,22.06999969482422,22.399999618530273,21.885000228881836,21.989999771118164,20.963172912597656,4883500,0.0,0.0
2023-03-01,22.079999923706055,22.540000915527344,21.559999465942383,21.709999084472656,20.696245193481445,4455300,0.0,0.0
2023-03-02,21.65999984741211,21.670000076293945,21.229999542236328,21.290000915527344,20.295856475830078,5173500,0.0,0.0
2023-03-03,21.31999969482422,21.59000015258789,21.18000030517578,21.40999984741211,20.410253524780273,3455700,0.0,0.0
2023-03-06,22.049999237060547,25.030000686645508,22.049999237060547,24.3799991607666,23.2415714263916,16329100,0.0,0.0
2023-03-07,24.950000762939453,27.290000915527344,24.600000381469727,26.510000228881836,25.27210807800293,14242600,0.0,0.0
2023-03-08,26.510000228881836,27.184999465942383,26.174999237060547,26.200000762939453,24.976585388183594,7018500,0.0,0.0
2023-03-09,26.239999771118164,26.5,25.68000030517578,25.690000534057617,24.490400314331055,6133000,0.0,0.0
2023-03-10,25.889999389648438,25.93000030517578,24.510000228881836,24.520000457763672,23.37503433227539,5888500,0.0,0.0
2023-03-13,24.3799991607666,25.040000915527344,24.020000457763672,24.34000015258789,23.20343589782715,7722300,0.0,0.0
2023-03-14,24.68000030517578,25.704999923706055,24.549999237060547,25.5,24.30927085876465,6022000,0.0,0.0
2023-03-15,24.764999389648438,25.1200008392334,23.899999618530273,24.40999984741211,23.27016830444336,6411500,0.0,0.0
2023-03-16,24.0,25.489999771118164,23.989999771118164,25.34000015258789,24.1567440032959,5547100,0.0,0.0
2023-03-17,25.09000015258789,25.1299991607666,24.219999313354492,24.84000015258789,23.680089950561523,5046400,0.0,0.0
2023-03-20,25.100000381469727,25.649999618530273,25.059999465942383,25.100000381469727,23.927946090698242,4331100,0.0,0.0
2023-03-21,25.139999389648438,25.674999237060547,24.7450008392334,25.059999465942383,24.079769134521484,3389300,0.198,0.0
2023-03-22,24.860000610351562,24.989999771118164,24.219999313354492,24.229999542236328,23.28223419189453,3333100,0.0,0.0
2023-03-23,24.329999923706055,24.6200008392334,23.6299991607666,23.90999984741211,22.974750518798828,3234500,0.0,0.0
2023-03-24,23.81999969482422,23.84000015258789,23.040000915527344,23.420000076293945,22.50391960144043,4852300,0.0,0.0
2023-03-27,23.489999771118164,23.739999771118164,23.1200008392334,23.200000762939453,22.292522430419922,4108800,0.0,0.0
2023-03-28,23.170000076293945,23.760000228881836,23.100000381469727,23.34000015258789,22.427045822143555,2799400,0.0,0.0
2023-03-29,23.479999542236328,23.7549991607666,23.315000534057617,23.510000228881836,22.590396881103516,3517400,0.0,0.0
2023-03-30,23.670000076293945,23.864999771118164,23.479999542236328,23.59000015258789,22.66727066040039,2154000,0.0,0.0
2023-03-31,23.649999618530273,24.0,23.53499984741211,24.0,23.061227798461914,2284300,0.0,0.0
2023-04-03,23.8799991607666,24.100000381469727,23.670000076293945,23.700000762939453,22.77296257019043,3017900,0.0,0.0
2023-04-04,23.670000076293945,23.7549991607666,23.190000534057617,23.40999984741211,22.494308471679688,2587200,0.0,0.0
2023-04-05,23.360000610351562,23.989999771118164,23.329999923706055,23.920000076293945,22.98436164855957,2736200,0.0,0.0
2023-04-06,24.1200008392334,24.295000076293945,23.8700008392334,24.06999969482422,23.12849235534668,3021900,0.0,0.0
2023-04-10,23.829999923706055,24.485000610351562,23.799999237060547,24.420000076293945,23.46480369567871,2735100,0.0,0.0
2023-04-11,24.549999237060547,24.90999984741211,24.440000534057617,24.690000534057617,23.724241256713867,2742400,0.0,0.0
2023-04-12,24.799999237060547,24.8799991607666,24.413000106811523,24.549999237060547,23.58971405029297,2962600,0.0,0.0
2023-04-13,24.43000030517578,25.1200008392334,24.31999969482422,24.829999923706055,23.858766555786133,3680400,0.0,0.0
2023-04-14,24.700000762939453,24.954999923706055,24.299999237060547,24.489999771118164,23.532066345214844,3169600,0.0,0.0
2023-04-17,24.530000686645508,24.530000686645508,24.045000076293945,24.25,23.301448822021484,2382100,0.0,0.0
2023-04-18,24.270000457763672,24.364999771118164,23.93000030517578,24.309999465942383,23.359102249145508,2834600,0.0,0.0
2023-04-19,24.149999618530273,24.270000457763672,23.799999237060547,24.260000228881836,23.311059951782227,3231700,0.0,0.0
2023-04-20,24.059999465942383,24.25,23.7450008392334,23.780000686645508,22.849838256835938,1985800,0.0,0.0
2023-04-21,23.799999237060547,23.899999618530273,23.459999084472656,23.700000762939453,22.77296257019043,1809400,0.0,0.0
2023-04-24,23.790000915527344,23.899999618530273,23.399999618530273,23.649999618530273,22.72492218017578,4038000,0.0,0.0
2023-04-25,23.600000381469727,23.71500015258789,23.2450008392334,23.350000381469727,22.43665885925293,3717100,0.0,0.0
2023-04-26,23.31999969482422,23.520000457763672,22.950000762939453,22.969999313354492,22.07151985168457,2636700,0.0,0.0
2023-04-27,23.049999237060547,23.280000686645508,22.950000762939453,23.1299991607666,22.225257873535156,2603300,0.0,0.0
2023-04-28,23.139999389648438,23.959999084472656,23.049999237060547,23.860000610351562,22.92671012878418,3165200,0.0,0.0
2023-05-01,23.860000610351562,24.1200008392334,23.420000076293945,23.43000030517578,22.513525009155273,2539600,0.0,0.0
2023-05-02,23.40999984741211,23.59000015258789,22.670000076293945,23.110000610351562,22.206039428710938,2937000,0.0,0.0
2023-05-03,23.399999618530273,23.549999237060547,22.979999542236328,23.010000228881836,22.109956741333008,1951100,0.0,0.0
2023-05-04,23.059999465942383,23.209999084472656,22.69499969482422,23.170000076293945,22.263696670532227,2640200,0.0,0.0
2023-05-05,23.270000457763672,23.559999465942383,23.200000762939453,23.420000076293945,22.50391960144043,3008400,0.0,0.0
2023-05-08,23.450000762939453,23.565000534057617,23.235000610351562,23.3799991607666,22.46548080444336,2426000,0.0,0.0
2023-05-09,23.59000015258789,24.655000686645508,23.59000015258789,24.600000381469727,23.637760162353516,6624300,0.0,0.0
2023-05-10,25.0,25.709999084472656,24.84000015258789,25.219999313354492,24.233505249023438,8049200,0.0,0.0
2023-05-11,25.010000228881836,25.204999923706055,24.520000457763672,24.639999389648438,23.676198959350586,3650500,0.0,0.0
2023-05-12,24.829999923706055,24.860000610351562,24.204999923706055,24.520000457763672,23.560890197753906,3458700,0.0,0.0
2023-05-15,24.5,24.809999465942383,24.40999984741211,24.799999237060547,23.829940795898438,3242100,0.0,0.0
2023-05-16,24.75,24.829999923706055,24.065000534057617,24.350000381469727,23.39754295349121,2840100,0.0,0.0
2023-05-17,24.459999084472656,24.610000610351562,24.209999084472656,24.350000381469727,23.39754295349121,3512200,0.0,0.0
2023-05-18,24.15999984741211,24.524999618530273,24.010000228881836,24.440000534057617,23.484020233154297,2611500,0.0,0.0
2023-05-19,24.68000030517578,24.94499969482422,24.510000228881836,24.510000228881836,23.55128288269043,2772300,0.0,0.0
2023-05-22,24.450000762939453,24.8700008392334,24.43000030517578,24.510000228881836,23.55128288269043,2456000,0.0,0.0
2023-05-23,24.450000762939453,24.969999313354492,24.389999389648438,24.559999465942383,23.599327087402344,2062700,0.0,0.0
2023-05-24,24.489999771118164,24.540000915527344,24.264999389648438,24.399999618530273,23.445585250854492,2972800,0.0,0.0
2023-05-25,24.459999084472656,24.610000610351562,23.850000381469727,24.270000457763672,23.320669174194336,2598300,0.0,0.0
2023-05-26,24.34000015258789,24.545000076293945,24.079999923706055,24.450000762939453,23.493629455566406,2569300,0.0,0.0
2023-05-30,24.530000686645508,24.575000762939453,23.915000915527344,23.950000762939453,23.0131893157959,2434500,0.0,0.0
2023-05-31,23.809999465942383,24.084999084472656,23.53499984741211,23.969999313354492,23.032405853271484,4908400,0.0,0.0
2023-06-01,24.040000915527344,24.729999542236328,23.989999771118164,24.639999389648438,23.676198959350586,4772000,0.0,0.0
2023-06-02,24.690000534057617,25.030000686645508,24.459999084472656,24.719999313354492,23.753067016601562,3299600,0.0,0.0
2023-06-05,24.56999969482422,24.989999771118164,24.559999465942383,24.899999618530273,23.926029205322266,2585700,0.0,0.0
2023-06-06,24.899999618530273,24.989999771118164,24.665000915527344,24.729999542236328,23.762678146362305,2493800,0.0,0.0
2023-06-07,24.780000686645508,25.229999542236328,24.645000457763672,25.15999984741211,24.17585563659668,3010500,0.0,0.0
2023-06-08,25.15999984741211,25.18000030517578,24.68000030517578,24.81999969482422,23.84915542602539,2612500,0.0,0.0
2023-06-09,24.969999313354492,25.059999465942383,24.770000457763672,24.81999969482422,23.84915542602539,1514200,0.0,0.0
2023-06-12,24.809999465942383,24.979999542236328,24.59600067138672,24.700000762939453,23.733850479125977,1771300,0.0,0.0
2023-06-13,24.700000762939453,25.014999389648438,24.600000381469727,24.899999618530273,23.926029205322266,3407900,0.0,0.0
2023-06-14,24.920000076293945,25.1299991607666,24.743000030517578,24.809999465942383,23.83954429626465,5449200,0.0,0.0
2023-06-15,24.84000015258789,25.399999618530273,24.809999465942383,25.329999923706055,24.339204788208008,5900600,0.0,0.0
2023-06-16,25.40999984741211,25.459999084472656,24.989999771118164,25.059999465942383,24.079769134521484,6532000,0.0,0.0
2023-06-20,24.950000762939453,25.155000686645508,24.719999313354492,24.969999313354492,24.190204620361328,4547900,0.204,0.0
2023-06-21,24.8700008392334,25.2450008392334,24.700000762939453,25.149999618530273,24.36458396911621,3948400,0.0,0.0
2023-06-22,25.260000228881836,25.315000534057617,24.93000030517578,25.299999237060547,24.509902954101562,2493100,0.0,0.0
2023-06-23,25.329999923706055,25.530000686645508,24.90999984741211,25.100000381469727,24.31614875793457,7426300,0.0,0.0
2023-06-26,25.479999542236328,26.075000762939453,25.440000534057617,25.600000381469727,24.800533294677734,5450900,0.0,0.0
2023-06-27,25.690000534057617,26.139999389648438,25.559999465942383,25.790000915527344,24.984600067138672,4740600,0.0,0.0
2023-06-28,25.770000457763672,25.815000534057617,25.559999465942383,25.729999542236328,24.926471710205078,1866700,0.0,0.0
2023-06-29,25.729999542236328,26.1299991607666,25.639999389648438,26.040000915527344,25.226791381835938,1686900,0.0,0.0
2023-06-30,26.100000381469727,26.395000457763672,25.96500015258789,26.25,25.43023681640625,2301700,0.0,0.0
2023-07-03,26.15999984741211,26.43000030517578,26.09000015258789,26.09000015258789,25.275230407714844,1222300,0.0,0.0
2023-07-05,25.90999984741211,26.94499969482422,25.8799991607666,26.84000015258789,26.001806259155273,3070100,0.0,0.0
2023-07-06,26.600000381469727,26.950000762939453,26.524999618530273,26.950000762939453,26.108373641967773,3374500,0.0,0.0
2023-07-07,26.729999542236328,27.06999969482422,26.639999389648438,26.700000762939453,25.866178512573242,2043700,0.0,0.0
2023-07-10,26.700000762939453,26.809999465942383,26.34000015258789,26.459999084472656,25.633676528930664,1651600,0.0,0.0
2023-07-11,26.440000534057617,26.520000457763672,26.260000228881836,26.520000457763672,25.69180679321289,1917500,0.0,0.0
2023-07-12,26.6200008392334,26.93000030517578,26.56999969482422,26.760000228881836,25.9243106842041,1991100,0.0,0.0
2023-07-13,26.56999969482422,26.799999237060547,26.549999237060547,26.709999084472656,25.875871658325195,1712200,0.0,0.0
2023-07-14,26.68000030517578,26.68000030517578,26.299999237060547,26.34000015258789,25.51742172241211,1288700,0.0,0.0
2023-07-17,26.200000762939453,26.31999969482422,26.05500030517578,26.1299991607666,25.313982009887695,2146700,0.0,0.0
2023-07-18,26.18000030517578,26.780000686645508,26.165000915527344,26.780000686645508,25.94368553161621,2468300,0.0,0.0
2023-07-19,26.81999969482422,27.40999984741211,26.739999771118164,27.329999923706055,26.476505279541016,3692300,0.0,0.0
2023-07-20,27.309999465942383,27.510000228881836,27.209999084472656,27.3700008392334,26.515260696411133,1512600,0.0,0.0
2023-07-21,27.549999237060547,28.520000457763672,27.3700008392334,28.360000610351562,27.474342346191406,4584000,0.0,0.0
2023-07-24,28.360000610351562,28.479999542236328,28.110000610351562,28.299999237060547,27.41621208190918,1939700,0.0,0.0
2023-07-25,28.43000030517578,28.530000686645508,28.075000762939453,28.100000381469727,27.22245979309082,2748800,0.0,0.0
2023-07-26,28.200000762939453,28.545000076293945,28.079999923706055,28.40999984741211,27.52277946472168,2838700,0.0,0.0
2023-07-27,28.3700008392334,28.510000228881836,28.06999969482422,28.100000381469727,27.22245979309082,2048800,0.0,0.0
2023-07-28,28.18000030517578,28.350000381469727,27.579999923706055,27.719999313354492,26.854328155517578,1875000,0.0,0.0
2023-07-31,28.0,28.55500030517578,27.844999313354492,28.059999465942383,27.1837100982666,2792900,0.0,0.0
2023-08-01,27.969999313354492,28.3700008392334,27.75,27.889999389648438,27.019018173217773,2377800,0.0,0.0
2023-08-02,27.649999618530273,28.06999969482422,27.54199981689453,27.989999771118164,27.11589813232422,1935100,0.0,0.0
2023-08-03,27.969999313354492,28.309999465942383,27.700000762939453,27.940000534057617,27.067461013793945,4245100,0.0,0.0
2023-08-04,28.010000228881836,28.850000381469727,27.899999618530273,28.540000915527344,27.64872169494629,4728100,0.0,0.0
2023-08-07,28.670000076293945,29.0,28.59000015258789,28.700000762939453,27.80372428894043,3243200,0.0,0.0
2023-08-08,28.559999465942383,28.8799991607666,28.389999389648438,28.81999969482422,27.919973373413086,4245500,0.0,0.0
2023-08-09,29.540000915527344,30.770000457763672,29.190000534057617,30.309999465942383,29.363441467285156,7461000,0.0,0.0
2023-08-10,30.440000534057617,30.985000610351562,30.440000534057617,30.690000534057617,29.731578826904297,5922500,0.0,0.0
2023-08-11,30.6200008392334,30.850000381469727,30.06999969482422,30.139999389648438,29.198755264282227,4828700,0.0,0.0
2023-08-14,30.040000915527344,30.34000015258789,29.920000076293945,30.31999969482422,29.373130798339844,4458700,0.0,0.0
2023-08-15,30.030000686645508,30.31999969482422,29.985000610351562,30.239999771118164,29.295629501342773,3258400,0.0,0.0
2023-08-16,30.280000686645508,30.43000030517578,30.014999389648438,30.06999969482422,29.130937576293945,3004500,0.0,0.0
2023-08-17,30.0,30.44499969482422,29.469999313354492,29.709999084472656,28.782180786132812,3470700,0.0,0.0
2023-08-18,29.600000381469727,30.09000015258789,29.56999969482422,29.860000610351562,28.9274959564209,3267500,0.0,0.0
2023-08-21,29.950000762939453,30.020000457763672,29.739999771118164,30.0,29.063125610351562,3002900,0.0,0.0
2023-08-22,29.899999618530273,29.90999984741211,29.479999542236328,29.65999984741211,28.733741760253906,3676900,0.0,0.0
2023-08-23,29.90999984741211,30.34000015258789,29.8700008392334,30.329999923706055,29.3828182220459,5043400,0.0,0.0
2023-08-24,30.43000030517578,30.469999313354492,29.889999389648438,30.010000228881836,29.072811126708984,3957900,0.0,0.0
2023-08-25,30.1200008392334,30.3700008392334,30.030000686645508,30.1200008392334,29.17937660217285,2932600,0.0,0.0
2023-08-28,30.1299991607666,30.280000686645508,29.84000015258789,29.969999313354492,29.034061431884766,2761600,0.0,0.0
2023-08-29,30.06999969482422,30.454999923706055,29.9950008392334,30.420000076293945,29.470008850097656,4530600,0.0,0.0
2023-08-30,30.389999389648438,31.350000381469727,30.360000610351562,31.329999923706055,30.351591110229492,4426500,0.0,0.0
2023-08-31,31.3700008392334,31.68000030517578,31.315000534057617,31.420000076293945,30.43878173828125,5297400,0.0,0.0
2023-09-01,31.610000610351562,31.989999771118164,31.59000015258789,31.790000915527344,30.797224044799805,3880300,0.0,0.0
2023-09-05,32.599998474121094,33.04999923706055,31.975000381469727,32.5,31.48505210876465,9795600,0.0,0.0
2023-09-06,32.2400016784668,33.14500045776367,32.2400016784668,32.810001373291016,31.785369873046875,6026800,0.0,0.0
2023-09-07,33.02000045776367,33.59000015258789,32.65999984741211,33.369998931884766,32.327884674072266,6964700,0.0,0.0
2023-09-08,33.33000183105469,34.165000915527344,33.33000183105469,34.060001373291016,32.996341705322266,7431600,0.0,0.0
2023-09-11,34.06999969482422,34.28499984741211,33.66999816894531,33.689998626708984,32.63788986206055,5262900,0.0,0.0
2023-09-12,33.810001373291016,34.189998626708984,33.58000183105469,33.70000076293945,32.647579193115234,6221300,0.0,0.0
2023-09-13,33.29999923706055,33.72999954223633,32.94499969482422,33.18000030517578,32.1438102722168,6629500,0.0,0.0
2023-09-14,33.459999084472656,33.540000915527344,32.935001373291016,33.040000915527344,32.0081901550293,6554100,0.0,0.0
2023-09-15,33.13999938964844,33.22999954223633,32.790000915527344,32.90999984741211,31.882246017456055,53404100,0.0,0.0
2023-09-18,32.88999938964844,33.599998474121094,32.88999938964844,33.4900016784668,32.44413375854492,6597400,0.0,0.0
2023-09-19,33.459999084472656,33.779998779296875,33.119998931884766,33.150001525878906,32.313514709472656,4450500,0.206,0.0
2023-09-20,33.279998779296875,33.349998474121094,32.2599983215332,32.34000015258789,31.523956298828125,4081900,0.0,0.0
2023-09-21,32.7400016784668,33.665000915527344,32.7400016784668,33.45000076293945,32.60594940185547,5137900,0.0,0.0
2023-09-22,33.29999923706055,33.53499984741211,33.119998931884766,33.220001220703125,32.38174819946289,3962300,0.0,0.0
2023-09-25,33.040000915527344,33.84000015258789,33.025001525878906,33.65999984741211,32.810646057128906,3411700,0.0,0.0
2023-09-26,33.59000015258789,33.70000076293945,32.90999984741211,32.9900016784668,32.157562255859375,4370800,0.0,0.0
2023-09-27,33.0,33.564998626708984,32.86000061035156,33.31999969482422,32.47922897338867,5572400,0.0,0.0
2023-09-28,33.40999984741211,33.939998626708984,33.22999954223633,33.43000030517578,32.586448669433594,4491800,0.0,0.0
2023-09-29,33.72999954223633,33.84000015258789,32.83000183105469,33.18000030517578,32.34275436401367,4839700,0.0,0.0
2023-10-02,33.380001068115234,33.7400016784668,31.950000762939453,32.529998779296875,31.70915985107422,4982200,0.0,0.0
2023-10-03,32.34000015258789,32.685001373291016,31.3700008392334,32.0,31.192533493041992,6436500,0.0,0.0
2023-10-04,32.189998626708984,32.310001373291016,31.15999984741211,31.389999389648438,30.59792709350586,6521100,0.0,0.0
2023-10-05,31.389999389648438,32.05500030517578,31.34000015258789,31.829999923706055,31.02682113647461,4402300,0.0,0.0
2023-10-06,31.729999542236328,31.920000076293945,31.21500015258789,31.540000915527344,30.744142532348633,4792100,0.0,0.0
2023-10-09,31.56999969482422,32.10499954223633,31.56999969482422,31.850000381469727,31.04631996154785,3306800,0.0,0.0
2023-10-10,31.920000076293945,32.19499969482422,31.844999313354492,32.099998474121094,31.290010452270508,5909500,0.0,0.0
2023-10-11,32.099998474121094,32.810001373291016,31.950000762939453,32.77000045776367,31.94310760498047,6961700,0.0,0.0
2023-10-12,32.790000915527344,33.02000045776367,31.40999984741211,31.799999237060547,30.997581481933594,3725700,0.0,0.0
2023-10-13,31.93000030517578,32.099998474121094,31.399999618530273,31.639999389648438,30.841615676879883,2954600,0.0,0.0
2023-10-16,31.979999542236328,32.459999084472656,31.84000015258789,32.290000915527344,31.475221633911133,3368500,0.0,0.0
2023-10-17,31.969999313354492,32.79499816894531,31.969999313354492,32.56999969482422,31.748151779174805,3255600,0.0,0.0
2023-10-18,32.47999954223633,32.654998779296875,32.2599983215332,32.41999816894531,31.601940155029297,3175400,0.0,0.0
2023-10-19,32.290000915527344,32.84000015258789,32.095001220703125,32.11000061035156,31.299760818481445,3717400,0.0,0.0
2023-10-20,32.189998626708984,32.38999938964844,31.739999771118164,31.93000030517578,31.12430191040039,3267500,0.0,0.0
2023-10-23,31.68000030517578,32.1349983215332,31.43000030517578,31.889999389648438,31.085311889648438,2998100,0.0,0.0
2023-10-24,32.2400016784668,32.834999084472656,32.2400016784668,32.70000076293945,31.874876022338867,2668400,0.0,0.0
2023-10-25,32.88999938964844,33.040000915527344,32.529998779296875,32.779998779296875,31.952848434448242,2652500,0.0,0.0
2023-10-26,33.15999984741211,33.439998626708984,32.66999816894531,32.900001525878906,32.06983184814453,2926000,0.0,0.0
2023-10-27,32.68000030517578,32.77000045776367,31.920000076293945,32.02000045776367,31.2120304107666,3259100,0.0,0.0
2023-10-30,32.16999816894531,32.689998626708984,32.16999816894531,32.58000183105469,31.75790023803711,2499500,0.0,0.0
2023-10-31,32.7599983215332,32.82500076293945,32.34000015258789,32.720001220703125,31.894365310668945,2819600,0.0,0.0
2023-11-01,32.880001068115234,34.10499954223633,32.66999816894531,33.93000030517578,33.07383346557617,3786500,0.0,0.0
2023-11-02,34.0,35.040000915527344,33.91999816894531,34.65999984741211,33.78541564941406,3556500,0.0,0.0
2023-11-03,34.86000061035156,35.30500030517578,34.75,34.9900016784668,34.10709762573242,3980900,0.0,0.0
2023-11-06,35.150001525878906,35.52000045776367,34.869998931884766,35.33000183105469,34.43851089477539,5641400,0.0,0.0
2023-11-07,35.349998474121094,36.5,33.84000015258789,34.75,33.873146057128906,6032500,0.0,0.0
2023-11-08,35.09000015258789,35.540000915527344,34.595001220703125,34.66999816894531,33.795169830322266,4593400,0.0,0.0
2023-11-09,34.65999984741211,35.040000915527344,34.52000045776367,34.560001373291016,33.687931060791016,2870800,0.0,0.0
2023-11-10,34.86000061035156,35.11000061035156,34.41999816894531,34.47999954223633,33.609954833984375,2719000,0.0,0.0
2023-11-13,34.47999954223633,34.63999938964844,34.23500061035156,34.400001525878906,33.5319709777832,2692200,0.0,0.0
2023-11-14,34.900001525878906,35.29999923706055,34.85499954223633,35.220001220703125,34.3312873840332,4171400,0.0,0.0
2023-11-15,35.06999969482422,35.29999923706055,34.650001525878906,34.70000076293945,33.824405670166016,4098700,0.0,0.0
2023-11-16,35.0,35.310001373291016,34.30500030517578,34.7400016784668,33.86339569091797,4827800,0.0,0.0
2023-11-17,34.650001525878906,34.970001220703125,34.63999938964844,34.86000061035156,33.98036575317383,2903000,0.0,0.0
2023-11-20,34.86000061035156,35.06999969482422,34.65999984741211,34.689998626708984,33.81464767456055,3877700,0.0,0.0
2023-11-21,34.70000076293945,34.93000030517578,34.474998474121094,34.4900016784668,33.61970520019531,5000200,0.0,0.0
2023-11-22,34.54999923706055,34.81999969482422,34.25,34.810001373291016,33.93163299560547,2980400,0.0,0.0
2023-11-24,34.630001068115234,35.029998779296875,34.61000061035156,34.86000061035156,33.98036575317383,1190500,0.0,0.0
2023-11-27,34.88999938964844,35.689998626708984,34.70000076293945,35.63999938964844,34.74068832397461,3560600,0.0,0.0
2023-11-28,35.540000915527344,35.63999938964844,35.150001525878906,35.220001220703125,34.3312873840332,2591000,0.0,0.0
2023-11-29,35.5099983215332,35.84000015258789,34.880001068115234,34.91999816894531,34.038848876953125,4312900,0.0,0.0
2023-11-30,34.959999084472656,35.53499984741211,34.88999938964844,35.40999984741211,34.51648712158203,6258000,0.0,0.0
2023-12-01,35.40999984741211,36.279998779296875,35.40999984741211,36.279998779296875,35.364532470703125,4204200,0.0,0.0
2023-12-04,36.040000915527344,37.15999984741211,35.9900016784668,37.119998931884766,36.1833381652832,5748300,0.0,0.0
2023-12-05,37.130001068115234,37.40999984741211,36.720001220703125,37.369998931884766,36.427032470703125,4136000,0.0,0.0
2023-12-06,37.40999984741211,37.720001220703125,36.21500015258789,36.279998779296875,35.364532470703125,4382000,0.0,0.0
2023-12-07,36.25,37.20000076293945,36.16999816894531,37.16999816894531,36.23207473754883,3413400,0.0,0.0
2023-12-08,37.099998474121094,37.19599914550781,36.44499969482422,36.959999084472656,36.027374267578125,3606000,0.0,0.0
2023-12-11,37.0,37.060001373291016,36.474998474121094,36.880001068115234,35.949398040771484,3211600,0.0,0.0
2023-12-12,36.86000061035156,37.599998474121094,36.810001373291016,37.33000183105469,36.3880500793457,4330700,0.0,0.0
2023-12-13,37.38999938964844,38.185001373291016,37.310001373291016,38.119998931884766,37.158111572265625,4128100,0.0,0.0
2023-12-14,38.31999969482422,38.34000015258789,37.38999938964844,37.4900016784668,36.54400634765625,3702700,0.0,0.0
2023-12-15,37.5,37.90999984741211,37.38999938964844,37.68000030517578,36.729209899902344,14998800,0.0,0.0
2023-12-18,37.68000030517578,38.060001373291016,37.459999084472656,37.7599983215332,36.80719757080078,4450600,0.0,0.0
2023-12-19,37.709999084472656,37.97999954223633,37.380001068115234,37.720001220703125,36.976783752441406,3445300,0.213,0.0
2023-12-20,37.529998779296875,38.11000061035156,37.47999954223633,37.61000061035156,36.86894989013672,3122900,0.0,0.0
2023-12-21,37.77000045776367,37.9900016784668,37.57500076293945,37.790000915527344,37.04540252685547,2076800,0.0,0.0
2023-12-22,37.900001525878906,38.15999984741211,37.790000915527344,38.02000045776367,37.27086639404297,1609900,0.0,0.0
2023-12-26,37.959999084472656,38.415000915527344,37.880001068115234,38.20000076293945,37.447322845458984,1454200,0.0,0.0
2023-12-27,38.150001525878906,38.595001220703125,38.099998474121094,38.380001068115234,37.623779296875,1984300,0.0,0.0
2023-12-28,38.220001220703125,38.84000015258789,38.220001220703125,38.81999969482422,38.05509948730469,2040400,0.0,0.0
2023-12-29,38.7599983215332,38.900001525878906,38.34000015258789,38.52000045776367,37.76102066040039,2312400,0.0,0.0
2024-01-02,38.290000915527344,38.599998474121094,37.810001373291016,38.06999969482422,37.319881439208984,2722300,0.0,0.0
2024-01-03,38.029998779296875,38.33000183105469,37.77000045776367,38.18000030517578,37.42771911621094,2941800,0.0,0.0
2024-01-04,38.31999969482422,38.7400016784668,38.20000076293945,38.400001525878906,37.64338302612305,3312200,0.0,0.0
2024-01-05,38.59000015258789,39.03499984741211,38.43000030517578,38.59000015258789,37.82963943481445,2625500,0.0,0.0
2024-01-08,38.65999984741211,39.189998626708984,38.5,39.13999938964844,38.36880111694336,3977600,0.0,0.0
2024-01-09,39.0,39.76499938964844,38.41999816894531,39.59000015258789,38.8099365234375,3582200,0.0,0.0
2024-01-10,39.68000030517578,39.68000030517578,38.3849983215332,38.459999084472656,37.702205657958984,2686600,0.0,0.0
2024-01-11,38.459999084472656,39.09000015258789,38.08000183105469,38.869998931884766,38.104122161865234,3466500,0.0,0.0
2024-01-12,39.130001068115234,39.3849983215332,39.08000183105469,39.220001220703125,38.44722366333008,1978100,0.0,0.0
2024-01-16,38.95000076293945,39.709999084472656,38.95000076293945,39.31999969482422,38.545257568359375,2887800,0.0,0.0
2024-01-17,39.13999938964844,39.994998931884766,39.08000183105469,39.720001220703125,38.9373779296875,2752000,0.0,0.0
2024-01-18,39.66999816894531,39.96500015258789,39.08300018310547,39.40999984741211,38.63348388671875,3238000,0.0,0.0
2024-01-19,39.560001373291016,40.16999816894531,39.459999084472656,40.16999816894531,39.37850570678711,2639900,0.0,0.0
2024-01-22,40.25,40.4900016784668,39.935001373291016,39.970001220703125,39.18244552612305,2799000,0.0,0.0
2024-01-23,40.060001373291016,40.30500030517578,39.52000045776367,39.849998474121094,39.06480407714844,2988200,0.0,0.0
2024-01-24,40.130001068115234,40.15999984741211,39.1349983215332,39.22999954223633,38.45703125,1918400,0.0,0.0
2024-01-25,39.7400016784668,40.54999923706055,39.689998626708984,40.43000030517578,39.63338851928711,2193500,0.0,0.0
2024-01-26,40.48500061035156,40.86000061035156,40.310001373291016,40.779998779296875,39.97648620605469,1739500,0.0,0.0
2024-01-29,40.790000915527344,40.79999923706055,40.540000915527344,40.560001373291016,39.760826110839844,1941300,0.0,0.0
2024-01-30,40.720001220703125,41.2599983215332,40.56999969482422,41.22999954223633,40.41761779785156,2420300,0.0,0.0
2024-01-31,41.349998474121094,41.65999984741211,40.775001525878906,41.029998779296875,40.22156524658203,2626500,0.0,0.0
2024-02-01,41.029998779296875,43.415000915527344,41.02000045776367,43.2599983215332,42.40761947631836,5523800,0.0,0.0
2024-02-02,43.099998474121094,44.959999084472656,42.720001220703125,44.54999923706055,43.67220687866211,6605400,0.0,0.0
2024-02-05,44.040000915527344,44.150001525878906,42.90999984741211,43.349998474121094,42.495845794677734,4184700,0.0,0.0
2024-02-06,43.29999923706055,43.875,42.939998626708984,43.2599983215332,42.40761947631836,5362400,0.0,0.0
2024-02-07,43.43000030517578,44.04999923706055,43.290000915527344,43.7599983215332,42.89777374267578,2696200,0.0,0.0
2024-02-08,43.599998474121094,43.82500076293945,42.61000061035156,42.900001525878906,42.05472183227539,3702000,0.0,0.0
2024-02-09,42.81999969482422,43.494998931884766,42.790000915527344,43.22999954223633,42.37821960449219,2610700,0.0,0.0
2024-02-12,43.209999084472656,43.470001220703125,42.224998474121094,42.810001373291016,41.966487884521484,4260900,0.0,0.0
2024-02-13,42.560001373291016,44.220001220703125,42.34000015258789,44.20000076293945,43.3291015625,4587900,0.0,0.0
2024-02-14,44.529998779296875,45.0,43.9900016784668,44.27000045776367,43.39772033691406,3128600,0.0,0.0
2024-02-15,44.369998931884766,45.45000076293945,44.25,45.38999938964844,44.49565124511719,3776000,0.0,0.0
2024-02-16,45.189998626708984,46.310001373291016,45.189998626708984,45.58000183105469,44.68191146850586,4619600,0.0,0.0
2024-02-20,45.65999984741211,46.90999984741211,45.52000045776367,46.150001525878906,45.24067687988281,4732900,0.0,0.0
2024-02-21,46.18000030517578,47.349998474121094,45.79999923706055,46.18000030517578,45.27009201049805,4256800,0.0,0.0
2024-02-22,46.18000030517578,48.09000015258789,46.18000030517578,47.619998931884766,46.68171691894531,6149400,0.0,0.0
2024-02-23,47.77000045776367,48.77000045776367,47.59000015258789,48.619998931884766,47.66200637817383,5202200,0.0,0.0
2024-02-26,48.97999954223633,49.54999923706055,48.529998779296875,48.75,47.789451599121094,4644300,0.0,0.0
2024-02-27,48.630001068115234,51.18000030517578,48.220001220703125,50.97999954223633,49.97551727294922,8679600,0.0,0.0
2024-02-28,50.099998474121094,53.099998474121094,49.7400016784668,53.02000045776367,51.97531509399414,8231400,0.0,0.0
2024-02-29,53.18000030517578,55.97999954223633,53.02000045776367,54.540000915527344,53.465362548828125,10144700,0.0,0.0
2024-03-01,54.400001525878906,54.689998626708984,53.41999816894531,54.5,53.4261589050293,7128400,0.0,0.0
2024-03-04,55.279998779296875,57.75,55.279998779296875,56.9900016784668,55.867095947265625,7083500,0.0,0.0
2024-03-05,56.91999816894531,59.75,56.91999816894531,58.88999938964844,57.72964859008789,8054100,0.0,0.0
2024-03-06,59.27000045776367,61.36000061035156,59.27000045776367,60.900001525878906,59.70005416870117,8495100,0.0,0.0
2024-03-07,61.209999084472656,61.810001373291016,60.58000183105469,61.68000030517578,60.46467971801758,5436300,0.0,0.0
2024-03-08,61.709999084472656,62.119998931884766,57.650001525878906,60.4900016784668,59.29813003540039,8957500,0.0,0.0
2024-03-11,60.2400016784668,60.5,57.5,58.04999923706055,56.90620803833008,8162400,0.0,0.0
2024-03-12,58.5099983215332,60.220001220703125,58.0,60.20000076293945,59.01383972167969,5732900,0.0,0.0
2024-03-13,60.630001068115234,61.70000076293945,59.93000030517578,61.15999984741211,59.954925537109375,5365800,0.0,0.0
2024-03-14,61.41999816894531,63.220001220703125,61.38999938964844,63.11000061035156,61.86650848388672,6297700,0.0,0.0
2024-03-15,62.880001068115234,63.16999816894531,60.733001708984375,61.560001373291016,60.347042083740234,8450700,0.0,0.0
2024-03-18,61.95000076293945,63.029998779296875,60.86000061035156,62.47999954223633,61.248924255371094,5771900,0.0,0.0
2024-03-19,62.5,64.73999786376953,62.12099838256836,63.68000030517578,62.64082717895508,5980100,0.215,0.0
2024-03-20,64.0,66.87999725341797,63.939998626708984,66.75,65.66073608398438,7788500,0.0,0.0
2024-03-21,67.8499984741211,69.25499725341797,67.36499786376953,68.37000274658203,67.25430297851562,6271500,0.0,0.0
2024-03-22,68.48999786376953,69.2699966430664,66.44000244140625,69.08999633789062,67.96255493164062,5790500,0.0,0.0
2024-03-25,69.5,72.37000274658203,68.22000122070312,71.19999694824219,70.0381088256836,8282300,0.0,0.0
2024-03-26,71.19000244140625,73.05000305175781,67.83499908447266,67.88999938964844,66.7821273803711,7808400,0.0,0.0
2024-03-27,69.0,69.37999725341797,67.41500091552734,68.30000305175781,67.18543243408203,5728400,0.0,0.0
2024-03-28,68.16999816894531,69.83499908447266,67.79000091552734,69.6500015258789,68.51342010498047,3826400,0.0,0.0
2024-04-01,70.0,73.06999969482422,69.45999908447266,71.52999877929688,70.36273193359375,5401100,0.0,0.0
2024-04-02,69.75,71.27999877929688,69.20999908447266,71.1500015258789,69.9889144897461,5143400,0.0,0.0
2024-04-03,71.25,74.31999969482422,71.05000305175781,73.76000213623047,72.55634307861328,7145100,0.0,0.0
2024-04-04,74.55999755859375,75.88999938964844,70.37000274658203,70.54000091552734,69.3888931274414,5664400,0.0,0.0
2024-04-05,70.44999694824219,75.63999938964844,69.91000366210938,75.33000183105469,74.1007308959961,6099700,0.0,0.0
2024-04-08,74.95999908447266,75.30999755859375,71.91000366210938,74.41999816894531,73.20555877685547,5816600,0.0,0.0
2024-04-09,74.9000015258789,75.5999984741211,68.5,69.52999877929688,68.3953628540039,8450300,0.0,0.0
2024-04-10,68.58000183105469,71.30000305175781,67.5999984741211,70.76000213623047,69.60529327392578,6583900,0.0,0.0
2024-04-11,71.0199966430664,72.1449966430664,70.13999938964844,72.0,70.82505798339844,4234800,0.0,0.0
2024-04-12,71.7699966430664,72.37000274658203,68.86000061035156,69.73999786376953,68.60194396972656,4264900,0.0,0.0
2024-04-15,70.83000183105469,72.4800033569336,68.19999694824219,68.22000122070312,67.10673522949219,4413100,0.0,0.0
2024-04-16,68.37000274658203,68.5999984741211,65.68000030517578,67.5999984741211,66.4968490600586,6553600,0.0,0.0
2024-04-17,68.62000274658203,69.49500274658203,67.26000213623047,68.6500015258789,67.52973175048828,4546400,0.0,0.0
2024-04-18,68.98999786376953,69.29000091552734,64.91000366210938,65.87999725341797,64.80492401123047,7846100,0.0,0.0
2024-04-19,65.5999984741211,67.18000030517578,64.26000213623047,65.66000366210938,64.58851623535156,7598100,0.0,0.0
2024-04-22,66.12999725341797,68.00499725341797,65.31999969482422,66.72000122070312,65.6312255859375,4505800,0.0,0.0
2024-04-23,67.37999725341797,69.1500015258789,66.5999984741211,68.44999694824219,67.3329849243164,4165500,0.0,0.0
2024-04-24,70.0,71.48999786376953,68.875,70.45999908447266,69.31019592285156,5167600,0.0,0.0
2024-04-25,67.66999816894531,73.05000305175781,66.66799926757812,72.4800033569336,71.29722595214844,4980000,0.0,0.0
2024-04-26,72.66999816894531,73.55000305175781,71.54000091552734,72.69999694824219,71.51363372802734,3583100,0.0,0.0
2024-04-29,73.30999755859375,78.0,72.9800033569336,77.95999908447266,76.68779754638672,5158500,0.0,0.0
2024-04-30,77.83000183105469,78.73200225830078,75.80999755859375,75.83999633789062,74.60237884521484,6002100,0.0,0.0
2024-05-01,75.66999816894531,79.08999633789062,74.69999694824219,76.86000061035156,75.60574340820312,6170100,0.0,0.0
2024-05-02,77.44999694824219,80.80999755859375,76.11000061035156,79.87000274658203,78.56663513183594,6810200,0.0,0.0
2024-05-03,80.5999984741211,83.02999877929688,80.0719985961914,81.48999786376953,80.16019439697266,5588500,0.0,0.0
2024-05-06,82.30999755859375,83.61000061035156,80.0999984741211,83.23999786376953,81.88163757324219,8043400,0.0,0.0
2024-05-07,82.87999725341797,84.83000183105469,81.18000030517578,81.73999786376953,80.4061050415039,86269000,0.0,0.0
2024-05-08,81.77999877929688,91.04000091552734,81.73999786376953,89.19999694824219,87.74437713623047,15076500,0.0,0.0
2024-05-09,89.55999755859375,94.18000030517578,89.55999755859375,93.16999816894531,91.64959716796875,11060000,0.0,0.0
2024-05-10,94.73999786376953,96.06999969482422,92.01000213623047,93.41999816894531,91.89551544189453,7428000,0.0,0.0
2024-05-13,94.52999877929688,95.75,90.05000305175781,90.16999816894531,88.69855499267578,7957300,0.0,0.0
2024-05-14,89.0199966430664,91.56999969482422,87.9209976196289,91.47000122070312,89.97732543945312,5848500,0.0,0.0
2024-05-15,93.5,97.61000061035156,92.77200317382812,96.91000366210938,95.32856750488281,7198700,0.0,0.0
2024-05-16,97.0,97.9000015258789,93.02999877929688,93.13999938964844,91.62007141113281,5988000,0.0,0.0
2024-05-17,94.04000091552734,96.58000183105469,93.30000305175781,94.08000183105469,92.54474639892578,6084200,0.0,0.0
2024-05-20,94.94999694824219,96.69000244140625,90.8499984741211,91.51000213623047,90.01669311523438,5603000,0.0,0.0
2024-05-21,91.7699966430664,94.44000244140625,91.5,94.23999786376953,92.70211791992188,5926800,0.0,0.0
2024-05-22,94.06999969482422,94.68000030517578,92.44000244140625,94.2699966430664,92.73164367675781,6531900,0.0,0.0
2024-05-23,96.0,98.11000061035156,92.66999816894531,96.12999725341797,94.56128692626953,8472600,0.0,0.0
2024-05-24,96.05999755859375,104.12000274658203,94.16000366210938,102.0999984741211,100.4338607788086,8333800,0.0,0.0
2024-05-28,105.2699966430664,107.23999786376953,101.37000274658203,106.19999694824219,104.4669418334961,8089500,0.0,0.0
2024-05-29,104.9000015258789,106.69999694824219,102.41000366210938,103.62000274658203,101.92906188964844,6491700,0.0,0.0
2024-05-30,104.0,105.4800033569336,102.55000305175781,105.37000274658203,103.6505126953125,4772700,0.0,0.0
2024-05-31,105.94000244140625,106.38999938964844,95.41000366210938,99.08000183105469,97.46315002441406,15074400,0.0,0.0
2024-06-03,99.87000274658203,99.87000274658203,91.5,93.25,91.72828674316406,11391400,0.0,0.0
2024-06-04,92.75,93.25,86.62899780273438,89.55000305175781,88.08865356445312,11177800,0.0,0.0
2024-06-05,90.06999969482422,92.94000244140625,89.5999984741211,92.0,90.4986801147461,6167800,0.0,0.0
2024-06-06,91.20999908447266,93.87999725341797,83.01000213623047,86.26000213623047,84.85237121582031,13449000,0.0,0.0
2024-06-07,85.44999694824219,90.0,83.89399719238281,85.06999969482422,83.68175506591797,8785000,0.0,0.0
2024-06-10,84.55000305175781,90.9000015258789,84.54000091552734,88.22000122070312,86.7803726196289,8739100,0.0,0.0
2024-06-11,87.80999755859375,92.33999633789062,87.55999755859375,91.22000122070312,89.73141479492188,7243300,0.0,0.0
2024-06-12,92.87999725341797,94.5,89.0,90.55999755859375,89.08219146728516,8781400,0.0,0.0
2024-06-13,90.58000183105469,90.68000030517578,84.51699829101562,88.4000015258789,86.95743560791016,8288200,0.0,0.0
2024-06-14,87.9000015258789,88.125,85.58000183105469,87.58999633789062,86.16065216064453,3728400,0.0,0.0
2024-06-17,87.58999633789062,87.91000366210938,82.33000183105469,84.04000091552734,82.66858673095703,7445600,0.0,0.0
2024-06-18,83.91000366210938,87.66999816894531,83.4000015258789,87.58000183105469,86.37487030029297,8668100,0.218,0.0
2024-06-20,88.27999877929688,89.94999694824219,86.69999694824219,88.19000244140625,86.97647857666016,6583100,0.0,0.0
2024-06-21,87.72000122070312,88.66999816894531,84.62000274658203,86.86000061035156,85.6647720336914,18311200,0.0,0.0
2024-06-24,86.2300033569336,89.6500015258789,85.80000305175781,88.2300033569336,87.01592254638672,8497100,0.0,0.0
2024-06-25,87.87999725341797,91.36000061035156,87.0999984741211,89.41000366210938,88.17969512939453,5918900,0.0,0.0
2024-06-26,88.75,90.83499908447266,85.30000305175781,85.91000366210938,84.72784423828125,4998100,0.0,0.0
2024-06-27,85.0,87.54000091552734,83.66000366210938,87.22000122070312,86.01982116699219,6696700,0.0,0.0
2024-06-28,87.0,88.2699966430664,83.33999633789062,85.9800033569336,84.79690551757812,17908900,0.0,0.0
2024-07-01,88.73999786376953,91.83000183105469,86.30000305175781,87.33999633789062,86.1381607055664,6732300,0.0,0.0
2024-07-02,86.97000122070312,90.44000244140625,86.80999755859375,87.69999694824219,86.49322509765625,3981300,0.0,0.0
2024-07-03,87.9000015258789,92.4800033569336,87.69999694824219,91.72000122070312,90.45789337158203,3371700,0.0,0.0
2024-07-05,92.0999984741211,93.47000122070312,88.5999984741211,89.36000061035156,88.13037109375,4526600,0.0,0.0
2024-07-08,89.94999694824219,92.88999938964844,89.41999816894531,92.87999725341797,91.60193634033203,4437900,0.0,0.0
2024-07-09,91.94999694824219,96.0,90.73999786376953,91.4000015258789,90.1423110961914,5747100,0.0,0.0
2024-07-10,91.55000305175781,92.95999908447266,86.80000305175781,92.30999755859375,91.03978729248047,5020800,0.0,0.0
2024-07-11,92.61000061035156,93.05999755859375,90.3239974975586,91.61000061035156,90.34941864013672,5859400,0.0,0.0
2024-07-12,91.18000030517578,92.29000091552734,88.5999984741211,91.33000183105469,90.0732650756836,5239500,0.0,0.0
2024-07-15,90.37000274658203,90.45999908447266,85.30999755859375,86.19000244140625,85.00397491455078,6019000,0.0,0.0
2024-07-16,86.27999877929688,87.34500122070312,84.55999755859375,85.87000274658203,84.68840026855469,4974900,0.0,0.0
2024-07-17,82.76000213623047,83.05999755859375,76.06999969482422,76.19999694824219,75.15145111083984,14373500,0.0,0.0
2024-07-18,77.4800033569336,78.1500015258789,73.75,76.55000305175781,75.49665832519531,8680300,0.0,0.0
2024-07-19,76.66999816894531,77.96499633789062,75.33000183105469,76.47000122070312,75.41775512695312,5141400,0.0,0.0
2024-07-22,77.27999877929688,79.41000366210938,77.06999969482422,79.16999816894531,78.08059692382812,4578200,0.0,0.0
2024-07-23,79.13999938964844,81.2699966430664,78.68000030517578,80.06999969482422,78.96820831298828,4712200,0.0,0.0
2024-07-24,79.0,79.52999877929688,72.12999725341797,72.58000183105469,71.5812759399414,8862500,0.0,0.0
2024-07-25,73.55000305175781,73.95999908447266,69.0199966430664,70.37999725341797,69.41155242919922,11659200,0.0,0.0
2024-07-26,72.08000183105469,72.30000305175781,70.12000274658203,71.12000274658203,70.14136505126953,4229800,0.0,0.0
2024-07-29,71.94999694824219,73.18000030517578,70.83999633789062,71.23999786376953,70.25971221923828,4846500,0.0,0.0
2024-07-30,71.93000030517578,72.88999938964844,68.73999786376953,69.0,68.050537109375,6362500,0.0,0.0
2024-07-31,82.44000244140625,82.87999725341797,77.18000030517578,79.22000122070312,78.1299057006836,15755900,0.0,0.0
2024-08-01,79.4800033569336,81.66999816894531,75.2300033569336,76.04000091552734,74.99365997314453,5827100,0.0,0.0
2024-08-02,74.29000091552734,74.56999969482422,69.81999969482422,72.43000030517578,71.43334197998047,9363200,0.0,0.0
2024-08-05,66.81999969482422,71.45500183105469,66.5,70.19999694824219,69.2340087890625,6967600,0.0,0.0
2024-08-06,70.0,75.7699966430664,70.0,74.38999938964844,73.36636352539062,6285600,0.0,0.0
2024-08-07,76.68000030517578,77.05000305175781,72.52999877929688,73.94999694824219,72.93241119384766,8856500,0.0,0.0
2024-08-08,75.5,80.45999908447266,73.58000183105469,79.08000183105469,77.99183654785156,10747700,0.0,0.0
2024-08-09,78.0,78.93000030517578,75.91999816894531,78.63999938964844,77.5578842163086,5586300,0.0,0.0
2024-08-12,78.98999786376953,79.0,75.08999633789062,77.95999908447266,76.88724517822266,5417600,0.0,0.0
2024-08-13,79.02999877929688,81.93000030517578,77.93000030517578,80.44999694824219,79.34297943115234,6495500,0.0,0.0
2024-08-14,80.2699966430664,80.9000015258789,77.47000122070312,79.25,78.15950012207031,5144700,0.0,0.0
2024-08-15,79.55000305175781,81.56999969482422,78.37000274658203,81.44999694824219,80.32921600341797,4956600,0.0,0.0
2024-08-16,81.12999725341797,81.12999725341797,78.56999969482422,79.3499984741211,78.25811004638672,4821800,0.0,0.0
2024-08-19,79.5,80.76000213623047,78.41000366210938,80.73999786376953,79.62897491455078,3848500,0.0,0.0
2024-08-20,80.44999694824219,80.63999938964844,79.0,79.63999938964844,78.54413604736328,4433600,0.0,0.0
2024-08-21,79.6500015258789,82.98999786376953,79.02999877929688,82.27999877929688,81.1478042602539,4041400,0.0,0.0
2024-08-22,82.41000366210938,84.76000213623047,82.05000305175781,83.30000305175781,82.15376281738281,5187500,0.0,0.0
2024-08-23,83.94000244140625,86.19499969482422,83.38500213623047,85.7699966430664,84.58977508544922,5315600,0.0,0.0
2024-08-26,86.30999755859375,87.88999938964844,84.16999816894531,84.87999725341797,83.7120132446289,4774000,0.0,0.0
2024-08-27,84.12999725341797,85.94000244140625,83.41000366210938,84.58999633789062,83.42601776123047,2951000,0.0,0.0
2024-08-28,84.56999969482422,84.91000366210938,82.2300033569336,82.5,81.3647689819336,3549000,0.0,0.0
2024-08-29,83.19999694824219,86.2300033569336,83.19999694824219,84.66999816894531,83.50491333007812,4849200,0.0,0.0
2024-08-30,85.06999969482422,86.1500015258789,84.22000122070312,85.43000030517578,84.25445556640625,3947100,0.0,0.0
2024-09-03,85.0,85.03500366210938,75.68000030517578,75.73999786376953,74.69778442382812,9487900,0.0,0.0
2024-09-04,75.5,78.447998046875,75.02999877929688,76.68000030517578,75.62484741210938,5282700,0.0,0.0
2024-09-05,76.61000061035156,77.22000122070312,75.5,75.83000183105469,74.78655242919922,4306900,0.0,0.0
2024-09-06,75.72000122070312,76.42900085449219,73.13999938964844,73.69999694824219,72.68586730957031,5161500,0.0,0.0
2024-09-09,75.0,75.48999786376953,72.9000015258789,74.94999694824219,73.91866302490234,4121900,0.0,0.0
2024-09-10,75.41000366210938,76.81999969482422,74.5,76.08000183105469,75.03312683105469,3392700,0.0,0.0
2024-09-11,76.95999908447266,80.29000091552734,75.20999908447266,80.05999755859375,78.9583511352539,4994300,0.0,0.0
2024-09-12,80.0999984741211,81.86000061035156,79.02999877929688,80.47000122070312,79.36270904541016,3860600,0.0,0.0
2024-09-13,82.5199966430664,85.95999908447266,81.12000274658203,85.55000305175781,84.37279510498047,6323100,0.0,0.0
2024-09-16,85.0,90.06999969482422,84.91999816894531,89.4000015258789,88.16983032226562,6947200,0.0,0.0
2024-09-17,90.31999969482422,92.41000366210938,88.88999938964844,91.1500015258789,89.89573669433594,5981600,0.0,0.0
2024-09-18,91.83000183105469,93.94000244140625,90.73999786376953,91.19000244140625,89.9352035522461,5958100,0.0,0.0
2024-09-19,94.33000183105469,95.25,90.26000213623047,92.73999786376953,91.4638671875,7887700,0.0,0.0
2024-09-20,99.7300033569336,108.26000213623047,97.8550033569336,107.87999725341797,106.64852905273438,23358400,0.22,0.0
2024-09-23,110.3499984741211,114.55000305175781,107.04000091552734,111.62999725341797,110.35572052001953,15615000,0.0,0.0
2024-09-24,111.88999938964844,115.56999969482422,111.1780014038086,112.4000015258789,111.11693572998047,9722700,0.0,0.0
2024-09-25,114.18000030517578,120.61000061035156,113.69999694824219,119.08000183105469,117.72068786621094,15868400,0.0,0.0
2024-09-26,120.0,122.01000213623047,113.62000274658203,114.16000366210938,112.85684967041016,12987400,0.0,0.0
2024-09-27,115.25,119.69999694824219,114.31999969482422,117.72000122070312,116.37620544433594,7133500,0.0,0.0
2024-09-30,117.87999725341797,120.27999877929688,114.83999633789062,118.54000091552734,117.18685150146484,7519100,0.0,0.0
2024-10-01,118.0,122.63999938964844,115.02999877929688,122.55000305175781,121.15106964111328,7126700,0.0,0.0
2024-10-02,120.05000305175781,127.56999969482422,119.68800354003906,125.37000274658203,123.93887329101562,8792700,0.0,0.0
2024-10-03,128.39999389648438,135.3000030517578,126.01000213623047,132.4499969482422,130.9380340576172,14026800,0.0,0.0
2024-10-04,134.33999633789062,139.3800048828125,132.8000030517578,138.41000366210938,136.83001708984375,12377600,0.0,0.0
2024-10-07,139.86000061035156,143.86500549316406,128.36000061035156,131.27000427246094,129.77154541015625,15672300,0.0,0.0
2024-10-08,131.0,131.25,127.7300033569336,127.95999908447266,126.49929809570312,9002400,0.0,0.0
2024-10-09,126.41000366210938,126.5,120.7699966430664,124.18000030517578,122.76246643066406,9781200,0.0,0.0
2024-10-10,124.0,127.04000091552734,122.96800231933594,124.11000061035156,122.6932601928711,5842500,0.0,0.0
2024-10-11,117.5,125.30999755859375,114.5,125.29000091552734,123.85977935791016,10896200,0.0,0.0
2024-10-14,127.7699966430664,133.74000549316406,127.29000091552734,132.25999450683594,130.75021362304688,12001900,0.0,0.0
2024-10-15,132.00999450683594,132.77999877929688,126.5199966430664,128.2899932861328,126.82554626464844,6937800,0.0,0.0
2024-10-16,130.74000549316406,136.0800018310547,128.4499969482422,135.69000244140625,134.14109802246094,7574200,0.0,0.0
2024-10-17,139.47999572753906,139.47999572753906,126.98999786376953,127.2699966430664,125.81717681884766,11724100,0.0,0.0
2024-10-18,127.30000305175781,132.25999450683594,125.37000274658203,131.16000366210938,129.66278076171875,6257300,0.0,0.0
2024-10-21,131.5800018310547,133.42999267578125,127.80999755859375,130.3800048828125,128.89169311523438,4314800,0.0,0.0
2024-10-22,128.0,128.8800048828125,124.69999694824219,125.04000091552734,123.61265563964844,5758000,0.0,0.0
2024-10-23,124.0,128.6999969482422,123.11000061035156,126.11000061035156,124.67041778564453,4554600,0.0,0.0
2024-10-24,125.91000366210938,127.11299896240234,123.30000305175781,125.58000183105469,124.14649200439453,3317400,0.0,0.0
2024-10-25,127.3499984741211,128.35000610351562,123.0999984741211,124.02999877929688,122.61417388916016,3792500,0.0,0.0
2024-10-28,125.20999908447266,128.6199951171875,123.97000122070312,127.77999877929688,126.32136535644531,5213300,0.0,0.0
2024-10-29,125.58000183105469,127.86000061035156,124.33999633789062,126.66000366210938,125.21415710449219,4738600,0.0,0.0
2024-10-30,127.05000305175781,128.4600067138672,121.5009994506836,124.11000061035156,122.6932601928711,4166500,0.0,0.0
2024-10-31,124.30999755859375,125.7300033569336,122.41999816894531,124.95999908447266,123.53356170654297,4073500,0.0,0.0
2024-11-01,124.5999984741211,126.33999633789062,119.08999633789062,119.51000213623047,118.14576721191406,5979600,0.0,0.0
2024-11-04,117.69000244140625,118.80000305175781,111.5,115.73999786376953,114.4188003540039,10742700,0.0,0.0
2024-11-05,116.30999755859375,122.2699966430664,115.88999938964844,121.9000015258789,120.50849151611328,6438800,0.0,0.0
2024-11-06,125.16999816894531,127.0,121.06999969482422,126.08999633789062,124.6506576538086,7411300,0.0,0.0
2024-11-07,138.11000061035156,143.7899932861328,130.02000427246094,135.72999572753906,134.18060302734375,14877300,0.0,0.0
2024-11-08,135.24000549316406,144.77000427246094,135.24000549316406,141.89999389648438,140.28018188476562,9826100,0.0,0.0
2024-11-11,146.27999877929688,149.8000030517578,141.9499969482422,145.8000030517578,144.13565063476562,7850400,0.0,0.0
2024-11-12,143.9199981689453,145.97999572753906,137.2429962158203,142.16000366210938,140.53721618652344,5314700,0.0,0.0
2024-11-13,145.42999267578125,147.60000610351562,141.30999755859375,142.1199951171875,140.49769592285156,3863200,0.0,0.0
2024-11-14,142.22999572753906,143.41000366210938,138.1699981689453,138.4600067138672,136.87945556640625,3230200,0.0,0.0
2024-11-15,137.60000610351562,142.60000610351562,137.03399658203125,142.14999389648438,140.52732849121094,3562100,0.0,0.0
2024-11-18,142.72000122070312,152.63999938964844,142.72000122070312,146.6300048828125,144.95619201660156,5744000,0.0,0.0
2024-11-19,144.13999938964844,154.9499969482422,143.1300048828125,154.86000061035156,153.0922393798828,6372400,0.0,0.0
2024-11-20,155.77000427246094,157.72000122070312,151.25999450683594,154.6300048828125,152.8648681640625,4446700,0.0,0.0
2024-11-21,157.74000549316406,167.60000610351562,156.86000061035156,166.61000061035156,164.7081298828125,7868500,0.0,0.0
2024-11-22,168.6699981689453,168.6699981689453,158.1199951171875,161.9199981689453,160.0716552734375,6993300,0.0,0.0
2024-11-25,166.0,166.3800048828125,152.71499633789062,154.13999938964844,152.38046264648438,7673800,0.0,0.0
2024-11-26,154.3800048828125,164.13999938964844,153.61000061035156,162.66000366210938,160.80320739746094,5331100,0.0,0.0
2024-11-27,161.67999267578125,163.14999389648438,153.39999389648438,154.52000427246094,152.75613403320312,4819900,0.0,0.0
2024-11-29,158.49000549316406,160.89999389648438,156.72999572753906,159.83999633789062,158.01541137695312,2475800,0.0,0.0
2024-12-02,161.60000610351562,163.3300018310547,153.53500366210938,154.11000061035156,152.35079956054688,4843800,0.0,0.0
2024-12-03,155.63999938964844,158.8800048828125,153.89999389648438,154.16000366210938,152.4002227783203,3898800,0.0,0.0
2024-12-04,158.94000244140625,164.25,157.00999450683594,161.30999755859375,159.46859741210938,5327200,0.0,0.0
2024-12-05,161.0,164.86000061035156,159.5800018310547,160.8800048828125,159.0435333251953,3554200,0.0,0.0
2024-12-06,161.10000610351562,163.49000549316406,157.2899932861328,159.97999572753906,158.15377807617188,3220400,0.0,0.0
2024-12-09,160.1699981689453,160.7100067138672,146.14999389648438,148.30999755859375,146.6170196533203,6844200,0.0,0.0
2024-12-10,145.8800048828125,147.8000030517578,139.3000030517578,141.52000427246094,139.90451049804688,7109700,0.0,0.0
2024-12-11,145.94000244140625,148.41000366210938,143.44000244140625,146.0,144.33338928222656,6209300,0.0,0.0
2024-12-12,146.42999267578125,148.97999572753906,144.60000610351562,145.0800018310547,143.42388916015625,3703000,0.0,0.0
2024-12-13,146.35000610351562,149.35000610351562,143.58999633789062,144.88999938964844,143.23605346679688,4016400,0.0,0.0
2024-12-16,144.7100067138672,147.22000122070312,143.27999877929688,145.3300018310547,143.6710205078125,4801300,0.0,0.0
2024-12-17,142.8800048828125,143.3699951171875,136.10000610351562,139.77000427246094,138.1745147705078,5475200,0.0,0.0
2024-12-18,141.25,141.25,131.63999938964844,132.88999938964844,131.37303161621094,5690600,0.0,0.0
2024-12-19,134.61000061035156,139.72999572753906,133.32000732421875,137.1999969482422,135.63381958007812,7554400,0.0,0.0
2024-12-20,132.4499969482422,141.6300048828125,132.0,139.9499969482422,138.57666015625,8735100,0.222,0.0
2024-12-23,140.0,141.36500549316406,135.6199951171875,140.7899932861328,139.40843200683594,2871400,0.0,0.0
2024-12-24,142.02999877929688,144.16000366210938,141.02000427246094,143.36000061035156,141.95323181152344,1642700,0.0,0.0
2024-12-26,142.89999389648438,144.8800048828125,141.4459991455078,144.11000061035156,142.69586181640625,1928000,0.0,0.0
2024-12-27,143.0,143.0,136.74000549316406,139.67999267578125,138.309326171875,3214700,0.0,0.0
2024-12-30,136.0500030517578,141.17599487304688,134.86000061035156,140.08999633789062,138.7152862548828,4930600,0.0,0.0
2024-12-31,139.91000366210938,140.43899536132812,137.02000427246094,137.8699951171875,136.5170440673828,2761600,0.0,0.0
2025-01-02,139.6300048828125,149.88999938964844,138.25999450683594,149.66000366210938,148.19139099121094,6169600,0.0,0.0
2025-01-03,154.36000061035156,162.66000366210938,151.66000366210938,162.36000061035156,160.7667694091797,8762600,0.0,0.0
2025-01-06,165.16000366210938,166.0,159.5,163.9499969482422,162.34117126464844,7406900,0.0,0.0
2025-01-07,164.61000061035156,165.2100067138672,155.8000030517578,163.3699951171875,161.766845703125,5258700,0.0,0.0
2025-01-08,162.97000122070312,163.0,152.61000061035156,160.80999755859375,159.23196411132812,7198700,0.0,0.0
2025-01-10,161.5,169.19000244140625,154.39999389648438,166.72999572753906,165.0938720703125,9743400,0.0,0.0
2025-01-13,161.7100067138672,164.74000549316406,156.30999755859375,162.1300048828125,160.5390167236328,6289200,0.0,0.0
2025-01-14,166.67999267578125,175.0,165.69000244140625,170.50999450683594,168.83676147460938,7486300,0.0,0.0
2025-01-15,175.0,178.0800018310547,167.08999633789062,169.1699981689453,167.50991821289062,7817300,0.0,0.0
2025-01-16,170.92999267578125,178.39999389648438,170.0,174.0,172.2925262451172,5772000,0.0,0.0
2025-01-17,169.02999877929688,173.27999877929688,166.5,170.86000061035156,169.183349609375,8263500,0.0,0.0
2025-01-21,179.3000030517578,188.77000427246094,174.85000610351562,185.35000610351562,183.53115844726562,10678200,0.0,0.0
2025-01-22,192.99000549316406,194.6699981689453,183.3000030517578,186.86000061035156,185.02633666992188,9003500,0.0,0.0
2025-01-23,189.0,199.83999633789062,188.22000122070312,191.88999938964844,190.00698852539062,10217800,0.0,0.0
2025-01-24,194.02000427246094,194.44000244140625,189.11000061035156,191.11000061035156,189.23463439941406,5265600,0.0,0.0
2025-01-27,154.08999633789062,156.92999267578125,132.58999633789062,137.0800018310547,135.73484802246094,32356900,0.0,0.0
2025-01-28,142.17999267578125,149.89999389648438,134.9199981689453,149.63999938964844,148.1715850830078,20931000,0.0,0.0
2025-01-29,147.25,160.0,146.6280059814453,155.2100067138672,153.6869354248047,14323400,0.0,0.0
2025-01-30,159.02000427246094,176.49000549316406,157.0,176.3000030517578,174.5699462890625,18034800,0.0,0.0
2025-01-31,175.0,176.4199981689453,167.13999938964844,168.02999877929688,166.38113403320312,12159400,0.0,0.0
2025-02-03,157.5,171.5,156.27999877929688,168.52999877929688,166.87619018554688,9849800,0.0,0.0
2025-02-04,168.52000427246094,170.77000427246094,162.97000122070312,168.3300018310547,166.67816162109375,5652700,0.0,0.0
2025-02-05,172.3800048828125,176.36000061035156,168.6699981689453,171.61000061035156,169.92599487304688,7017700,0.0,0.0
2025-02-06,171.61000061035156,174.9530029296875,167.2760009765625,169.8800048828125,168.2129669189453,5943800,0.0,0.0
2025-02-07,170.8800048828125,174.97000122070312,165.1300048828125,166.89999389648438,165.26222229003906,6438600,0.0,0.0
2025-02-10,169.0,172.6999969482422,165.52999877929688,168.38999938964844,166.7375946044922,5726400,0.0,0.0
2025-02-11,166.50999450683594,170.39999389648438,164.3300018310547,167.61000061035156,165.96524047851562,4000000,0.0,0.0
2025-02-12,163.42999267578125,170.97999572753906,161.07000732421875,166.61000061035156,164.97506713867188,5265400,0.0,0.0
2025-02-13,168.13999938964844,169.33999633789062,161.25,165.64999389648438,164.0244598388672,7820700,0.0,0.0
2025-02-14,165.61000061035156,170.4499969482422,161.5,167.66000366210938,166.01473999023438,5713300,0.0,0.0
2025-02-18,168.8699951171875,172.77000427246094,166.8800048828125,169.27999877929688,167.6188507080078,5963700,0.0,0.0
2025-02-19,168.10000610351562,173.32000732421875,167.13999938964844,169.35000610351562,167.6881866455078,6213400,0.0,0.0
2025-02-20,167.5,168.1999969482422,157.8699951171875,163.17999267578125,161.57870483398438,7134900,0.0,0.0
2025-02-21,163.64999389648438,163.64999389648438,147.8000030517578,150.44000244140625,148.96372985839844,9974300,0.0,0.0
2025-02-24,151.1999969482422,151.58999633789062,139.01300048828125,142.75999450683594,141.3590850830078,9860000,0.0,0.0
2025-02-25,139.4199981689453,141.0,127.66999816894531,137.9199981689453,136.5666046142578,13529900,0.0,0.0
2025-02-26,143.0,150.1999969482422,142.55999755859375,148.19000244140625,146.73580932617188,9208400,0.0,0.0
2025-02-27,149.11000061035156,152.94000244140625,129.77000427246094,130.00999450683594,128.73423767089844,16672900,0.0,0.0
2025-02-28,128.0,134.7100067138672,124.05000305175781,133.66000366210938,132.34840393066406,13060900,0.0,0.0
2025-03-03,133.66000366210938,134.27999877929688,121.72000122070312,123.94999694824219,122.73367309570312,10900500,0.0,0.0
2025-03-04,122.9800033569336,131.97999572753906,116.4000015258789,126.94000244140625,125.69434356689453,15914800,0.0,0.0
2025-03-05,123.74500274658203,128.27000427246094,121.4000015258789,126.87000274658203,125.6250228881836,8481800,0.0,0.0
2025-03-06,120.22000122070312,122.3499984741211,112.1500015258789,114.41000366210938,113.28730010986328,11789300,0.0,0.0
2025-03-07,117.0,118.69000244140625,109.55000305175781,114.31999969482422,113.19818115234375,9798000,0.0,0.0
2025-03-10,110.0,111.91000366210938,104.33999633789062,108.48999786376953,107.4253921508789,11399900,0.0,0.0
2025-03-11,109.5,115.41000366210938,107.18000030517578,114.36000061035156,113.23777770996094,11062700,0.0,0.0
2025-03-12,119.52999877929688,127.83000183105469,118.4000015258789,121.91999816894531,120.72360229492188,14722600,0.0,0.0
2025-03-13,122.01000213623047,122.01000213623047,115.79000091552734,118.0,116.84207153320312,8033100,0.0,0.0
2025-03-14,121.05000305175781,124.72000122070312,118.54100036621094,124.45999908447266,123.23867797851562,6613100,0.0,0.0
2025-03-17,123.5999984741211,129.83999633789062,123.4000015258789,126.29000091552734,125.05071258544922,6259900,0.0,0.0
2025-03-18,124.87999725341797,126.81500244140625,122.27999877929688,124.45999908447266,123.23867797851562,4648400,0.0,0.0
2025-03-19,125.0,132.66299438476562,124.0,129.85000610351562,128.57579040527344,5973600,0.0,0.0
2025-03-20,127.52999877929688,133.25,126.23999786376953,131.89999389648438,130.83135986328125,5639100,0.224,0.0
2025-03-21,129.7899932861328,131.5399932861328,126.2699966430664,130.5800018310547,129.52206420898438,7484300,0.0,0.0
2025-03-24,134.97999572753906,138.74000549316406,133.5,134.94000244140625,133.8467254638672,7760500,0.0,0.0
2025-03-25,134.00999450683594,134.44000244140625,128.0,131.80999755859375,130.7420654296875,8146500,0.0,0.0
2025-03-26,129.8000030517578,130.5,122.0,124.01000213623047,123.0052719116211,6723100,0.0,0.0
2025-03-27,120.25,124.5,118.38999938964844,119.30999755859375,118.3433609008789,7259300,0.0,0.0
2025-03-28,118.5,122.33999633789062,117.45999908447266,119.05000305175781,118.08546447753906,7023700,0.0,0.0
2025-03-31,113.9000015258789,118.34300231933594,112.0,117.44000244140625,116.48851776123047,7766200,0.0,0.0
2025-04-01,118.27999877929688,122.29000091552734,116.0,122.23999786376953,121.2496109008789,8054800,0.0,0.0
2025-04-02,118.8499984741211,127.60600280761719,118.0,127.19000244140625,126.15953063964844,5714300,0.0,0.0
2025-04-03,114.22000122070312,118.84400177001953,107.30999755859375,108.20999908447266,107.33329010009766,12729000,0.0,0.0
2025-04-04,103.56999969482422,103.91000366210938,92.12000274658203,98.06999969482422,97.27544403076172,17707400,0.0,0.0
2025-04-07,92.66000366210938,109.18000030517578,90.51000213623047,102.69000244140625,101.85801696777344,12926800,0.0,0.0
2025-04-08,109.45999908447266,112.38999938964844,99.9000015258789,102.19000244140625,101.36207580566406,11458100,0.0,0.0
2025-04-09,102.33999633789062,120.95999908447266,99.23999786376953,118.0199966430664,117.06381225585938,14023800,0.0,0.0
2025-04-10,113.62999725341797,115.51000213623047,107.02999877929688,109.26000213623047,108.37478637695312,8735400,0.0,0.0
2025-04-11,109.26000213623047,112.33999633789062,105.75,111.70999908447266,110.80494689941406,5268000,0.0,0.0
2025-04-14,117.30999755859375,118.19999694824219,110.51000213623047,112.69000244140625,111.7770004272461,5007400,0.0,0.0
2025-04-15,113.26000213623047,116.3499984741211,112.375,115.75,114.81220245361328,4279400,0.0,0.0
2025-04-16,112.51000213623047,117.62000274658203,111.94999694824219,115.87000274658203,114.93123626708984,5956700,0.0,0.0
2025-04-17,117.83000183105469,120.18000030517578,114.0,115.41999816894531,114.48487091064453,4853100,0.0,0.0
2025-04-21,112.5199966430664,114.0,103.33799743652344,106.5199966430664,105.656982421875,6092400,0.0,0.0
2025-04-22,109.5,113.69999694824219,108.58999633789062,112.62999725341797,111.71747589111328,4882200,0.0,0.0
2025-04-23,122.0,125.58000183105469,118.33000183105469,120.0,119.02777862548828,7046200,0.0,0.0
2025-04-24,120.7699966430664,126.29000091552734,120.51000213623047,124.2300033569336,123.22349548339844,5468700,0.0,0.0
2025-04-25,124.37999725341797,128.24000549316406,123.5199966430664,126.63999938964844,125.61397552490234,4323300,0.0,0.0
2025-04-28,126.25,129.95199584960938,125.80000305175781,129.6199951171875,128.56982421875,4335000,0.0,0.0
2025-04-29,128.5800018310547,130.41000366210938,126.41999816894531,129.3300018310547,128.2821807861328,4289000,0.0,0.0
2025-04-30,125.08999633789062,130.01499938964844,122.30000305175781,129.6300048828125,128.5797576904297,5047100,0.0,0.0
2025-05-01,137.6699981689453,140.52999877929688,135.80999755859375,137.3000030517578,136.1876220703125,10589900,0.0,0.0
2025-05-02,138.9199981689453,141.10800170898438,137.72999572753906,139.27999877929688,138.15155029296875,5615800,0.0,0.0
2025-05-05,136.58999633789062,141.08999633789062,135.6820068359375,140.0,138.86573791503906,5941400,0.0,0.0
2025-05-06,138.47999572753906,146.8800048828125,137.44000244140625,144.8000030517578,143.62686157226562,10113700,0.0,0.0
2025-05-07,137.6300048828125,140.97999572753906,133.9499969482422,139.5,138.3697967529297,12497700,0.0,0.0
2025-05-08,141.13999938964844,143.27999877929688,137.44000244140625,140.91000366210938,139.76837158203125,7363500,0.0,0.0
2025-05-09,140.9499969482422,141.25999450683594,133.72999572753906,135.75,134.65017700195312,5859900,0.0,0.0
2025-05-12,145.39999389648438,147.47000122070312,143.00999450683594,146.08999633789062,144.9063720703125,8358700,0.0,0.0
2025-05-13,144.16000366210938,156.99000549316406,144.0749969482422,155.0,153.74420166015625,9075900,0.0,0.0
2025-05-14,156.5,157.0,152.5449981689453,154.72000122070312,153.46649169921875,5370200,0.0,0.0
2025-05-15,151.0,154.08999633789062,150.83999633789062,152.05999755859375,150.82801818847656,3953500,0.0,0.0
2025-05-16,156.24000549316406,157.47999572753906,154.50999450683594,156.6199951171875,155.35105895996094,6263900,0.0,0.0
2025-05-19,150.375,157.64999389648438,150.375,157.32000732421875,156.04542541503906,5141300,0.0,0.0
2025-05-20,157.0,158.24000549316406,155.6699981689453,157.02999877929688,155.75775146484375,3426500,0.0,0.0
2025-05-21,154.94000244140625,156.5050048828125,150.9199981689453,152.07000732421875,150.83795166015625,4067400,0.0,0.0
2025-05-22,152.3000030517578,155.11000061035156,149.58599853515625,154.72000122070312,153.46649169921875,4624100,0.0,0.0
2025-05-23,156.55999755859375,159.42999267578125,154.64999389648438,158.16000366210938,156.87860107421875,7254000,0.0,0.0
2025-05-27,160.0,163.8699951171875,157.17999267578125,163.86000061035156,162.53240966796875,7192500,0.0,0.0
2025-05-28,164.39999389648438,165.74000549316406,161.4199981689453,162.36000061035156,161.04457092285156,5027400,0.0,0.0
2025-05-29,165.94000244140625,166.0,158.77999877929688,159.72999572753906,158.43589782714844,3543800,0.0,0.0
2025-05-30,158.97000122070312,160.60000610351562,157.07000732421875,160.57000732421875,159.26907348632812,5306100,0.0,0.0
2025-06-02,160.60000610351562,169.2899932861328,160.58999633789062,167.47000122070312,166.11317443847656,5613000,0.0,0.0
2025-06-03,175.0,178.35000610351562,171.86000061035156,176.0,174.57406616210938,10019900,0.0,0.0
2025-06-04,176.0,177.38999938964844,171.88999938964844,172.69000244140625,171.2908935546875,5290600,0.0,0.0
2025-06-05,173.4199981689453,173.91000366210938,169.56500244140625,170.8699951171875,169.48562622070312,4296700,0.0,0.0
2025-06-06,173.5,173.9499969482422,170.24000549316406,173.6199951171875,172.21336364746094,3302200,0.0,0.0
2025-06-09,173.6699981689453,174.0,168.41000366210938,169.3699951171875,167.99778747558594,5350000,0.0,0.0
2025-06-10,170.10000610351562,170.625,160.17999267578125,164.64999389648438,163.31600952148438,7818200,0.0,0.0
2025-06-11,168.02999877929688,169.5,165.5399932861328,166.7899932861328,165.43865966796875,4029300,0.0,0.0
2025-06-12,165.27000427246094,173.8939971923828,164.6699981689453,173.8699951171875,172.4613037109375,4357300,0.0,0.0
2025-06-13,171.50999450683594,175.9499969482422,170.6580047607422,173.75,172.34228515625,3960700,0.0,0.0
2025-06-16,175.57000732421875,179.13999938964844,175.57000732421875,177.1999969482422,175.76434326171875,4177700,0.0,0.0
2025-06-17,179.00999450683594,181.1999969482422,175.3000030517578,177.75,176.30987548828125,4170400,0.0,0.0
2025-06-18,177.0,182.05999755859375,175.21499633789062,181.1300048828125,179.8902130126953,5591600,0.225,0.0
2025-06-20,180.89999389648438,185.5,178.75999450683594,185.10000610351562,183.8330535888672,6585700,0.0,0.0
2025-06-23,184.24000549316406,187.57000732421875,179.94000244140625,186.5500030517578,185.2731170654297,4150400,0.0,0.0
2025-06-24,188.1300048828125,189.3699951171875,184.88999938964844,186.1699981689453,184.8957061767578,6851900,0.0,0.0
2025-06-25,188.02000427246094,190.60000610351562,185.9499969482422,186.32000732421875,185.04470825195312,3813900,0.0,0.0
2025-06-26,187.85000610351562,191.27499389648438,185.0,190.39999389648438,189.09677124023438,3677900,0.0,0.0
2025-06-27,192.0,198.1999969482422,189.11000061035156,195.0399932861328,193.7050018310547,8903700,0.0,0.0
2025-06-30,197.5,197.5,192.1750030517578,193.80999755859375,192.48341369628906,4753900,0.0,0.0
2025-07-01,192.82000732421875,193.47000122070312,180.50999450683594,185.10000610351562,183.8330535888672,6125700,0.0,0.0
2025-07-02,184.6999969482422,188.44000244140625,182.7100067138672,187.02000427246094,185.73989868164062,3264900,0.0,0.0
2025-07-03,188.13999938964844,194.3000030517578,188.0,192.1999969482422,190.8844451904297,3342400,0.0,0.0
2025-07-07,191.0,194.27999877929688,190.35000610351562,193.6999969482422,192.37416076660156,4313400,0.0,0.0
2025-07-08,194.6199951171875,194.6199951171875,184.82000732421875,190.17999267578125,188.8782501220703,5076200,0.0,0.0
2025-07-09,192.72000122070312,200.25,189.84500122070312,197.00999450683594,195.6614990234375,6931500,0.0,0.0
2025-07-10,196.7100067138672,197.7899932861328,190.17999267578125,195.77999877929688,194.43994140625,4358200,0.0,0.0
2025-07-11,194.30999755859375,197.72000122070312,191.8000030517578,196.5800018310547,195.23446655273438,3714500,0.0,0.0
2025-07-14,196.5500030517578,197.6699981689453,191.5500030517578,194.80999755859375,193.47659301757812,3793800,0.0,0.0
2025-07-15,195.17999267578125,195.17999267578125,189.1999969482422,191.3699951171875,190.06011962890625,4259400,0.0,0.0
2025-07-16,191.10000610351562,192.44000244140625,180.2519989013672,184.1300048828125,182.8696746826172,6605400,0.0,0.0
2025-07-17,186.4199981689453,187.82000732421875,181.1999969482422,182.0,180.7542724609375,3948100,0.0,0.0
2025-07-18,182.82000732421875,195.1199951171875,182.8000030517578,193.00999450683594,191.68890380859375,6416300,0.0,0.0
2025-07-21,193.63999938964844,193.69000244140625,186.91000366210938,188.22999572753906,186.9416046142578,4315900,0.0,0.0
2025-07-22,187.6699981689453,189.5800018310547,181.72999572753906,189.08999633789062,187.79574584960938,4187400,0.0,0.0
2025-07-23,198.82000732421875,207.1199951171875,197.83999633789062,200.1199951171875,198.75022888183594,8849500,0.0,0.0
2025-07-24,202.10000610351562,203.60000610351562,195.88999938964844,196.24000549316406,194.8968048095703,4919300,0.0,0.0
2025-07-25,195.02000427246094,196.3000030517578,190.72000122070312,192.1999969482422,190.8844451904297,5492100,0.0,0.0
2025-07-28,193.11000061035156,196.27000427246094,190.50999450683594,195.8800048828125,194.5392608642578,3211400,0.0,0.0
2025-07-29,197.1999969482422,199.41000366210938,194.00999450683594,198.0,196.64474487304688,4255800,0.0,0.0
2025-07-30,199.39999389648438,207.6300048828125,198.89999389648438,207.0500030517578,205.63279724121094,5511800,0.0,0.0
2025-07-31,209.74000549316406,213.04800415039062,205.72999572753906,208.5399932861328,207.1125946044922,5635400,0.0,0.0
2025-08-01,200.14999389648438,211.86000061035156,197.1999969482422,208.0500030517578,206.62594604492188,5737100,0.0,0.0
2025-08-04,210.5500030517578,215.1300048828125,208.28900146484375,214.05999755859375,212.59481811523438,4625600,0.0,0.0
2025-08-05,214.9499969482422,216.85000610351562,206.5500030517578,209.60000610351562,208.16534423828125,4601400,0.0,0.0
2025-08-06,208.63999938964844,208.63999938964844,199.20799255371094,200.85000610351562,199.47525024414062,7360600,0.0,0.0
2025-08-07,190.2100067138672,211.75,190.0,205.58999633789062,204.18276977539062,8944400,0.0,0.0
2025-08-08,206.11000061035156,208.8800048828125,201.69000244140625,202.1199951171875,200.7365264892578,4064600,0.0,0.0
2025-08-11,203.60000610351562,206.2100067138672,198.69000244140625,200.0800018310547,198.7104949951172,3690600,0.0,0.0
2025-08-12,202.50999450683594,209.9600067138672,200.49000549316406,209.55999755859375,208.1256103515625,4059700,0.0,0.0
2025-08-13,210.19000244140625,213.19000244140625,200.28799438476562,205.27999877929688,203.87489318847656,4111700,0.0,0.0
2025-08-14,204.13499450683594,207.89999389648438,202.2899932861328,202.35000610351562,200.9649658203125,3005000,0.0,0.0
2025-08-15,203.0,204.4600067138672,194.80999755859375,197.3300018310547,195.97933959960938,4025200,0.0,0.0
2025-08-18,197.0,199.39999389648438,195.3000030517578,198.9600067138672,197.59817504882812,2890400,0.0,0.0
2025-08-19,197.4600067138672,198.5500030517578,191.2100067138672,193.52000427246094,192.19540405273438,3358900,0.0,0.0
2025-08-20,191.0,193.36500549316406,183.85000610351562,192.91000366210938,191.589599609375,5225300,0.0,0.0
2025-08-21,193.0,196.67999267578125,190.0,190.27999877929688,188.9775848388672,3028800,0.0,0.0
2025-08-22,191.13999938964844,195.5,187.13999938964844,190.4600067138672,189.15634155273438,3447300,0.0,0.0
2025-08-25,191.5399932861328,194.6699981689453,189.3000030517578,190.0800018310547,188.77894592285156,2723100,0.0,0.0
2025-08-26,190.4499969482422,195.64999389648438,189.35000610351562,195.1199951171875,193.78443908691406,3430800,0.0,0.0
2025-08-27,194.32000732421875,197.25,192.27999877929688,194.60000610351562,193.26803588867188,2665500,0.0,0.0
2025-08-28,195.1999969482422,201.3800048828125,194.6199951171875,196.6999969482422,195.35362243652344,3376200,0.0,0.0
2025-08-29,195.5500030517578,195.72999572753906,186.67999267578125,189.11000061035156,187.8155975341797,3999300,0.0,0.0
2025-09-02,184.5500030517578,186.8800048828125,182.08999633789062,185.80999755859375,184.53817749023438,4234700,0.0,0.0
2025-09-03,186.0,188.5500030517578,184.33999633789062,188.1199951171875,186.83236694335938,2815300,0.0,0.0
2025-09-04,189.0,192.11000061035156,188.79600524902344,189.72999572753906,188.4313507080078,2771800,0.0,0.0
2025-09-05,190.25,191.43299865722656,178.42999267578125,188.0,186.7131805419922,5199600,0.0,0.0
2025-09-08,189.58999633789062,190.55499267578125,184.61000061035156,188.00999450683594,186.72311401367188,4153400,0.0,0.0
2025-09-09,190.0,195.5,189.2100067138672,193.77999877929688,192.45364379882812,4451700,0.0,0.0
2025-09-10,200.52000427246094,212.8800048828125,200.0,209.2100067138672,207.77801513671875,9715800,0.0,0.0
2025-09-11,208.77999877929688,211.89999389648438,203.10000610351562,204.0500030517578,202.65333557128906,4408900,0.0,0.0
2025-09-12,202.9250030517578,210.21499633789062,202.00999450683594,209.6999969482422,208.2646484375,3824900,0.0,0.0
2025-09-15,209.6999969482422,217.89999389648438,209.6999969482422,213.52000427246094,212.05853271484375,4750600,0.0,0.0
2025-09-16,213.8000030517578,213.8000030517578,207.31399536132812,209.42999267578125,207.9965057373047,3828400,0.0,0.0
2025-09-17,211.2949981689453,213.8000030517578,204.6699981689453,208.30999755859375,206.8841552734375,3468100,0.0,0.0
2025-09-18,213.30999755859375,214.4600067138672,208.0500030517578,210.16000366210938,208.72152709960938,3589600,0.0,0.0
2025-09-19,211.42999267578125,213.83999633789062,205.1840057373047,211.27999877929688,210.0597381591797,9188500,0.226,0.0
2025-09-22,211.0,219.82000732421875,207.8000030517578,217.9199981689453,216.66139221191406,4819500,0.0,0.0
2025-09-23,210.11000061035156,212.76499938964844,203.4600067138672,204.24000549316406,203.06040954589844,6525200,0.0,0.0
2025-09-24,203.25999450683594,206.18699645996094,201.8699951171875,202.05999755859375,200.8929901123047,3844400,0.0,0.0
2025-09-25,198.0,204.25999450683594,196.00999450683594,201.6199951171875,200.4555206298828,4262600,0.0,0.0
2025-09-26,201.1999969482422,207.5,200.97999572753906,207.22000122070312,206.02317810058594,3096200,0.0,0.0
2025-09-29,202.0,207.1269989013672,197.6999969482422,197.94000244140625,196.79676818847656,8373900,0.0,0.0
2025-09-30,199.19000244140625,200.5,190.6999969482422,195.9199981689453,194.7884521484375,5828400,0.0,0.0
2025-10-01,195.0,204.92999267578125,192.1699981689453,201.50999450683594,200.34616088867188,5387700,0.0,0.0
2025-10-02,204.0399932861328,205.0,198.7100067138672,202.64999389648438,201.4795684814453,4224200,0.0,0.0
2025-10-03,204.35000610351562,210.1999969482422,201.5,201.99000549316406,200.82339477539062,5306900,0.0,0.0
2025-10-06,206.16000366210938,207.92999267578125,197.42999267578125,200.41000366210938,199.25253295898438,6019800,0.0,0.0
2025-10-07,201.57000732421875,203.8350067138672,195.88499450683594,199.6199951171875,198.46707153320312,2865800,0.0,0.0
2025-10-08,201.5800018310547,206.61000061035156,200.1269989013672,206.5500030517578,205.35707092285156,3706000,0.0,0.0
2025-10-09,207.0,211.07000732421875,205.3350067138672,210.0,208.78713989257812,3796100,0.0,0.0
2025-10-10,209.75999450683594,212.3699951171875,196.83999633789062,196.86000061035156,195.7230224609375,4388200,0.0,0.0
2025-10-13,201.1199951171875,209.9499969482422,200.39999389648438,209.5500030517578,208.33973693847656,3868800,0.0,0.0
2025-10-14,205.7899932861328,208.85000610351562,201.39999389648438,205.50999450683594,204.3230743408203,3088200,0.0,0.0
2025-10-15,209.32000732421875,216.03500366210938,206.39999389648438,210.85000610351562,209.63223266601562,5412000,0.0,0.0
2025-10-16,214.7899932861328,217.10000610351562,208.6840057373047,210.39999389648438,209.184814453125,3562200,0.0,0.0
2025-10-17,207.6699981689453,210.0500030517578,200.0500030517578,201.35000610351562,200.1870880126953,4004700,0.0,0.0
2025-10-20,204.1300048828125,205.5,192.8070068359375,194.24000549316406,193.1181640625,4058400,0.0,0.0
2025-10-21,192.8800048828125,193.4199981689453,185.57000732421875,186.52000427246094,185.4427490234375,5781700,0.0,0.0
2025-10-22,187.5500030517578,189.5,179.64999389648438,185.8300018310547,184.75672912597656,5344400,0.0,0.0
2025-10-23,185.7100067138672,192.1999969482422,185.7100067138672,191.3699951171875,190.2647247314453,3033700,0.0,0.0
2025-10-24,196.60000610351562,202.0,194.60000610351562,201.47000122070312,200.306396484375,4787500,0.0,0.0
2025-10-27,203.66000366210938,203.66000366210938,196.5,199.3000030517578,198.14894104003906,4539500,0.0,0.0
2025-10-28,197.31500244140625,197.31500244140625,184.47000122070312,190.58999633789062,189.48924255371094,9390500,0.0,0.0
2025-10-29,192.3000030517578,200.72999572753906,189.47000122070312,199.3699951171875,198.21852111816406,6158900,0.0,0.0
2025-10-30,194.67999267578125,198.82000732421875,188.5399932861328,189.7100067138672,188.61431884765625,3805400,0.0,0.0
2025-10-31,192.0,192.88999938964844,183.52000427246094,188.3000030517578,187.21246337890625,4231300,0.0,0.0
2025-11-03,190.80999755859375,195.19000244140625,187.8459930419922,193.0399932861328,191.92506408691406,3585000,0.0,0.0
2025-11-04,188.10000610351562,191.49000549316406,184.5,185.74000549316406,184.66726684570312,3805000,0.0,0.0
2025-11-05,186.25999450683594,192.47500610351562,184.92999267578125,189.38999938964844,188.29617309570312,3547000,0.0,0.0
2025-11-06,182.88999938964844,189.1199951171875,179.52999877929688,184.6199951171875,183.5537109375,6543600,0.0,0.0
2025-11-07,178.5,191.0749969482422,176.60000610351562,191.0,189.89688110351562,5805300,0.0,0.0
2025-11-10,194.8000030517578,196.8000030517578,184.16000366210938,188.27999877929688,187.1925811767578,4273700,0.0,0.0
2025-11-11,185.9199981689453,187.94000244140625,178.80999755859375,179.16000366210938,178.125244140625,4542600,0.0,0.0
2025-11-12,180.3300018310547,181.3000030517578,177.2899932861328,178.27000427246094,177.2404022216797,4252100,0.0,0.0
2025-11-13,176.91000366210938,177.9600067138672,170.52000427246094,171.55999755859375,170.56915283203125,5467400,0.0,0.0
2025-11-14,167.17999267578125,180.0,165.5800018310547,174.69000244140625,173.6810760498047,5484400,0.0,0.0
2025-11-17,175.42999267578125,179.52000427246094,173.1199951171875,175.0,173.98927307128906,3108600,0.0,0.0
2025-11-18,172.66000366210938,177.4199981689453,170.66000366210938,174.4199981689453,173.41262817382812,3279100,0.0,0.0
2025-11-19,175.16000366210938,181.5,174.22000122070312,179.13999938964844,178.10536193847656,3384400,0.0,0.0
2025-11-20,184.82000732421875,189.2899932861328,173.1300048828125,173.7899932861328,172.78623962402344,4271500,0.0,0.0
2025-11-21,172.0,173.67999267578125,162.44000244140625,168.58999633789062,167.61630249023438,6303800,0.0,0.0
2025-11-24,169.57000732421875,175.1999969482422,165.89999389648438,175.13999938964844,174.12847900390625,5750900,0.0,0.0
2025-11-25,174.0800018310547,174.72999572753906,165.90499877929688,170.83999633789062,169.85330200195312,3865100,0.0,0.0
2025-11-26,174.0,177.75,173.0850067138672,176.8000030517578,175.7788848876953,2937800,0.0,0.0
2025-11-28,179.0,180.77000427246094,178.00999450683594,178.86000061035156,177.82699584960938,1908400,0.0,0.0
2025-12-01,176.00999450683594,176.47999572753906,172.69000244140625,173.63999938964844,172.6371307373047,3251000,0.0,0.0
2025-12-02,175.39999389648438,175.9499969482422,171.36500549316406,172.5500030517578,171.5534210205078,3029200,0.0,0.0
2025-12-03,172.66000366210938,173.85000610351562,168.9499969482422,171.64999389648438,170.65863037109375,2492600,0.0,0.0
2025-12-04,171.89999389648438,178.0500030517578,170.4709930419922,176.07000732421875,175.0531005859375,3408700,0.0,0.0
2025-12-05,176.52000427246094,176.6300048828125,166.47000122070312,167.1699981689453,166.2045135498047,4524300,0.0,0.0
2025-12-08,167.82000732421875,167.82000732421875,164.05999755859375,166.1199951171875,165.16055297851562,4230200,0.0,0.0
2025-12-09,165.3699951171875,169.91000366210938,164.72999572753906,164.80999755859375,163.85812377929688,3939500,0.0,0.0
2025-12-10,165.33999633789062,166.02000427246094,158.64999389648438,165.1699981689453,164.21604919433594,5778100,0.0,0.0
2025-12-11,162.0500030517578,174.88999938964844,161.00999450683594,174.60000610351562,173.5915985107422,6197100,0.0,0.0
2025-12-12,175.1999969482422,180.0,167.5,170.10000610351562,169.11758422851562,5870200,0.0,0.0
2025-12-15,172.9600067138672,173.0,166.97999572753906,168.25,167.27825927734375,4287400,0.0,0.0
2025-12-16,166.64999389648438,173.92999267578125,166.5500030517578,173.4499969482422,172.44822692871094,4190100,0.0,0.0
2025-12-17,174.00999450683594,175.13999938964844,158.6999969482422,159.97000122070312,159.04608154296875,6902900,0.0,0.0
2025-12-18,165.66000366210938,171.9199981689453,162.6699981689453,166.1699981689453,165.2102813720703,7652500,0.0,0.0
2025-12-19,166.6999969482422,171.41000366210938,162.6999969482422,163.02999877929688,162.08840942382812,7141800,0.0,0.0
2025-12-22,164.0,164.30999755859375,160.85000610351562,161.57000732421875,160.86082458496094,4379200,0.227,0.0
2025-12-23,161.57000732421875,163.6999969482422,160.1300048828125,161.6699981689453,160.96038818359375,3772000,0.0,0.0
2025-12-24,160.99000549316406,162.5850067138672,159.77000427246094,161.9600067138672,161.24911499023438,1342200,0.0,0.0
2025-12-26,161.6699981689453,163.0,160.35000610351562,161.6699981689453,160.96038818359375,2317500,0.0,0.0
2025-12-29,161.0,164.1999969482422,159.9239959716797,161.83999633789062,161.12962341308594,2856100,0.0,0.0
2025-12-30,162.0,163.05999755859375,161.05999755859375,162.6199951171875,161.90621948242188,2220600,0.0,0.0
2025-12-31,162.88999938964844,164.5,161.22000122070312,161.3300018310547,160.62188720703125,1845100,0.0,0.0
2026-01-02,163.88999938964844,169.27999877929688,163.88999938964844,165.22999572753906,164.50474548339844,3838400,0.0,0.0
2026-01-05,169.3699951171875,171.65499877929688,160.19000244140625,162.92999267578125,162.21482849121094,4385200,0.0,0.0
2026-01-06,169.0,172.61000061035156,163.77999877929688,169.52999877929688,168.78587341308594,6577500,0.0,0.0
2026-01-07,168.64999389648438,168.64999389648438,153.5399932861328,154.60000610351562,153.9214324951172,9433200,0.0,0.0
2026-01-08,155.25,155.8000030517578,149.19000244140625,150.60000610351562,149.93898010253906,6866800,0.0,0.0
2026-01-09,174.3300018310547,174.74000549316406,165.8800048828125,166.3699951171875,165.63973999023438,14316000,0.0,0.0
2026-01-12,164.6699981689453,176.74000549316406,164.0800018310547,172.5800018310547,171.822509765625,7189100,0.0,0.0
2026-01-13,174.0,175.4499969482422,170.82000732421875,171.4199981689453,170.66758728027344,5430300,0.0,0.0
2026-01-14,169.38999938964844,171.17999267578125,166.0500030517578,168.97000122070312,168.2283477783203,3888200,0.0,0.0
2026-01-15,173.0,182.55999755859375,171.67999267578125,180.17999267578125,179.38912963867188,7116800,0.0,0.0
2026-01-16,167.5500030517578,171.1199951171875,163.00999450683594,166.60000610351562,165.86874389648438,13330600,0.0,0.0
2026-01-20,161.27000427246094,166.0,156.25,156.80999755859375,156.1217041015625,7599100,0.0,0.0
2026-01-21,159.00999450683594,161.97999572753906,153.77000427246094,160.02000427246094,159.317626953125,6651300,0.0,0.0
2026-01-22,161.92999267578125,163.5,159.14999389648438,160.36000061035156,159.65611267089844,4176200,0.0,0.0
2026-01-23,160.0,162.8699951171875,158.0,160.1199951171875,159.41717529296875,4475800,0.0,0.0
2026-01-26,160.58999633789062,165.30999755859375,157.89999389648438,158.80999755859375,158.11293029785156,3953100,0.0,0.0
2026-01-27,159.50999450683594,164.6199951171875,158.14999389648438,164.25999450683594,163.53900146484375,3622100,0.0,0.0
2026-01-28,166.0,166.55999755859375,161.16000366210938,165.63999938964844,164.91294860839844,4263800,0.0,0.0
2026-01-29,165.9600067138672,167.8800048828125,158.7550048828125,162.5800018310547,161.8663787841797,4798800,0.0,0.0
2026-01-30,161.5,164.5,156.86000061035156,158.35000610351562,157.65496826171875,3810800,0.0,0.0
2026-02-02,157.64999389648438,159.97999572753906,154.02999877929688,154.25999450683594,153.58290100097656,5506900,0.0,0.0
2026-02-03,156.1199951171875,156.5,150.39199829101562,153.0,152.3284454345703,4375800,0.0,0.0
2026-02-04,153.19000244140625,153.66000366210938,139.27000427246094,142.52000427246094,141.89442443847656,13329800,0.0,0.0
2026-02-05,141.0,143.91000366210938,138.52999877929688,143.07000732421875,142.44203186035156,7112900,0.0,0.0
2026-02-06,150.0,152.25999450683594,147.4199981689453,149.64999389648438,148.99313354492188,7406400,0.0,0.0
2026-02-09,150.0,155.77999877929688,147.77999877929688,152.97000122070312,152.29856872558594,5097000,0.0,0.0
2026-02-10,160.39999389648438,161.4199981689453,154.80999755859375,159.60000610351562,158.89947509765625,9074400,0.0,0.0
2026-02-11,165.0,165.30999755859375,158.5500030517578,160.14999389648438,159.44703674316406,4279300,0.0,0.0
2026-02-12,160.72999572753906,166.2100067138672,160.39999389648438,163.10000610351562,162.3841094970703,7493800,0.0,0.0
2026-02-13,162.39999389648438,171.66000366210938,161.5,171.49000549316406,170.73727416992188,5967900,0.0,0.0
2026-02-17,170.8800048828125,176.64999389648438,169.9499969482422,173.67999267578125,172.9176483154297,4655500,0.0,0.0
2026-02-18,174.00999450683594,175.5,169.61000061035156,170.57000732421875,169.82131958007812,3622700,0.0,0.0
2026-02-19,169.91000366210938,172.57000732421875,168.25,172.5,171.7428436279297,3154700,0.0,0.0
2026-02-20,172.3000030517578,173.5,169.0,171.39999389648438,170.64767456054688,3879800,0.0,0.0
2026-02-23,170.63999938964844,171.83999633789062,165.2100067138672,167.8000030517578,167.06346130371094,4133200,0.0,0.0
2026-02-24,167.27999877929688,171.67999267578125,162.8800048828125,171.6199951171875,170.86669921875,4375300,0.0,0.0
2026-02-25,172.3800048828125,175.94000244140625,170.0800018310547,175.36000061035156,174.5902862548828,4810200,0.0,0.0
2026-02-26,171.36000061035156,177.22999572753906,164.11000061035156,176.82000732421875,176.04388427734375,7746200,0.0,0.0
2026-02-27,175.0,178.30999755859375,170.88999938964844,173.88999938964844,173.1267547607422,5494900,0.0,0.0
2026-03-02,170.1999969482422,176.52000427246094,165.8300018310547,165.99000549316406,165.2614288330078,5138100,0.0,0.0
2026-03-03,161.69000244140625,163.52999877929688,152.97999572753906,161.6999969482422,160.99024963378906,6653900,0.0,0.0
2026-03-04,161.58999633789062,164.2100067138672,160.39999389648438,163.36000061035156,162.64295959472656,4677700,0.0,0.0
2026-03-05,161.8800048828125,167.97000122070312,161.67999267578125,167.39999389648438,166.66522216796875,4946400,0.0,0.0
2026-03-06,164.4499969482422,168.3800048828125,158.3000030517578,158.64999389648438,157.95362854003906,5625400,0.0,0.0
2026-03-09,155.89999389648438,164.6300048828125,155.0,163.6199951171875,162.9018096923828,4109000,0.0,0.0
2026-03-10,165.36000061035156,168.7899932861328,164.30499267578125,164.39999389648438,163.6783905029297,4148000,0.0,0.0
2026-03-11,163.60000610351562,163.99000549316406,155.14999389648438,159.16000366210938,158.46141052246094,6074600,0.0,0.0
2026-03-12,157.0800018310547,163.1999969482422,156.6999969482422,159.5800018310547,158.8795623779297,4053200,0.0,0.0
2026-03-13,161.75999450683594,165.24000549316406,157.72999572753906,158.9499969482422,158.25230407714844,3679600,0.0,0.0
2026-03-16,161.0,163.5,160.11000061035156,161.99000549316406,161.2789764404297,2775200,0.0,0.0
2026-03-17,162.80999755859375,165.4600067138672,162.1199951171875,164.3300018310547,163.6087188720703,2065300,0.0,0.0
2026-03-18,165.75,173.0,165.5,170.1199951171875,169.37327575683594,3685300,0.0,0.0
2026-03-19,167.1699981689453,169.60000610351562,164.22999572753906,167.3699951171875,166.63536071777344,3106700,0.0,0.0
2026-03-20,166.47000122070312,166.47000122070312,144.8300018310547,146.02000427246094,145.577392578125,11109500,0.228,0.0
2026-03-23,151.4499969482422,155.89999389648438,149.3350067138672,151.2899932861328,150.83140563964844,5338500,0.0,0.0
2026-03-24,150.5500030517578,154.10000610351562,149.5500030517578,152.72000122070312,152.257080078125,3995500,0.0,0.0
2026-03-25,155.0,157.9499969482422,150.3800048828125,151.50999450683594,151.0507354736328,3512900,0.0,0.0
2026-03-26,149.5,152.6699981689453,146.49000549316406,152.3000030517578,151.83836364746094,4437900,0.0,0.0
2026-03-27,151.75,160.1999969482422,151.75,155.47999572753906,155.0087127685547,4554500,0.0,0.0
2026-03-30,157.10000610351562,158.92999267578125,146.60000610351562,147.5399932861328,147.0927734375,4734900,0.0,0.0
2026-03-31,143.89999389648438,151.47000122070312,142.33999633789062,150.3300018310547,149.87432861328125,5402200,0.0,0.0
2026-04-01,151.47000122070312,156.33999633789062,151.39999389648438,153.9600067138672,153.4933319091797,3782800,0.0,0.0
2026-04-02,151.2100067138672,154.55999755859375,150.1199951171875,151.17999267578125,150.72174072265625,2950300,0.0,0.0
2026-04-06,151.0399932861328,153.10499572753906,149.8800048828125,151.58999633789062,151.13050842285156,2309800,0.0,0.0
2026-04-07,151.07000732421875,154.16000366210938,150.27999877929688,153.67999267578125,153.2141571044922,2229100,0.0,0.0
2026-04-08,160.75,161.30999755859375,155.2899932861328,155.88999938964844,155.41746520996094,4320600,0.0,0.0
2026-04-09,155.88999938964844,162.52999877929688,152.67999267578125,152.75,152.2869873046875,4103200,0.0,0.0
2026-04-10,153.5,158.6300048828125,153.11000061035156,154.72999572753906,154.26097106933594,2900900,0.0,0.0
2026-04-13,152.64999389648438,160.72000122070312,152.64999389648438,158.1999969482422,157.720458984375,4458600,0.0,0.0
2026-04-14,162.41000366210938,165.27999877929688,160.34500122070312,163.97000122070312,163.4729766845703,3767300,0.0,0.0
2026-04-15,165.5,166.52000427246094,162.14999389648438,162.94000244140625,162.44610595703125,3098300,0.0,0.0
2026-04-16,164.57000732421875,166.9199981689453,162.61000061035156,165.52999877929688,165.0282440185547,3126000,0.0,0.0
2026-04-17,166.25999450683594,168.49000549316406,162.25999450683594,163.4600067138672,162.96453857421875,4104300,0.0,0.0
2026-04-20,163.0500030517578,164.0500030517578,158.32000732421875,159.60000610351562,159.11622619628906,2924100,0.0,0.0
2026-04-21,160.75999450683594,161.10000610351562,154.1300048828125,154.91000366210938,154.44044494628906,3748800,0.0,0.0
2026-04-22,157.8000030517578,159.0800018310547,154.9199981689453,155.7899932861328,155.31776428222656,2642200,0.0,0.0
2026-04-23,155.9600067138672,158.8699951171875,154.5,156.85000610351562,156.3745574951172,3272600,0.0,0.0
2026-04-24,156.3300018310547,165.47999572753906,155.14999389648438,164.35000610351562,163.85183715820312,3481400,0.0,0.0
2026-04-27,165.0,168.4199981689453,158.73500061035156,166.5800018310547,166.0750732421875,4577600,0.0,0.0
2026-04-28,162.5,163.3249969482422,158.72000122070312,161.1199951171875,160.63162231445312,5205600,0.0,0.0
2026-04-29,160.86000061035156,161.13900756835938,153.0800018310547,153.7899932861328,153.32382202148438,4992800,0.0,0.0
2026-04-30,156.2899932861328,159.6300048828125,155.72999572753906,157.83999633789062,157.36155700683594,3954800,0.0,0.0
2026-05-01,158.30999755859375,160.13999938964844,154.92999267578125,155.27999877929688,154.80931091308594,3144000,0.0,0.0
2026-05-04,157.69000244140625,162.3800048828125,157.44000244140625,160.85000610351562,160.36244201660156,4209300,0.0,0.0
2026-05-05,163.0,163.8000030517578,159.8000030517578,160.3800048828125,159.89385986328125,3567200,0.0,0.0
2026-05-06,161.4949951171875,162.99000549316406,156.60000610351562,158.2899932861328,157.81019592285156,8214800,0.0,0.0
2026-05-07,163.0399932861328,168.38999938964844,153.77000427246094,153.9499969482422,153.4833526611328,7895800,0.0,0.0
2026-05-08,155.0,155.0,146.97999572753906,147.72000122070312,147.27223205566406,8074500,0.0,0.0
2026-05-11,148.0,152.75,146.2779998779297,152.0500030517578,151.589111328125,5905400,0.0,0.0
2026-05-12,149.49000549316406,150.322998046875,145.66000366210938,146.8699951171875,146.42481994628906,4904300,0.0,0.0
2026-05-13,146.27999877929688,146.27999877929688,139.50999450683594,142.61000061035156,142.17771911621094,6385400,0.0,0.0
2026-05-14,141.3800048828125,143.2949981689453,139.9219970703125,141.89999389648438,141.46986389160156,5117100,0.0,0.0
2026-05-15,139.77499389648438,141.08999633789062,137.80999755859375,139.67999267578125,139.256591796875,6632200,0.0,0.0
2026-05-18,139.0,139.5399932861328,133.86000061035156,136.75,136.3354949951172,6321800,0.0,0.0
2026-05-19,135.8000030517578,136.6999969482422,132.66000366210938,134.7100067138672,134.3016815185547,5860700,0.0,0.0
2026-05-20,138.0,144.89999389648438,137.80999755859375,144.0,143.56350708007812,7901600,0.0,0.0
2026-05-21,145.47000122070312,149.27999877929688,144.8800048828125,149.0800018310547,148.62811279296875,4621400,0.0,0.0
2026-05-22,151.02999877929688,157.57000732421875,150.75,156.27000427246094,155.79632568359375,8062500,0.0,0.0
2026-05-26,158.91000366210938,167.39999389648438,158.22000122070312,164.55999755859375,164.06118774414062,8511800,0.0,0.0
2026-05-27,164.9600067138672,165.02200317382812,158.4080047607422,160.14999389648438,159.66456604003906,4896900,0.0,0.0
2026-05-28,158.83999633789062,163.52999877929688,157.60000610351562,160.27999877929688,159.79417419433594,3598000,0.0,0.0
2026-05-29,160.0,162.2899932861328,156.8800048828125,160.22999572753906,159.7443084716797,3781200,0.0,0.0
2026-06-01,157.0,158.5500030517578,151.3300018310547,154.75999450683594,154.2908935546875,4322700,0.0,0.0
2026-06-02,155.94000244140625,160.77999877929688,152.8800048828125,157.97000122070312,157.4911651611328,4544900,0.0,0.0
2026-06-03,156.50999450683594,157.91000366210938,152.9499969482422,153.8000030517578,153.3338165283203,3884900,0.0,0.0
2026-06-04,151.5399932861328,154.0399932861328,150.19000244140625,153.6999969482422,153.23411560058594,2969400,0.0,0.0
2026-06-05,152.0,154.2899932861328,147.5,148.75999450683594,148.30908203125,3673400,0.0,0.0
2026-06-08,148.30999755859375,149.3000030517578,146.3800048828125,146.89999389648438,146.4547119140625,3327700,0.0,0.0
2026-06-09,148.4199981689453,150.3000030517578,141.5399932861328,146.22000122070312,145.7767791748047,4059000,0.0,0.0
2026-06-10,143.35000610351562,144.0,137.91000366210938,138.5399932861328,138.12005615234375,5195000,0.0,0.0
2026-06-11,140.99000549316406,146.89999389648438,139.57000732421875,146.3800048828125,145.93629455566406,5127400,0.0,0.0
2026-06-12,148.0,150.5,147.0,148.02000427246094,147.57131958007812,4573500,0.0,0.0
2026-06-15,152.80999755859375,155.4499969482422,150.24899291992188,153.52000427246094,153.05465698242188,4455200,0.0,0.0
2026-06-16,153.25,161.47999572753906,152.8300018310547,158.61000061035156,158.1292266845703,4942900,0.0,0.0
2026-06-17,158.56500244140625,162.44000244140625,157.2100067138672,158.8300018310547,158.3485565185547,4490400,0.0,0.0
2026-06-18,162.08999633789062,170.33999633789062,160.02999877929688,163.75,163.25364685058594,7976300,0.0,0.0
2026-06-22,163.5050048828125,170.5,162.89999389648438,167.25999450683594,166.9865264892578,4971200,0.229,0.0
2026-06-23,160.0800018310547,165.8249969482422,159.14500427246094,162.38999938964844,162.12449645996094,3855400,0.0,0.0
2026-06-24,163.02999877929688,165.63999938964844,159.8800048828125,162.8699951171875,162.60369873046875,3722600,0.0,0.0
2026-06-25,166.91000366210938,171.35000610351562,166.00999450683594,167.77000427246094,167.49569702148438,3633200,0.0,0.0
2026-06-26,165.86000061035156,167.92999267578125,163.19000244140625,163.49000549316406,163.2227020263672,5487400,0.0,0.0
2026-06-29,163.6999969482422,165.60000610351562,161.02000427246094,162.3800048828125,162.11451721191406,2814800,0.0,0.0
2026-06-30,162.5800018310547,165.4499969482422,156.50999450683594,158.6300048828125,158.37063598632812,4182000,0.0,0.0
2026-07-01,156.0,157.32000732421875,151.0500030517578,153.16000366210938,152.9095916748047,5090100,0.0,0.0
2026-07-02,153.9499969482422,156.24000549316406,148.5,151.0500030517578,150.80303955078125,4254100,0.0,0.0
2026-07-06,152.47000122070312,157.24000549316406,152.00999450683594,157.22000122070312,156.96295166015625,3395800,0.0,0.0
2026-07-07,156.1300048828125,159.41000366210938,154.00999450683594,155.72999572753906,155.47537231445312,3027300,0.0,0.0
2026-07-08,153.99000549316406,156.48899841308594,151.32000732421875,154.82000732421875,154.56687927246094,3605700,0.0,0.0
2026-07-09,159.00999450683594,161.17999267578125,157.44500732421875,157.97999572753906,157.72169494628906,2907500,0.0,0.0
2026-07-10,157.5500030517578,160.02000427246094,157.0500030517578,158.86000061035156,158.6002655029297,2996000,0.0,0.0
2026-07-13,157.64999389648438,159.42999267578125,156.1999969482422,158.1199951171875,157.86146545410156,3613300,0.0,0.0
2026-07-14,161.0,168.2100067138672,157.03199768066406,158.42999267578125,158.17095947265625,5415600,0.0,0.0
2026-07-15,162.5,166.94000244140625,157.94000244140625,160.22999572753906,159.968017578125,5504500,0.0,0.0
2026-07-16,157.8699951171875,158.10000610351562,148.51800537109375,152.55999755859375,152.31056213378906,7070000,0.0,0.0
2026-07-17,150.36000061035156,157.25,148.13999938964844,155.44000244140625,155.18585205078125,4441000,0.0,0.0
2026-07-20,157.52000427246094,158.57000732421875,155.60000610351562,157.99000549316406,157.731689453125,3256700,0.0,0.0
2026-07-21,160.99000549316406,164.4600067138672,160.00999450683594,162.3300018310547,162.06459045410156,3721400,0.0,0.0
2026-07-22,160.11000061035156,167.80999755859375,159.6300048828125,166.74000549316406,166.46737670898438,2971500,0.0,0.0
2026-07-23,166.25999450683594,169.05999755859375,165.00999450683594,168.97999572753906,168.70370483398438,2538200,0.0,0.0
2026-07-24,168.69500732421875,169.75999450683594,162.30999755859375,163.3800048828125,163.1128692626953,2553500,0.0,0.0
2026-07-27,165.5,166.14500427246094,155.5399932861328,157.0800018310547,156.82318115234375,4478000,0.0,0.0
2026-07-28,153.9199981689453,153.99000549316406,146.2100067138672,148.63999938964844,148.39697265625,5857500,0.0,0.0
2026-07-29,148.72500610351562,149.27999877929688,142.15499877929688,142.80999755859375,142.57650756835938,4925900,0.0,0.0
2026-07-30,148.0,151.97000122070312,147.0850067138672,148.6199951171875,148.3769989013672,4599600,0.0,0.0
2026-07-31,151.85000610351562,153.1300048828125,146.52000427246094,148.19000244140625,147.9477081298828,4390700,0.0,0.0
2026-08-03,148.77000427246094,156.9550018310547,146.19000244140625,155.94000244140625,155.68504333496094,4022300,0.0,0.0
2026-08-04,155.60000610351562,156.99000549316406,143.02999877929688,143.22999572753906,142.99581909179688,11503000,0.0,0.0
2026-08-05,143.89500427246094,145.5,140.1699981689453,140.5800018310547,140.35015869140625,6091500,0.0,0.0
2026-08-06,142.0,143.0229949951172,140.13999938964844,141.3800048828125,141.1488494873047,5422800,0.0,0.0
2026-08-07,138.61500549316406,142.69000244140625,134.75,140.58999633789062,140.36012268066406,7860700,0.0,0.0
2026-08-10,141.91000366210938,144.86000061035156,141.05099487304688,142.8699951171875,142.6363983154297,4609100,0.0,0.0
2026-08-11,144.5399932861328,146.89999389648438,143.11000061035156,144.9199981689453,144.68304443359375,3356800,0.0,0.0
2026-08-12,149.0,149.3800048828125,145.3000030517578,146.67999267578125,146.44017028808594,2680000,0.0,0.0
2026-08-13,146.25,147.77000427246094,144.80099487304688,146.39999389648438,146.16062927246094,2839700,0.0,0.0
2026-08-14,146.89999389648438,150.17999267578125,146.1300048828125,148.1300048828125,147.8878173828125,3040000,0.0,0.0
2026-08-17,149.3699951171875,149.86500549316406,145.2100067138672,146.11000061035156,145.87110900878906,4037700,0.0,0.0
2026-08-18,144.5,145.5399932861328,138.77000427246094,140.52000427246094,140.29025268554688,4310800,0.0,0.0
2026-08-19,140.74000549316406,142.77000427246094,138.1300048828125,142.6999969482422,142.4666748046875,4322300,0.0,0.0
2026-08-20,142.6999969482422,143.5,138.3300018310547,138.94000244140625,138.71282958984375,3737000,0.0,0.0
2026-08-21,139.99000549316406,140.3159942626953,136.17999267578125,136.2100067138672,135.9873046875,5095600,0.0,0.0
2026-08-24,135.8800048828125,137.1999969482422,134.5,135.66000366210938,135.43820190429688,5193900,0.0,0.0
2026-08-25,138.3699951171875,140.25999450683594,137.38999938964844,139.02999877929688,138.8026885986328,4036000,0.0,0.0
2026-08-26,139.39999389648438,144.02999877929688,139.30499267578125,140.02999877929688,139.80104064941406,3428500,0.0,0.0
2026-08-27,142.0,142.5050048828125,138.4499969482422,139.80999755859375,139.58140563964844,2966200,0.0,0.0
2026-08-28,140.88999938964844,141.10000610351562,136.61000061035156,137.08999633789062,136.8658447265625,3074100,0.0,0.0
2026-08-31,136.7899932861328,137.94000244140625,135.6199951171875,137.3699951171875,137.1453857421875,4146600,0.0,0.0
2026-09-01,136.5,139.27999877929688,134.89999389648438,138.0800018310547,137.85423278808594,4288600,0.0,0.0
2026-09-02,137.82000732421875,144.14599609375,136.9499969482422,143.4600067138672,143.22544860839844,4766100,0.0,0.0
2026-09-03,145.0,148.7760009765625,142.80999755859375,144.22000122070312,143.98419189453125,4321900,0.0,0.0
2026-09-04,143.8699951171875,149.4499969482422,143.16000366210938,149.3000030517578,149.05589294433594,4616700,0.0,0.0
2026-09-08,151.0,154.89999389648438,150.36500549316406,151.72000122070312,151.47193908691406,7000200,0.0,0.0
2026-09-09,150.0,151.55999755859375,148.89999389648438,151.10000610351562,150.8529510498047,3891300,0.0,0.0
2026-09-10,150.0,152.8000030517578,147.02999877929688,147.0500030517578,146.8095703125,4544300,0.0,0.0
2026-09-11,148.82000732421875,149.0800018310547,146.6699981689453,148.3800048828125,148.1374053955078,3174800,0.0,0.0
2026-09-14,144.0,145.24600219726562,140.3699951171875,140.72999572753906,140.49989318847656,5232800,0.0,0.0
2026-09-15,141.83999633789062,143.22000122070312,140.25999450683594,141.52999877929688,141.29859924316406,5593100,0.0,0.0
2026-09-16,143.3800048828125,143.6999969482422,139.6199951171875,140.38999938964844,140.16046142578125,3832600,0.0,0.0
2026-09-17,144.10000610351562,146.11000061035156,141.52999877929688,143.55999755859375,143.3252716064453,3952100,0.0,0.0
2026-09-18,143.39500427246094,144.4499969482422,140.2100067138672,140.6699981689453,140.44000244140625,5269000,0.0,0.0
2026-09-21,142.0,142.44000244140625,138.9499969482422,140.77999877929688,140.77999877929688,4506500,0.23,0.0
2026-09-22,141.44000244140625,142.63999938964844,140.0,140.41000366210938,140.41000366210938,4771300,0.0,0.0
2026-09-23,139.57000732421875,140.5,137.6199951171875,137.97000122070312,137.97000122070312,4412200,0.0,0.0
2026-09-24,136.1999969482422,139.1300048828125,135.97999572753906,137.94000244140625,137.94000244140625,3645000,0.0,0.0
2026-09-25,138.9600067138672,140.10000610351562,136.02499389648438,138.4600067138672,138.4600067138672,4899200,0.0,0.0
